{
  "MainData": {
    "Patient ID": "1014",
    "Diagnosis": "PHENYLKETONURIA (MIM 261600)",
    "Gender": "f",
    "Age of symptoms onset": "",
    "Age of diagnosis": "7 Day(s)",
    "Found in newborn screening": "y",
    "Diagnosis confirmed": "y",
    "Country": "Germany",
    "Ethnic origin": "Mother: German, Father: German",
    "History": "The patient was found in the newborn screening program with elevated levels of phenylalanine.  Phe-restricted diet from the second week of life until about the age of 10 years. \r\nAt the age of 24 years, start of pregnancy without strict phe-restricted diet.",
    "Author": "Friedrich Trefz",
    "Hospital": "Childrens Hospital Reutlingen",
    "Coauthor(s)": "",
    "Date of entry": "2005-12-05"
  },
  "Molecular genetics": {
    "Gene name": "PAH gene",
    "Genotype": "p.R408W/ p.R408W",
    "Allele 1": {
      "Trivial name": "p.R408W",
      "Systematic name": "c.1222C>T",
      "Amino acid change": "Arg>Trp",
      "Nucleotide change": "CGG>TGG",
      "Exon/Intron Boundary/Promotor": "12"
    },
    "Allele 2": {
      "Trivial name": "p.R408W",
      "Systematic name": "c.1222C>T",
      "Amino acid change": "Arg>Trp",
      "Nucleotide change": "CGG>TGG",
      "Exon/Intron Boundary/Promotor": "12"
    }
  },
  "Lab findings": [
    {
      "Name": "Phenylalanine",
      "Age": "6.08 Year(s)",
      "Specimen": "serum/plasma",
      "Quantity": "342 micro-mol/l",
      "Quality": "Increased"
    },
    {
      "Name": "Phenylalanine",
      "Age": "6.44 Year(s)",
      "Specimen": "serum/plasma",
      "Quantity": "960 micro-mol/l",
      "Quality": "Increased"
    },
    {
      "Name": "Phenylalanine",
      "Age": "6.66 Year(s)",
      "Specimen": "serum/plasma",
      "Quantity": "440 micro-mol/l",
      "Quality": "Increased"
    },
    {
      "Name": "Phenylalanine",
      "Age": "7.07 Year(s)",
      "Specimen": "serum/plasma",
      "Quantity": "54 micro-mol/l",
      "Quality": "Normal"
    },
    {
      "Name": "Phenylalanine",
      "Age": "7.99 Year(s)",
      "Specimen": "serum/plasma",
      "Quantity": "198 micro-mol/l",
      "Quality": "Increased"
    },
    {
      "Name": "Phenylalanine",
      "Age": "8.16 Year(s)",
      "Specimen": "serum/plasma",
      "Quantity": "540 micro-mol/l",
      "Quality": "Increased"
    },
    {
      "Name": "Phenylalanine",
      "Age": "8.38 Year(s)",
      "Specimen": "serum/plasma",
      "Quantity": "720 micro-mol/l",
      "Quality": "Increased"
    },
    {
      "Name": "Phenylalanine",
      "Age": "8.44 Year(s)",
      "Specimen": "serum/plasma",
      "Quantity": "930 micro-mol/l",
      "Quality": "Increased"
    },
    {
      "Name": "Phenylalanine",
      "Age": "8.49 Year(s)",
      "Specimen": "serum/plasma",
      "Quantity": "492 micro-mol/l",
      "Quality": "Increased"
    },
    {
      "Name": "Phenylalanine",
      "Age": "8.51 Year(s)",
      "Specimen": "serum/plasma",
      "Quantity": "324 micro-mol/l",
      "Quality": "Increased"
    },
    {
      "Name": "Phenylalanine",
      "Age": "8.6 Year(s)",
      "Specimen": "serum/plasma",
      "Quantity": "678 micro-mol/l",
      "Quality": "Increased"
    },
    {
      "Name": "Phenylalanine",
      "Age": "9.66 Year(s)",
      "Specimen": "serum/plasma",
      "Quantity": "240 micro-mol/l",
      "Quality": "Increased"
    },
    {
      "Name": "Phenylalanine",
      "Age": "11.14 Year(s)",
      "Specimen": "serum/plasma",
      "Quantity": "630 micro-mol/l",
      "Quality": "Increased"
    },
    {
      "Name": "Phenylalanine",
      "Age": "11.92 Year(s)",
      "Specimen": "serum/plasma",
      "Quantity": "636 micro-mol/l",
      "Quality": "Increased"
    },
    {
      "Name": "Phenylalanine",
      "Age": "12.18 Year(s)",
      "Specimen": "serum/plasma",
      "Quantity": "576 micro-mol/l",
      "Quality": "Increased"
    },
    {
      "Name": "Phenylalanine",
      "Age": "12.51 Year(s)",
      "Specimen": "serum/plasma",
      "Quantity": "960 micro-mol/l",
      "Quality": "Increased"
    },
    {
      "Name": "Phenylalanine",
      "Age": "12.7 Year(s)",
      "Specimen": "serum/plasma",
      "Quantity": "1362 micro-mol/l",
      "Quality": "Increased"
    },
    {
      "Name": "Phenylalanine",
      "Age": "14.05 Year(s)",
      "Specimen": "serum/plasma",
      "Quantity": "588 micro-mol/l",
      "Quality": "Increased"
    },
    {
      "Name": "Phenylalanine",
      "Age": "14.07 Year(s)",
      "Specimen": "serum/plasma",
      "Quantity": "96 micro-mol/l",
      "Quality": "Normal"
    },
    {
      "Name": "Phenylalanine",
      "Age": "14.22 Year(s)",
      "Specimen": "serum/plasma",
      "Quantity": "654 micro-mol/l",
      "Quality": "Increased"
    },
    {
      "Name": "Phenylalanine",
      "Age": "14.28 Year(s)",
      "Specimen": "serum/plasma",
      "Quantity": "624 micro-mol/l",
      "Quality": "Increased"
    },
    {
      "Name": "Phenylalanine",
      "Age": "14.43 Year(s)",
      "Specimen": "serum/plasma",
      "Quantity": "906 micro-mol/l",
      "Quality": "Increased"
    },
    {
      "Name": "Phenylalanine",
      "Age": "14.45 Year(s)",
      "Specimen": "serum/plasma",
      "Quantity": "726 micro-mol/l",
      "Quality": "Increased"
    },
    {
      "Name": "Phenylalanine",
      "Age": "14.49 Year(s)",
      "Specimen": "serum/plasma",
      "Quantity": "894 micro-mol/l",
      "Quality": "Increased"
    },
    {
      "Name": "Phenylalanine",
      "Age": "14.51 Year(s)",
      "Specimen": "serum/plasma",
      "Quantity": "972 micro-mol/l",
      "Quality": "Increased"
    },
    {
      "Name": "Phenylalanine",
      "Age": "14.57 Year(s)",
      "Specimen": "serum/plasma",
      "Quantity": "1284 micro-mol/l",
      "Quality": "Increased"
    },
    {
      "Name": "Phenylalanine",
      "Age": "14.62 Year(s)",
      "Specimen": "serum/plasma",
      "Quantity": "912 micro-mol/l",
      "Quality": "Increased"
    },
    {
      "Name": "Phenylalanine",
      "Age": "14.69 Year(s)",
      "Specimen": "serum/plasma",
      "Quantity": "1020 micro-mol/l",
      "Quality": "Increased"
    },
    {
      "Name": "Phenylalanine",
      "Age": "14.72 Year(s)",
      "Specimen": "serum/plasma",
      "Quantity": "762 micro-mol/l",
      "Quality": "Increased"
    },
    {
      "Name": "Phenylalanine",
      "Age": "14.84 Year(s)",
      "Specimen": "serum/plasma",
      "Quantity": "864 micro-mol/l",
      "Quality": "Increased"
    },
    {
      "Name": "Phenylalanine",
      "Age": "15.07 Year(s)",
      "Specimen": "serum/plasma",
      "Quantity": "1026 micro-mol/l",
      "Quality": "Increased"
    },
    {
      "Name": "Phenylalanine",
      "Age": "15.16 Year(s)",
      "Specimen": "serum/plasma",
      "Quantity": "360 micro-mol/l",
      "Quality": "Increased"
    },
    {
      "Name": "Phenylalanine",
      "Age": "15.3 Year(s)",
      "Specimen": "serum/plasma",
      "Quantity": "1024 micro-mol/l",
      "Quality": "Increased"
    },
    {
      "Name": "Phenylalanine",
      "Age": "15.41 Year(s)",
      "Specimen": "serum/plasma",
      "Quantity": "660 micro-mol/l",
      "Quality": "Increased"
    },
    {
      "Name": "Phenylalanine",
      "Age": "15.66 Year(s)",
      "Specimen": "serum/plasma",
      "Quantity": "1038 micro-mol/l",
      "Quality": "Increased"
    },
    {
      "Name": "Phenylalanine",
      "Age": "16.08 Year(s)",
      "Specimen": "serum/plasma",
      "Quantity": "928 micro-mol/l",
      "Quality": "Increased"
    },
    {
      "Name": "Phenylalanine",
      "Age": "16.47 Year(s)",
      "Specimen": "serum/plasma",
      "Quantity": "1255 micro-mol/l",
      "Quality": "Increased"
    },
    {
      "Name": "Phenylalanine",
      "Age": "16.84 Year(s)",
      "Specimen": "serum/plasma",
      "Quantity": "698 micro-mol/l",
      "Quality": "Increased"
    },
    {
      "Name": "Phenylalanine",
      "Age": "17.36 Year(s)",
      "Specimen": "serum/plasma",
      "Quantity": "860 micro-mol/l",
      "Quality": "Increased"
    },
    {
      "Name": "Phenylalanine",
      "Age": "18.3 Year(s)",
      "Specimen": "serum/plasma",
      "Quantity": "686 micro-mol/l",
      "Quality": "Increased"
    },
    {
      "Name": "Phenylalanine",
      "Age": "18.49 Year(s)",
      "Specimen": "serum/plasma",
      "Quantity": "846 micro-mol/l",
      "Quality": "Increased"
    },
    {
      "Name": "Phenylalanine",
      "Age": "18.58 Year(s)",
      "Specimen": "serum/plasma",
      "Quantity": "1415 micro-mol/l",
      "Quality": "Increased"
    },
    {
      "Name": "Phenylalanine",
      "Age": "18.87 Year(s)",
      "Specimen": "serum/plasma",
      "Quantity": "1438 micro-mol/l",
      "Quality": "Increased"
    },
    {
      "Name": "Phenylalanine",
      "Age": "19.16 Year(s)",
      "Specimen": "serum/plasma",
      "Quantity": "1369 micro-mol/l",
      "Quality": "Increased"
    },
    {
      "Name": "Phenylalanine",
      "Age": "19.47 Year(s)",
      "Specimen": "serum/plasma",
      "Quantity": "894 micro-mol/l",
      "Quality": "Increased"
    },
    {
      "Name": "Phenylalanine",
      "Age": "19.62 Year(s)",
      "Specimen": "serum/plasma",
      "Quantity": "875 micro-mol/l",
      "Quality": "Increased"
    },
    {
      "Name": "Phenylalanine",
      "Age": "20.13 Year(s)",
      "Specimen": "serum/plasma",
      "Quantity": "1446 micro-mol/l",
      "Quality": "Increased"
    },
    {
      "Name": "Phenylalanine",
      "Age": "20.96 Year(s)",
      "Specimen": "serum/plasma",
      "Quantity": "120 micro-mol/l",
      "Quality": "Increased"
    },
    {
      "Name": "Phenylalanine",
      "Age": "22.27 Year(s)",
      "Specimen": "serum/plasma",
      "Quantity": "1158 micro-mol/l",
      "Quality": "Increased"
    },
    {
      "Name": "Phenylalanine",
      "Age": "23.28 Year(s)",
      "Specimen": "serum/plasma",
      "Quantity": "744 micro-mol/l",
      "Quality": "Increased"
    },
    {
      "Name": "Phenylalanine",
      "Age": "23.33 Year(s)",
      "Specimen": "serum/plasma",
      "Quantity": "942 micro-mol/l",
      "Quality": "Increased"
    },
    {
      "Name": "Phenylalanine",
      "Age": "24.03 Year(s)",
      "Specimen": "serum/plasma",
      "Quantity": "1188 micro-mol/l",
      "Quality": "Increased"
    },
    {
      "Name": "Phenylalanine",
      "Age": "24.09 Year(s)",
      "Specimen": "serum/plasma",
      "Quantity": "390 micro-mol/l",
      "Quality": "Increased"
    },
    {
      "Name": "Phenylalanine",
      "Age": "24.13 Year(s)",
      "Specimen": "blood",
      "Quantity": "629 micro-mol/l",
      "Quality": "Increased"
    },
    {
      "Name": "Phenylalanine",
      "Age": "24.15 Year(s)",
      "Specimen": "blood",
      "Quantity": "494 micro-mol/l",
      "Quality": "Increased"
    },
    {
      "Name": "Phenylalanine",
      "Age": "24.16 Year(s)",
      "Specimen": "blood",
      "Quantity": "535 micro-mol/l",
      "Quality": "Increased"
    },
    {
      "Name": "Phenylalanine",
      "Age": "24.18 Year(s)",
      "Specimen": "blood",
      "Quantity": "379 micro-mol/l",
      "Quality": "Increased"
    },
    {
      "Name": "Phenylalanine",
      "Age": "24.2 Year(s)",
      "Specimen": "blood",
      "Quantity": "888 micro-mol/l",
      "Quality": "Increased"
    },
    {
      "Name": "Phenylalanine",
      "Age": "24.22 Year(s)",
      "Specimen": "blood",
      "Quantity": "1007 micro-mol/l",
      "Quality": "Increased"
    },
    {
      "Name": "Phenylalanine",
      "Age": "24.24 Year(s)",
      "Specimen": "blood",
      "Quantity": "735 micro-mol/l",
      "Quality": "Increased"
    },
    {
      "Name": "Phenylalanine",
      "Age": "24.26 Year(s)",
      "Specimen": "blood",
      "Quantity": "666 micro-mol/l",
      "Quality": "Increased"
    },
    {
      "Name": "Phenylalanine",
      "Age": "24.3 Year(s)",
      "Specimen": "blood",
      "Quantity": "490 micro-mol/l",
      "Quality": "Increased"
    },
    {
      "Name": "Phenylalanine",
      "Age": "24.33 Year(s)",
      "Specimen": "blood",
      "Quantity": "693 micro-mol/l",
      "Quality": "Increased"
    },
    {
      "Name": "Phenylalanine",
      "Age": "24.36 Year(s)",
      "Specimen": "blood",
      "Quantity": "588 micro-mol/l",
      "Quality": "Increased"
    },
    {
      "Name": "Phenylalanine",
      "Age": "24.39 Year(s)",
      "Specimen": "blood",
      "Quantity": "755 micro-mol/l",
      "Quality": "Increased"
    },
    {
      "Name": "Phenylalanine",
      "Age": "24.41 Year(s)",
      "Specimen": "blood",
      "Quantity": "744 micro-mol/l",
      "Quality": "Increased"
    },
    {
      "Name": "Phenylalanine",
      "Age": "24.47 Year(s)",
      "Specimen": "blood",
      "Quantity": "1184 micro-mol/l",
      "Quality": "Increased"
    },
    {
      "Name": "Phenylalanine",
      "Age": "24.55 Year(s)",
      "Specimen": "blood",
      "Quantity": "301 micro-mol/l",
      "Quality": "Increased"
    },
    {
      "Name": "Phenylalanine",
      "Age": "24.59 Year(s)",
      "Specimen": "blood",
      "Quantity": "144 micro-mol/l",
      "Quality": "Increased"
    },
    {
      "Name": "Phenylalanine",
      "Age": "24.59 Year(s)",
      "Specimen": "blood",
      "Quantity": "144 micro-mol/l",
      "Quality": "Increased"
    },
    {
      "Name": "Phenylalanine",
      "Age": "26.41 Year(s)",
      "Specimen": "blood",
      "Quantity": "48 micro-mol/l",
      "Quality": "Normal"
    },
    {
      "Name": "Phenylalanine",
      "Age": "26.54 Year(s)",
      "Specimen": "blood",
      "Quantity": "1150 micro-mol/l",
      "Quality": "Increased"
    },
    {
      "Name": "Phenylalanine",
      "Age": "26.93 Year(s)",
      "Specimen": "blood",
      "Quantity": "2052 micro-mol/l",
      "Quality": "Increased"
    },
    {
      "Name": "Phenylalanine",
      "Age": "27.7 Year(s)",
      "Specimen": "blood",
      "Quantity": "1241 micro-mol/l",
      "Quality": "Increased"
    },
    {
      "Name": "Phenylalanine",
      "Age": "27.71 Year(s)",
      "Specimen": "blood",
      "Quantity": "1023 micro-mol/l",
      "Quality": "Increased"
    },
    {
      "Name": "Phenylalanine",
      "Age": "30.12 Year(s)",
      "Specimen": "blood",
      "Quantity": "1320 micro-mol/l",
      "Quality": "Increased"
    },
    {
      "Name": "Tyrosine",
      "Age": "14.05 Year(s)",
      "Specimen": "serum/plasma",
      "Quantity": "66 micro-mol/l",
      "Quality": "Normal"
    },
    {
      "Name": "Tyrosine",
      "Age": "14.07 Year(s)",
      "Specimen": "serum/plasma",
      "Quantity": "132 micro-mol/l",
      "Quality": "Normal"
    },
    {
      "Name": "Tyrosine",
      "Age": "14.22 Year(s)",
      "Specimen": "serum/plasma",
      "Quantity": "110 micro-mol/l",
      "Quality": "Normal"
    },
    {
      "Name": "Tyrosine",
      "Age": "14.28 Year(s)",
      "Specimen": "serum/plasma",
      "Quantity": "55 micro-mol/l",
      "Quality": "Normal"
    },
    {
      "Name": "Tyrosine",
      "Age": "14.43 Year(s)",
      "Specimen": "serum/plasma",
      "Quantity": "115 micro-mol/l",
      "Quality": "Normal"
    },
    {
      "Name": "Tyrosine",
      "Age": "14.45 Year(s)",
      "Specimen": "serum/plasma",
      "Quantity": "77 micro-mol/l",
      "Quality": "Normal"
    },
    {
      "Name": "Tyrosine",
      "Age": "14.49 Year(s)",
      "Specimen": "serum/plasma",
      "Quantity": "55 micro-mol/l",
      "Quality": "Normal"
    },
    {
      "Name": "Tyrosine",
      "Age": "14.62 Year(s)",
      "Specimen": "serum/plasma",
      "Quantity": "76 micro-mol/l",
      "Quality": "Normal"
    },
    {
      "Name": "Tyrosine",
      "Age": "14.69 Year(s)",
      "Specimen": "serum/plasma",
      "Quantity": "110 micro-mol/l",
      "Quality": "Normal"
    },
    {
      "Name": "Tyrosine",
      "Age": "14.72 Year(s)",
      "Specimen": "serum/plasma",
      "Quantity": "68 micro-mol/l",
      "Quality": "Normal"
    },
    {
      "Name": "Tyrosine",
      "Age": "14.84 Year(s)",
      "Specimen": "serum/plasma",
      "Quantity": "49 micro-mol/l",
      "Quality": "Normal"
    },
    {
      "Name": "Tyrosine",
      "Age": "15.16 Year(s)",
      "Specimen": "serum/plasma",
      "Quantity": "93 micro-mol/l",
      "Quality": "Normal"
    },
    {
      "Name": "Tyrosine",
      "Age": "15.3 Year(s)",
      "Specimen": "serum/plasma",
      "Quantity": "58 micro-mol/l",
      "Quality": "Normal"
    },
    {
      "Name": "Tyrosine",
      "Age": "15.41 Year(s)",
      "Specimen": "serum/plasma",
      "Quantity": "49 micro-mol/l",
      "Quality": "Normal"
    },
    {
      "Name": "Tyrosine",
      "Age": "15.66 Year(s)",
      "Specimen": "serum/plasma",
      "Quantity": "45 micro-mol/l",
      "Quality": "Normal"
    },
    {
      "Name": "Tyrosine",
      "Age": "16.08 Year(s)",
      "Specimen": "serum/plasma",
      "Quantity": "82 micro-mol/l",
      "Quality": "Normal"
    },
    {
      "Name": "Tyrosine",
      "Age": "16.47 Year(s)",
      "Specimen": "serum/plasma",
      "Quantity": "66 micro-mol/l",
      "Quality": "Normal"
    },
    {
      "Name": "Tyrosine",
      "Age": "16.84 Year(s)",
      "Specimen": "serum/plasma",
      "Quantity": "133 micro-mol/l",
      "Quality": "Increased"
    },
    {
      "Name": "Tyrosine",
      "Age": "17.36 Year(s)",
      "Specimen": "serum/plasma",
      "Quantity": "82 micro-mol/l",
      "Quality": "Normal"
    },
    {
      "Name": "Tyrosine",
      "Age": "18.3 Year(s)",
      "Specimen": "serum/plasma",
      "Quantity": "90 micro-mol/l",
      "Quality": "Normal"
    },
    {
      "Name": "Tyrosine",
      "Age": "18.49 Year(s)",
      "Specimen": "serum/plasma",
      "Quantity": "159 micro-mol/l",
      "Quality": "Increased"
    },
    {
      "Name": "Tyrosine",
      "Age": "18.58 Year(s)",
      "Specimen": "serum/plasma",
      "Quantity": "46 micro-mol/l",
      "Quality": "Normal"
    },
    {
      "Name": "Tyrosine",
      "Age": "18.87 Year(s)",
      "Specimen": "serum/plasma",
      "Quantity": "27 micro-mol/l",
      "Quality": "Decreased"
    },
    {
      "Name": "Tyrosine",
      "Age": "19.16 Year(s)",
      "Specimen": "serum/plasma",
      "Quantity": "43 micro-mol/l",
      "Quality": "Normal"
    },
    {
      "Name": "Tyrosine",
      "Age": "19.47 Year(s)",
      "Specimen": "serum/plasma",
      "Quantity": "137 micro-mol/l",
      "Quality": "Increased"
    },
    {
      "Name": "Tyrosine",
      "Age": "19.62 Year(s)",
      "Specimen": "serum/plasma",
      "Quantity": "44 micro-mol/l",
      "Quality": "Normal"
    },
    {
      "Name": "Tyrosine",
      "Age": "20.13 Year(s)",
      "Specimen": "serum/plasma",
      "Quantity": "35 micro-mol/l",
      "Quality": "Decreased"
    },
    {
      "Name": "Tyrosine",
      "Age": "20.96 Year(s)",
      "Specimen": "serum/plasma",
      "Quantity": "34 micro-mol/l",
      "Quality": "Decreased"
    },
    {
      "Name": "Tyrosine",
      "Age": "22.27 Year(s)",
      "Specimen": "serum/plasma",
      "Quantity": "37 micro-mol/l",
      "Quality": "Decreased"
    },
    {
      "Name": "Tyrosine",
      "Age": "23.33 Year(s)",
      "Specimen": "serum/plasma",
      "Quantity": "110 micro-mol/l",
      "Quality": "Normal"
    },
    {
      "Name": "Tyrosine",
      "Age": "24.03 Year(s)",
      "Specimen": "serum/plasma",
      "Quantity": "67 micro-mol/l",
      "Quality": "Normal"
    },
    {
      "Name": "Tyrosine",
      "Age": "24.09 Year(s)",
      "Specimen": "serum/plasma",
      "Quantity": "78 micro-mol/l",
      "Quality": "Normal"
    },
    {
      "Name": "Tyrosine",
      "Age": "24.13 Year(s)",
      "Specimen": "blood",
      "Quantity": "239 micro-mol/l",
      "Quality": "Increased"
    },
    {
      "Name": "Tyrosine",
      "Age": "24.15 Year(s)",
      "Specimen": "blood",
      "Quantity": "224 micro-mol/l",
      "Quality": "Increased"
    },
    {
      "Name": "Tyrosine",
      "Age": "24.16 Year(s)",
      "Specimen": "blood",
      "Quantity": "128 micro-mol/l",
      "Quality": "Increased"
    },
    {
      "Name": "Tyrosine",
      "Age": "24.18 Year(s)",
      "Specimen": "blood",
      "Quantity": "199 micro-mol/l",
      "Quality": "Increased"
    },
    {
      "Name": "Tyrosine",
      "Age": "24.2 Year(s)",
      "Specimen": "blood",
      "Quantity": "142 micro-mol/l",
      "Quality": "Increased"
    },
    {
      "Name": "Tyrosine",
      "Age": "24.22 Year(s)",
      "Specimen": "blood",
      "Quantity": "116 micro-mol/l",
      "Quality": "Increased"
    },
    {
      "Name": "Tyrosine",
      "Age": "24.24 Year(s)",
      "Specimen": "blood",
      "Quantity": "170 micro-mol/l",
      "Quality": "Increased"
    },
    {
      "Name": "Tyrosine",
      "Age": "24.26 Year(s)",
      "Specimen": "blood",
      "Quantity": "83 micro-mol/l",
      "Quality": "Normal"
    },
    {
      "Name": "Tyrosine",
      "Age": "24.3 Year(s)",
      "Specimen": "blood",
      "Quantity": "231 micro-mol/l",
      "Quality": "Increased"
    },
    {
      "Name": "Tyrosine",
      "Age": "24.33 Year(s)",
      "Specimen": "blood",
      "Quantity": "269 micro-mol/l",
      "Quality": "Increased"
    },
    {
      "Name": "Tyrosine",
      "Age": "24.36 Year(s)",
      "Specimen": "blood",
      "Quantity": "275 micro-mol/l",
      "Quality": "Increased"
    },
    {
      "Name": "Tyrosine",
      "Age": "24.39 Year(s)",
      "Specimen": "blood",
      "Quantity": "119 micro-mol/l",
      "Quality": "Increased"
    },
    {
      "Name": "Tyrosine",
      "Age": "24.41 Year(s)",
      "Specimen": "blood",
      "Quantity": "177 micro-mol/l",
      "Quality": "Increased"
    },
    {
      "Name": "Tyrosine",
      "Age": "24.47 Year(s)",
      "Specimen": "blood",
      "Quantity": "255 micro-mol/l",
      "Quality": "Increased"
    },
    {
      "Name": "Tyrosine",
      "Age": "24.55 Year(s)",
      "Specimen": "blood",
      "Quantity": "138 micro-mol/l",
      "Quality": "Increased"
    },
    {
      "Name": "Tyrosine",
      "Age": "24.59 Year(s)",
      "Specimen": "blood",
      "Quantity": "74 micro-mol/l",
      "Quality": "Normal"
    },
    {
      "Name": "Tyrosine",
      "Age": "26.41 Year(s)",
      "Specimen": "blood",
      "Quantity": "40 micro-mol/l",
      "Quality": "Normal"
    },
    {
      "Name": "Tyrosine",
      "Age": "26.54 Year(s)",
      "Specimen": "blood",
      "Quantity": "131 micro-mol/l",
      "Quality": "Increased"
    },
    {
      "Name": "Tyrosine",
      "Age": "26.93 Year(s)",
      "Specimen": "blood",
      "Quantity": "118 micro-mol/l",
      "Quality": "Increased"
    },
    {
      "Name": "Tyrosine",
      "Age": "27.71 Year(s)",
      "Specimen": "blood",
      "Quantity": "114 micro-mol/l",
      "Quality": "Normal"
    },
    {
      "Name": "Tyrosine",
      "Age": "30.12 Year(s)",
      "Specimen": "blood",
      "Quantity": "36 micro-mol/l",
      "Quality": "Decreased"
    }
  ],
  "Symptoms": [
    {
      "Name": "abnormal in neonatal screening",
      "Age": "7 Day(s)",
      "Range": "yes"
    },
    {
      "Name": "pregnancy",
      "Age": "23.99 Year(s)",
      "Range": "yes"
    },
    {
      "Name": "speech development, delayed, abnormal",
      "Age": "5.42 Year(s)",
      "Range": "yes"
    }
  ],
  "Diet/drugs": [
    {
      "Name": "phenylalanine",
      "Age": "24.07 Year(s)",
      "Dosage": "150 mg/day",
      "Route": "oral"
    },
    {
      "Name": "phenylalanine",
      "Age": "24.59 Year(s)",
      "Dosage": "250 mg/day",
      "Route": "oral"
    }
  ],
  "Therapy/development": [
    {
      "Name": "length",
      "Age": "5.42 Year(s)",
      "Quantity": "110  cm",
      "Type": "development"
    },
    {
      "Name": "length",
      "Age": "6.41 Year(s)",
      "Quantity": "115  cm",
      "Type": "development"
    },
    {
      "Name": "length",
      "Age": "11.92 Year(s)",
      "Quantity": "150  cm",
      "Type": "development"
    },
    {
      "Name": "length",
      "Age": "12.18 Year(s)",
      "Quantity": "151  cm",
      "Type": "development"
    },
    {
      "Name": "length",
      "Age": "12.51 Year(s)",
      "Quantity": "153  cm",
      "Type": "development"
    },
    {
      "Name": "length",
      "Age": "14.69 Year(s)",
      "Quantity": "160.5  cm",
      "Type": "development"
    },
    {
      "Name": "length",
      "Age": "15.16 Year(s)",
      "Quantity": "160.7  cm",
      "Type": "development"
    },
    {
      "Name": "length",
      "Age": "19.47 Year(s)",
      "Quantity": "162  cm",
      "Type": "development"
    },
    {
      "Name": "length",
      "Age": "24.13 Year(s)",
      "Quantity": "163  cm",
      "Type": "development"
    },
    {
      "Name": "phenylalanine-restricted diet",
      "Age": "9 Day(s)",
      "Quantity": "",
      "Type": ""
    },
    {
      "Name": "weight",
      "Age": "5.42 Year(s)",
      "Quantity": "18.3  kg",
      "Type": "development"
    },
    {
      "Name": "weight",
      "Age": "6.41 Year(s)",
      "Quantity": "20.1  kg",
      "Type": "development"
    },
    {
      "Name": "weight",
      "Age": "11.92 Year(s)",
      "Quantity": "43.3  kg",
      "Type": "development"
    },
    {
      "Name": "weight",
      "Age": "12.18 Year(s)",
      "Quantity": "46  kg",
      "Type": "development"
    },
    {
      "Name": "weight",
      "Age": "12.51 Year(s)",
      "Quantity": "47  kg",
      "Type": "development"
    },
    {
      "Name": "weight",
      "Age": "14.69 Year(s)",
      "Quantity": "59.7  kg",
      "Type": "development"
    },
    {
      "Name": "weight",
      "Age": "15.16 Year(s)",
      "Quantity": "60.2  kg",
      "Type": "development"
    },
    {
      "Name": "weight",
      "Age": "19.47 Year(s)",
      "Quantity": "59.6  kg",
      "Type": "development"
    },
    {
      "Name": "weight",
      "Age": "24.13 Year(s)",
      "Quantity": "74.7  kg",
      "Type": "development"
    },
    {
      "Name": "weight",
      "Age": "24.36 Year(s)",
      "Quantity": "78  kg",
      "Type": "development"
    },
    {
      "Name": "weight",
      "Age": "24.59 Year(s)",
      "Quantity": "87.3  kg",
      "Type": "development"
    }
  ]
}