{
  "MainData": {
    "Patient ID": "1015",
    "Diagnosis": "MATURITY-ONSET DIABETES OF THE YOUNG, TYPE I (MIM 125850)",
    "Gender": "f",
    "Age of symptoms onset": "13 Year(s)",
    "Age of diagnosis": "15.08 Year(s)",
    "Found in newborn screening": "n",
    "Diagnosis confirmed": "y",
    "Country": "Germany",
    "Ethnic origin": "Mother: German, Father: German",
    "History": "Increased tiredness since 3 years, blood glucose levels mildly elevated for several times. Start of insuline treatment at 14 years of age. At 15 years of age, molecular genetic analysis (University of Tuebingen, Germany) revealed diagnosis of MODY type 3. Then stop of insulin therapy and start of dietary treatment.",
    "Author": "Friedrich Trefz",
    "Hospital": "Childrens Hospital Reutlingen",
    "Coauthor(s)": "",
    "Date of entry": "2006-01-18"
  },
  "Molecular genetics": {
    "Gene name": "",
    "Genotype": "",
    "Allele 1": {
      "Trivial name": "",
      "Systematic name": "",
      "Amino acid change": "",
      "Nucleotide change": "",
      "Exon/Intron Boundary/Promotor": ""
    },
    "Allele 2": {
      "Trivial name": "",
      "Systematic name": "",
      "Amino acid change": "",
      "Nucleotide change": "",
      "Exon/Intron Boundary/Promotor": ""
    }
  },
  "Lab findings": [],
  "Symptoms": [],
  "Diet/drugs": [],
  "Therapy/development": []
}