{
  "MainData": {
    "Patient ID": "1016",
    "Diagnosis": "PHENYLKETONURIA (MIM 261600)",
    "Gender": "f",
    "Age of symptoms onset": "9 Month(s)",
    "Age of diagnosis": "7.32 Year(s)",
    "Found in newborn screening": "n",
    "Diagnosis confirmed": "y",
    "Country": "Germany",
    "Ethnic origin": "Mother: Polish, Father: Polish",
    "History": "The patient was born in Poland.Screening investigation was not made.Diagnosis of phenylketonuria at the age of 7 years. Delayed development, maladjusted and aggressive in puberty, epileptic seizures at 12 years of age.\r\nDwarfism, mental retardation.",
    "Author": "Friedrich Trefz",
    "Hospital": "Childrens Hospital Reutlingen",
    "Coauthor(s)": "",
    "Date of entry": "2006-06-16"
  },
  "Molecular genetics": {
    "Gene name": "PAH gene",
    "Genotype": "p.R408W/ p.R408W",
    "Allele 1": {
      "Trivial name": "p.R408W",
      "Systematic name": "c.1222C>T",
      "Amino acid change": "Arg>Trp",
      "Nucleotide change": "CGG>TGG",
      "Exon/Intron Boundary/Promotor": "12"
    },
    "Allele 2": {
      "Trivial name": "p.R408W",
      "Systematic name": "c.1222C>T",
      "Amino acid change": "Arg>Trp",
      "Nucleotide change": "CGG>TGG",
      "Exon/Intron Boundary/Promotor": "12"
    }
  },
  "Lab findings": [
    {
      "Name": "2-Hydroxyphenylacetic acid",
      "Age": "34.77 Year(s)",
      "Specimen": "urine",
      "Quantity": "209 mmol/mol Crea",
      "Quality": "Increased"
    },
    {
      "Name": "2-Hydroxyphenylacetic acid",
      "Age": "37.32 Year(s)",
      "Specimen": "urine",
      "Quantity": "16 mmol/mol Crea",
      "Quality": "Increased"
    },
    {
      "Name": "3-Hydroxyphenylacetic acid",
      "Age": "35.34 Year(s)",
      "Specimen": "urine",
      "Quantity": "37 mmol/mol Crea",
      "Quality": "Increased"
    },
    {
      "Name": "Phenylalanine",
      "Age": "19.12 Year(s)",
      "Specimen": "blood",
      "Quantity": "864 micro-mol/l",
      "Quality": "Increased"
    },
    {
      "Name": "Phenylalanine",
      "Age": "19.38 Year(s)",
      "Specimen": "blood",
      "Quantity": "510 micro-mol/l",
      "Quality": "Increased"
    },
    {
      "Name": "Phenylalanine",
      "Age": "20 Year(s)",
      "Specimen": "blood",
      "Quantity": "660 micro-mol/l",
      "Quality": "Increased"
    },
    {
      "Name": "Phenylalanine",
      "Age": "30.27 Year(s)",
      "Specimen": "blood",
      "Quantity": "292 micro-mol/l",
      "Quality": "Increased"
    },
    {
      "Name": "Phenylalanine",
      "Age": "30.34 Year(s)",
      "Specimen": "blood",
      "Quantity": "63 micro-mol/l",
      "Quality": "Normal"
    },
    {
      "Name": "Phenylalanine",
      "Age": "30.51 Year(s)",
      "Specimen": "blood",
      "Quantity": "157 micro-mol/l",
      "Quality": "Increased"
    },
    {
      "Name": "Phenylalanine",
      "Age": "30.84 Year(s)",
      "Specimen": "blood",
      "Quantity": "40 micro-mol/l",
      "Quality": "Normal"
    },
    {
      "Name": "Phenylalanine",
      "Age": "30.97 Year(s)",
      "Specimen": "blood",
      "Quantity": "68 micro-mol/l",
      "Quality": "Normal"
    },
    {
      "Name": "Phenylalanine",
      "Age": "31.07 Year(s)",
      "Specimen": "blood",
      "Quantity": "159 micro-mol/l",
      "Quality": "Increased"
    },
    {
      "Name": "Phenylalanine",
      "Age": "31.35 Year(s)",
      "Specimen": "blood",
      "Quantity": "120 micro-mol/l",
      "Quality": "Increased"
    },
    {
      "Name": "Phenylalanine",
      "Age": "31.41 Year(s)",
      "Specimen": "blood",
      "Quantity": "463 micro-mol/l",
      "Quality": "Increased"
    },
    {
      "Name": "Phenylalanine",
      "Age": "31.56 Year(s)",
      "Specimen": "blood",
      "Quantity": "230 micro-mol/l",
      "Quality": "Increased"
    },
    {
      "Name": "Phenylalanine",
      "Age": "31.89 Year(s)",
      "Specimen": "blood",
      "Quantity": "99 micro-mol/l",
      "Quality": "Normal"
    },
    {
      "Name": "Phenylalanine",
      "Age": "32.39 Year(s)",
      "Specimen": "blood",
      "Quantity": "433 micro-mol/l",
      "Quality": "Increased"
    },
    {
      "Name": "Phenylalanine",
      "Age": "32.83 Year(s)",
      "Specimen": "blood",
      "Quantity": "185 micro-mol/l",
      "Quality": "Increased"
    },
    {
      "Name": "Phenylalanine",
      "Age": "33.41 Year(s)",
      "Specimen": "blood",
      "Quantity": "185 micro-mol/l",
      "Quality": "Increased"
    },
    {
      "Name": "Phenylalanine",
      "Age": "34.12 Year(s)",
      "Specimen": "blood",
      "Quantity": "533 micro-mol/l",
      "Quality": "Increased"
    },
    {
      "Name": "Phenylalanine",
      "Age": "34.77 Year(s)",
      "Specimen": "blood",
      "Quantity": "428 micro-mol/l",
      "Quality": "Increased"
    },
    {
      "Name": "Phenylalanine",
      "Age": "35.03 Year(s)",
      "Specimen": "blood",
      "Quantity": "130 micro-mol/l",
      "Quality": "Increased"
    },
    {
      "Name": "Phenylalanine",
      "Age": "35.34 Year(s)",
      "Specimen": "blood",
      "Quantity": "153 micro-mol/l",
      "Quality": "Increased"
    },
    {
      "Name": "Phenylalanine",
      "Age": "35.65 Year(s)",
      "Specimen": "blood",
      "Quantity": "299 micro-mol/l",
      "Quality": "Increased"
    },
    {
      "Name": "Phenylalanine",
      "Age": "36.1 Year(s)",
      "Specimen": "blood",
      "Quantity": "161 micro-mol/l",
      "Quality": "Increased"
    },
    {
      "Name": "Phenylalanine",
      "Age": "36.32 Year(s)",
      "Specimen": "blood",
      "Quantity": "361 micro-mol/l",
      "Quality": "Increased"
    },
    {
      "Name": "Phenylalanine",
      "Age": "36.62 Year(s)",
      "Specimen": "blood",
      "Quantity": "510 micro-mol/l",
      "Quality": "Increased"
    },
    {
      "Name": "Phenylalanine",
      "Age": "37.09 Year(s)",
      "Specimen": "blood",
      "Quantity": "166 micro-mol/l",
      "Quality": "Increased"
    },
    {
      "Name": "Phenylalanine",
      "Age": "37.32 Year(s)",
      "Specimen": "blood",
      "Quantity": "387 micro-mol/l",
      "Quality": "Increased"
    },
    {
      "Name": "Phenylpyruvic acid",
      "Age": "34.77 Year(s)",
      "Specimen": "urine",
      "Quantity": "51 mmol/mol Crea",
      "Quality": "Increased"
    },
    {
      "Name": "Tyrosine",
      "Age": "19.12 Year(s)",
      "Specimen": "blood",
      "Quantity": "71 micro-mol/l",
      "Quality": "Normal"
    },
    {
      "Name": "Tyrosine",
      "Age": "19.38 Year(s)",
      "Specimen": "blood",
      "Quantity": "60 micro-mol/l",
      "Quality": "Normal"
    },
    {
      "Name": "Tyrosine",
      "Age": "20 Year(s)",
      "Specimen": "blood",
      "Quantity": "61 micro-mol/l",
      "Quality": "Normal"
    },
    {
      "Name": "Tyrosine",
      "Age": "30.27 Year(s)",
      "Specimen": "blood",
      "Quantity": "147 micro-mol/l",
      "Quality": "Increased"
    },
    {
      "Name": "Tyrosine",
      "Age": "30.34 Year(s)",
      "Specimen": "blood",
      "Quantity": "56 micro-mol/l",
      "Quality": "Normal"
    },
    {
      "Name": "Tyrosine",
      "Age": "30.51 Year(s)",
      "Specimen": "blood",
      "Quantity": "70 micro-mol/l",
      "Quality": "Normal"
    },
    {
      "Name": "Tyrosine",
      "Age": "30.84 Year(s)",
      "Specimen": "blood",
      "Quantity": "86 micro-mol/l",
      "Quality": "Normal"
    },
    {
      "Name": "Tyrosine",
      "Age": "30.97 Year(s)",
      "Specimen": "blood",
      "Quantity": "105 micro-mol/l",
      "Quality": "Normal"
    },
    {
      "Name": "Tyrosine",
      "Age": "31.07 Year(s)",
      "Specimen": "blood",
      "Quantity": "32 micro-mol/l",
      "Quality": "Decreased"
    },
    {
      "Name": "Tyrosine",
      "Age": "31.35 Year(s)",
      "Specimen": "blood",
      "Quantity": "22 micro-mol/l",
      "Quality": "Decreased"
    },
    {
      "Name": "Tyrosine",
      "Age": "31.41 Year(s)",
      "Specimen": "blood",
      "Quantity": "135 micro-mol/l",
      "Quality": "Increased"
    },
    {
      "Name": "Tyrosine",
      "Age": "31.56 Year(s)",
      "Specimen": "blood",
      "Quantity": "39 micro-mol/l",
      "Quality": "Normal"
    },
    {
      "Name": "Tyrosine",
      "Age": "31.89 Year(s)",
      "Specimen": "blood",
      "Quantity": "55 micro-mol/l",
      "Quality": "Normal"
    },
    {
      "Name": "Tyrosine",
      "Age": "32.39 Year(s)",
      "Specimen": "blood",
      "Quantity": "61 micro-mol/l",
      "Quality": "Normal"
    },
    {
      "Name": "Tyrosine",
      "Age": "32.83 Year(s)",
      "Specimen": "blood",
      "Quantity": "157 micro-mol/l",
      "Quality": "Increased"
    },
    {
      "Name": "Tyrosine",
      "Age": "33.41 Year(s)",
      "Specimen": "blood",
      "Quantity": "40 micro-mol/l",
      "Quality": "Normal"
    },
    {
      "Name": "Tyrosine",
      "Age": "34.12 Year(s)",
      "Specimen": "blood",
      "Quantity": "81 micro-mol/l",
      "Quality": "Normal"
    },
    {
      "Name": "Tyrosine",
      "Age": "34.77 Year(s)",
      "Specimen": "blood",
      "Quantity": "79 micro-mol/l",
      "Quality": "Normal"
    },
    {
      "Name": "Tyrosine",
      "Age": "35.03 Year(s)",
      "Specimen": "blood",
      "Quantity": "85 micro-mol/l",
      "Quality": "Normal"
    },
    {
      "Name": "Tyrosine",
      "Age": "35.34 Year(s)",
      "Specimen": "blood",
      "Quantity": "94 micro-mol/l",
      "Quality": "Normal"
    },
    {
      "Name": "Tyrosine",
      "Age": "35.65 Year(s)",
      "Specimen": "blood",
      "Quantity": "195 micro-mol/l",
      "Quality": "Increased"
    },
    {
      "Name": "Tyrosine",
      "Age": "36.1 Year(s)",
      "Specimen": "blood",
      "Quantity": "47 micro-mol/l",
      "Quality": "Normal"
    },
    {
      "Name": "Tyrosine",
      "Age": "36.32 Year(s)",
      "Specimen": "blood",
      "Quantity": "123 micro-mol/l",
      "Quality": "Increased"
    },
    {
      "Name": "Tyrosine",
      "Age": "36.62 Year(s)",
      "Specimen": "blood",
      "Quantity": "108 micro-mol/l",
      "Quality": "Normal"
    },
    {
      "Name": "Tyrosine",
      "Age": "37.09 Year(s)",
      "Specimen": "blood",
      "Quantity": "36 micro-mol/l",
      "Quality": "Decreased"
    },
    {
      "Name": "Tyrosine",
      "Age": "37.32 Year(s)",
      "Specimen": "blood",
      "Quantity": "103 micro-mol/l",
      "Quality": "Normal"
    },
    {
      "Name": "Vitamin B12",
      "Age": "34.12 Year(s)",
      "Specimen": "serum/plasma",
      "Quantity": "664 pg/ml",
      "Quality": "Normal"
    },
    {
      "Name": "Vitamin D2, 25-Hydroxyvitamin D",
      "Age": "34.12 Year(s)",
      "Specimen": "serum/plasma",
      "Quantity": "36 nmol/l",
      "Quality": "Normal"
    }
  ],
  "Symptoms": [
    {
      "Name": "behaviour, hyperactive, restless",
      "Age": "30.27 Year(s)",
      "Range": "yes"
    },
    {
      "Name": "dwarfism",
      "Age": "30.27 Year(s)",
      "Range": "yes"
    },
    {
      "Name": "mental retardation",
      "Age": "7.32 Year(s)",
      "Range": "++"
    },
    {
      "Name": "obesity",
      "Age": "35.34 Year(s)",
      "Range": "yes"
    },
    {
      "Name": "seizures",
      "Age": "12.25 Year(s)",
      "Range": "yes"
    }
  ],
  "Diet/drugs": [
    {
      "Name": "phenylalanine",
      "Age": "19.12 Year(s)",
      "Dosage": "600 mg/day",
      "Route": "oral"
    },
    {
      "Name": "phenylalanine",
      "Age": "19.38 Year(s)",
      "Dosage": "550 mg/day",
      "Route": "oral"
    },
    {
      "Name": "phenylalanine",
      "Age": "30.97 Year(s)",
      "Dosage": "700 mg/day",
      "Route": "oral"
    },
    {
      "Name": "vitamin D3",
      "Age": "32.39 Year(s)",
      "Dosage": "1000 IU",
      "Route": "oral"
    },
    {
      "Name": "vitamin D3",
      "Age": "34.12 Year(s)",
      "Dosage": "2000 IU",
      "Route": "oral"
    },
    {
      "Name": "vitamin D3",
      "Age": "36.32 Year(s)",
      "Dosage": "1500 IU",
      "Route": "oral"
    }
  ],
  "Therapy/development": [
    {
      "Name": "length",
      "Age": "30.27 Year(s)",
      "Quantity": "145  cm",
      "Type": "development"
    },
    {
      "Name": "phenylalanine-restricted diet",
      "Age": "10.25 Year(s)",
      "Quantity": "",
      "Type": ""
    },
    {
      "Name": "weight",
      "Age": "30.27 Year(s)",
      "Quantity": "52.5  kg",
      "Type": "development"
    },
    {
      "Name": "weight",
      "Age": "30.97 Year(s)",
      "Quantity": "50.7  kg",
      "Type": "development"
    },
    {
      "Name": "weight",
      "Age": "31.41 Year(s)",
      "Quantity": "54.6  kg",
      "Type": "development"
    },
    {
      "Name": "weight",
      "Age": "31.89 Year(s)",
      "Quantity": "58.2  kg",
      "Type": "development"
    },
    {
      "Name": "weight",
      "Age": "32.39 Year(s)",
      "Quantity": "54.3  kg",
      "Type": "development"
    },
    {
      "Name": "weight",
      "Age": "32.83 Year(s)",
      "Quantity": "58  kg",
      "Type": "development"
    },
    {
      "Name": "weight",
      "Age": "33.41 Year(s)",
      "Quantity": "54  kg",
      "Type": "development"
    },
    {
      "Name": "weight",
      "Age": "34.12 Year(s)",
      "Quantity": "53.9  kg",
      "Type": "development"
    },
    {
      "Name": "weight",
      "Age": "34.77 Year(s)",
      "Quantity": "54.7  kg",
      "Type": "development"
    },
    {
      "Name": "weight",
      "Age": "35.34 Year(s)",
      "Quantity": "62  kg",
      "Type": "development"
    },
    {
      "Name": "weight",
      "Age": "36.32 Year(s)",
      "Quantity": "59.2  kg",
      "Type": "development"
    }
  ]
}