{
  "MainData": {
    "Patient ID": "102",
    "Diagnosis": "PHENYLKETONURIA (MIM 261600)",
    "Gender": "f",
    "Age of symptoms onset": "",
    "Age of diagnosis": "3.86 Week(s)",
    "Found in newborn screening": "y",
    "Diagnosis confirmed": "y",
    "Country": "Germany",
    "Ethnic origin": "Mother: German, Father: German",
    "History": "BH4-test: no response on tetrahydrobiopterine load. Start of phe-restricted diet at 4 weeks of age.  Normal development.\r\nRepeat of BH4 loading with sapropterin at 15 years of age did not show any response again.",
    "Author": "Friedrich Trefz",
    "Hospital": "Childrens Hospital Reutlingen",
    "Coauthor(s)": "",
    "Date of entry": "2001-03-31"
  },
  "Molecular genetics": {
    "Gene name": "PAH gene",
    "Genotype": "p.R158Q/ IVS12nt1g>a",
    "Allele 1": {
      "Trivial name": "p.R158Q",
      "Systematic name": "c.473G->A",
      "Amino acid change": "Arg->Gln",
      "Nucleotide change": "CGG->CAG",
      "Exon/Intron Boundary/Promotor": "5"
    },
    "Allele 2": {
      "Trivial name": "IVS12nt1g->a",
      "Systematic name": "c.1315+1g->a",
      "Amino acid change": "",
      "Nucleotide change": "",
      "Exon/Intron Boundary/Promotor": ""
    }
  },
  "Lab findings": [
    {
      "Name": "Phenylalanine",
      "Age": "2.73 Month(s)",
      "Specimen": "blood",
      "Quantity": "198 micro-mol/l",
      "Quality": "Increased"
    },
    {
      "Name": "Phenylalanine",
      "Age": "3.84 Month(s)",
      "Specimen": "blood",
      "Quantity": "984 micro-mol/l",
      "Quality": "Increased"
    },
    {
      "Name": "Phenylalanine",
      "Age": "5.92 Month(s)",
      "Specimen": "blood",
      "Quantity": "240 micro-mol/l",
      "Quality": "Increased"
    },
    {
      "Name": "Phenylalanine",
      "Age": "7.75 Month(s)",
      "Specimen": "blood",
      "Quantity": "258 micro-mol/l",
      "Quality": "Increased"
    },
    {
      "Name": "Phenylalanine",
      "Age": "10.51 Month(s)",
      "Specimen": "blood",
      "Quantity": "582 micro-mol/l",
      "Quality": "Increased"
    },
    {
      "Name": "Phenylalanine",
      "Age": "13.31 Month(s)",
      "Specimen": "blood",
      "Quantity": "66 micro-mol/l",
      "Quality": "Normal"
    },
    {
      "Name": "Phenylalanine",
      "Age": "20.04 Month(s)",
      "Specimen": "blood",
      "Quantity": "228 micro-mol/l",
      "Quality": "Increased"
    },
    {
      "Name": "Phenylalanine",
      "Age": "23.2 Month(s)",
      "Specimen": "blood",
      "Quantity": "444 micro-mol/l",
      "Quality": "Increased"
    },
    {
      "Name": "Phenylalanine",
      "Age": "2.16 Year(s)",
      "Specimen": "blood",
      "Quantity": "234 micro-mol/l",
      "Quality": "Increased"
    },
    {
      "Name": "Phenylalanine",
      "Age": "2.45 Year(s)",
      "Specimen": "blood",
      "Quantity": "366 micro-mol/l",
      "Quality": "Increased"
    },
    {
      "Name": "Phenylalanine",
      "Age": "2.82 Year(s)",
      "Specimen": "blood",
      "Quantity": "582 micro-mol/l",
      "Quality": "Increased"
    },
    {
      "Name": "Phenylalanine",
      "Age": "3.12 Year(s)",
      "Specimen": "blood",
      "Quantity": "108 micro-mol/l",
      "Quality": "Normal"
    },
    {
      "Name": "Phenylalanine",
      "Age": "3.41 Year(s)",
      "Specimen": "blood",
      "Quantity": "726 micro-mol/l",
      "Quality": "Increased"
    },
    {
      "Name": "Phenylalanine",
      "Age": "3.72 Year(s)",
      "Specimen": "blood",
      "Quantity": "666 micro-mol/l",
      "Quality": "Increased"
    },
    {
      "Name": "Phenylalanine",
      "Age": "4.02 Year(s)",
      "Specimen": "blood",
      "Quantity": "498 micro-mol/l",
      "Quality": "Increased"
    },
    {
      "Name": "Phenylalanine",
      "Age": "4.29 Year(s)",
      "Specimen": "blood",
      "Quantity": "750 micro-mol/l",
      "Quality": "Increased"
    },
    {
      "Name": "Phenylalanine",
      "Age": "4.57 Year(s)",
      "Specimen": "blood",
      "Quantity": "366 micro-mol/l",
      "Quality": "Increased"
    },
    {
      "Name": "Phenylalanine",
      "Age": "4.63 Year(s)",
      "Specimen": "blood",
      "Quantity": "108 micro-mol/l",
      "Quality": "Normal"
    },
    {
      "Name": "Phenylalanine",
      "Age": "4.73 Year(s)",
      "Specimen": "blood",
      "Quantity": "330 micro-mol/l",
      "Quality": "Increased"
    },
    {
      "Name": "Phenylalanine",
      "Age": "4.88 Year(s)",
      "Specimen": "blood",
      "Quantity": "228 micro-mol/l",
      "Quality": "Increased"
    },
    {
      "Name": "Phenylalanine",
      "Age": "5.38 Year(s)",
      "Specimen": "blood",
      "Quantity": "96 micro-mol/l",
      "Quality": "Normal"
    },
    {
      "Name": "Phenylalanine",
      "Age": "5.65 Year(s)",
      "Specimen": "blood",
      "Quantity": "72 micro-mol/l",
      "Quality": "Normal"
    },
    {
      "Name": "Phenylalanine",
      "Age": "5.93 Year(s)",
      "Specimen": "blood",
      "Quantity": "162 micro-mol/l",
      "Quality": "Increased"
    },
    {
      "Name": "Phenylalanine",
      "Age": "6.13 Year(s)",
      "Specimen": "blood",
      "Quantity": "720 micro-mol/l",
      "Quality": "Increased"
    },
    {
      "Name": "Phenylalanine",
      "Age": "6.38 Year(s)",
      "Specimen": "blood",
      "Quantity": "588 micro-mol/l",
      "Quality": "Increased"
    },
    {
      "Name": "Phenylalanine",
      "Age": "6.64 Year(s)",
      "Specimen": "blood",
      "Quantity": "222 micro-mol/l",
      "Quality": "Increased"
    },
    {
      "Name": "Phenylalanine",
      "Age": "6.91 Year(s)",
      "Specimen": "blood",
      "Quantity": "186 micro-mol/l",
      "Quality": "Increased"
    },
    {
      "Name": "Phenylalanine",
      "Age": "7.47 Year(s)",
      "Specimen": "blood",
      "Quantity": "114 micro-mol/l",
      "Quality": "Normal"
    },
    {
      "Name": "Phenylalanine",
      "Age": "7.73 Year(s)",
      "Specimen": "blood",
      "Quantity": "438 micro-mol/l",
      "Quality": "Increased"
    },
    {
      "Name": "Phenylalanine",
      "Age": "7.95 Year(s)",
      "Specimen": "blood",
      "Quantity": "168 micro-mol/l",
      "Quality": "Increased"
    },
    {
      "Name": "Phenylalanine",
      "Age": "8.27 Year(s)",
      "Specimen": "blood",
      "Quantity": "258 micro-mol/l",
      "Quality": "Increased"
    },
    {
      "Name": "Phenylalanine",
      "Age": "8.43 Year(s)",
      "Specimen": "blood",
      "Quantity": "876 micro-mol/l",
      "Quality": "Increased"
    },
    {
      "Name": "Phenylalanine",
      "Age": "9.12 Year(s)",
      "Specimen": "blood",
      "Quantity": "1206 micro-mol/l",
      "Quality": "Increased"
    },
    {
      "Name": "Phenylalanine",
      "Age": "9.42 Year(s)",
      "Specimen": "blood",
      "Quantity": "468 micro-mol/l",
      "Quality": "Increased"
    },
    {
      "Name": "Phenylalanine",
      "Age": "9.69 Year(s)",
      "Specimen": "blood",
      "Quantity": "966 micro-mol/l",
      "Quality": "Increased"
    },
    {
      "Name": "Phenylalanine",
      "Age": "9.83 Year(s)",
      "Specimen": "blood",
      "Quantity": "558 micro-mol/l",
      "Quality": "Increased"
    },
    {
      "Name": "Phenylalanine",
      "Age": "11.9 Year(s)",
      "Specimen": "blood",
      "Quantity": "995 micro-mol/l",
      "Quality": "Increased"
    },
    {
      "Name": "Phenylalanine",
      "Age": "11.97 Year(s)",
      "Specimen": "blood",
      "Quantity": "1080 micro-mol/l",
      "Quality": "Increased"
    },
    {
      "Name": "Phenylalanine",
      "Age": "12.07 Year(s)",
      "Specimen": "blood",
      "Quantity": "1022 micro-mol/l",
      "Quality": "Increased"
    },
    {
      "Name": "Phenylalanine",
      "Age": "12.21 Year(s)",
      "Specimen": "blood",
      "Quantity": "1234 micro-mol/l",
      "Quality": "Increased"
    },
    {
      "Name": "Phenylalanine",
      "Age": "12.34 Year(s)",
      "Specimen": "blood",
      "Quantity": "1422 micro-mol/l",
      "Quality": "Increased"
    },
    {
      "Name": "Phenylalanine",
      "Age": "12.38 Year(s)",
      "Specimen": "blood",
      "Quantity": "1402 micro-mol/l",
      "Quality": "Increased"
    },
    {
      "Name": "Phenylalanine",
      "Age": "12.44 Year(s)",
      "Specimen": "blood",
      "Quantity": "1018 micro-mol/l",
      "Quality": "Increased"
    },
    {
      "Name": "Phenylalanine",
      "Age": "12.76 Year(s)",
      "Specimen": "blood",
      "Quantity": "1444 micro-mol/l",
      "Quality": "Increased"
    },
    {
      "Name": "Phenylalanine",
      "Age": "12.85 Year(s)",
      "Specimen": "blood",
      "Quantity": "928 micro-mol/l",
      "Quality": "Increased"
    },
    {
      "Name": "Phenylalanine",
      "Age": "12.97 Year(s)",
      "Specimen": "blood",
      "Quantity": "1153 micro-mol/l",
      "Quality": "Increased"
    },
    {
      "Name": "Phenylalanine",
      "Age": "13.14 Year(s)",
      "Specimen": "blood",
      "Quantity": "1457 micro-mol/l",
      "Quality": "Increased"
    },
    {
      "Name": "Phenylalanine",
      "Age": "13.19 Year(s)",
      "Specimen": "blood",
      "Quantity": "1362 micro-mol/l",
      "Quality": "Increased"
    },
    {
      "Name": "Phenylalanine",
      "Age": "13.22 Year(s)",
      "Specimen": "blood",
      "Quantity": "1097 micro-mol/l",
      "Quality": "Increased"
    },
    {
      "Name": "Phenylalanine",
      "Age": "13.27 Year(s)",
      "Specimen": "blood",
      "Quantity": "1183 micro-mol/l",
      "Quality": "Increased"
    },
    {
      "Name": "Phenylalanine",
      "Age": "13.32 Year(s)",
      "Specimen": "blood",
      "Quantity": "1629 micro-mol/l",
      "Quality": "Increased"
    },
    {
      "Name": "Phenylalanine",
      "Age": "13.42 Year(s)",
      "Specimen": "blood",
      "Quantity": "1438 micro-mol/l",
      "Quality": "Increased"
    },
    {
      "Name": "Phenylalanine",
      "Age": "13.49 Year(s)",
      "Specimen": "blood",
      "Quantity": "1420 micro-mol/l",
      "Quality": "Increased"
    },
    {
      "Name": "Phenylalanine",
      "Age": "13.57 Year(s)",
      "Specimen": "blood",
      "Quantity": "1578 micro-mol/l",
      "Quality": "Increased"
    },
    {
      "Name": "Phenylalanine",
      "Age": "13.73 Year(s)",
      "Specimen": "blood",
      "Quantity": "1604 micro-mol/l",
      "Quality": "Increased"
    },
    {
      "Name": "Phenylalanine",
      "Age": "13.74 Year(s)",
      "Specimen": "blood",
      "Quantity": "2521 micro-mol/l",
      "Quality": "Increased"
    },
    {
      "Name": "Phenylalanine",
      "Age": "13.75 Year(s)",
      "Specimen": "blood",
      "Quantity": "2044 micro-mol/l",
      "Quality": "Increased"
    },
    {
      "Name": "Phenylalanine",
      "Age": "13.77 Year(s)",
      "Specimen": "blood",
      "Quantity": "1373 micro-mol/l",
      "Quality": "Increased"
    },
    {
      "Name": "Phenylalanine",
      "Age": "13.85 Year(s)",
      "Specimen": "blood",
      "Quantity": "992 micro-mol/l",
      "Quality": "Increased"
    },
    {
      "Name": "Phenylalanine",
      "Age": "13.98 Year(s)",
      "Specimen": "blood",
      "Quantity": "756 micro-mol/l",
      "Quality": "Increased"
    },
    {
      "Name": "Phenylalanine",
      "Age": "14.12 Year(s)",
      "Specimen": "blood",
      "Quantity": "1443 micro-mol/l",
      "Quality": "Increased"
    },
    {
      "Name": "Phenylalanine",
      "Age": "14.16 Year(s)",
      "Specimen": "blood",
      "Quantity": "1276 micro-mol/l",
      "Quality": "Increased"
    },
    {
      "Name": "Phenylalanine",
      "Age": "14.27 Year(s)",
      "Specimen": "blood",
      "Quantity": "1185 micro-mol/l",
      "Quality": "Increased"
    },
    {
      "Name": "Phenylalanine",
      "Age": "14.33 Year(s)",
      "Specimen": "blood",
      "Quantity": "1435 micro-mol/l",
      "Quality": "Increased"
    },
    {
      "Name": "Phenylalanine",
      "Age": "14.42 Year(s)",
      "Specimen": "blood",
      "Quantity": "1139 micro-mol/l",
      "Quality": "Increased"
    },
    {
      "Name": "Phenylalanine",
      "Age": "14.55 Year(s)",
      "Specimen": "blood",
      "Quantity": "890 micro-mol/l",
      "Quality": "Increased"
    },
    {
      "Name": "Phenylalanine",
      "Age": "14.68 Year(s)",
      "Specimen": "blood",
      "Quantity": "1425 micro-mol/l",
      "Quality": "Increased"
    },
    {
      "Name": "Phenylalanine",
      "Age": "14.81 Year(s)",
      "Specimen": "blood",
      "Quantity": "1328 micro-mol/l",
      "Quality": "Increased"
    },
    {
      "Name": "Phenylalanine",
      "Age": "14.88 Year(s)",
      "Specimen": "blood",
      "Quantity": "1535 micro-mol/l",
      "Quality": "Increased"
    },
    {
      "Name": "Phenylalanine",
      "Age": "14.95 Year(s)",
      "Specimen": "blood",
      "Quantity": "1716 micro-mol/l",
      "Quality": "Increased"
    },
    {
      "Name": "Phenylalanine",
      "Age": "15.02 Year(s)",
      "Specimen": "blood",
      "Quantity": "1279 micro-mol/l",
      "Quality": "Increased"
    },
    {
      "Name": "Phenylalanine",
      "Age": "15.04 Year(s)",
      "Specimen": "blood",
      "Quantity": "1668 micro-mol/l",
      "Quality": "Increased"
    },
    {
      "Name": "Phenylalanine",
      "Age": "15.14 Year(s)",
      "Specimen": "blood",
      "Quantity": "1265 micro-mol/l",
      "Quality": "Increased"
    },
    {
      "Name": "Phenylalanine",
      "Age": "15.2 Year(s)",
      "Specimen": "blood",
      "Quantity": "1178 micro-mol/l",
      "Quality": "Increased"
    },
    {
      "Name": "Phenylalanine",
      "Age": "15.24 Year(s)",
      "Specimen": "blood",
      "Quantity": "998 micro-mol/l",
      "Quality": "Increased"
    },
    {
      "Name": "Phenylalanine",
      "Age": "15.32 Year(s)",
      "Specimen": "blood",
      "Quantity": "1305 micro-mol/l",
      "Quality": "Increased"
    },
    {
      "Name": "Phenylalanine",
      "Age": "15.39 Year(s)",
      "Specimen": "blood",
      "Quantity": "1797 micro-mol/l",
      "Quality": "Increased"
    },
    {
      "Name": "Phenylalanine",
      "Age": "15.5 Year(s)",
      "Specimen": "blood",
      "Quantity": "1831 micro-mol/l",
      "Quality": "Increased"
    },
    {
      "Name": "Phenylalanine",
      "Age": "15.58 Year(s)",
      "Specimen": "blood",
      "Quantity": "1198 micro-mol/l",
      "Quality": "Increased"
    },
    {
      "Name": "Phenylalanine",
      "Age": "15.75 Year(s)",
      "Specimen": "blood",
      "Quantity": "2368 micro-mol/l",
      "Quality": "Increased"
    },
    {
      "Name": "Phenylalanine",
      "Age": "15.75 Year(s)",
      "Specimen": "blood",
      "Quantity": "1643 micro-mol/l",
      "Quality": "Increased"
    },
    {
      "Name": "Phenylalanine",
      "Age": "15.81 Year(s)",
      "Specimen": "blood",
      "Quantity": "2051 micro-mol/l",
      "Quality": "Increased"
    },
    {
      "Name": "Phenylalanine",
      "Age": "15.87 Year(s)",
      "Specimen": "blood",
      "Quantity": "2100 micro-mol/l",
      "Quality": "Increased"
    },
    {
      "Name": "Phenylalanine",
      "Age": "15.9 Year(s)",
      "Specimen": "blood",
      "Quantity": "1348 micro-mol/l",
      "Quality": "Increased"
    },
    {
      "Name": "Phenylalanine",
      "Age": "16 Year(s)",
      "Specimen": "blood",
      "Quantity": "1390 micro-mol/l",
      "Quality": "Increased"
    },
    {
      "Name": "Phenylalanine",
      "Age": "16.12 Year(s)",
      "Specimen": "blood",
      "Quantity": "1304 micro-mol/l",
      "Quality": "Increased"
    },
    {
      "Name": "Phenylalanine",
      "Age": "16.19 Year(s)",
      "Specimen": "blood",
      "Quantity": "1102 micro-mol/l",
      "Quality": "Increased"
    },
    {
      "Name": "Phenylalanine",
      "Age": "16.33 Year(s)",
      "Specimen": "blood",
      "Quantity": "919 micro-mol/l",
      "Quality": "Increased"
    },
    {
      "Name": "Phenylalanine",
      "Age": "16.4 Year(s)",
      "Specimen": "blood",
      "Quantity": "1553 micro-mol/l",
      "Quality": "Increased"
    },
    {
      "Name": "Phenylalanine",
      "Age": "16.62 Year(s)",
      "Specimen": "blood",
      "Quantity": "1280 micro-mol/l",
      "Quality": "Increased"
    },
    {
      "Name": "Phenylalanine",
      "Age": "16.8 Year(s)",
      "Specimen": "blood",
      "Quantity": "1442 micro-mol/l",
      "Quality": "Increased"
    },
    {
      "Name": "Phenylalanine",
      "Age": "16.9 Year(s)",
      "Specimen": "blood",
      "Quantity": "1083 micro-mol/l",
      "Quality": "Increased"
    },
    {
      "Name": "Phenylalanine",
      "Age": "16.92 Year(s)",
      "Specimen": "blood",
      "Quantity": "1711 micro-mol/l",
      "Quality": "Increased"
    },
    {
      "Name": "Phenylalanine",
      "Age": "16.99 Year(s)",
      "Specimen": "blood",
      "Quantity": "1041 micro-mol/l",
      "Quality": "Increased"
    },
    {
      "Name": "Phenylalanine",
      "Age": "17.09 Year(s)",
      "Specimen": "blood",
      "Quantity": "1154 micro-mol/l",
      "Quality": "Increased"
    },
    {
      "Name": "Phenylalanine",
      "Age": "17.17 Year(s)",
      "Specimen": "blood",
      "Quantity": "1222 micro-mol/l",
      "Quality": "Increased"
    },
    {
      "Name": "Phenylalanine",
      "Age": "17.35 Year(s)",
      "Specimen": "blood",
      "Quantity": "1235 micro-mol/l",
      "Quality": "Increased"
    },
    {
      "Name": "Phenylalanine",
      "Age": "17.48 Year(s)",
      "Specimen": "blood",
      "Quantity": "1085 micro-mol/l",
      "Quality": "Increased"
    },
    {
      "Name": "Phenylalanine",
      "Age": "17.68 Year(s)",
      "Specimen": "blood",
      "Quantity": "1305 micro-mol/l",
      "Quality": "Increased"
    },
    {
      "Name": "Phenylalanine",
      "Age": "17.83 Year(s)",
      "Specimen": "blood",
      "Quantity": "1078 micro-mol/l",
      "Quality": "Increased"
    },
    {
      "Name": "Phenylalanine",
      "Age": "17.88 Year(s)",
      "Specimen": "blood",
      "Quantity": "1296 micro-mol/l",
      "Quality": "Increased"
    },
    {
      "Name": "Phenylalanine",
      "Age": "17.96 Year(s)",
      "Specimen": "blood",
      "Quantity": "1277 micro-mol/l",
      "Quality": "Increased"
    },
    {
      "Name": "Phenylalanine",
      "Age": "18.04 Year(s)",
      "Specimen": "blood",
      "Quantity": "1514 micro-mol/l",
      "Quality": "Increased"
    },
    {
      "Name": "Phenylalanine",
      "Age": "18.17 Year(s)",
      "Specimen": "blood",
      "Quantity": "1500 micro-mol/l",
      "Quality": "Increased"
    },
    {
      "Name": "Phenylalanine",
      "Age": "18.28 Year(s)",
      "Specimen": "blood",
      "Quantity": "1071 micro-mol/l",
      "Quality": "Increased"
    },
    {
      "Name": "Phenylalanine",
      "Age": "18.48 Year(s)",
      "Specimen": "blood",
      "Quantity": "985 micro-mol/l",
      "Quality": "Increased"
    },
    {
      "Name": "Phenylalanine",
      "Age": "18.53 Year(s)",
      "Specimen": "blood",
      "Quantity": "802 micro-mol/l",
      "Quality": "Increased"
    },
    {
      "Name": "Phenylalanine",
      "Age": "18.54 Year(s)",
      "Specimen": "blood",
      "Quantity": "909 micro-mol/l",
      "Quality": "Increased"
    },
    {
      "Name": "Phenylalanine",
      "Age": "18.69 Year(s)",
      "Specimen": "blood",
      "Quantity": "977 micro-mol/l",
      "Quality": "Increased"
    },
    {
      "Name": "Phenylalanine",
      "Age": "18.76 Year(s)",
      "Specimen": "blood",
      "Quantity": "1293 micro-mol/l",
      "Quality": "Increased"
    },
    {
      "Name": "Phenylalanine",
      "Age": "18.92 Year(s)",
      "Specimen": "blood",
      "Quantity": "762 micro-mol/l",
      "Quality": "Increased"
    },
    {
      "Name": "Phenylalanine",
      "Age": "19.03 Year(s)",
      "Specimen": "blood",
      "Quantity": "822 micro-mol/l",
      "Quality": "Increased"
    },
    {
      "Name": "Phenylalanine",
      "Age": "19.15 Year(s)",
      "Specimen": "blood",
      "Quantity": "753 micro-mol/l",
      "Quality": "Increased"
    },
    {
      "Name": "Phenylalanine",
      "Age": "19.29 Year(s)",
      "Specimen": "blood",
      "Quantity": "1518 micro-mol/l",
      "Quality": "Increased"
    },
    {
      "Name": "Phenylalanine",
      "Age": "19.47 Year(s)",
      "Specimen": "blood",
      "Quantity": "1516 micro-mol/l",
      "Quality": "Increased"
    },
    {
      "Name": "Phenylalanine",
      "Age": "19.49 Year(s)",
      "Specimen": "blood",
      "Quantity": "1539 micro-mol/l",
      "Quality": "Increased"
    },
    {
      "Name": "Phenylalanine",
      "Age": "19.82 Year(s)",
      "Specimen": "blood",
      "Quantity": "654 micro-mol/l",
      "Quality": "Increased"
    },
    {
      "Name": "Phenylalanine",
      "Age": "19.98 Year(s)",
      "Specimen": "blood",
      "Quantity": "1092 micro-mol/l",
      "Quality": "Increased"
    },
    {
      "Name": "Phenylalanine",
      "Age": "20.21 Year(s)",
      "Specimen": "blood",
      "Quantity": "877 micro-mol/l",
      "Quality": "Increased"
    },
    {
      "Name": "Phenylalanine",
      "Age": "20.34 Year(s)",
      "Specimen": "blood",
      "Quantity": "1167 micro-mol/l",
      "Quality": "Increased"
    },
    {
      "Name": "Phenylalanine",
      "Age": "20.49 Year(s)",
      "Specimen": "blood",
      "Quantity": "1264 micro-mol/l",
      "Quality": "Increased"
    },
    {
      "Name": "Phenylalanine",
      "Age": "20.71 Year(s)",
      "Specimen": "blood",
      "Quantity": "1444 micro-mol/l",
      "Quality": "Increased"
    },
    {
      "Name": "Phenylalanine",
      "Age": "21.26 Year(s)",
      "Specimen": "blood",
      "Quantity": "1308 micro-mol/l",
      "Quality": "Increased"
    },
    {
      "Name": "Phenylalanine",
      "Age": "21.53 Year(s)",
      "Specimen": "blood",
      "Quantity": "1103 micro-mol/l",
      "Quality": "Increased"
    },
    {
      "Name": "Phenylalanine",
      "Age": "22.69 Year(s)",
      "Specimen": "blood",
      "Quantity": "1664 micro-mol/l",
      "Quality": "Increased"
    },
    {
      "Name": "Tyrosine",
      "Age": "2.73 Month(s)",
      "Specimen": "blood",
      "Quantity": "99 micro-mol/l",
      "Quality": "Normal"
    },
    {
      "Name": "Tyrosine",
      "Age": "7.75 Month(s)",
      "Specimen": "blood",
      "Quantity": "99 micro-mol/l",
      "Quality": "Normal"
    },
    {
      "Name": "Tyrosine",
      "Age": "20.04 Month(s)",
      "Specimen": "blood",
      "Quantity": "66 micro-mol/l",
      "Quality": "Normal"
    },
    {
      "Name": "Tyrosine",
      "Age": "2.82 Year(s)",
      "Specimen": "blood",
      "Quantity": "33 micro-mol/l",
      "Quality": "Normal"
    },
    {
      "Name": "Tyrosine",
      "Age": "4.88 Year(s)",
      "Specimen": "blood",
      "Quantity": "121 micro-mol/l",
      "Quality": "Normal"
    },
    {
      "Name": "Tyrosine",
      "Age": "5.65 Year(s)",
      "Specimen": "blood",
      "Quantity": "55 micro-mol/l",
      "Quality": "Normal"
    },
    {
      "Name": "Tyrosine",
      "Age": "6.64 Year(s)",
      "Specimen": "blood",
      "Quantity": "71.5 micro-mol/l",
      "Quality": "Normal"
    },
    {
      "Name": "Tyrosine",
      "Age": "7.73 Year(s)",
      "Specimen": "blood",
      "Quantity": "104.5 micro-mol/l",
      "Quality": "Normal"
    },
    {
      "Name": "Tyrosine",
      "Age": "8.79 Year(s)",
      "Specimen": "blood",
      "Quantity": "88 micro-mol/l",
      "Quality": "Normal"
    },
    {
      "Name": "Tyrosine",
      "Age": "9.69 Year(s)",
      "Specimen": "blood",
      "Quantity": "132 micro-mol/l",
      "Quality": "Normal"
    },
    {
      "Name": "Tyrosine",
      "Age": "11.9 Year(s)",
      "Specimen": "blood",
      "Quantity": "154 micro-mol/l",
      "Quality": "Increased"
    },
    {
      "Name": "Tyrosine",
      "Age": "11.97 Year(s)",
      "Specimen": "blood",
      "Quantity": "112 micro-mol/l",
      "Quality": "Normal"
    },
    {
      "Name": "Tyrosine",
      "Age": "12.07 Year(s)",
      "Specimen": "blood",
      "Quantity": "64 micro-mol/l",
      "Quality": "Normal"
    },
    {
      "Name": "Tyrosine",
      "Age": "12.21 Year(s)",
      "Specimen": "blood",
      "Quantity": "118 micro-mol/l",
      "Quality": "Normal"
    },
    {
      "Name": "Tyrosine",
      "Age": "12.34 Year(s)",
      "Specimen": "blood",
      "Quantity": "104 micro-mol/l",
      "Quality": "Normal"
    },
    {
      "Name": "Tyrosine",
      "Age": "12.38 Year(s)",
      "Specimen": "blood",
      "Quantity": "88 micro-mol/l",
      "Quality": "Normal"
    },
    {
      "Name": "Tyrosine",
      "Age": "12.44 Year(s)",
      "Specimen": "blood",
      "Quantity": "168 micro-mol/l",
      "Quality": "Increased"
    },
    {
      "Name": "Tyrosine",
      "Age": "12.76 Year(s)",
      "Specimen": "blood",
      "Quantity": "114 micro-mol/l",
      "Quality": "Normal"
    },
    {
      "Name": "Tyrosine",
      "Age": "12.85 Year(s)",
      "Specimen": "blood",
      "Quantity": "140 micro-mol/l",
      "Quality": "Normal"
    },
    {
      "Name": "Tyrosine",
      "Age": "12.97 Year(s)",
      "Specimen": "blood",
      "Quantity": "124 micro-mol/l",
      "Quality": "Normal"
    },
    {
      "Name": "Tyrosine",
      "Age": "13.14 Year(s)",
      "Specimen": "blood",
      "Quantity": "135 micro-mol/l",
      "Quality": "Normal"
    },
    {
      "Name": "Tyrosine",
      "Age": "13.19 Year(s)",
      "Specimen": "blood",
      "Quantity": "205 micro-mol/l",
      "Quality": "Increased"
    },
    {
      "Name": "Tyrosine",
      "Age": "13.22 Year(s)",
      "Specimen": "blood",
      "Quantity": "84 micro-mol/l",
      "Quality": "Normal"
    },
    {
      "Name": "Tyrosine",
      "Age": "13.27 Year(s)",
      "Specimen": "blood",
      "Quantity": "142 micro-mol/l",
      "Quality": "Normal"
    },
    {
      "Name": "Tyrosine",
      "Age": "13.32 Year(s)",
      "Specimen": "blood",
      "Quantity": "136 micro-mol/l",
      "Quality": "Normal"
    },
    {
      "Name": "Tyrosine",
      "Age": "13.42 Year(s)",
      "Specimen": "blood",
      "Quantity": "145 micro-mol/l",
      "Quality": "Increased"
    },
    {
      "Name": "Tyrosine",
      "Age": "13.49 Year(s)",
      "Specimen": "blood",
      "Quantity": "122 micro-mol/l",
      "Quality": "Normal"
    },
    {
      "Name": "Tyrosine",
      "Age": "13.57 Year(s)",
      "Specimen": "blood",
      "Quantity": "87 micro-mol/l",
      "Quality": "Normal"
    },
    {
      "Name": "Tyrosine",
      "Age": "13.73 Year(s)",
      "Specimen": "blood",
      "Quantity": "105 micro-mol/l",
      "Quality": "Normal"
    },
    {
      "Name": "Tyrosine",
      "Age": "13.74 Year(s)",
      "Specimen": "blood",
      "Quantity": "69 micro-mol/l",
      "Quality": "Normal"
    },
    {
      "Name": "Tyrosine",
      "Age": "13.75 Year(s)",
      "Specimen": "blood",
      "Quantity": "237 micro-mol/l",
      "Quality": "Increased"
    },
    {
      "Name": "Tyrosine",
      "Age": "13.77 Year(s)",
      "Specimen": "blood",
      "Quantity": "167 micro-mol/l",
      "Quality": "Increased"
    },
    {
      "Name": "Tyrosine",
      "Age": "13.85 Year(s)",
      "Specimen": "blood",
      "Quantity": "202 micro-mol/l",
      "Quality": "Increased"
    },
    {
      "Name": "Tyrosine",
      "Age": "13.98 Year(s)",
      "Specimen": "blood",
      "Quantity": "113 micro-mol/l",
      "Quality": "Normal"
    },
    {
      "Name": "Tyrosine",
      "Age": "14.12 Year(s)",
      "Specimen": "blood",
      "Quantity": "170 micro-mol/l",
      "Quality": "Increased"
    },
    {
      "Name": "Tyrosine",
      "Age": "14.16 Year(s)",
      "Specimen": "blood",
      "Quantity": "112 micro-mol/l",
      "Quality": "Normal"
    },
    {
      "Name": "Tyrosine",
      "Age": "14.27 Year(s)",
      "Specimen": "blood",
      "Quantity": "105 micro-mol/l",
      "Quality": "Normal"
    },
    {
      "Name": "Tyrosine",
      "Age": "14.33 Year(s)",
      "Specimen": "blood",
      "Quantity": "141 micro-mol/l",
      "Quality": "Normal"
    },
    {
      "Name": "Tyrosine",
      "Age": "14.42 Year(s)",
      "Specimen": "blood",
      "Quantity": "105 micro-mol/l",
      "Quality": "Normal"
    },
    {
      "Name": "Tyrosine",
      "Age": "14.55 Year(s)",
      "Specimen": "blood",
      "Quantity": "81 micro-mol/l",
      "Quality": "Normal"
    },
    {
      "Name": "Tyrosine",
      "Age": "14.68 Year(s)",
      "Specimen": "blood",
      "Quantity": "73 micro-mol/l",
      "Quality": "Normal"
    },
    {
      "Name": "Tyrosine",
      "Age": "14.81 Year(s)",
      "Specimen": "blood",
      "Quantity": "159 micro-mol/l",
      "Quality": "Increased"
    },
    {
      "Name": "Tyrosine",
      "Age": "14.88 Year(s)",
      "Specimen": "blood",
      "Quantity": "75 micro-mol/l",
      "Quality": "Normal"
    },
    {
      "Name": "Tyrosine",
      "Age": "14.95 Year(s)",
      "Specimen": "blood",
      "Quantity": "114 micro-mol/l",
      "Quality": "Normal"
    },
    {
      "Name": "Tyrosine",
      "Age": "15.02 Year(s)",
      "Specimen": "blood",
      "Quantity": "194 micro-mol/l",
      "Quality": "Increased"
    },
    {
      "Name": "Tyrosine",
      "Age": "15.04 Year(s)",
      "Specimen": "blood",
      "Quantity": "128 micro-mol/l",
      "Quality": "Increased"
    },
    {
      "Name": "Tyrosine",
      "Age": "15.14 Year(s)",
      "Specimen": "blood",
      "Quantity": "86 micro-mol/l",
      "Quality": "Normal"
    },
    {
      "Name": "Tyrosine",
      "Age": "15.2 Year(s)",
      "Specimen": "blood",
      "Quantity": "156 micro-mol/l",
      "Quality": "Increased"
    },
    {
      "Name": "Tyrosine",
      "Age": "15.24 Year(s)",
      "Specimen": "blood",
      "Quantity": "257 micro-mol/l",
      "Quality": "Increased"
    },
    {
      "Name": "Tyrosine",
      "Age": "15.32 Year(s)",
      "Specimen": "blood",
      "Quantity": "260 micro-mol/l",
      "Quality": "Increased"
    },
    {
      "Name": "Tyrosine",
      "Age": "15.39 Year(s)",
      "Specimen": "blood",
      "Quantity": "83 micro-mol/l",
      "Quality": "Normal"
    },
    {
      "Name": "Tyrosine",
      "Age": "15.5 Year(s)",
      "Specimen": "blood",
      "Quantity": "218 micro-mol/l",
      "Quality": "Increased"
    },
    {
      "Name": "Tyrosine",
      "Age": "15.58 Year(s)",
      "Specimen": "blood",
      "Quantity": "125 micro-mol/l",
      "Quality": "Increased"
    },
    {
      "Name": "Tyrosine",
      "Age": "15.75 Year(s)",
      "Specimen": "blood",
      "Quantity": "195 micro-mol/l",
      "Quality": "Increased"
    },
    {
      "Name": "Tyrosine",
      "Age": "15.75 Year(s)",
      "Specimen": "blood",
      "Quantity": "95 micro-mol/l",
      "Quality": "Normal"
    },
    {
      "Name": "Tyrosine",
      "Age": "15.81 Year(s)",
      "Specimen": "blood",
      "Quantity": "145 micro-mol/l",
      "Quality": "Increased"
    },
    {
      "Name": "Tyrosine",
      "Age": "15.87 Year(s)",
      "Specimen": "blood",
      "Quantity": "101 micro-mol/l",
      "Quality": "Normal"
    },
    {
      "Name": "Tyrosine",
      "Age": "15.9 Year(s)",
      "Specimen": "blood",
      "Quantity": "315 micro-mol/l",
      "Quality": "Increased"
    },
    {
      "Name": "Tyrosine",
      "Age": "16 Year(s)",
      "Specimen": "blood",
      "Quantity": "136 micro-mol/l",
      "Quality": "Increased"
    },
    {
      "Name": "Tyrosine",
      "Age": "16.12 Year(s)",
      "Specimen": "blood",
      "Quantity": "118 micro-mol/l",
      "Quality": "Increased"
    },
    {
      "Name": "Tyrosine",
      "Age": "16.19 Year(s)",
      "Specimen": "blood",
      "Quantity": "33 micro-mol/l",
      "Quality": "Normal"
    },
    {
      "Name": "Tyrosine",
      "Age": "16.33 Year(s)",
      "Specimen": "blood",
      "Quantity": "44 micro-mol/l",
      "Quality": "Normal"
    },
    {
      "Name": "Tyrosine",
      "Age": "16.4 Year(s)",
      "Specimen": "blood",
      "Quantity": "63 micro-mol/l",
      "Quality": "Normal"
    },
    {
      "Name": "Tyrosine",
      "Age": "16.62 Year(s)",
      "Specimen": "blood",
      "Quantity": "65 micro-mol/l",
      "Quality": "Normal"
    },
    {
      "Name": "Tyrosine",
      "Age": "16.8 Year(s)",
      "Specimen": "blood",
      "Quantity": "158 micro-mol/l",
      "Quality": "Increased"
    },
    {
      "Name": "Tyrosine",
      "Age": "16.9 Year(s)",
      "Specimen": "blood",
      "Quantity": "54 micro-mol/l",
      "Quality": "Normal"
    },
    {
      "Name": "Tyrosine",
      "Age": "16.92 Year(s)",
      "Specimen": "blood",
      "Quantity": "139 micro-mol/l",
      "Quality": "Increased"
    },
    {
      "Name": "Tyrosine",
      "Age": "16.99 Year(s)",
      "Specimen": "blood",
      "Quantity": "51 micro-mol/l",
      "Quality": "Normal"
    },
    {
      "Name": "Tyrosine",
      "Age": "17.09 Year(s)",
      "Specimen": "blood",
      "Quantity": "39 micro-mol/l",
      "Quality": "Normal"
    },
    {
      "Name": "Tyrosine",
      "Age": "17.17 Year(s)",
      "Specimen": "blood",
      "Quantity": "56 micro-mol/l",
      "Quality": "Normal"
    },
    {
      "Name": "Tyrosine",
      "Age": "17.35 Year(s)",
      "Specimen": "blood",
      "Quantity": "57 micro-mol/l",
      "Quality": "Normal"
    },
    {
      "Name": "Tyrosine",
      "Age": "17.48 Year(s)",
      "Specimen": "blood",
      "Quantity": "58 micro-mol/l",
      "Quality": "Normal"
    },
    {
      "Name": "Tyrosine",
      "Age": "17.68 Year(s)",
      "Specimen": "blood",
      "Quantity": "63 micro-mol/l",
      "Quality": "Normal"
    },
    {
      "Name": "Tyrosine",
      "Age": "17.83 Year(s)",
      "Specimen": "blood",
      "Quantity": "44 micro-mol/l",
      "Quality": "Normal"
    },
    {
      "Name": "Tyrosine",
      "Age": "17.88 Year(s)",
      "Specimen": "blood",
      "Quantity": "45 micro-mol/l",
      "Quality": "Normal"
    },
    {
      "Name": "Tyrosine",
      "Age": "17.96 Year(s)",
      "Specimen": "blood",
      "Quantity": "129 micro-mol/l",
      "Quality": "Increased"
    },
    {
      "Name": "Tyrosine",
      "Age": "18.04 Year(s)",
      "Specimen": "blood",
      "Quantity": "104 micro-mol/l",
      "Quality": "Normal"
    },
    {
      "Name": "Tyrosine",
      "Age": "18.17 Year(s)",
      "Specimen": "blood",
      "Quantity": "68 micro-mol/l",
      "Quality": "Normal"
    },
    {
      "Name": "Tyrosine",
      "Age": "18.28 Year(s)",
      "Specimen": "blood",
      "Quantity": "68 micro-mol/l",
      "Quality": "Normal"
    },
    {
      "Name": "Tyrosine",
      "Age": "18.48 Year(s)",
      "Specimen": "blood",
      "Quantity": "69 micro-mol/l",
      "Quality": "Normal"
    },
    {
      "Name": "Tyrosine",
      "Age": "18.53 Year(s)",
      "Specimen": "blood",
      "Quantity": "48 micro-mol/l",
      "Quality": "Normal"
    },
    {
      "Name": "Tyrosine",
      "Age": "18.54 Year(s)",
      "Specimen": "blood",
      "Quantity": "30 micro-mol/l",
      "Quality": "Decreased"
    },
    {
      "Name": "Tyrosine",
      "Age": "18.69 Year(s)",
      "Specimen": "blood",
      "Quantity": "40 micro-mol/l",
      "Quality": "Normal"
    },
    {
      "Name": "Tyrosine",
      "Age": "18.76 Year(s)",
      "Specimen": "blood",
      "Quantity": "54 micro-mol/l",
      "Quality": "Normal"
    },
    {
      "Name": "Tyrosine",
      "Age": "18.92 Year(s)",
      "Specimen": "blood",
      "Quantity": "39 micro-mol/l",
      "Quality": "Normal"
    },
    {
      "Name": "Tyrosine",
      "Age": "19.03 Year(s)",
      "Specimen": "blood",
      "Quantity": "37 micro-mol/l",
      "Quality": "Decreased"
    },
    {
      "Name": "Tyrosine",
      "Age": "19.15 Year(s)",
      "Specimen": "blood",
      "Quantity": "38 micro-mol/l",
      "Quality": "Decreased"
    },
    {
      "Name": "Tyrosine",
      "Age": "19.29 Year(s)",
      "Specimen": "blood",
      "Quantity": "66 micro-mol/l",
      "Quality": "Normal"
    },
    {
      "Name": "Tyrosine",
      "Age": "19.47 Year(s)",
      "Specimen": "blood",
      "Quantity": "59 micro-mol/l",
      "Quality": "Normal"
    },
    {
      "Name": "Tyrosine",
      "Age": "19.49 Year(s)",
      "Specimen": "blood",
      "Quantity": "31 micro-mol/l",
      "Quality": "Decreased"
    },
    {
      "Name": "Tyrosine",
      "Age": "19.82 Year(s)",
      "Specimen": "blood",
      "Quantity": "29 micro-mol/l",
      "Quality": "Decreased"
    },
    {
      "Name": "Tyrosine",
      "Age": "19.98 Year(s)",
      "Specimen": "blood",
      "Quantity": "46 micro-mol/l",
      "Quality": "Normal"
    },
    {
      "Name": "Tyrosine",
      "Age": "20.21 Year(s)",
      "Specimen": "blood",
      "Quantity": "43 micro-mol/l",
      "Quality": "Normal"
    },
    {
      "Name": "Tyrosine",
      "Age": "20.34 Year(s)",
      "Specimen": "blood",
      "Quantity": "53 micro-mol/l",
      "Quality": "Normal"
    },
    {
      "Name": "Tyrosine",
      "Age": "20.49 Year(s)",
      "Specimen": "blood",
      "Quantity": "53 micro-mol/l",
      "Quality": "Normal"
    },
    {
      "Name": "Tyrosine",
      "Age": "20.71 Year(s)",
      "Specimen": "blood",
      "Quantity": "55 micro-mol/l",
      "Quality": "Normal"
    },
    {
      "Name": "Tyrosine",
      "Age": "21.26 Year(s)",
      "Specimen": "blood",
      "Quantity": "71 micro-mol/l",
      "Quality": "Normal"
    },
    {
      "Name": "Tyrosine",
      "Age": "21.53 Year(s)",
      "Specimen": "blood",
      "Quantity": "30 micro-mol/l",
      "Quality": "Decreased"
    },
    {
      "Name": "Tyrosine",
      "Age": "22.69 Year(s)",
      "Specimen": "blood",
      "Quantity": "65 micro-mol/l",
      "Quality": "Normal"
    }
  ],
  "Symptoms": [
    {
      "Name": "Fever",
      "Age": "4.57 Year(s)",
      "Range": "medium [38,5-39,5 degrees Celsius]"
    },
    {
      "Name": "Hospitalization",
      "Age": "1 Day(s)",
      "Range": "yes"
    },
    {
      "Name": "Hospitalization",
      "Age": "5.21 Year(s)",
      "Range": "yes"
    },
    {
      "Name": "aorta, coarction",
      "Age": "11.46 Year(s)",
      "Range": "yes"
    },
    {
      "Name": "exposure to phenylalanine during gestation",
      "Age": "19.6 Year(s)",
      "Range": "no"
    },
    {
      "Name": "no clinical signs or symptoms",
      "Age": "4.57 Week(s)",
      "Range": "yes"
    },
    {
      "Name": "obesity",
      "Age": "21.53 Year(s)",
      "Range": "yes"
    },
    {
      "Name": "pneumonia",
      "Age": "6.38 Year(s)",
      "Range": "yes"
    }
  ],
  "Diet/drugs": [
    {
      "Name": "artificial protein intake (specific amino acid mixture)",
      "Age": "5.17 Year(s)",
      "Dosage": "24 g/day",
      "Route": "oral"
    },
    {
      "Name": "artificial protein intake (specific amino acid mixture)",
      "Age": "6.22 Year(s)",
      "Dosage": "28 g/day",
      "Route": "oral"
    },
    {
      "Name": "artificial protein intake (specific amino acid mixture)",
      "Age": "6.65 Year(s)",
      "Dosage": "30.1 g/day",
      "Route": "oral"
    },
    {
      "Name": "artificial protein intake (specific amino acid mixture)",
      "Age": "7.49 Year(s)",
      "Dosage": "30.1 g/day",
      "Route": "oral"
    },
    {
      "Name": "artificial protein intake (specific amino acid mixture)",
      "Age": "8.76 Year(s)",
      "Dosage": "35.5 g/day",
      "Route": "oral"
    },
    {
      "Name": "artificial protein intake (specific amino acid mixture)",
      "Age": "9.31 Year(s)",
      "Dosage": "31 g/day",
      "Route": "oral"
    },
    {
      "Name": "artificial protein intake (specific amino acid mixture)",
      "Age": "10.23 Year(s)",
      "Dosage": "31 g/day",
      "Route": "oral"
    },
    {
      "Name": "phenylalanine",
      "Age": "3.28 Year(s)",
      "Dosage": "280 mg/day",
      "Route": "oral"
    },
    {
      "Name": "phenylalanine",
      "Age": "4.25 Year(s)",
      "Dosage": "250 mg/day",
      "Route": "oral"
    },
    {
      "Name": "phenylalanine",
      "Age": "4.96 Year(s)",
      "Dosage": "240 mg/day",
      "Route": "oral"
    },
    {
      "Name": "phenylalanine",
      "Age": "5.21 Year(s)",
      "Dosage": "240 mg/day",
      "Route": "oral"
    },
    {
      "Name": "phenylalanine",
      "Age": "5.55 Year(s)",
      "Dosage": "250 mg/day",
      "Route": "oral"
    },
    {
      "Name": "phenylalanine",
      "Age": "6.57 Year(s)",
      "Dosage": "240 mg/day",
      "Route": "oral"
    },
    {
      "Name": "phenylalanine",
      "Age": "7.49 Year(s)",
      "Dosage": "250 mg/day",
      "Route": "oral"
    },
    {
      "Name": "phenylalanine",
      "Age": "8.72 Year(s)",
      "Dosage": "250 mg/day",
      "Route": "oral"
    },
    {
      "Name": "phenylalanine",
      "Age": "9.31 Year(s)",
      "Dosage": "290 mg/day",
      "Route": "oral"
    },
    {
      "Name": "phenylalanine",
      "Age": "10.23 Year(s)",
      "Dosage": "290 mg/day",
      "Route": "oral"
    },
    {
      "Name": "phenylalanine",
      "Age": "11.46 Year(s)",
      "Dosage": "400 mg/day",
      "Route": "oral"
    },
    {
      "Name": "protein (total)",
      "Age": "5.17 Year(s)",
      "Dosage": "30 g/day",
      "Route": "oral"
    },
    {
      "Name": "protein (total)",
      "Age": "5.21 Year(s)",
      "Dosage": "28.5 g/day",
      "Route": "oral"
    },
    {
      "Name": "protein (total)",
      "Age": "6.22 Year(s)",
      "Dosage": "35 g/day",
      "Route": "oral"
    },
    {
      "Name": "protein (total)",
      "Age": "6.65 Year(s)",
      "Dosage": "38 g/day",
      "Route": "oral"
    },
    {
      "Name": "protein (total)",
      "Age": "7.49 Year(s)",
      "Dosage": "38 g/day",
      "Route": "oral"
    },
    {
      "Name": "protein (total)",
      "Age": "8.76 Year(s)",
      "Dosage": "49.3 g/day",
      "Route": "oral"
    }
  ],
  "Therapy/development": [
    {
      "Name": "head circumference",
      "Age": "3.28 Year(s)",
      "Quantity": "51  cm",
      "Type": "development"
    },
    {
      "Name": "head circumference",
      "Age": "4.25 Year(s)",
      "Quantity": "51.2  cm",
      "Type": "development"
    },
    {
      "Name": "head circumference",
      "Age": "7.49 Year(s)",
      "Quantity": "53.5  cm",
      "Type": "development"
    },
    {
      "Name": "head circumference at birth",
      "Age": "1 Day(s)",
      "Quantity": "28.5  cm",
      "Type": "perinatal"
    },
    {
      "Name": "length",
      "Age": "3.28 Year(s)",
      "Quantity": "100.6  cm",
      "Type": "development"
    },
    {
      "Name": "length",
      "Age": "4.25 Year(s)",
      "Quantity": "105.5  cm",
      "Type": "development"
    },
    {
      "Name": "length",
      "Age": "4.96 Year(s)",
      "Quantity": "111.5  cm",
      "Type": "development"
    },
    {
      "Name": "length",
      "Age": "5.21 Year(s)",
      "Quantity": "115  cm",
      "Type": "development"
    },
    {
      "Name": "length",
      "Age": "5.55 Year(s)",
      "Quantity": "115  cm",
      "Type": "development"
    },
    {
      "Name": "length",
      "Age": "6.57 Year(s)",
      "Quantity": "121.7  cm",
      "Type": "development"
    },
    {
      "Name": "length",
      "Age": "7.49 Year(s)",
      "Quantity": "128  cm",
      "Type": "development"
    },
    {
      "Name": "length",
      "Age": "7.85 Year(s)",
      "Quantity": "129  cm",
      "Type": "development"
    },
    {
      "Name": "length",
      "Age": "8.72 Year(s)",
      "Quantity": "137  cm",
      "Type": "development"
    },
    {
      "Name": "length",
      "Age": "9.31 Year(s)",
      "Quantity": "140.3  cm",
      "Type": "development"
    },
    {
      "Name": "length",
      "Age": "10.23 Year(s)",
      "Quantity": "140.3  cm",
      "Type": "development"
    },
    {
      "Name": "length",
      "Age": "10.97 Year(s)",
      "Quantity": "154.5  cm",
      "Type": "development"
    },
    {
      "Name": "length",
      "Age": "11.46 Year(s)",
      "Quantity": "157  cm",
      "Type": "development"
    },
    {
      "Name": "length",
      "Age": "11.74 Year(s)",
      "Quantity": "160  cm",
      "Type": "development"
    },
    {
      "Name": "length",
      "Age": "12.51 Year(s)",
      "Quantity": "164  cm",
      "Type": "development"
    },
    {
      "Name": "length",
      "Age": "13.74 Year(s)",
      "Quantity": "166.5  cm",
      "Type": "development"
    },
    {
      "Name": "length",
      "Age": "16.9 Year(s)",
      "Quantity": "171.5  cm",
      "Type": "development"
    },
    {
      "Name": "length at birth",
      "Age": "1 Day(s)",
      "Quantity": "46  cm",
      "Type": "perinatal"
    },
    {
      "Name": "phenylalanine-restricted diet",
      "Age": "4.43 Week(s)",
      "Quantity": "",
      "Type": ""
    },
    {
      "Name": "weight",
      "Age": "3.28 Year(s)",
      "Quantity": "15  kg",
      "Type": "development"
    },
    {
      "Name": "weight",
      "Age": "4.25 Year(s)",
      "Quantity": "16.5  kg",
      "Type": "development"
    },
    {
      "Name": "weight",
      "Age": "4.96 Year(s)",
      "Quantity": "18  kg",
      "Type": "development"
    },
    {
      "Name": "weight",
      "Age": "5.21 Year(s)",
      "Quantity": "17.8  kg",
      "Type": "development"
    },
    {
      "Name": "weight",
      "Age": "5.55 Year(s)",
      "Quantity": "19.5  kg",
      "Type": "development"
    },
    {
      "Name": "weight",
      "Age": "6.57 Year(s)",
      "Quantity": "22.2  kg",
      "Type": "development"
    },
    {
      "Name": "weight",
      "Age": "7.49 Year(s)",
      "Quantity": "27  kg",
      "Type": "development"
    },
    {
      "Name": "weight",
      "Age": "7.85 Year(s)",
      "Quantity": "27.7  kg",
      "Type": "development"
    },
    {
      "Name": "weight",
      "Age": "8.72 Year(s)",
      "Quantity": "35.5  kg",
      "Type": "development"
    },
    {
      "Name": "weight",
      "Age": "9.31 Year(s)",
      "Quantity": "36.9  kg",
      "Type": "development"
    },
    {
      "Name": "weight",
      "Age": "10.23 Year(s)",
      "Quantity": "36.9  kg",
      "Type": "development"
    },
    {
      "Name": "weight",
      "Age": "10.97 Year(s)",
      "Quantity": "51  kg",
      "Type": "development"
    },
    {
      "Name": "weight",
      "Age": "11.46 Year(s)",
      "Quantity": "54  kg",
      "Type": "development"
    },
    {
      "Name": "weight",
      "Age": "11.74 Year(s)",
      "Quantity": "54.5  kg",
      "Type": "development"
    },
    {
      "Name": "weight",
      "Age": "12.51 Year(s)",
      "Quantity": "62.3  kg",
      "Type": "development"
    },
    {
      "Name": "weight",
      "Age": "13.74 Year(s)",
      "Quantity": "68.3  kg",
      "Type": "development"
    },
    {
      "Name": "weight",
      "Age": "16.9 Year(s)",
      "Quantity": "76.5  kg",
      "Type": "development"
    },
    {
      "Name": "weight",
      "Age": "21.53 Year(s)",
      "Quantity": "84.5  kg",
      "Type": "development"
    },
    {
      "Name": "weight at birth",
      "Age": "1 Day(s)",
      "Quantity": "1.5  kg",
      "Type": "perinatal"
    }
  ]
}