{
  "MainData": {
    "Patient ID": "1023",
    "Diagnosis": "PHENYLKETONURIA (MIM 261600)",
    "Gender": "m",
    "Age of symptoms onset": "",
    "Age of diagnosis": "5 Day(s)",
    "Found in newborn screening": "y",
    "Diagnosis confirmed": "y",
    "Country": "Germany",
    "Ethnic origin": "Mother: German, Father: German",
    "History": "The patient was born preterm and hypotrophic (placental insufficiency) in the 36th week of pregnancy. He was found in the newborn screening program with elevated levels of phenylalanine. No response on BH4-loading test (University Childrens Hospital Heidelberg, Germany). Start of dietary treatment in the second week of life.\r\nShort stature, normal psychomotor development.",
    "Author": "Friedrich Trefz",
    "Hospital": "Childrens Hospital Reutlingen",
    "Coauthor(s)": "",
    "Date of entry": "2006-09-15"
  },
  "Molecular genetics": {
    "Gene name": "PAH gene",
    "Genotype": "p.W187R/ p.R408W",
    "Allele 1": {
      "Trivial name": "p.W187R",
      "Systematic name": "c.559T>C",
      "Amino acid change": "Trp>Arg",
      "Nucleotide change": "",
      "Exon/Intron Boundary/Promotor": "6"
    },
    "Allele 2": {
      "Trivial name": "p.R408W",
      "Systematic name": "c.1222C>T",
      "Amino acid change": "Arg>Trp",
      "Nucleotide change": "CGG>TGG",
      "Exon/Intron Boundary/Promotor": "12"
    }
  },
  "Lab findings": [
    {
      "Name": "Phenylalanine",
      "Age": "3.62 Month(s)",
      "Specimen": "blood",
      "Quantity": "210 micro-mol/l",
      "Quality": "Increased"
    },
    {
      "Name": "Phenylalanine",
      "Age": "4.08 Month(s)",
      "Specimen": "blood",
      "Quantity": "546 micro-mol/l",
      "Quality": "Increased"
    },
    {
      "Name": "Phenylalanine",
      "Age": "17.25 Month(s)",
      "Specimen": "blood",
      "Quantity": "420 micro-mol/l",
      "Quality": "Increased"
    },
    {
      "Name": "Phenylalanine",
      "Age": "17.38 Month(s)",
      "Specimen": "blood",
      "Quantity": "540 micro-mol/l",
      "Quality": "Increased"
    },
    {
      "Name": "Phenylalanine",
      "Age": "17.41 Month(s)",
      "Specimen": "blood",
      "Quantity": "360 micro-mol/l",
      "Quality": "Increased"
    },
    {
      "Name": "Phenylalanine",
      "Age": "17.45 Month(s)",
      "Specimen": "blood",
      "Quantity": "180 micro-mol/l",
      "Quality": "Increased"
    },
    {
      "Name": "Phenylalanine",
      "Age": "17.48 Month(s)",
      "Specimen": "blood",
      "Quantity": "120 micro-mol/l",
      "Quality": "Normal"
    },
    {
      "Name": "Phenylalanine",
      "Age": "22.9 Month(s)",
      "Specimen": "blood",
      "Quantity": "427 micro-mol/l",
      "Quality": "Increased"
    },
    {
      "Name": "Phenylalanine",
      "Age": "23.13 Month(s)",
      "Specimen": "blood",
      "Quantity": "356 micro-mol/l",
      "Quality": "Increased"
    },
    {
      "Name": "Phenylalanine",
      "Age": "23.36 Month(s)",
      "Specimen": "blood",
      "Quantity": "132 micro-mol/l",
      "Quality": "Increased"
    },
    {
      "Name": "Phenylalanine",
      "Age": "23.62 Month(s)",
      "Specimen": "blood",
      "Quantity": "420 micro-mol/l",
      "Quality": "Increased"
    },
    {
      "Name": "Phenylalanine",
      "Age": "23.82 Month(s)",
      "Specimen": "blood",
      "Quantity": "340 micro-mol/l",
      "Quality": "Increased"
    },
    {
      "Name": "Phenylalanine",
      "Age": "2 Year(s)",
      "Specimen": "blood",
      "Quantity": "50 micro-mol/l",
      "Quality": "Normal"
    },
    {
      "Name": "Phenylalanine",
      "Age": "2.02 Year(s)",
      "Specimen": "blood",
      "Quantity": "201 micro-mol/l",
      "Quality": "Increased"
    },
    {
      "Name": "Phenylalanine",
      "Age": "2.05 Year(s)",
      "Specimen": "blood",
      "Quantity": "141 micro-mol/l",
      "Quality": "Increased"
    },
    {
      "Name": "Phenylalanine",
      "Age": "2.08 Year(s)",
      "Specimen": "blood",
      "Quantity": "166 micro-mol/l",
      "Quality": "Increased"
    },
    {
      "Name": "Phenylalanine",
      "Age": "2.16 Year(s)",
      "Specimen": "blood",
      "Quantity": "268 micro-mol/l",
      "Quality": "Increased"
    },
    {
      "Name": "Phenylalanine",
      "Age": "2.18 Year(s)",
      "Specimen": "blood",
      "Quantity": "262 micro-mol/l",
      "Quality": "Increased"
    },
    {
      "Name": "Phenylalanine",
      "Age": "2.22 Year(s)",
      "Specimen": "blood",
      "Quantity": "646 micro-mol/l",
      "Quality": "Increased"
    },
    {
      "Name": "Phenylalanine",
      "Age": "2.23 Year(s)",
      "Specimen": "blood",
      "Quantity": "306 micro-mol/l",
      "Quality": "Increased"
    },
    {
      "Name": "Phenylalanine",
      "Age": "2.25 Year(s)",
      "Specimen": "blood",
      "Quantity": "259 micro-mol/l",
      "Quality": "Increased"
    },
    {
      "Name": "Phenylalanine",
      "Age": "2.27 Year(s)",
      "Specimen": "blood",
      "Quantity": "294 micro-mol/l",
      "Quality": "Increased"
    },
    {
      "Name": "Phenylalanine",
      "Age": "2.3 Year(s)",
      "Specimen": "blood",
      "Quantity": "463 micro-mol/l",
      "Quality": "Increased"
    },
    {
      "Name": "Phenylalanine",
      "Age": "2.33 Year(s)",
      "Specimen": "blood",
      "Quantity": "393 micro-mol/l",
      "Quality": "Increased"
    },
    {
      "Name": "Phenylalanine",
      "Age": "2.35 Year(s)",
      "Specimen": "blood",
      "Quantity": "357 micro-mol/l",
      "Quality": "Increased"
    },
    {
      "Name": "Phenylalanine",
      "Age": "2.39 Year(s)",
      "Specimen": "blood",
      "Quantity": "250 micro-mol/l",
      "Quality": "Increased"
    },
    {
      "Name": "Phenylalanine",
      "Age": "2.43 Year(s)",
      "Specimen": "blood",
      "Quantity": "167 micro-mol/l",
      "Quality": "Increased"
    },
    {
      "Name": "Phenylalanine",
      "Age": "2.46 Year(s)",
      "Specimen": "blood",
      "Quantity": "310 micro-mol/l",
      "Quality": "Increased"
    },
    {
      "Name": "Phenylalanine",
      "Age": "2.49 Year(s)",
      "Specimen": "blood",
      "Quantity": "311 micro-mol/l",
      "Quality": "Increased"
    },
    {
      "Name": "Phenylalanine",
      "Age": "2.52 Year(s)",
      "Specimen": "blood",
      "Quantity": "353 micro-mol/l",
      "Quality": "Increased"
    },
    {
      "Name": "Phenylalanine",
      "Age": "2.56 Year(s)",
      "Specimen": "blood",
      "Quantity": "682 micro-mol/l",
      "Quality": "Increased"
    },
    {
      "Name": "Phenylalanine",
      "Age": "2.6 Year(s)",
      "Specimen": "blood",
      "Quantity": "232 micro-mol/l",
      "Quality": "Increased"
    },
    {
      "Name": "Phenylalanine",
      "Age": "2.64 Year(s)",
      "Specimen": "blood",
      "Quantity": "174 micro-mol/l",
      "Quality": "Increased"
    },
    {
      "Name": "Phenylalanine",
      "Age": "2.66 Year(s)",
      "Specimen": "blood",
      "Quantity": "129 micro-mol/l",
      "Quality": "Increased"
    },
    {
      "Name": "Phenylalanine",
      "Age": "2.69 Year(s)",
      "Specimen": "blood",
      "Quantity": "104 micro-mol/l",
      "Quality": "Normal"
    },
    {
      "Name": "Phenylalanine",
      "Age": "2.73 Year(s)",
      "Specimen": "blood",
      "Quantity": "107 micro-mol/l",
      "Quality": "Normal"
    },
    {
      "Name": "Phenylalanine",
      "Age": "2.77 Year(s)",
      "Specimen": "blood",
      "Quantity": "142 micro-mol/l",
      "Quality": "Increased"
    },
    {
      "Name": "Phenylalanine",
      "Age": "2.81 Year(s)",
      "Specimen": "blood",
      "Quantity": "364 micro-mol/l",
      "Quality": "Increased"
    },
    {
      "Name": "Phenylalanine",
      "Age": "2.85 Year(s)",
      "Specimen": "blood",
      "Quantity": "77 micro-mol/l",
      "Quality": "Normal"
    },
    {
      "Name": "Phenylalanine",
      "Age": "2.89 Year(s)",
      "Specimen": "blood",
      "Quantity": "118 micro-mol/l",
      "Quality": "Normal"
    },
    {
      "Name": "Phenylalanine",
      "Age": "2.92 Year(s)",
      "Specimen": "blood",
      "Quantity": "159 micro-mol/l",
      "Quality": "Increased"
    },
    {
      "Name": "Phenylalanine",
      "Age": "2.96 Year(s)",
      "Specimen": "blood",
      "Quantity": "251 micro-mol/l",
      "Quality": "Increased"
    },
    {
      "Name": "Phenylalanine",
      "Age": "3 Year(s)",
      "Specimen": "blood",
      "Quantity": "391 micro-mol/l",
      "Quality": "Increased"
    },
    {
      "Name": "Phenylalanine",
      "Age": "3.04 Year(s)",
      "Specimen": "blood",
      "Quantity": "387 micro-mol/l",
      "Quality": "Increased"
    },
    {
      "Name": "Phenylalanine",
      "Age": "3.08 Year(s)",
      "Specimen": "blood",
      "Quantity": "196 micro-mol/l",
      "Quality": "Increased"
    },
    {
      "Name": "Phenylalanine",
      "Age": "3.12 Year(s)",
      "Specimen": "blood",
      "Quantity": "209 micro-mol/l",
      "Quality": "Increased"
    },
    {
      "Name": "Phenylalanine",
      "Age": "3.21 Year(s)",
      "Specimen": "blood",
      "Quantity": "389 micro-mol/l",
      "Quality": "Increased"
    },
    {
      "Name": "Phenylalanine",
      "Age": "3.24 Year(s)",
      "Specimen": "blood",
      "Quantity": "145 micro-mol/l",
      "Quality": "Increased"
    },
    {
      "Name": "Phenylalanine",
      "Age": "3.29 Year(s)",
      "Specimen": "blood",
      "Quantity": "130 micro-mol/l",
      "Quality": "Increased"
    },
    {
      "Name": "Phenylalanine",
      "Age": "3.32 Year(s)",
      "Specimen": "blood",
      "Quantity": "915 micro-mol/l",
      "Quality": "Increased"
    },
    {
      "Name": "Phenylalanine",
      "Age": "3.34 Year(s)",
      "Specimen": "blood",
      "Quantity": "157 micro-mol/l",
      "Quality": "Increased"
    },
    {
      "Name": "Phenylalanine",
      "Age": "3.4 Year(s)",
      "Specimen": "blood",
      "Quantity": "81 micro-mol/l",
      "Quality": "Normal"
    },
    {
      "Name": "Phenylalanine",
      "Age": "3.44 Year(s)",
      "Specimen": "blood",
      "Quantity": "16 micro-mol/l",
      "Quality": "Decreased"
    },
    {
      "Name": "Phenylalanine",
      "Age": "3.48 Year(s)",
      "Specimen": "blood",
      "Quantity": "799 micro-mol/l",
      "Quality": "Increased"
    },
    {
      "Name": "Phenylalanine",
      "Age": "3.52 Year(s)",
      "Specimen": "blood",
      "Quantity": "147 micro-mol/l",
      "Quality": "Increased"
    },
    {
      "Name": "Phenylalanine",
      "Age": "3.58 Year(s)",
      "Specimen": "blood",
      "Quantity": "232 micro-mol/l",
      "Quality": "Increased"
    },
    {
      "Name": "Phenylalanine",
      "Age": "3.63 Year(s)",
      "Specimen": "blood",
      "Quantity": "593 micro-mol/l",
      "Quality": "Increased"
    },
    {
      "Name": "Phenylalanine",
      "Age": "3.69 Year(s)",
      "Specimen": "blood",
      "Quantity": "402 micro-mol/l",
      "Quality": "Increased"
    },
    {
      "Name": "Phenylalanine",
      "Age": "3.75 Year(s)",
      "Specimen": "blood",
      "Quantity": "398 micro-mol/l",
      "Quality": "Increased"
    },
    {
      "Name": "Phenylalanine",
      "Age": "3.79 Year(s)",
      "Specimen": "blood",
      "Quantity": "422 micro-mol/l",
      "Quality": "Increased"
    },
    {
      "Name": "Phenylalanine",
      "Age": "3.84 Year(s)",
      "Specimen": "blood",
      "Quantity": "803 micro-mol/l",
      "Quality": "Increased"
    },
    {
      "Name": "Phenylalanine",
      "Age": "3.9 Year(s)",
      "Specimen": "blood",
      "Quantity": "278 micro-mol/l",
      "Quality": "Increased"
    },
    {
      "Name": "Phenylalanine",
      "Age": "4.02 Year(s)",
      "Specimen": "blood",
      "Quantity": "237 micro-mol/l",
      "Quality": "Increased"
    },
    {
      "Name": "Phenylalanine",
      "Age": "4.11 Year(s)",
      "Specimen": "blood",
      "Quantity": "818 micro-mol/l",
      "Quality": "Increased"
    },
    {
      "Name": "Phenylalanine",
      "Age": "4.15 Year(s)",
      "Specimen": "blood",
      "Quantity": "185 micro-mol/l",
      "Quality": "Increased"
    },
    {
      "Name": "Phenylalanine",
      "Age": "4.23 Year(s)",
      "Specimen": "blood",
      "Quantity": "437 micro-mol/l",
      "Quality": "Increased"
    },
    {
      "Name": "Phenylalanine",
      "Age": "4.28 Year(s)",
      "Specimen": "blood",
      "Quantity": "180 micro-mol/l",
      "Quality": "Increased"
    },
    {
      "Name": "Phenylalanine",
      "Age": "4.4 Year(s)",
      "Specimen": "blood",
      "Quantity": "266 micro-mol/l",
      "Quality": "Increased"
    },
    {
      "Name": "Phenylalanine",
      "Age": "4.51 Year(s)",
      "Specimen": "blood",
      "Quantity": "472 micro-mol/l",
      "Quality": "Increased"
    },
    {
      "Name": "Phenylalanine",
      "Age": "4.56 Year(s)",
      "Specimen": "blood",
      "Quantity": "369 micro-mol/l",
      "Quality": "Increased"
    },
    {
      "Name": "Phenylalanine",
      "Age": "4.61 Year(s)",
      "Specimen": "blood",
      "Quantity": "213 micro-mol/l",
      "Quality": "Increased"
    },
    {
      "Name": "Phenylalanine",
      "Age": "4.67 Year(s)",
      "Specimen": "blood",
      "Quantity": "323 micro-mol/l",
      "Quality": "Increased"
    },
    {
      "Name": "Phenylalanine",
      "Age": "4.72 Year(s)",
      "Specimen": "blood",
      "Quantity": "540 micro-mol/l",
      "Quality": "Increased"
    },
    {
      "Name": "Phenylalanine",
      "Age": "4.78 Year(s)",
      "Specimen": "blood",
      "Quantity": "158 micro-mol/l",
      "Quality": "Increased"
    },
    {
      "Name": "Phenylalanine",
      "Age": "4.8 Year(s)",
      "Specimen": "blood",
      "Quantity": "146 micro-mol/l",
      "Quality": "Increased"
    },
    {
      "Name": "Phenylalanine",
      "Age": "4.84 Year(s)",
      "Specimen": "blood",
      "Quantity": "193 micro-mol/l",
      "Quality": "Increased"
    },
    {
      "Name": "Phenylalanine",
      "Age": "4.97 Year(s)",
      "Specimen": "blood",
      "Quantity": "224 micro-mol/l",
      "Quality": "Increased"
    },
    {
      "Name": "Phenylalanine",
      "Age": "5.03 Year(s)",
      "Specimen": "blood",
      "Quantity": "153 micro-mol/l",
      "Quality": "Increased"
    },
    {
      "Name": "Phenylalanine",
      "Age": "5.07 Year(s)",
      "Specimen": "blood",
      "Quantity": "125 micro-mol/l",
      "Quality": "Increased"
    },
    {
      "Name": "Phenylalanine",
      "Age": "5.11 Year(s)",
      "Specimen": "blood",
      "Quantity": "189 micro-mol/l",
      "Quality": "Increased"
    },
    {
      "Name": "Phenylalanine",
      "Age": "5.14 Year(s)",
      "Specimen": "blood",
      "Quantity": "142 micro-mol/l",
      "Quality": "Increased"
    },
    {
      "Name": "Phenylalanine",
      "Age": "5.23 Year(s)",
      "Specimen": "blood",
      "Quantity": "15 micro-mol/l",
      "Quality": "Decreased"
    },
    {
      "Name": "Phenylalanine",
      "Age": "5.28 Year(s)",
      "Specimen": "blood",
      "Quantity": "158 micro-mol/l",
      "Quality": "Increased"
    },
    {
      "Name": "Phenylalanine",
      "Age": "5.32 Year(s)",
      "Specimen": "blood",
      "Quantity": "290 micro-mol/l",
      "Quality": "Increased"
    },
    {
      "Name": "Phenylalanine",
      "Age": "5.34 Year(s)",
      "Specimen": "blood",
      "Quantity": "537 micro-mol/l",
      "Quality": "Increased"
    },
    {
      "Name": "Phenylalanine",
      "Age": "5.39 Year(s)",
      "Specimen": "blood",
      "Quantity": "880 micro-mol/l",
      "Quality": "Increased"
    },
    {
      "Name": "Phenylalanine",
      "Age": "5.43 Year(s)",
      "Specimen": "blood",
      "Quantity": "107 micro-mol/l",
      "Quality": "Normal"
    },
    {
      "Name": "Phenylalanine",
      "Age": "5.48 Year(s)",
      "Specimen": "blood",
      "Quantity": "222 micro-mol/l",
      "Quality": "Abnormal"
    },
    {
      "Name": "Phenylalanine",
      "Age": "5.55 Year(s)",
      "Specimen": "blood",
      "Quantity": "177 micro-mol/l",
      "Quality": "Increased"
    },
    {
      "Name": "Phenylalanine",
      "Age": "5.62 Year(s)",
      "Specimen": "blood",
      "Quantity": "796 micro-mol/l",
      "Quality": "Increased"
    },
    {
      "Name": "Phenylalanine",
      "Age": "5.68 Year(s)",
      "Specimen": "blood",
      "Quantity": "243 micro-mol/l",
      "Quality": "Increased"
    },
    {
      "Name": "Phenylalanine",
      "Age": "5.74 Year(s)",
      "Specimen": "blood",
      "Quantity": "351 micro-mol/l",
      "Quality": "Increased"
    },
    {
      "Name": "Phenylalanine",
      "Age": "5.82 Year(s)",
      "Specimen": "blood",
      "Quantity": "464 micro-mol/l",
      "Quality": "Increased"
    },
    {
      "Name": "Phenylalanine",
      "Age": "5.85 Year(s)",
      "Specimen": "blood",
      "Quantity": "381 micro-mol/l",
      "Quality": "Increased"
    },
    {
      "Name": "Phenylalanine",
      "Age": "5.91 Year(s)",
      "Specimen": "blood",
      "Quantity": "209 micro-mol/l",
      "Quality": "Increased"
    },
    {
      "Name": "Phenylalanine",
      "Age": "5.99 Year(s)",
      "Specimen": "blood",
      "Quantity": "302 micro-mol/l",
      "Quality": "Increased"
    },
    {
      "Name": "Phenylalanine",
      "Age": "6.16 Year(s)",
      "Specimen": "blood",
      "Quantity": "180 micro-mol/l",
      "Quality": "Increased"
    },
    {
      "Name": "Phenylalanine",
      "Age": "6.26 Year(s)",
      "Specimen": "blood",
      "Quantity": "214 micro-mol/l",
      "Quality": "Increased"
    },
    {
      "Name": "Phenylalanine",
      "Age": "6.33 Year(s)",
      "Specimen": "blood",
      "Quantity": "193 micro-mol/l",
      "Quality": "Increased"
    },
    {
      "Name": "Phenylalanine",
      "Age": "6.43 Year(s)",
      "Specimen": "blood",
      "Quantity": "165 micro-mol/l",
      "Quality": "Increased"
    },
    {
      "Name": "Phenylalanine",
      "Age": "6.53 Year(s)",
      "Specimen": "blood",
      "Quantity": "71 micro-mol/l",
      "Quality": "Normal"
    },
    {
      "Name": "Phenylalanine",
      "Age": "6.6 Year(s)",
      "Specimen": "blood",
      "Quantity": "176 micro-mol/l",
      "Quality": "Increased"
    },
    {
      "Name": "Phenylalanine",
      "Age": "6.68 Year(s)",
      "Specimen": "blood",
      "Quantity": "117 micro-mol/l",
      "Quality": "Normal"
    },
    {
      "Name": "Phenylalanine",
      "Age": "6.76 Year(s)",
      "Specimen": "blood",
      "Quantity": "31 micro-mol/l",
      "Quality": "Normal"
    },
    {
      "Name": "Phenylalanine",
      "Age": "6.84 Year(s)",
      "Specimen": "blood",
      "Quantity": "506 micro-mol/l",
      "Quality": "Increased"
    },
    {
      "Name": "Phenylalanine",
      "Age": "6.91 Year(s)",
      "Specimen": "blood",
      "Quantity": "74 micro-mol/l",
      "Quality": "Normal"
    },
    {
      "Name": "Phenylalanine",
      "Age": "6.98 Year(s)",
      "Specimen": "blood",
      "Quantity": "58 micro-mol/l",
      "Quality": "Normal"
    },
    {
      "Name": "Phenylalanine",
      "Age": "7 Year(s)",
      "Specimen": "blood",
      "Quantity": "316 micro-mol/l",
      "Quality": "Increased"
    },
    {
      "Name": "Phenylalanine",
      "Age": "7.08 Year(s)",
      "Specimen": "blood",
      "Quantity": "514 micro-mol/l",
      "Quality": "Increased"
    },
    {
      "Name": "Phenylalanine",
      "Age": "7.14 Year(s)",
      "Specimen": "blood",
      "Quantity": "527 micro-mol/l",
      "Quality": "Increased"
    },
    {
      "Name": "Phenylalanine",
      "Age": "7.21 Year(s)",
      "Specimen": "blood",
      "Quantity": "716 micro-mol/l",
      "Quality": "Increased"
    },
    {
      "Name": "Phenylalanine",
      "Age": "7.29 Year(s)",
      "Specimen": "blood",
      "Quantity": "546 micro-mol/l",
      "Quality": "Increased"
    },
    {
      "Name": "Phenylalanine",
      "Age": "7.39 Year(s)",
      "Specimen": "blood",
      "Quantity": "172 micro-mol/l",
      "Quality": "Increased"
    },
    {
      "Name": "Phenylalanine",
      "Age": "7.47 Year(s)",
      "Specimen": "blood",
      "Quantity": "547 micro-mol/l",
      "Quality": "Increased"
    },
    {
      "Name": "Phenylalanine",
      "Age": "7.54 Year(s)",
      "Specimen": "blood",
      "Quantity": "63 micro-mol/l",
      "Quality": "Normal"
    },
    {
      "Name": "Phenylalanine",
      "Age": "7.6 Year(s)",
      "Specimen": "blood",
      "Quantity": "139 micro-mol/l",
      "Quality": "Increased"
    },
    {
      "Name": "Phenylalanine",
      "Age": "7.66 Year(s)",
      "Specimen": "blood",
      "Quantity": "448 micro-mol/l",
      "Quality": "Increased"
    },
    {
      "Name": "Phenylalanine",
      "Age": "7.75 Year(s)",
      "Specimen": "blood",
      "Quantity": "279 micro-mol/l",
      "Quality": "Increased"
    },
    {
      "Name": "Phenylalanine",
      "Age": "7.85 Year(s)",
      "Specimen": "blood",
      "Quantity": "428 micro-mol/l",
      "Quality": "Increased"
    },
    {
      "Name": "Phenylalanine",
      "Age": "7.91 Year(s)",
      "Specimen": "blood",
      "Quantity": "257 micro-mol/l",
      "Quality": "Increased"
    },
    {
      "Name": "Phenylalanine",
      "Age": "7.96 Year(s)",
      "Specimen": "blood",
      "Quantity": "243 micro-mol/l",
      "Quality": "Increased"
    },
    {
      "Name": "Phenylalanine",
      "Age": "8.04 Year(s)",
      "Specimen": "blood",
      "Quantity": "186 micro-mol/l",
      "Quality": "Increased"
    },
    {
      "Name": "Phenylalanine",
      "Age": "8.1 Year(s)",
      "Specimen": "blood",
      "Quantity": "314 micro-mol/l",
      "Quality": "Increased"
    },
    {
      "Name": "Phenylalanine",
      "Age": "8.18 Year(s)",
      "Specimen": "blood",
      "Quantity": "260 micro-mol/l",
      "Quality": "Increased"
    },
    {
      "Name": "Phenylalanine",
      "Age": "8.23 Year(s)",
      "Specimen": "blood",
      "Quantity": "361 micro-mol/l",
      "Quality": "Increased"
    },
    {
      "Name": "Phenylalanine",
      "Age": "8.26 Year(s)",
      "Specimen": "blood",
      "Quantity": "245 micro-mol/l",
      "Quality": "Increased"
    },
    {
      "Name": "Phenylalanine",
      "Age": "8.31 Year(s)",
      "Specimen": "blood",
      "Quantity": "63 micro-mol/l",
      "Quality": "Normal"
    },
    {
      "Name": "Phenylalanine",
      "Age": "8.39 Year(s)",
      "Specimen": "blood",
      "Quantity": "362 micro-mol/l",
      "Quality": "Increased"
    },
    {
      "Name": "Phenylalanine",
      "Age": "8.48 Year(s)",
      "Specimen": "blood",
      "Quantity": "507 micro-mol/l",
      "Quality": "Increased"
    },
    {
      "Name": "Thyroid-stimulating hormone (TSH)",
      "Age": "22.28 Month(s)",
      "Specimen": "serum/plasma",
      "Quantity": "1.6 mU/l",
      "Quality": "Normal"
    },
    {
      "Name": "Thyroxine, free (FT4)",
      "Age": "22.28 Month(s)",
      "Specimen": "serum/plasma",
      "Quantity": "18 pmol/l",
      "Quality": "Normal"
    },
    {
      "Name": "Tyrosine",
      "Age": "1 Day(s)",
      "Specimen": "blood",
      "Quantity": "73 micro-mol/l",
      "Quality": "Normal"
    },
    {
      "Name": "Tyrosine",
      "Age": "22.9 Month(s)",
      "Specimen": "blood",
      "Quantity": "73 micro-mol/l",
      "Quality": "Normal"
    },
    {
      "Name": "Tyrosine",
      "Age": "23.13 Month(s)",
      "Specimen": "blood",
      "Quantity": "63 micro-mol/l",
      "Quality": "Normal"
    },
    {
      "Name": "Tyrosine",
      "Age": "23.36 Month(s)",
      "Specimen": "blood",
      "Quantity": "92 micro-mol/l",
      "Quality": "Normal"
    },
    {
      "Name": "Tyrosine",
      "Age": "23.62 Month(s)",
      "Specimen": "blood",
      "Quantity": "67 micro-mol/l",
      "Quality": "Normal"
    },
    {
      "Name": "Tyrosine",
      "Age": "23.82 Month(s)",
      "Specimen": "blood",
      "Quantity": "129 micro-mol/l",
      "Quality": "Normal"
    },
    {
      "Name": "Tyrosine",
      "Age": "2 Year(s)",
      "Specimen": "blood",
      "Quantity": "105 micro-mol/l",
      "Quality": "Normal"
    },
    {
      "Name": "Tyrosine",
      "Age": "2.02 Year(s)",
      "Specimen": "blood",
      "Quantity": "114 micro-mol/l",
      "Quality": "Normal"
    },
    {
      "Name": "Tyrosine",
      "Age": "2.05 Year(s)",
      "Specimen": "blood",
      "Quantity": "137 micro-mol/l",
      "Quality": "Normal"
    },
    {
      "Name": "Tyrosine",
      "Age": "2.08 Year(s)",
      "Specimen": "blood",
      "Quantity": "128 micro-mol/l",
      "Quality": "Normal"
    },
    {
      "Name": "Tyrosine",
      "Age": "2.16 Year(s)",
      "Specimen": "blood",
      "Quantity": "44 micro-mol/l",
      "Quality": "Normal"
    },
    {
      "Name": "Tyrosine",
      "Age": "2.18 Year(s)",
      "Specimen": "blood",
      "Quantity": "52 micro-mol/l",
      "Quality": "Normal"
    },
    {
      "Name": "Tyrosine",
      "Age": "2.22 Year(s)",
      "Specimen": "blood",
      "Quantity": "95 micro-mol/l",
      "Quality": "Normal"
    },
    {
      "Name": "Tyrosine",
      "Age": "2.23 Year(s)",
      "Specimen": "blood",
      "Quantity": "44 micro-mol/l",
      "Quality": "Normal"
    },
    {
      "Name": "Tyrosine",
      "Age": "2.25 Year(s)",
      "Specimen": "blood",
      "Quantity": "56 micro-mol/l",
      "Quality": "Normal"
    },
    {
      "Name": "Tyrosine",
      "Age": "2.27 Year(s)",
      "Specimen": "blood",
      "Quantity": "39 micro-mol/l",
      "Quality": "Normal"
    },
    {
      "Name": "Tyrosine",
      "Age": "2.3 Year(s)",
      "Specimen": "blood",
      "Quantity": "112 micro-mol/l",
      "Quality": "Normal"
    },
    {
      "Name": "Tyrosine",
      "Age": "2.33 Year(s)",
      "Specimen": "blood",
      "Quantity": "99 micro-mol/l",
      "Quality": "Normal"
    },
    {
      "Name": "Tyrosine",
      "Age": "2.35 Year(s)",
      "Specimen": "blood",
      "Quantity": "39 micro-mol/l",
      "Quality": "Normal"
    },
    {
      "Name": "Tyrosine",
      "Age": "2.39 Year(s)",
      "Specimen": "blood",
      "Quantity": "77 micro-mol/l",
      "Quality": "Normal"
    },
    {
      "Name": "Tyrosine",
      "Age": "2.43 Year(s)",
      "Specimen": "blood",
      "Quantity": "70 micro-mol/l",
      "Quality": "Normal"
    },
    {
      "Name": "Tyrosine",
      "Age": "2.46 Year(s)",
      "Specimen": "blood",
      "Quantity": "154 micro-mol/l",
      "Quality": "Increased"
    },
    {
      "Name": "Tyrosine",
      "Age": "2.49 Year(s)",
      "Specimen": "blood",
      "Quantity": "58 micro-mol/l",
      "Quality": "Normal"
    },
    {
      "Name": "Tyrosine",
      "Age": "2.52 Year(s)",
      "Specimen": "blood",
      "Quantity": "47 micro-mol/l",
      "Quality": "Normal"
    },
    {
      "Name": "Tyrosine",
      "Age": "2.56 Year(s)",
      "Specimen": "blood",
      "Quantity": "54 micro-mol/l",
      "Quality": "Normal"
    },
    {
      "Name": "Tyrosine",
      "Age": "2.6 Year(s)",
      "Specimen": "blood",
      "Quantity": "69 micro-mol/l",
      "Quality": "Normal"
    },
    {
      "Name": "Tyrosine",
      "Age": "2.64 Year(s)",
      "Specimen": "blood",
      "Quantity": "39 micro-mol/l",
      "Quality": "Normal"
    },
    {
      "Name": "Tyrosine",
      "Age": "2.66 Year(s)",
      "Specimen": "blood",
      "Quantity": "77 micro-mol/l",
      "Quality": "Normal"
    },
    {
      "Name": "Tyrosine",
      "Age": "2.69 Year(s)",
      "Specimen": "blood",
      "Quantity": "42 micro-mol/l",
      "Quality": "Normal"
    },
    {
      "Name": "Tyrosine",
      "Age": "2.73 Year(s)",
      "Specimen": "blood",
      "Quantity": "52 micro-mol/l",
      "Quality": "Normal"
    },
    {
      "Name": "Tyrosine",
      "Age": "2.77 Year(s)",
      "Specimen": "blood",
      "Quantity": "56 micro-mol/l",
      "Quality": "Normal"
    },
    {
      "Name": "Tyrosine",
      "Age": "2.81 Year(s)",
      "Specimen": "blood",
      "Quantity": "104 micro-mol/l",
      "Quality": "Normal"
    },
    {
      "Name": "Tyrosine",
      "Age": "2.85 Year(s)",
      "Specimen": "blood",
      "Quantity": "45 micro-mol/l",
      "Quality": "Normal"
    },
    {
      "Name": "Tyrosine",
      "Age": "2.89 Year(s)",
      "Specimen": "blood",
      "Quantity": "87 micro-mol/l",
      "Quality": "Normal"
    },
    {
      "Name": "Tyrosine",
      "Age": "2.92 Year(s)",
      "Specimen": "blood",
      "Quantity": "52 micro-mol/l",
      "Quality": "Normal"
    },
    {
      "Name": "Tyrosine",
      "Age": "2.96 Year(s)",
      "Specimen": "blood",
      "Quantity": "139 micro-mol/l",
      "Quality": "Normal"
    },
    {
      "Name": "Tyrosine",
      "Age": "3 Year(s)",
      "Specimen": "blood",
      "Quantity": "61 micro-mol/l",
      "Quality": "Normal"
    },
    {
      "Name": "Tyrosine",
      "Age": "3.04 Year(s)",
      "Specimen": "blood",
      "Quantity": "143 micro-mol/l",
      "Quality": "Normal"
    },
    {
      "Name": "Tyrosine",
      "Age": "3.08 Year(s)",
      "Specimen": "blood",
      "Quantity": "46 micro-mol/l",
      "Quality": "Normal"
    },
    {
      "Name": "Tyrosine",
      "Age": "3.12 Year(s)",
      "Specimen": "blood",
      "Quantity": "62 micro-mol/l",
      "Quality": "Normal"
    },
    {
      "Name": "Tyrosine",
      "Age": "3.21 Year(s)",
      "Specimen": "blood",
      "Quantity": "69 micro-mol/l",
      "Quality": "Normal"
    },
    {
      "Name": "Tyrosine",
      "Age": "3.24 Year(s)",
      "Specimen": "blood",
      "Quantity": "31 micro-mol/l",
      "Quality": "Normal"
    },
    {
      "Name": "Tyrosine",
      "Age": "3.29 Year(s)",
      "Specimen": "blood",
      "Quantity": "66 micro-mol/l",
      "Quality": "Normal"
    },
    {
      "Name": "Tyrosine",
      "Age": "3.32 Year(s)",
      "Specimen": "blood",
      "Quantity": "57 micro-mol/l",
      "Quality": "Normal"
    },
    {
      "Name": "Tyrosine",
      "Age": "3.34 Year(s)",
      "Specimen": "blood",
      "Quantity": "227 micro-mol/l",
      "Quality": "Increased"
    },
    {
      "Name": "Tyrosine",
      "Age": "3.4 Year(s)",
      "Specimen": "blood",
      "Quantity": "79 micro-mol/l",
      "Quality": "Normal"
    },
    {
      "Name": "Tyrosine",
      "Age": "3.44 Year(s)",
      "Specimen": "blood",
      "Quantity": "208 micro-mol/l",
      "Quality": "Increased"
    },
    {
      "Name": "Tyrosine",
      "Age": "3.48 Year(s)",
      "Specimen": "blood",
      "Quantity": "100 micro-mol/l",
      "Quality": "Normal"
    },
    {
      "Name": "Tyrosine",
      "Age": "3.52 Year(s)",
      "Specimen": "blood",
      "Quantity": "95 micro-mol/l",
      "Quality": "Normal"
    },
    {
      "Name": "Tyrosine",
      "Age": "3.58 Year(s)",
      "Specimen": "blood",
      "Quantity": "79 micro-mol/l",
      "Quality": "Normal"
    },
    {
      "Name": "Tyrosine",
      "Age": "3.63 Year(s)",
      "Specimen": "blood",
      "Quantity": "58 micro-mol/l",
      "Quality": "Normal"
    },
    {
      "Name": "Tyrosine",
      "Age": "3.69 Year(s)",
      "Specimen": "blood",
      "Quantity": "62 micro-mol/l",
      "Quality": "Normal"
    },
    {
      "Name": "Tyrosine",
      "Age": "3.75 Year(s)",
      "Specimen": "blood",
      "Quantity": "63 micro-mol/l",
      "Quality": "Normal"
    },
    {
      "Name": "Tyrosine",
      "Age": "3.79 Year(s)",
      "Specimen": "blood",
      "Quantity": "141 micro-mol/l",
      "Quality": "Normal"
    },
    {
      "Name": "Tyrosine",
      "Age": "3.84 Year(s)",
      "Specimen": "blood",
      "Quantity": "65 micro-mol/l",
      "Quality": "Normal"
    },
    {
      "Name": "Tyrosine",
      "Age": "3.9 Year(s)",
      "Specimen": "blood",
      "Quantity": "101 micro-mol/l",
      "Quality": "Normal"
    },
    {
      "Name": "Tyrosine",
      "Age": "4.02 Year(s)",
      "Specimen": "blood",
      "Quantity": "123 micro-mol/l",
      "Quality": "Normal"
    },
    {
      "Name": "Tyrosine",
      "Age": "4.11 Year(s)",
      "Specimen": "blood",
      "Quantity": "245 micro-mol/l",
      "Quality": "Increased"
    },
    {
      "Name": "Tyrosine",
      "Age": "4.15 Year(s)",
      "Specimen": "blood",
      "Quantity": "43 micro-mol/l",
      "Quality": "Normal"
    },
    {
      "Name": "Tyrosine",
      "Age": "4.23 Year(s)",
      "Specimen": "blood",
      "Quantity": "87 micro-mol/l",
      "Quality": "Normal"
    },
    {
      "Name": "Tyrosine",
      "Age": "4.28 Year(s)",
      "Specimen": "blood",
      "Quantity": "94 micro-mol/l",
      "Quality": "Normal"
    },
    {
      "Name": "Tyrosine",
      "Age": "4.4 Year(s)",
      "Specimen": "blood",
      "Quantity": "82 micro-mol/l",
      "Quality": "Normal"
    },
    {
      "Name": "Tyrosine",
      "Age": "4.51 Year(s)",
      "Specimen": "blood",
      "Quantity": "41 micro-mol/l",
      "Quality": "Normal"
    },
    {
      "Name": "Tyrosine",
      "Age": "4.56 Year(s)",
      "Specimen": "blood",
      "Quantity": "107 micro-mol/l",
      "Quality": "Normal"
    },
    {
      "Name": "Tyrosine",
      "Age": "4.61 Year(s)",
      "Specimen": "blood",
      "Quantity": "113 micro-mol/l",
      "Quality": "Normal"
    },
    {
      "Name": "Tyrosine",
      "Age": "4.67 Year(s)",
      "Specimen": "blood",
      "Quantity": "107 micro-mol/l",
      "Quality": "Normal"
    },
    {
      "Name": "Tyrosine",
      "Age": "4.72 Year(s)",
      "Specimen": "blood",
      "Quantity": "124 micro-mol/l",
      "Quality": "Normal"
    },
    {
      "Name": "Tyrosine",
      "Age": "4.78 Year(s)",
      "Specimen": "blood",
      "Quantity": "129 micro-mol/l",
      "Quality": "Normal"
    },
    {
      "Name": "Tyrosine",
      "Age": "4.8 Year(s)",
      "Specimen": "blood",
      "Quantity": "99 micro-mol/l",
      "Quality": "Normal"
    },
    {
      "Name": "Tyrosine",
      "Age": "4.84 Year(s)",
      "Specimen": "blood",
      "Quantity": "66 micro-mol/l",
      "Quality": "Normal"
    },
    {
      "Name": "Tyrosine",
      "Age": "4.97 Year(s)",
      "Specimen": "blood",
      "Quantity": "49 micro-mol/l",
      "Quality": "Increased"
    },
    {
      "Name": "Tyrosine",
      "Age": "5.03 Year(s)",
      "Specimen": "blood",
      "Quantity": "76 micro-mol/l",
      "Quality": "Normal"
    },
    {
      "Name": "Tyrosine",
      "Age": "5.07 Year(s)",
      "Specimen": "blood",
      "Quantity": "111 micro-mol/l",
      "Quality": "Normal"
    },
    {
      "Name": "Tyrosine",
      "Age": "5.11 Year(s)",
      "Specimen": "blood",
      "Quantity": "67 micro-mol/l",
      "Quality": "Normal"
    },
    {
      "Name": "Tyrosine",
      "Age": "5.14 Year(s)",
      "Specimen": "blood",
      "Quantity": "52 micro-mol/l",
      "Quality": "Normal"
    },
    {
      "Name": "Tyrosine",
      "Age": "5.23 Year(s)",
      "Specimen": "blood",
      "Quantity": "174 micro-mol/l",
      "Quality": "Increased"
    },
    {
      "Name": "Tyrosine",
      "Age": "5.28 Year(s)",
      "Specimen": "blood",
      "Quantity": "55 micro-mol/l",
      "Quality": "Normal"
    },
    {
      "Name": "Tyrosine",
      "Age": "5.32 Year(s)",
      "Specimen": "blood",
      "Quantity": "53 micro-mol/l",
      "Quality": "Normal"
    },
    {
      "Name": "Tyrosine",
      "Age": "5.34 Year(s)",
      "Specimen": "blood",
      "Quantity": "106 micro-mol/l",
      "Quality": "Normal"
    },
    {
      "Name": "Tyrosine",
      "Age": "5.39 Year(s)",
      "Specimen": "blood",
      "Quantity": "116 micro-mol/l",
      "Quality": "Normal"
    },
    {
      "Name": "Tyrosine",
      "Age": "5.43 Year(s)",
      "Specimen": "blood",
      "Quantity": "39 micro-mol/l",
      "Quality": "Normal"
    },
    {
      "Name": "Tyrosine",
      "Age": "5.48 Year(s)",
      "Specimen": "blood",
      "Quantity": "124 micro-mol/l",
      "Quality": "Normal"
    },
    {
      "Name": "Tyrosine",
      "Age": "5.55 Year(s)",
      "Specimen": "blood",
      "Quantity": "43 micro-mol/l",
      "Quality": "Normal"
    },
    {
      "Name": "Tyrosine",
      "Age": "5.62 Year(s)",
      "Specimen": "blood",
      "Quantity": "112 micro-mol/l",
      "Quality": "Normal"
    },
    {
      "Name": "Tyrosine",
      "Age": "5.68 Year(s)",
      "Specimen": "blood",
      "Quantity": "68 micro-mol/l",
      "Quality": "Normal"
    },
    {
      "Name": "Tyrosine",
      "Age": "5.74 Year(s)",
      "Specimen": "blood",
      "Quantity": "72 micro-mol/l",
      "Quality": "Normal"
    },
    {
      "Name": "Tyrosine",
      "Age": "5.82 Year(s)",
      "Specimen": "blood",
      "Quantity": "46 micro-mol/l",
      "Quality": "Normal"
    },
    {
      "Name": "Tyrosine",
      "Age": "5.85 Year(s)",
      "Specimen": "blood",
      "Quantity": "49 micro-mol/l",
      "Quality": "Normal"
    },
    {
      "Name": "Tyrosine",
      "Age": "5.91 Year(s)",
      "Specimen": "blood",
      "Quantity": "82 micro-mol/l",
      "Quality": "Normal"
    },
    {
      "Name": "Tyrosine",
      "Age": "5.99 Year(s)",
      "Specimen": "blood",
      "Quantity": "53 micro-mol/l",
      "Quality": "Normal"
    },
    {
      "Name": "Tyrosine",
      "Age": "6.16 Year(s)",
      "Specimen": "blood",
      "Quantity": "42 micro-mol/l",
      "Quality": "Normal"
    },
    {
      "Name": "Tyrosine",
      "Age": "6.26 Year(s)",
      "Specimen": "blood",
      "Quantity": "56 micro-mol/l",
      "Quality": "Normal"
    },
    {
      "Name": "Tyrosine",
      "Age": "6.33 Year(s)",
      "Specimen": "blood",
      "Quantity": "57 micro-mol/l",
      "Quality": "Normal"
    },
    {
      "Name": "Tyrosine",
      "Age": "6.43 Year(s)",
      "Specimen": "blood",
      "Quantity": "77 micro-mol/l",
      "Quality": "Normal"
    },
    {
      "Name": "Tyrosine",
      "Age": "6.53 Year(s)",
      "Specimen": "blood",
      "Quantity": "57 micro-mol/l",
      "Quality": "Normal"
    },
    {
      "Name": "Tyrosine",
      "Age": "6.6 Year(s)",
      "Specimen": "blood",
      "Quantity": "30 micro-mol/l",
      "Quality": "Normal"
    },
    {
      "Name": "Tyrosine",
      "Age": "6.68 Year(s)",
      "Specimen": "blood",
      "Quantity": "81 micro-mol/l",
      "Quality": "Normal"
    },
    {
      "Name": "Tyrosine",
      "Age": "6.76 Year(s)",
      "Specimen": "blood",
      "Quantity": "64 micro-mol/l",
      "Quality": "Normal"
    },
    {
      "Name": "Tyrosine",
      "Age": "6.84 Year(s)",
      "Specimen": "blood",
      "Quantity": "62 micro-mol/l",
      "Quality": "Normal"
    },
    {
      "Name": "Tyrosine",
      "Age": "6.91 Year(s)",
      "Specimen": "blood",
      "Quantity": "125 micro-mol/l",
      "Quality": "Normal"
    },
    {
      "Name": "Tyrosine",
      "Age": "6.98 Year(s)",
      "Specimen": "blood",
      "Quantity": "35 micro-mol/l",
      "Quality": "Normal"
    },
    {
      "Name": "Tyrosine",
      "Age": "7 Year(s)",
      "Specimen": "blood",
      "Quantity": "97 micro-mol/l",
      "Quality": "Normal"
    },
    {
      "Name": "Tyrosine",
      "Age": "7.08 Year(s)",
      "Specimen": "blood",
      "Quantity": "123 micro-mol/l",
      "Quality": "Normal"
    },
    {
      "Name": "Tyrosine",
      "Age": "7.14 Year(s)",
      "Specimen": "blood",
      "Quantity": "59 micro-mol/l",
      "Quality": "Normal"
    },
    {
      "Name": "Tyrosine",
      "Age": "7.21 Year(s)",
      "Specimen": "blood",
      "Quantity": "44 micro-mol/l",
      "Quality": "Normal"
    },
    {
      "Name": "Tyrosine",
      "Age": "7.29 Year(s)",
      "Specimen": "blood",
      "Quantity": "174 micro-mol/l",
      "Quality": "Increased"
    },
    {
      "Name": "Tyrosine",
      "Age": "7.39 Year(s)",
      "Specimen": "blood",
      "Quantity": "56 micro-mol/l",
      "Quality": "Normal"
    },
    {
      "Name": "Tyrosine",
      "Age": "7.47 Year(s)",
      "Specimen": "blood",
      "Quantity": "140 micro-mol/l",
      "Quality": "Normal"
    },
    {
      "Name": "Tyrosine",
      "Age": "7.54 Year(s)",
      "Specimen": "blood",
      "Quantity": "53 micro-mol/l",
      "Quality": "Normal"
    },
    {
      "Name": "Tyrosine",
      "Age": "7.6 Year(s)",
      "Specimen": "blood",
      "Quantity": "58 micro-mol/l",
      "Quality": "Normal"
    },
    {
      "Name": "Tyrosine",
      "Age": "7.66 Year(s)",
      "Specimen": "blood",
      "Quantity": "118 micro-mol/l",
      "Quality": "Normal"
    },
    {
      "Name": "Tyrosine",
      "Age": "7.85 Year(s)",
      "Specimen": "blood",
      "Quantity": "60 micro-mol/l",
      "Quality": "Normal"
    },
    {
      "Name": "Tyrosine",
      "Age": "7.91 Year(s)",
      "Specimen": "blood",
      "Quantity": "98 micro-mol/l",
      "Quality": "Normal"
    },
    {
      "Name": "Tyrosine",
      "Age": "7.96 Year(s)",
      "Specimen": "blood",
      "Quantity": "74 micro-mol/l",
      "Quality": "Normal"
    },
    {
      "Name": "Tyrosine",
      "Age": "8.04 Year(s)",
      "Specimen": "blood",
      "Quantity": "62 micro-mol/l",
      "Quality": "Normal"
    },
    {
      "Name": "Tyrosine",
      "Age": "8.1 Year(s)",
      "Specimen": "blood",
      "Quantity": "144 micro-mol/l",
      "Quality": "Normal"
    },
    {
      "Name": "Tyrosine",
      "Age": "8.18 Year(s)",
      "Specimen": "blood",
      "Quantity": "52 micro-mol/l",
      "Quality": "Normal"
    },
    {
      "Name": "Tyrosine",
      "Age": "8.23 Year(s)",
      "Specimen": "blood",
      "Quantity": "73 micro-mol/l",
      "Quality": "Normal"
    },
    {
      "Name": "Tyrosine",
      "Age": "8.26 Year(s)",
      "Specimen": "blood",
      "Quantity": "106 micro-mol/l",
      "Quality": "Normal"
    },
    {
      "Name": "Tyrosine",
      "Age": "8.31 Year(s)",
      "Specimen": "blood",
      "Quantity": "108 micro-mol/l",
      "Quality": "Normal"
    },
    {
      "Name": "Tyrosine",
      "Age": "8.39 Year(s)",
      "Specimen": "blood",
      "Quantity": "96 micro-mol/l",
      "Quality": "Normal"
    },
    {
      "Name": "Tyrosine",
      "Age": "8.48 Year(s)",
      "Specimen": "blood",
      "Quantity": "90 micro-mol/l",
      "Quality": "Normal"
    }
  ],
  "Symptoms": [
    {
      "Name": "abnormal in neonatal screening",
      "Age": "5 Day(s)",
      "Range": "yes"
    },
    {
      "Name": "dwarfism",
      "Age": "17.38 Month(s)",
      "Range": "yes"
    },
    {
      "Name": "hernia",
      "Age": "6.72 Week(s)",
      "Range": "yes"
    },
    {
      "Name": "hypospadia",
      "Age": "3.68 Month(s)",
      "Range": "yes"
    },
    {
      "Name": "shortened gestation time",
      "Age": "1 Day(s)",
      "Range": "yes"
    }
  ],
  "Diet/drugs": [
    {
      "Name": "human growth hormone (hGH)",
      "Age": "5.16 Year(s)",
      "Dosage": ".5 mg/day",
      "Route": "subcutan"
    },
    {
      "Name": "phenylalanine",
      "Age": "12 Day(s)",
      "Dosage": "170 mg/day",
      "Route": "oral"
    },
    {
      "Name": "phenylalanine",
      "Age": "17.48 Month(s)",
      "Dosage": "150 mg/day",
      "Route": "oral"
    },
    {
      "Name": "phenylalanine",
      "Age": "22.28 Month(s)",
      "Dosage": "190 mg/day",
      "Route": "oral"
    },
    {
      "Name": "phenylalanine",
      "Age": "3.24 Year(s)",
      "Dosage": "210 mg/day",
      "Route": "oral"
    }
  ],
  "Therapy/development": [
    {
      "Name": "APGAR (10 min)",
      "Age": "1 Day(s)",
      "Quantity": "9",
      "Type": "perinatal"
    },
    {
      "Name": "APGAR (5 min)",
      "Age": "1 Day(s)",
      "Quantity": "9",
      "Type": "perinatal"
    },
    {
      "Name": "head circumference",
      "Age": "3.68 Month(s)",
      "Quantity": "37.3  cm",
      "Type": "development"
    },
    {
      "Name": "head circumference",
      "Age": "17.38 Month(s)",
      "Quantity": "45  cm",
      "Type": "development"
    },
    {
      "Name": "head circumference",
      "Age": "22.28 Month(s)",
      "Quantity": "46  cm",
      "Type": "development"
    },
    {
      "Name": "head circumference",
      "Age": "2.17 Year(s)",
      "Quantity": "46.7  cm",
      "Type": "development"
    },
    {
      "Name": "head circumference",
      "Age": "4.56 Year(s)",
      "Quantity": "48.5  cm",
      "Type": "development"
    },
    {
      "Name": "head circumference at birth",
      "Age": "1 Day(s)",
      "Quantity": "30  cm",
      "Type": "perinatal"
    },
    {
      "Name": "length",
      "Age": "3.68 Month(s)",
      "Quantity": "51  cm",
      "Type": "development"
    },
    {
      "Name": "length",
      "Age": "17.38 Month(s)",
      "Quantity": "74  cm",
      "Type": "development"
    },
    {
      "Name": "length",
      "Age": "22.28 Month(s)",
      "Quantity": "77  cm",
      "Type": "development"
    },
    {
      "Name": "length",
      "Age": "2.17 Year(s)",
      "Quantity": "78.5  cm",
      "Type": "development"
    },
    {
      "Name": "length",
      "Age": "2.66 Year(s)",
      "Quantity": "83  cm",
      "Type": "development"
    },
    {
      "Name": "length",
      "Age": "3.24 Year(s)",
      "Quantity": "87.5  cm",
      "Type": "development"
    },
    {
      "Name": "length",
      "Age": "4.56 Year(s)",
      "Quantity": "97.1  cm",
      "Type": "development"
    },
    {
      "Name": "length",
      "Age": "5.34 Year(s)",
      "Quantity": "102.1  cm",
      "Type": "development"
    },
    {
      "Name": "length",
      "Age": "6.1 Year(s)",
      "Quantity": "109.1  cm",
      "Type": "development"
    },
    {
      "Name": "length",
      "Age": "6.84 Year(s)",
      "Quantity": "115.3  cm",
      "Type": "development"
    },
    {
      "Name": "length at birth",
      "Age": "1 Day(s)",
      "Quantity": "37  cm",
      "Type": "perinatal"
    },
    {
      "Name": "phenylalanine-restricted diet",
      "Age": "12 Day(s)",
      "Quantity": "",
      "Type": ""
    },
    {
      "Name": "weight",
      "Age": "3.68 Month(s)",
      "Quantity": "3.9  kg",
      "Type": "development"
    },
    {
      "Name": "weight",
      "Age": "17.38 Month(s)",
      "Quantity": "8.5  kg",
      "Type": "development"
    },
    {
      "Name": "weight",
      "Age": "22.28 Month(s)",
      "Quantity": "9.1  kg",
      "Type": "development"
    },
    {
      "Name": "weight",
      "Age": "2.17 Year(s)",
      "Quantity": "9.8  kg",
      "Type": "development"
    },
    {
      "Name": "weight",
      "Age": "2.66 Year(s)",
      "Quantity": "10.6  kg",
      "Type": "development"
    },
    {
      "Name": "weight",
      "Age": "3.24 Year(s)",
      "Quantity": "11.9  kg",
      "Type": "development"
    },
    {
      "Name": "weight",
      "Age": "4.56 Year(s)",
      "Quantity": "14.1  kg",
      "Type": "development"
    },
    {
      "Name": "weight",
      "Age": "5.34 Year(s)",
      "Quantity": "15.8  kg",
      "Type": "development"
    },
    {
      "Name": "weight",
      "Age": "6.1 Year(s)",
      "Quantity": "18.8  kg",
      "Type": "development"
    },
    {
      "Name": "weight",
      "Age": "6.84 Year(s)",
      "Quantity": "20.2  kg",
      "Type": "development"
    },
    {
      "Name": "weight at birth",
      "Age": "1 Day(s)",
      "Quantity": "1.2  kg",
      "Type": "perinatal"
    }
  ]
}