{
  "MainData": {
    "Patient ID": "1033",
    "Diagnosis": "METHYLMALONIC ACIDURIA DUE TO METHYLMALONYL-CoA MUTASE DEFICIENCY (MIM 251000)",
    "Gender": "f",
    "Age of symptoms onset": "25 Day(s)",
    "Age of diagnosis": "4.29 Week(s)",
    "Found in newborn screening": "n",
    "Diagnosis confirmed": "y",
    "Country": "Germany",
    "Ethnic origin": "Mother: German, Father: unknown",
    "History": "The patient, premature of the 35th week of pregnancy, presented in the University Childrens Hospital Freiburg (Germany) with metabolic decompensation (metabolic acidosis, muscular hypotonia, feeding problems and failure to thrive) in her 4th week of life.\r\nHighly increased excretion of methylmalonic acid led to the diagnosis of methylmalonic aciduria, confirmed by enzyme activity analysis (Dr. Baumgartner, Basel, Switzerland).\r\nThe vit.B12-dependent form of methylmalonic aciduria has been treated by protein-restricted diet and intramuscular injection of hydroxycobalamine once per week.\r\nIQ of 71 (1993)\r\nAt 30 years of age, pregnancy, continued treatment with hydroxycobalamine 10 mg/week.",
    "Author": "Friedrich Trefz",
    "Hospital": "Childrens Hospital Reutlingen",
    "Coauthor(s)": "",
    "Date of entry": "2007-03-30"
  },
  "Molecular genetics": {
    "Gene name": "",
    "Genotype": "",
    "Allele 1": {
      "Trivial name": "",
      "Systematic name": "",
      "Amino acid change": "",
      "Nucleotide change": "",
      "Exon/Intron Boundary/Promotor": ""
    },
    "Allele 2": {
      "Trivial name": "",
      "Systematic name": "",
      "Amino acid change": "",
      "Nucleotide change": "",
      "Exon/Intron Boundary/Promotor": ""
    }
  },
  "Lab findings": [
    {
      "Name": "Ammonia",
      "Age": "30.33 Year(s)",
      "Specimen": "serum/plasma",
      "Quantity": "52 micro-mol/l",
      "Quality": "Increased"
    },
    {
      "Name": "Ammonia",
      "Age": "30.42 Year(s)",
      "Specimen": "serum/plasma",
      "Quantity": "52 micro-mol/l",
      "Quality": "Increased"
    },
    {
      "Name": "Ammonia",
      "Age": "30.61 Year(s)",
      "Specimen": "serum/plasma",
      "Quantity": "78 micro-mol/l",
      "Quality": "Increased"
    },
    {
      "Name": "Carnitine, free",
      "Age": "30.33 Year(s)",
      "Specimen": "blood",
      "Quantity": "44 micro-mol/l",
      "Quality": "Normal"
    },
    {
      "Name": "Carnitine, free",
      "Age": "30.42 Year(s)",
      "Specimen": "blood",
      "Quantity": "37 micro-mol/l",
      "Quality": "Normal"
    },
    {
      "Name": "Carnitine, free",
      "Age": "30.61 Year(s)",
      "Specimen": "blood",
      "Quantity": "38 micro-mol/l",
      "Quality": "Normal"
    },
    {
      "Name": "Creatinine",
      "Age": "23.61 Year(s)",
      "Specimen": "serum/plasma",
      "Quantity": "71 micro-mol/l",
      "Quality": "Normal"
    },
    {
      "Name": "Creatinine",
      "Age": "24.71 Year(s)",
      "Specimen": "serum/plasma",
      "Quantity": "102 micro-mol/l",
      "Quality": "Increased"
    },
    {
      "Name": "Creatinine",
      "Age": "25.88 Year(s)",
      "Specimen": "serum/plasma",
      "Quantity": "78 micro-mol/l",
      "Quality": "Normal"
    },
    {
      "Name": "Creatinine",
      "Age": "30.33 Year(s)",
      "Specimen": "serum/plasma",
      "Quantity": "71 micro-mol/l",
      "Quality": "Normal"
    },
    {
      "Name": "Creatinine",
      "Age": "30.42 Year(s)",
      "Specimen": "serum/plasma",
      "Quantity": "71 micro-mol/l",
      "Quality": "Normal"
    },
    {
      "Name": "Creatinine",
      "Age": "30.61 Year(s)",
      "Specimen": "serum/plasma",
      "Quantity": "60 micro-mol/l",
      "Quality": "Normal"
    },
    {
      "Name": "Creatinine clearence",
      "Age": "24.71 Year(s)",
      "Specimen": "urine",
      "Quantity": "70 ml/min/1.73 sqm",
      "Quality": "Normal"
    },
    {
      "Name": "Creatinine clearence",
      "Age": "25.88 Year(s)",
      "Specimen": "urine",
      "Quantity": "97.3 ml/min/1.73 sqm",
      "Quality": "Normal"
    },
    {
      "Name": "Methylmalonic acid",
      "Age": "19.11 Year(s)",
      "Specimen": "urine",
      "Quantity": "1600 mmol/mol Crea",
      "Quality": "Increased"
    },
    {
      "Name": "Methylmalonic acid",
      "Age": "19.72 Year(s)",
      "Specimen": "urine",
      "Quantity": "482.5 mmol/mol Crea",
      "Quality": "Increased"
    },
    {
      "Name": "Methylmalonic acid",
      "Age": "20.07 Year(s)",
      "Specimen": "urine",
      "Quantity": "1200 mmol/mol Crea",
      "Quality": "Increased"
    },
    {
      "Name": "Methylmalonic acid",
      "Age": "20.08 Year(s)",
      "Specimen": "urine",
      "Quantity": "315 mmol/mol Crea",
      "Quality": "Increased"
    },
    {
      "Name": "Methylmalonic acid",
      "Age": "23.35 Year(s)",
      "Specimen": "urine",
      "Quantity": "80.3 mmol/mol Crea",
      "Quality": "Increased"
    },
    {
      "Name": "Methylmalonic acid",
      "Age": "25.27 Year(s)",
      "Specimen": "urine",
      "Quantity": "205 mmol/mol Crea",
      "Quality": "Increased"
    },
    {
      "Name": "Methylmalonic acid",
      "Age": "28.12 Year(s)",
      "Specimen": "urine",
      "Quantity": "260 mmol/mol Crea",
      "Quality": "Increased"
    },
    {
      "Name": "Methylmalonic acid",
      "Age": "30.33 Year(s)",
      "Specimen": "urine",
      "Quantity": "485 mmol/mol Crea",
      "Quality": "Increased"
    },
    {
      "Name": "Methylmalonic acid",
      "Age": "30.42 Year(s)",
      "Specimen": "urine",
      "Quantity": "498 mmol/mol Crea",
      "Quality": "Increased"
    },
    {
      "Name": "Propionylcarnitine (C3)",
      "Age": "30.33 Year(s)",
      "Specimen": "blood",
      "Quantity": "11 micro-mol/l",
      "Quality": "Increased"
    },
    {
      "Name": "Propionylcarnitine (C3)",
      "Age": "30.42 Year(s)",
      "Specimen": "blood",
      "Quantity": "6.7 micro-mol/l",
      "Quality": "Increased"
    },
    {
      "Name": "Propionylcarnitine (C3)",
      "Age": "30.61 Year(s)",
      "Specimen": "blood",
      "Quantity": "7.3 micro-mol/l",
      "Quality": "Increased"
    },
    {
      "Name": "Propionylcarnitine/Palmitoylcarnitine (C3/C16)",
      "Age": "30.33 Year(s)",
      "Specimen": "blood",
      "Quantity": "6.1 (ratio)",
      "Quality": "Increased"
    },
    {
      "Name": "Propionylcarnitine/Palmitoylcarnitine (C3/C16)",
      "Age": "30.42 Year(s)",
      "Specimen": "blood",
      "Quantity": "7.1 (ratio)",
      "Quality": "Increased"
    },
    {
      "Name": "Propionylcarnitine/Palmitoylcarnitine (C3/C16)",
      "Age": "30.61 Year(s)",
      "Specimen": "blood",
      "Quantity": "6.5 (ratio)",
      "Quality": "Increased"
    }
  ],
  "Symptoms": [
    {
      "Name": "anemia",
      "Age": "30.33 Year(s)",
      "Range": "yes"
    },
    {
      "Name": "birthweight",
      "Age": "1 Day(s)",
      "Range": "low [small for gestational age]"
    },
    {
      "Name": "cataract",
      "Age": "4.36 Year(s)",
      "Range": "yes"
    },
    {
      "Name": "hip dysplasia",
      "Age": "1 Day(s)",
      "Range": "yes"
    },
    {
      "Name": "metabolic decompensation",
      "Age": "3.57 Week(s)",
      "Range": "yes"
    },
    {
      "Name": "pregnancy",
      "Age": "30.21 Year(s)",
      "Range": "yes"
    },
    {
      "Name": "shortened gestation time",
      "Age": "1 Day(s)",
      "Range": "yes"
    }
  ],
  "Diet/drugs": [
    {
      "Name": "hydroxycobalamine",
      "Age": "5.71 Week(s)",
      "Dosage": "10 mg/week",
      "Route": "intramuscular"
    },
    {
      "Name": "vitamin D3",
      "Age": "30.33 Year(s)",
      "Dosage": "500 U/day",
      "Route": "oral"
    }
  ],
  "Therapy/development": [
    {
      "Name": "blood pressure, diastolic",
      "Age": "23.61 Year(s)",
      "Quantity": "80 mmHG",
      "Type": ""
    },
    {
      "Name": "blood pressure, diastolic",
      "Age": "24.71 Year(s)",
      "Quantity": "80 mmHG",
      "Type": ""
    },
    {
      "Name": "blood pressure, diastolic",
      "Age": "25.88 Year(s)",
      "Quantity": "80 mmHG",
      "Type": ""
    },
    {
      "Name": "blood pressure, diastolic",
      "Age": "30.42 Year(s)",
      "Quantity": "62 mmHG",
      "Type": ""
    },
    {
      "Name": "blood pressure, diastolic",
      "Age": "30.61 Year(s)",
      "Quantity": "61 mmHG",
      "Type": ""
    },
    {
      "Name": "blood pressure, systolic",
      "Age": "23.61 Year(s)",
      "Quantity": "110 mmHG",
      "Type": ""
    },
    {
      "Name": "blood pressure, systolic",
      "Age": "24.71 Year(s)",
      "Quantity": "115 mmHG",
      "Type": ""
    },
    {
      "Name": "blood pressure, systolic",
      "Age": "25.88 Year(s)",
      "Quantity": "120 mmHG",
      "Type": ""
    },
    {
      "Name": "blood pressure, systolic",
      "Age": "30.42 Year(s)",
      "Quantity": "106 mmHG",
      "Type": ""
    },
    {
      "Name": "blood pressure, systolic",
      "Age": "30.61 Year(s)",
      "Quantity": "115 mmHG",
      "Type": ""
    },
    {
      "Name": "head circumference at birth",
      "Age": "1 Day(s)",
      "Quantity": "30  cm",
      "Type": "perinatal"
    },
    {
      "Name": "length",
      "Age": "30.33 Year(s)",
      "Quantity": "162  cm",
      "Type": "development"
    },
    {
      "Name": "length at birth",
      "Age": "1 Day(s)",
      "Quantity": "44  cm",
      "Type": "perinatal"
    },
    {
      "Name": "weight",
      "Age": "23.61 Year(s)",
      "Quantity": "61  kg",
      "Type": "development"
    },
    {
      "Name": "weight",
      "Age": "24.71 Year(s)",
      "Quantity": "63.3  kg",
      "Type": "development"
    },
    {
      "Name": "weight",
      "Age": "25.88 Year(s)",
      "Quantity": "66.5  kg",
      "Type": "development"
    },
    {
      "Name": "weight",
      "Age": "30.33 Year(s)",
      "Quantity": "77.8  kg",
      "Type": "development"
    },
    {
      "Name": "weight at birth",
      "Age": "1 Day(s)",
      "Quantity": "1.9  kg",
      "Type": "perinatal"
    }
  ]
}