{
  "MainData": {
    "Patient ID": "1035",
    "Diagnosis": "PHENYLKETONURIA (MIM 261600)",
    "Gender": "m",
    "Age of symptoms onset": "",
    "Age of diagnosis": "",
    "Found in newborn screening": "",
    "Diagnosis confirmed": "",
    "Country": "unknown",
    "Ethnic origin": "Mother: unknown, Father: unknown",
    "History": "",
    "Author": "Abdulrahman Alswaid",
    "Hospital": "Riyadh Armed Forces Hospital",
    "Coauthor(s)": "",
    "Date of entry": "2007-04-06"
  },
  "Molecular genetics": {
    "Gene name": "",
    "Genotype": "",
    "Allele 1": {
      "Trivial name": "",
      "Systematic name": "",
      "Amino acid change": "",
      "Nucleotide change": "",
      "Exon/Intron Boundary/Promotor": ""
    },
    "Allele 2": {
      "Trivial name": "",
      "Systematic name": "",
      "Amino acid change": "",
      "Nucleotide change": "",
      "Exon/Intron Boundary/Promotor": ""
    }
  },
  "Lab findings": [
    {
      "Name": "Delta-aminolevulinic acid",
      "Age": "1 Day(s)",
      "Specimen": "urine",
      "Quantity": "20 mmol/mol Crea",
      "Quality": "Abnormal"
    }
  ],
  "Symptoms": [
    {
      "Name": "hypotonia",
      "Age": "1 Day(s)",
      "Range": "yes"
    },
    {
      "Name": "pleural effusions",
      "Age": "1 Day(s)",
      "Range": "yes"
    },
    {
      "Name": "syndactyly",
      "Age": "1 Day(s)",
      "Range": "yes"
    }
  ],
  "Diet/drugs": [
    {
      "Name": "9-alpha-fluorcortisol",
      "Age": "1 Day(s)",
      "Dosage": "22 g/kg/day",
      "Route": "intraveneous"
    }
  ],
  "Therapy/development": [
    {
      "Name": "avoidance of fasting",
      "Age": "1 Day(s)",
      "Quantity": "20",
      "Type": ""
    },
    {
      "Name": "enzyme replacement therapy",
      "Age": "1 Day(s)",
      "Quantity": "90",
      "Type": ""
    },
    {
      "Name": "extracorporeal shock-wave lithotripsy",
      "Age": "1 Day(s)",
      "Quantity": "",
      "Type": ""
    },
    {
      "Name": "length",
      "Age": "1 Day(s)",
      "Quantity": "20  cm",
      "Type": "development"
    }
  ]
}