{
  "MainData": {
    "Patient ID": "1041",
    "Diagnosis": "ACYL-CoA DEHYDROGENASE, MEDIUM-CHAIN, DEFICIENCY OF (MIM 201450)",
    "Gender": "f",
    "Age of symptoms onset": "",
    "Age of diagnosis": "14 Day(s)",
    "Found in newborn screening": "y",
    "Diagnosis confirmed": "y",
    "Country": "Germany",
    "Ethnic origin": "Mother: German, Father: German",
    "History": "The patient was found in the expanded newborn screening program with increased levels of octanoylcarnitine.\r\nStart of treatment in the 3rd week of life: avoidance of fasting and supplementation of carnitine.",
    "Author": "Friedrich Trefz",
    "Hospital": "Childrens Hospital Reutlingen",
    "Coauthor(s)": "",
    "Date of entry": "2007-06-06"
  },
  "Molecular genetics": {
    "Gene name": "MCAD gene",
    "Genotype": "p.K329E/ p.K329E",
    "Allele 1": {
      "Trivial name": "p.K329E",
      "Systematic name": "c.985A>G",
      "Amino acid change": "Lys>Glu",
      "Nucleotide change": "AAA>GAA",
      "Exon/Intron Boundary/Promotor": "11"
    },
    "Allele 2": {
      "Trivial name": "p.K329E",
      "Systematic name": "c.985A>G",
      "Amino acid change": "Lys>Glu",
      "Nucleotide change": "AAA>GAA",
      "Exon/Intron Boundary/Promotor": "11"
    }
  },
  "Lab findings": [
    {
      "Name": "Carnitine, free",
      "Age": "14 Day(s)",
      "Specimen": "blood",
      "Quantity": "45 micro-mol/l",
      "Quality": "Normal"
    },
    {
      "Name": "Carnitine, free",
      "Age": "3.84 Month(s)",
      "Specimen": "blood",
      "Quantity": "48 micro-mol/l",
      "Quality": "Normal"
    },
    {
      "Name": "Carnitine, free",
      "Age": "6.83 Month(s)",
      "Specimen": "blood",
      "Quantity": "36 micro-mol/l",
      "Quality": "Normal"
    },
    {
      "Name": "Carnitine, free",
      "Age": "13.57 Month(s)",
      "Specimen": "blood",
      "Quantity": "16 micro-mol/l",
      "Quality": "Normal"
    },
    {
      "Name": "Carnitine, free",
      "Age": "2.54 Year(s)",
      "Specimen": "blood",
      "Quantity": "18 micro-mol/l",
      "Quality": "Normal"
    },
    {
      "Name": "Carnitine, free",
      "Age": "3.56 Year(s)",
      "Specimen": "blood",
      "Quantity": "25 micro-mol/l",
      "Quality": "Normal"
    },
    {
      "Name": "Decanoylcarnitine (C10)",
      "Age": "14 Day(s)",
      "Specimen": "blood",
      "Quantity": "1.1 micro-mol/l",
      "Quality": "Increased"
    },
    {
      "Name": "Decanoylcarnitine (C10)",
      "Age": "3.84 Month(s)",
      "Specimen": "blood",
      "Quantity": "0.96 micro-mol/l",
      "Quality": "Increased"
    },
    {
      "Name": "Decanoylcarnitine (C10)",
      "Age": "6.83 Month(s)",
      "Specimen": "blood",
      "Quantity": "0.68 micro-mol/l",
      "Quality": "Increased"
    },
    {
      "Name": "Decanoylcarnitine (C10)",
      "Age": "13.57 Month(s)",
      "Specimen": "blood",
      "Quantity": "0.34 micro-mol/l",
      "Quality": "Normal"
    },
    {
      "Name": "Decanoylcarnitine (C10)",
      "Age": "2.54 Year(s)",
      "Specimen": "blood",
      "Quantity": "0.23 micro-mol/l",
      "Quality": "Normal"
    },
    {
      "Name": "Decanoylcarnitine (C10)",
      "Age": "3.56 Year(s)",
      "Specimen": "blood",
      "Quantity": "0.31 micro-mol/l",
      "Quality": "Normal"
    },
    {
      "Name": "Decenoylcarnitine (C10:1)",
      "Age": "14 Day(s)",
      "Specimen": "blood",
      "Quantity": "0.99 micro-mol/l",
      "Quality": "Increased"
    },
    {
      "Name": "Decenoylcarnitine (C10:1)",
      "Age": "3.84 Month(s)",
      "Specimen": "blood",
      "Quantity": "2.02 micro-mol/l",
      "Quality": "Increased"
    },
    {
      "Name": "Decenoylcarnitine (C10:1)",
      "Age": "6.83 Month(s)",
      "Specimen": "blood",
      "Quantity": "1.55 micro-mol/l",
      "Quality": "Increased"
    },
    {
      "Name": "Decenoylcarnitine (C10:1)",
      "Age": "13.57 Month(s)",
      "Specimen": "blood",
      "Quantity": "1.43 micro-mol/l",
      "Quality": "Increased"
    },
    {
      "Name": "Decenoylcarnitine (C10:1)",
      "Age": "2.54 Year(s)",
      "Specimen": "blood",
      "Quantity": "1.2 micro-mol/l",
      "Quality": "Increased"
    },
    {
      "Name": "Decenoylcarnitine (C10:1)",
      "Age": "3.56 Year(s)",
      "Specimen": "blood",
      "Quantity": "0.75 micro-mol/l",
      "Quality": "Increased"
    },
    {
      "Name": "Hexanoylcarnitine (C6)",
      "Age": "14 Day(s)",
      "Specimen": "blood",
      "Quantity": "1.27 micro-mol/l",
      "Quality": "Increased"
    },
    {
      "Name": "Hexanoylcarnitine (C6)",
      "Age": "3.84 Month(s)",
      "Specimen": "blood",
      "Quantity": "2.81 micro-mol/l",
      "Quality": "Increased"
    },
    {
      "Name": "Hexanoylcarnitine (C6)",
      "Age": "6.83 Month(s)",
      "Specimen": "blood",
      "Quantity": "1.62 micro-mol/l",
      "Quality": "Increased"
    },
    {
      "Name": "Hexanoylcarnitine (C6)",
      "Age": "13.57 Month(s)",
      "Specimen": "blood",
      "Quantity": "0.76 micro-mol/l",
      "Quality": "Increased"
    },
    {
      "Name": "Hexanoylcarnitine (C6)",
      "Age": "2.54 Year(s)",
      "Specimen": "blood",
      "Quantity": "0.79 micro-mol/l",
      "Quality": "Normal"
    },
    {
      "Name": "Hexanoylcarnitine (C6)",
      "Age": "3.56 Year(s)",
      "Specimen": "blood",
      "Quantity": "1.02 micro-mol/l",
      "Quality": "Increased"
    },
    {
      "Name": "Octanoyl-/Decanoylcarnitine (C8/C10)",
      "Age": "14 Day(s)",
      "Specimen": "blood",
      "Quantity": "7.5 (ratio)",
      "Quality": "Increased"
    },
    {
      "Name": "Octanoyl-/Decanoylcarnitine (C8/C10)",
      "Age": "3.84 Month(s)",
      "Specimen": "blood",
      "Quantity": "14.8 (ratio)",
      "Quality": "Increased"
    },
    {
      "Name": "Octanoyl-/Decanoylcarnitine (C8/C10)",
      "Age": "6.83 Month(s)",
      "Specimen": "blood",
      "Quantity": "13.8 (ratio)",
      "Quality": "Increased"
    },
    {
      "Name": "Octanoyl-/Decanoylcarnitine (C8/C10)",
      "Age": "13.57 Month(s)",
      "Specimen": "blood",
      "Quantity": "9.3 (ratio)",
      "Quality": "Increased"
    },
    {
      "Name": "Octanoyl-/Decanoylcarnitine (C8/C10)",
      "Age": "2.54 Year(s)",
      "Specimen": "blood",
      "Quantity": "19.9 (ratio)",
      "Quality": "Increased"
    },
    {
      "Name": "Octanoyl-/Decanoylcarnitine (C8/C10)",
      "Age": "3.56 Year(s)",
      "Specimen": "blood",
      "Quantity": "14 (ratio)",
      "Quality": "Increased"
    },
    {
      "Name": "Octanoylcarnitine (C8)",
      "Age": "14 Day(s)",
      "Specimen": "blood",
      "Quantity": "8.26 micro-mol/l",
      "Quality": "Increased"
    },
    {
      "Name": "Octanoylcarnitine (C8)",
      "Age": "3.84 Month(s)",
      "Specimen": "blood",
      "Quantity": "14.3 micro-mol/l",
      "Quality": "Increased"
    },
    {
      "Name": "Octanoylcarnitine (C8)",
      "Age": "6.83 Month(s)",
      "Specimen": "blood",
      "Quantity": "9.38 micro-mol/l",
      "Quality": "Increased"
    },
    {
      "Name": "Octanoylcarnitine (C8)",
      "Age": "13.57 Month(s)",
      "Specimen": "blood",
      "Quantity": "3.26 micro-mol/l",
      "Quality": "Increased"
    },
    {
      "Name": "Octanoylcarnitine (C8)",
      "Age": "2.54 Year(s)",
      "Specimen": "blood",
      "Quantity": "4.6 micro-mol/l",
      "Quality": "Increased"
    },
    {
      "Name": "Octanoylcarnitine (C8)",
      "Age": "3.56 Year(s)",
      "Specimen": "blood",
      "Quantity": "4.35 micro-mol/l",
      "Quality": "Increased"
    },
    {
      "Name": "Medium-chain Acyl-CoA dehydrogenase",
      "Age": "2.6 Year(s)",
      "Specimen": "lymphocytes",
      "Quantity": "0 nmol/min.mg",
      "Quality": "Decreased"
    }
  ],
  "Symptoms": [
    {
      "Name": "Hospitalization",
      "Age": "18.36 Month(s)",
      "Range": "yes"
    },
    {
      "Name": "abnormal in neonatal screening",
      "Age": "4 Day(s)",
      "Range": "yes"
    },
    {
      "Name": "no clinical signs or symptoms",
      "Age": "3.84 Month(s)",
      "Range": "yes"
    },
    {
      "Name": "vomiting",
      "Age": "18.36 Month(s)",
      "Range": "moderate"
    }
  ],
  "Diet/drugs": [
    {
      "Name": "L-carnitine",
      "Age": "14 Day(s)",
      "Dosage": "300 mg/day",
      "Route": "oral"
    },
    {
      "Name": "L-carnitine",
      "Age": "13.57 Month(s)",
      "Dosage": "600 mg/day",
      "Route": "oral"
    },
    {
      "Name": "L-carnitine",
      "Age": "19.55 Month(s)",
      "Dosage": "1 g/day",
      "Route": "oral"
    },
    {
      "Name": "L-carnitine",
      "Age": "2.54 Year(s)",
      "Dosage": "1.3 g/day",
      "Route": "oral"
    }
  ],
  "Therapy/development": [
    {
      "Name": "avoidance of fasting",
      "Age": "14 Day(s)",
      "Quantity": "",
      "Type": ""
    },
    {
      "Name": "head circumference",
      "Age": "3.84 Month(s)",
      "Quantity": "42.5  cm",
      "Type": "development"
    },
    {
      "Name": "head circumference",
      "Age": "6.83 Month(s)",
      "Quantity": "44.7  cm",
      "Type": "development"
    },
    {
      "Name": "head circumference",
      "Age": "13.57 Month(s)",
      "Quantity": "47  cm",
      "Type": "development"
    },
    {
      "Name": "length",
      "Age": "14 Day(s)",
      "Quantity": "57.3  cm",
      "Type": "development"
    },
    {
      "Name": "length",
      "Age": "3.84 Month(s)",
      "Quantity": "63  cm",
      "Type": "development"
    },
    {
      "Name": "length",
      "Age": "6.83 Month(s)",
      "Quantity": "68  cm",
      "Type": "development"
    },
    {
      "Name": "length",
      "Age": "13.57 Month(s)",
      "Quantity": "75  cm",
      "Type": "development"
    },
    {
      "Name": "length",
      "Age": "19.55 Month(s)",
      "Quantity": "80  cm",
      "Type": "development"
    },
    {
      "Name": "length",
      "Age": "2.54 Year(s)",
      "Quantity": "89  cm",
      "Type": "development"
    },
    {
      "Name": "length",
      "Age": "3.56 Year(s)",
      "Quantity": "97.5  cm",
      "Type": "development"
    },
    {
      "Name": "weight",
      "Age": "14 Day(s)",
      "Quantity": "4.3  kg",
      "Type": "development"
    },
    {
      "Name": "weight",
      "Age": "3.84 Month(s)",
      "Quantity": "6.2  kg",
      "Type": "development"
    },
    {
      "Name": "weight",
      "Age": "6.83 Month(s)",
      "Quantity": "7.4  kg",
      "Type": "development"
    },
    {
      "Name": "weight",
      "Age": "13.57 Month(s)",
      "Quantity": "8.6  kg",
      "Type": "development"
    },
    {
      "Name": "weight",
      "Age": "19.55 Month(s)",
      "Quantity": "10.5  kg",
      "Type": "development"
    },
    {
      "Name": "weight",
      "Age": "2.54 Year(s)",
      "Quantity": "13  kg",
      "Type": "development"
    },
    {
      "Name": "weight",
      "Age": "3.56 Year(s)",
      "Quantity": "15.2  kg",
      "Type": "development"
    }
  ]
}