{
  "MainData": {
    "Patient ID": "1081",
    "Diagnosis": "ACYL-CoA DEHYDROGENASE, MEDIUM-CHAIN, DEFICIENCY OF (MIM 201450)",
    "Gender": "m",
    "Age of symptoms onset": "",
    "Age of diagnosis": "8 Day(s)",
    "Found in newborn screening": "y",
    "Diagnosis confirmed": "y",
    "Country": "Germany",
    "Ethnic origin": "Mother: unknown, Father: unknown",
    "History": "The patient was found in the expanded newborn screening program with increased levels of octanoylcarnitine. Diagnosis of MCAD deficiency was confirmed by molecular genetic analysis.\r\nStart of therapy with carnitine in the second week of life.",
    "Author": "Friedrich Trefz",
    "Hospital": "Childrens Hospital Reutlingen",
    "Coauthor(s)": "",
    "Date of entry": "2010-03-03"
  },
  "Molecular genetics": {
    "Gene name": "MCAD gene",
    "Genotype": "p.K329E/ p.K329E",
    "Allele 1": {
      "Trivial name": "p.K329E",
      "Systematic name": "c.985A>G",
      "Amino acid change": "Lys>Glu",
      "Nucleotide change": "AAA>GAA",
      "Exon/Intron Boundary/Promotor": "11"
    },
    "Allele 2": {
      "Trivial name": "p.K329E",
      "Systematic name": "c.985A>G",
      "Amino acid change": "Lys>Glu",
      "Nucleotide change": "AAA>GAA",
      "Exon/Intron Boundary/Promotor": "11"
    }
  },
  "Lab findings": [
    {
      "Name": "Carnitine, free",
      "Age": "2 Day(s)",
      "Specimen": "blood",
      "Quantity": "25 micro-mol/l",
      "Quality": "Normal"
    },
    {
      "Name": "Carnitine, free",
      "Age": "8 Day(s)",
      "Specimen": "blood",
      "Quantity": "25 micro-mol/l",
      "Quality": "Normal"
    },
    {
      "Name": "Carnitine, free",
      "Age": "7.06 Month(s)",
      "Specimen": "blood",
      "Quantity": "58 micro-mol/l",
      "Quality": "Normal"
    },
    {
      "Name": "Carnitine, free",
      "Age": "2.09 Year(s)",
      "Specimen": "blood",
      "Quantity": "19 micro-mol/l",
      "Quality": "Normal"
    },
    {
      "Name": "Decanoylcarnitine (C10)",
      "Age": "2 Day(s)",
      "Specimen": "blood",
      "Quantity": "1.01 micro-mol/l",
      "Quality": "Increased"
    },
    {
      "Name": "Decanoylcarnitine (C10)",
      "Age": "8 Day(s)",
      "Specimen": "blood",
      "Quantity": "0.17 micro-mol/l",
      "Quality": "Normal"
    },
    {
      "Name": "Decanoylcarnitine (C10)",
      "Age": "7.06 Month(s)",
      "Specimen": "blood",
      "Quantity": "0.17 micro-mol/l",
      "Quality": "Normal"
    },
    {
      "Name": "Decanoylcarnitine (C10)",
      "Age": "13.04 Month(s)",
      "Specimen": "blood",
      "Quantity": "0.43 micro-mol/l",
      "Quality": "Increased"
    },
    {
      "Name": "Decanoylcarnitine (C10)",
      "Age": "2.09 Year(s)",
      "Specimen": "blood",
      "Quantity": "0.09 micro-mol/l",
      "Quality": "Normal"
    },
    {
      "Name": "Decenoylcarnitine (C10:1)",
      "Age": "2 Day(s)",
      "Specimen": "blood",
      "Quantity": "0.21 micro-mol/l",
      "Quality": "Increased"
    },
    {
      "Name": "Decenoylcarnitine (C10:1)",
      "Age": "8 Day(s)",
      "Specimen": "blood",
      "Quantity": "0.22 micro-mol/l",
      "Quality": "Increased"
    },
    {
      "Name": "Decenoylcarnitine (C10:1)",
      "Age": "7.06 Month(s)",
      "Specimen": "blood",
      "Quantity": "1.83 micro-mol/l",
      "Quality": "Increased"
    },
    {
      "Name": "Decenoylcarnitine (C10:1)",
      "Age": "13.04 Month(s)",
      "Specimen": "blood",
      "Quantity": "0.81 micro-mol/l",
      "Quality": "Increased"
    },
    {
      "Name": "Decenoylcarnitine (C10:1)",
      "Age": "2.09 Year(s)",
      "Specimen": "blood",
      "Quantity": "0.3 micro-mol/l",
      "Quality": "Normal"
    },
    {
      "Name": "Hexanoylcarnitine (C6)",
      "Age": "2 Day(s)",
      "Specimen": "blood",
      "Quantity": "2 micro-mol/l",
      "Quality": "Increased"
    },
    {
      "Name": "Hexanoylcarnitine (C6)",
      "Age": "8 Day(s)",
      "Specimen": "blood",
      "Quantity": "0.28 micro-mol/l",
      "Quality": "Normal"
    },
    {
      "Name": "Hexanoylcarnitine (C6)",
      "Age": "7.06 Month(s)",
      "Specimen": "blood",
      "Quantity": "1.09 micro-mol/l",
      "Quality": "Increased"
    },
    {
      "Name": "Hexanoylcarnitine (C6)",
      "Age": "13.04 Month(s)",
      "Specimen": "blood",
      "Quantity": "0.7 micro-mol/l",
      "Quality": "Normal"
    },
    {
      "Name": "Hexanoylcarnitine (C6)",
      "Age": "2.09 Year(s)",
      "Specimen": "blood",
      "Quantity": "0.23 micro-mol/l",
      "Quality": "Normal"
    },
    {
      "Name": "Octanoyl-/Decanoylcarnitine (C8/C10)",
      "Age": "2 Day(s)",
      "Specimen": "blood",
      "Quantity": "6.2 (ratio)",
      "Quality": "Increased"
    },
    {
      "Name": "Octanoyl-/Decanoylcarnitine (C8/C10)",
      "Age": "7.06 Month(s)",
      "Specimen": "blood",
      "Quantity": "16.07 (ratio)",
      "Quality": "Increased"
    },
    {
      "Name": "Octanoyl-/Decanoylcarnitine (C8/C10)",
      "Age": "13.04 Month(s)",
      "Specimen": "blood",
      "Quantity": "6.5 (ratio)",
      "Quality": "Increased"
    },
    {
      "Name": "Octanoyl-/Decanoylcarnitine (C8/C10)",
      "Age": "2.09 Year(s)",
      "Specimen": "blood",
      "Quantity": "13 (ratio)",
      "Quality": "Increased"
    },
    {
      "Name": "Octanoylcarnitine (C8)",
      "Age": "2 Day(s)",
      "Specimen": "blood",
      "Quantity": "6.25 micro-mol/l",
      "Quality": "Increased"
    },
    {
      "Name": "Octanoylcarnitine (C8)",
      "Age": "8 Day(s)",
      "Specimen": "blood",
      "Quantity": "1.7 micro-mol/l",
      "Quality": "Increased"
    },
    {
      "Name": "Octanoylcarnitine (C8)",
      "Age": "7.06 Month(s)",
      "Specimen": "blood",
      "Quantity": "2.78 micro-mol/l",
      "Quality": "Increased"
    },
    {
      "Name": "Octanoylcarnitine (C8)",
      "Age": "13.04 Month(s)",
      "Specimen": "blood",
      "Quantity": "2.81 micro-mol/l",
      "Quality": "Increased"
    },
    {
      "Name": "Octanoylcarnitine (C8)",
      "Age": "2.09 Year(s)",
      "Specimen": "blood",
      "Quantity": "1.16 micro-mol/l",
      "Quality": "Increased"
    }
  ],
  "Symptoms": [
    {
      "Name": "abnormal in neonatal screening",
      "Age": "2 Day(s)",
      "Range": "yes"
    },
    {
      "Name": "no clinical signs or symptoms",
      "Age": "2.24 Month(s)",
      "Range": "yes"
    }
  ],
  "Diet/drugs": [
    {
      "Name": "L-carnitine",
      "Age": "8 Day(s)",
      "Dosage": "200 mg/day",
      "Route": "oral"
    }
  ],
  "Therapy/development": [
    {
      "Name": "avoidance of fasting",
      "Age": "8 Day(s)",
      "Quantity": "",
      "Type": ""
    },
    {
      "Name": "head circumference",
      "Age": "8 Day(s)",
      "Quantity": "36.5  cm",
      "Type": "development"
    },
    {
      "Name": "head circumference",
      "Age": "2.24 Month(s)",
      "Quantity": "40.5  cm",
      "Type": "development"
    },
    {
      "Name": "head circumference",
      "Age": "13.04 Month(s)",
      "Quantity": "48  cm",
      "Type": "development"
    },
    {
      "Name": "length",
      "Age": "8 Day(s)",
      "Quantity": "50  cm",
      "Type": "development"
    },
    {
      "Name": "length",
      "Age": "2.24 Month(s)",
      "Quantity": "60  cm",
      "Type": "development"
    },
    {
      "Name": "length",
      "Age": "13.04 Month(s)",
      "Quantity": "76  cm",
      "Type": "development"
    },
    {
      "Name": "weight",
      "Age": "8 Day(s)",
      "Quantity": "3.6  kg",
      "Type": "development"
    },
    {
      "Name": "weight",
      "Age": "2.24 Month(s)",
      "Quantity": "5.8  kg",
      "Type": "development"
    },
    {
      "Name": "weight",
      "Age": "13.04 Month(s)",
      "Quantity": "9.6  kg",
      "Type": "development"
    },
    {
      "Name": "weight at birth",
      "Age": "1 Day(s)",
      "Quantity": "3.5  kg",
      "Type": "perinatal"
    }
  ]
}