{
  "MainData": {
    "Patient ID": "1082",
    "Diagnosis": "PHENYLKETONURIA (MIM 261600)",
    "Gender": "f",
    "Age of symptoms onset": "",
    "Age of diagnosis": "6 Day(s)",
    "Found in newborn screening": "y",
    "Diagnosis confirmed": "y",
    "Country": "Germany",
    "Ethnic origin": "Mother: Turkish, Father: Turkish",
    "History": "The patient was found in the newborn screening program with mildly  increased levels of phenylalanine. Diagnosis of hyperphenylalaninemia was confirmed by molecular genetic analysis.",
    "Author": "Friedrich Trefz",
    "Hospital": "Childrens Hospital Reutlingen",
    "Coauthor(s)": "",
    "Date of entry": "2010-03-19"
  },
  "Molecular genetics": {
    "Gene name": "PAH gene",
    "Genotype": "p.R241C/ p.R241C",
    "Allele 1": {
      "Trivial name": "p.R241C",
      "Systematic name": "c.721C>T",
      "Amino acid change": "Arg>Cys",
      "Nucleotide change": "",
      "Exon/Intron Boundary/Promotor": "7"
    },
    "Allele 2": {
      "Trivial name": "p.R241C",
      "Systematic name": "c.721C>T",
      "Amino acid change": "Arg>Cys",
      "Nucleotide change": "",
      "Exon/Intron Boundary/Promotor": "7"
    }
  },
  "Lab findings": [
    {
      "Name": "Phenylalanine",
      "Age": "2 Day(s)",
      "Specimen": "blood",
      "Quantity": "208 micro-mol/l",
      "Quality": "Increased"
    },
    {
      "Name": "Phenylalanine",
      "Age": "6 Day(s)",
      "Specimen": "blood",
      "Quantity": "250 micro-mol/l",
      "Quality": "Increased"
    },
    {
      "Name": "Phenylalanine",
      "Age": "14 Day(s)",
      "Specimen": "blood",
      "Quantity": "390 micro-mol/l",
      "Quality": "Increased"
    },
    {
      "Name": "Phenylalanine",
      "Age": "2.33 Month(s)",
      "Specimen": "blood",
      "Quantity": "149 micro-mol/l",
      "Quality": "Increased"
    },
    {
      "Name": "Phenylalanine",
      "Age": "3.09 Month(s)",
      "Specimen": "blood",
      "Quantity": "338 micro-mol/l",
      "Quality": "Increased"
    },
    {
      "Name": "Phenylalanine",
      "Age": "5.39 Month(s)",
      "Specimen": "blood",
      "Quantity": "298 micro-mol/l",
      "Quality": "Increased"
    },
    {
      "Name": "Phenylalanine",
      "Age": "6.57 Month(s)",
      "Specimen": "blood",
      "Quantity": "398 micro-mol/l",
      "Quality": "Increased"
    },
    {
      "Name": "Phenylalanine",
      "Age": "14.92 Month(s)",
      "Specimen": "blood",
      "Quantity": "386 micro-mol/l",
      "Quality": "Increased"
    },
    {
      "Name": "Tyrosine",
      "Age": "14 Day(s)",
      "Specimen": "blood",
      "Quantity": "72 micro-mol/l",
      "Quality": "Normal"
    },
    {
      "Name": "Tyrosine",
      "Age": "3.09 Month(s)",
      "Specimen": "blood",
      "Quantity": "114 micro-mol/l",
      "Quality": "Normal"
    },
    {
      "Name": "Tyrosine",
      "Age": "5.39 Month(s)",
      "Specimen": "blood",
      "Quantity": "79 micro-mol/l",
      "Quality": "Normal"
    },
    {
      "Name": "Tyrosine",
      "Age": "6.57 Month(s)",
      "Specimen": "blood",
      "Quantity": "102 micro-mol/l",
      "Quality": "Normal"
    },
    {
      "Name": "Tyrosine",
      "Age": "14.92 Month(s)",
      "Specimen": "blood",
      "Quantity": "107 micro-mol/l",
      "Quality": "Normal"
    }
  ],
  "Symptoms": [
    {
      "Name": "abnormal in neonatal screening",
      "Age": "2 Day(s)",
      "Range": "yes"
    },
    {
      "Name": "no clinical signs or symptoms",
      "Age": "14.92 Month(s)",
      "Range": "yes"
    }
  ],
  "Diet/drugs": [],
  "Therapy/development": [
    {
      "Name": "head circumference",
      "Age": "14 Day(s)",
      "Quantity": "34  cm",
      "Type": "development"
    },
    {
      "Name": "head circumference",
      "Age": "7 Week(s)",
      "Quantity": "37.5  cm",
      "Type": "development"
    },
    {
      "Name": "head circumference",
      "Age": "6.57 Month(s)",
      "Quantity": "43  cm",
      "Type": "development"
    },
    {
      "Name": "head circumference",
      "Age": "14.92 Month(s)",
      "Quantity": "46.5  cm",
      "Type": "development"
    },
    {
      "Name": "length",
      "Age": "14 Day(s)",
      "Quantity": "50  cm",
      "Type": "development"
    },
    {
      "Name": "length",
      "Age": "7 Week(s)",
      "Quantity": "51  cm",
      "Type": "development"
    },
    {
      "Name": "length",
      "Age": "6.57 Month(s)",
      "Quantity": "68  cm",
      "Type": "development"
    },
    {
      "Name": "length",
      "Age": "14.92 Month(s)",
      "Quantity": "78  cm",
      "Type": "development"
    },
    {
      "Name": "weight",
      "Age": "14 Day(s)",
      "Quantity": "2.7  kg",
      "Type": "development"
    },
    {
      "Name": "weight",
      "Age": "7 Week(s)",
      "Quantity": "4.4  kg",
      "Type": "development"
    },
    {
      "Name": "weight",
      "Age": "6.57 Month(s)",
      "Quantity": "7.9  kg",
      "Type": "development"
    },
    {
      "Name": "weight",
      "Age": "14.92 Month(s)",
      "Quantity": "10.6  kg",
      "Type": "development"
    }
  ]
}