{
  "MainData": {
    "Patient ID": "1087",
    "Diagnosis": "HOMOCYSTINURIA (MIM 236200)",
    "Gender": "f",
    "Age of symptoms onset": "5 Month(s)",
    "Age of diagnosis": "5.52 Month(s)",
    "Found in newborn screening": "n",
    "Diagnosis confirmed": "y",
    "Country": "Germany",
    "Ethnic origin": "Mother: Turkish, Father: Turkish",
    "History": "Diagnosis of homocystinuria in the first year of life. First treatment in the university children hospital of Ulm (Germany). Bad compliance.\r\nMental retardation and bilateral lens luxation in childhood.\r\nAt 14 years of age, vascular embolism of the legs.\r\nA sister of the patient suffers from homocystinuria, too.",
    "Author": "Friedrich Trefz",
    "Hospital": "Childrens Hospital Reutlingen",
    "Coauthor(s)": "",
    "Date of entry": "2011-04-15"
  },
  "Molecular genetics": {
    "Gene name": "CBS gene",
    "Genotype": "p.L251P7 p.L251P",
    "Allele 1": {
      "Trivial name": "p.L251P",
      "Systematic name": "c.752T>C",
      "Amino acid change": "Leu>Pro",
      "Nucleotide change": "CTT>CCT",
      "Exon/Intron Boundary/Promotor": "9"
    },
    "Allele 2": {
      "Trivial name": "p.L251P",
      "Systematic name": "c.752T>C",
      "Amino acid change": "Leu>Pro",
      "Nucleotide change": "CTT>CCT",
      "Exon/Intron Boundary/Promotor": "9"
    }
  },
  "Lab findings": [
    {
      "Name": "Homocysteine",
      "Age": "24.86 Year(s)",
      "Specimen": "serum/plasma",
      "Quantity": "272 micro-mol/l",
      "Quality": "Increased"
    },
    {
      "Name": "Homocysteine",
      "Age": "24.96 Year(s)",
      "Specimen": "serum/plasma",
      "Quantity": "225 micro-mol/l",
      "Quality": "Increased"
    },
    {
      "Name": "Homocysteine",
      "Age": "25.19 Year(s)",
      "Specimen": "serum/plasma",
      "Quantity": "205 micro-mol/l",
      "Quality": "Increased"
    },
    {
      "Name": "Homocysteine",
      "Age": "25.28 Year(s)",
      "Specimen": "serum/plasma",
      "Quantity": "211 micro-mol/l",
      "Quality": "Increased"
    },
    {
      "Name": "Homocysteine",
      "Age": "25.36 Year(s)",
      "Specimen": "serum/plasma",
      "Quantity": "254 micro-mol/l",
      "Quality": "Increased"
    },
    {
      "Name": "Homocysteine",
      "Age": "25.88 Year(s)",
      "Specimen": "serum/plasma",
      "Quantity": "128 micro-mol/l",
      "Quality": "Increased"
    },
    {
      "Name": "Homocysteine",
      "Age": "27.45 Year(s)",
      "Specimen": "serum/plasma",
      "Quantity": "185 micro-mol/l",
      "Quality": "Increased"
    },
    {
      "Name": "Methionine",
      "Age": "24.86 Year(s)",
      "Specimen": "serum/plasma",
      "Quantity": "742 micro-mol/l",
      "Quality": "Increased"
    },
    {
      "Name": "Methionine",
      "Age": "24.96 Year(s)",
      "Specimen": "serum/plasma",
      "Quantity": "962 micro-mol/l",
      "Quality": "Increased"
    },
    {
      "Name": "Methionine",
      "Age": "25.19 Year(s)",
      "Specimen": "serum/plasma",
      "Quantity": "719 micro-mol/l",
      "Quality": "Increased"
    },
    {
      "Name": "Methionine",
      "Age": "25.28 Year(s)",
      "Specimen": "serum/plasma",
      "Quantity": "856 micro-mol/l",
      "Quality": "Increased"
    },
    {
      "Name": "Methionine",
      "Age": "25.88 Year(s)",
      "Specimen": "serum/plasma",
      "Quantity": "501 micro-mol/l",
      "Quality": "Increased"
    },
    {
      "Name": "Methionine",
      "Age": "27.45 Year(s)",
      "Specimen": "serum/plasma",
      "Quantity": "985 micro-mol/l",
      "Quality": "Increased"
    }
  ],
  "Symptoms": [
    {
      "Name": "mental retardation",
      "Age": "24.86 Year(s)",
      "Range": "++"
    },
    {
      "Name": "thromboembolism",
      "Age": "13.95 Year(s)",
      "Range": "yes"
    }
  ],
  "Diet/drugs": [
    {
      "Name": "betaine",
      "Age": "24.86 Year(s)",
      "Dosage": "6 g/day",
      "Route": "oral"
    },
    {
      "Name": "folic acid",
      "Age": "24.86 Year(s)",
      "Dosage": "5 mg/day",
      "Route": "oral"
    },
    {
      "Name": "vitamin B 6 (pyridoxine)",
      "Age": "24.86 Year(s)",
      "Dosage": "240 mg/day",
      "Route": "oral"
    }
  ],
  "Therapy/development": [
    {
      "Name": "blood pressure, diastolic",
      "Age": "24.86 Year(s)",
      "Quantity": "73 mmHG",
      "Type": ""
    },
    {
      "Name": "blood pressure, diastolic",
      "Age": "25.28 Year(s)",
      "Quantity": "91 mmHG",
      "Type": ""
    },
    {
      "Name": "blood pressure, systolic",
      "Age": "24.86 Year(s)",
      "Quantity": "108 mmHG",
      "Type": ""
    },
    {
      "Name": "blood pressure, systolic",
      "Age": "25.28 Year(s)",
      "Quantity": "149 mmHG",
      "Type": ""
    },
    {
      "Name": "length",
      "Age": "24.86 Year(s)",
      "Quantity": "164  cm",
      "Type": "development"
    },
    {
      "Name": "weight",
      "Age": "24.86 Year(s)",
      "Quantity": "72.3  kg",
      "Type": "development"
    },
    {
      "Name": "weight",
      "Age": "25.28 Year(s)",
      "Quantity": "78.1  kg",
      "Type": "development"
    }
  ]
}