{
  "MainData": {
    "Patient ID": "1097",
    "Diagnosis": "PHENYLKETONURIA (MIM 261600)",
    "Gender": "f",
    "Age of symptoms onset": "",
    "Age of diagnosis": "13 Day(s)",
    "Found in newborn screening": "y",
    "Diagnosis confirmed": "n",
    "Country": "Germany",
    "Ethnic origin": "Mother: German, Father: German",
    "History": "The patient was found in the newborn screening program with mildly elevated levels of phenylalanine.\r\nBH4 loading test showed significant decrease of phe level.\r\nHyperphenylalaninemia, no necessity of treatment.",
    "Author": "Friedrich Trefz",
    "Hospital": "Childrens Hospital Reutlingen",
    "Coauthor(s)": "",
    "Date of entry": "2012-04-04"
  },
  "Molecular genetics": {
    "Gene name": "PAH gene",
    "Genotype": "p.A403V/ IVS12+1G>A",
    "Allele 1": {
      "Trivial name": "p.A403V",
      "Systematic name": "c.1208C>T",
      "Amino acid change": "Ala>Val",
      "Nucleotide change": "GCT>GTT",
      "Exon/Intron Boundary/Promotor": "12"
    },
    "Allele 2": {
      "Trivial name": "IVS12+1G>A",
      "Systematic name": "c.1315+1g->a",
      "Amino acid change": "",
      "Nucleotide change": "",
      "Exon/Intron Boundary/Promotor": "12"
    }
  },
  "Lab findings": [
    {
      "Name": "Phenylalanine",
      "Age": "18 Day(s)",
      "Specimen": "blood",
      "Quantity": "77 micro-mol/l",
      "Quality": "Normal"
    },
    {
      "Name": "Phenylalanine",
      "Age": "18 Day(s)",
      "Specimen": "blood",
      "Quantity": "30 micro-mol/l",
      "Quality": "Normal"
    },
    {
      "Name": "Phenylalanine",
      "Age": "18 Day(s)",
      "Specimen": "blood",
      "Quantity": "43 micro-mol/l",
      "Quality": "Normal"
    },
    {
      "Name": "Phenylalanine",
      "Age": "18 Day(s)",
      "Specimen": "blood",
      "Quantity": "320 micro-mol/l",
      "Quality": "Increased"
    },
    {
      "Name": "Phenylalanine",
      "Age": "19 Day(s)",
      "Specimen": "blood",
      "Quantity": "275 micro-mol/l",
      "Quality": "Increased"
    },
    {
      "Name": "Phenylalanine",
      "Age": "3.43 Week(s)",
      "Specimen": "blood",
      "Quantity": "312 micro-mol/l",
      "Quality": "Increased"
    },
    {
      "Name": "Phenylalanine",
      "Age": "2.17 Month(s)",
      "Specimen": "blood",
      "Quantity": "251 micro-mol/l",
      "Quality": "Increased"
    },
    {
      "Name": "Phenylalanine",
      "Age": "3.94 Month(s)",
      "Specimen": "blood",
      "Quantity": "277 micro-mol/l",
      "Quality": "Increased"
    },
    {
      "Name": "Phenylalanine",
      "Age": "4.86 Month(s)",
      "Specimen": "blood",
      "Quantity": "355 micro-mol/l",
      "Quality": "Increased"
    },
    {
      "Name": "Phenylalanine",
      "Age": "6.9 Month(s)",
      "Specimen": "blood",
      "Quantity": "185 micro-mol/l",
      "Quality": "Increased"
    },
    {
      "Name": "Phenylalanine",
      "Age": "7.92 Month(s)",
      "Specimen": "blood",
      "Quantity": "139 micro-mol/l",
      "Quality": "Increased"
    },
    {
      "Name": "Phenylalanine",
      "Age": "9.07 Month(s)",
      "Specimen": "blood",
      "Quantity": "194 micro-mol/l",
      "Quality": "Increased"
    },
    {
      "Name": "Phenylalanine",
      "Age": "10.02 Month(s)",
      "Specimen": "blood",
      "Quantity": "208 micro-mol/l",
      "Quality": "Increased"
    },
    {
      "Name": "Phenylalanine",
      "Age": "11.1 Month(s)",
      "Specimen": "blood",
      "Quantity": "176 micro-mol/l",
      "Quality": "Increased"
    },
    {
      "Name": "Phenylalanine",
      "Age": "12.39 Month(s)",
      "Specimen": "blood",
      "Quantity": "170 micro-mol/l",
      "Quality": "Increased"
    },
    {
      "Name": "Phenylalanine",
      "Age": "15.48 Month(s)",
      "Specimen": "blood",
      "Quantity": "234 micro-mol/l",
      "Quality": "Increased"
    },
    {
      "Name": "Phenylalanine",
      "Age": "18.1 Month(s)",
      "Specimen": "blood",
      "Quantity": "267 micro-mol/l",
      "Quality": "Increased"
    },
    {
      "Name": "Phenylalanine",
      "Age": "22.21 Month(s)",
      "Specimen": "blood",
      "Quantity": "212 micro-mol/l",
      "Quality": "Increased"
    },
    {
      "Name": "Phenylalanine",
      "Age": "2.39 Year(s)",
      "Specimen": "blood",
      "Quantity": "343 micro-mol/l",
      "Quality": "Increased"
    },
    {
      "Name": "Tyrosine",
      "Age": "18 Day(s)",
      "Specimen": "blood",
      "Quantity": "79 micro-mol/l",
      "Quality": "Normal"
    },
    {
      "Name": "Tyrosine",
      "Age": "19 Day(s)",
      "Specimen": "blood",
      "Quantity": "76 micro-mol/l",
      "Quality": "Normal"
    },
    {
      "Name": "Tyrosine",
      "Age": "3.43 Week(s)",
      "Specimen": "blood",
      "Quantity": "125 micro-mol/l",
      "Quality": "Normal"
    },
    {
      "Name": "Tyrosine",
      "Age": "2.17 Month(s)",
      "Specimen": "blood",
      "Quantity": "100 micro-mol/l",
      "Quality": "Normal"
    },
    {
      "Name": "Tyrosine",
      "Age": "3.94 Month(s)",
      "Specimen": "blood",
      "Quantity": "61 micro-mol/l",
      "Quality": "Normal"
    },
    {
      "Name": "Tyrosine",
      "Age": "4.86 Month(s)",
      "Specimen": "blood",
      "Quantity": "163 micro-mol/l",
      "Quality": "Normal"
    },
    {
      "Name": "Tyrosine",
      "Age": "6.9 Month(s)",
      "Specimen": "blood",
      "Quantity": "51 micro-mol/l",
      "Quality": "Normal"
    },
    {
      "Name": "Tyrosine",
      "Age": "7.92 Month(s)",
      "Specimen": "blood",
      "Quantity": "43 micro-mol/l",
      "Quality": "Normal"
    },
    {
      "Name": "Tyrosine",
      "Age": "9.07 Month(s)",
      "Specimen": "blood",
      "Quantity": "56 micro-mol/l",
      "Quality": "Normal"
    },
    {
      "Name": "Tyrosine",
      "Age": "10.02 Month(s)",
      "Specimen": "blood",
      "Quantity": "92 micro-mol/l",
      "Quality": "Normal"
    },
    {
      "Name": "Tyrosine",
      "Age": "11.1 Month(s)",
      "Specimen": "blood",
      "Quantity": "91 micro-mol/l",
      "Quality": "Normal"
    },
    {
      "Name": "Tyrosine",
      "Age": "12.39 Month(s)",
      "Specimen": "blood",
      "Quantity": "100 micro-mol/l",
      "Quality": "Normal"
    },
    {
      "Name": "Tyrosine",
      "Age": "15.48 Month(s)",
      "Specimen": "blood",
      "Quantity": "90 micro-mol/l",
      "Quality": "Normal"
    },
    {
      "Name": "Tyrosine",
      "Age": "18.1 Month(s)",
      "Specimen": "blood",
      "Quantity": "105 micro-mol/l",
      "Quality": "Normal"
    },
    {
      "Name": "Tyrosine",
      "Age": "22.21 Month(s)",
      "Specimen": "blood",
      "Quantity": "90 micro-mol/l",
      "Quality": "Normal"
    },
    {
      "Name": "Tyrosine",
      "Age": "2.39 Year(s)",
      "Specimen": "blood",
      "Quantity": "128 micro-mol/l",
      "Quality": "Normal"
    }
  ],
  "Symptoms": [
    {
      "Name": "abnormal in neonatal screening",
      "Age": "3 Day(s)",
      "Range": "yes"
    },
    {
      "Name": "no clinical signs or symptoms",
      "Age": "3.94 Month(s)",
      "Range": "yes"
    },
    {
      "Name": "no clinical signs or symptoms",
      "Age": "18.3 Month(s)",
      "Range": "yes"
    }
  ],
  "Diet/drugs": [],
  "Therapy/development": [
    {
      "Name": "head circumference",
      "Age": "18.3 Month(s)",
      "Quantity": "46.5  cm",
      "Type": "development"
    },
    {
      "Name": "length",
      "Age": "18.3 Month(s)",
      "Quantity": "80  cm",
      "Type": "development"
    },
    {
      "Name": "weight",
      "Age": "19 Day(s)",
      "Quantity": "4.2  kg",
      "Type": "development"
    },
    {
      "Name": "weight",
      "Age": "18.3 Month(s)",
      "Quantity": "9.8  kg",
      "Type": "development"
    },
    {
      "Name": "weight at birth",
      "Age": "1 Day(s)",
      "Quantity": "3.4  kg",
      "Type": "perinatal"
    }
  ]
}