{
  "MainData": {
    "Patient ID": "123",
    "Diagnosis": "PHENYLKETONURIA (MIM 261600)",
    "Gender": "f",
    "Age of symptoms onset": "0 Day(s)",
    "Age of diagnosis": "5 Day(s)",
    "Found in newborn screening": "y",
    "Diagnosis confirmed": "y",
    "Country": "Germany",
    "Ethnic origin": "Mother: German, Father: German",
    "History": "Increased phe in newborn-screening. Phe-\r\nrestricted diet from the 30th day of life. \r\nThe patient is one of the first children \r\nscreened as a newborn in Germany. Normal \r\ndevelopment. She has graduaded, now she has a good job in the administration.",
    "Author": "Friedrich Trefz",
    "Hospital": "Childrens Hospital Reutlingen",
    "Coauthor(s)": "",
    "Date of entry": "2001-03-31"
  },
  "Molecular genetics": {
    "Gene name": "PAH gene",
    "Genotype": "p.R408W/ IVS12nt1g>a",
    "Allele 1": {
      "Trivial name": "p.R408W",
      "Systematic name": "c.1222C->T",
      "Amino acid change": "Arg->Trp",
      "Nucleotide change": "CGG->TGG",
      "Exon/Intron Boundary/Promotor": "12"
    },
    "Allele 2": {
      "Trivial name": "IVS12nt1g->a",
      "Systematic name": "c.1315+1g->a",
      "Amino acid change": "a",
      "Nucleotide change": "",
      "Exon/Intron Boundary/Promotor": ""
    }
  },
  "Lab findings": [
    {
      "Name": "Phenylalanine",
      "Age": "3.57 Week(s)",
      "Specimen": "blood",
      "Quantity": "2700 micro-mol/l",
      "Quality": "Increased"
    },
    {
      "Name": "Phenylalanine",
      "Age": "6.29 Week(s)",
      "Specimen": "blood",
      "Quantity": "1608 micro-mol/l",
      "Quality": "Increased"
    },
    {
      "Name": "Phenylalanine",
      "Age": "7.29 Week(s)",
      "Specimen": "blood",
      "Quantity": "858 micro-mol/l",
      "Quality": "Increased"
    },
    {
      "Name": "Phenylalanine",
      "Age": "8.14 Week(s)",
      "Specimen": "blood",
      "Quantity": "258 micro-mol/l",
      "Quality": "Increased"
    },
    {
      "Name": "Phenylalanine",
      "Age": "13.89 Year(s)",
      "Specimen": "blood",
      "Quantity": "810 micro-mol/l",
      "Quality": "Increased"
    },
    {
      "Name": "Phenylalanine",
      "Age": "17.49 Year(s)",
      "Specimen": "blood",
      "Quantity": "1500 micro-mol/l",
      "Quality": "Increased"
    },
    {
      "Name": "Phenylalanine",
      "Age": "20.58 Year(s)",
      "Specimen": "blood",
      "Quantity": "2280 micro-mol/l",
      "Quality": "Increased"
    },
    {
      "Name": "Phenylalanine",
      "Age": "22.6 Year(s)",
      "Specimen": "blood",
      "Quantity": "1200 micro-mol/l",
      "Quality": "Increased"
    },
    {
      "Name": "Phenylalanine",
      "Age": "23.52 Year(s)",
      "Specimen": "blood",
      "Quantity": "1080 micro-mol/l",
      "Quality": "Increased"
    },
    {
      "Name": "Phenylalanine",
      "Age": "24.62 Year(s)",
      "Specimen": "blood",
      "Quantity": "1260 micro-mol/l",
      "Quality": "Increased"
    },
    {
      "Name": "Phenylalanine",
      "Age": "24.77 Year(s)",
      "Specimen": "blood",
      "Quantity": "1200 micro-mol/l",
      "Quality": "Increased"
    },
    {
      "Name": "Phenylalanine",
      "Age": "25.16 Year(s)",
      "Specimen": "blood",
      "Quantity": "1080 micro-mol/l",
      "Quality": "Increased"
    },
    {
      "Name": "Phenylalanine",
      "Age": "25.66 Year(s)",
      "Specimen": "blood",
      "Quantity": "1050 micro-mol/l",
      "Quality": "Increased"
    },
    {
      "Name": "Phenylalanine",
      "Age": "26.3 Year(s)",
      "Specimen": "blood",
      "Quantity": "1056 micro-mol/l",
      "Quality": "Increased"
    },
    {
      "Name": "Phenylalanine",
      "Age": "26.55 Year(s)",
      "Specimen": "blood",
      "Quantity": "930 micro-mol/l",
      "Quality": "Increased"
    },
    {
      "Name": "Tyrosine",
      "Age": "26.55 Year(s)",
      "Specimen": "blood",
      "Quantity": "33 micro-mol/l",
      "Quality": "Decreased"
    }
  ],
  "Symptoms": [
    {
      "Name": "no clinical signs or symptoms",
      "Age": "26.55 Year(s)",
      "Range": "yes"
    }
  ],
  "Diet/drugs": [],
  "Therapy/development": []
}