{
  "MainData": {
    "Patient ID": "133",
    "Diagnosis": "MAPLE SYRUP URINE DISEASE (MIM 248600)",
    "Gender": "m",
    "Age of symptoms onset": "2 Week(s)",
    "Age of diagnosis": "20 Day(s)",
    "Found in newborn screening": "y",
    "Diagnosis confirmed": "y",
    "Country": "Germany",
    "Ethnic origin": "Mother: Turkish, Father: Turkish",
    "History": "At the age of 2 weeks, the infant   was transferred to hospital because of feeding problems and hypotonia alternating with opisthotonus. Branched chain  amino acids were highly increased.\nThe infant could be treated conservatively with protein restriction, and  intravenous hyperalimentation together with amino acid supplementaion.\nAt that time extended newborn screening was just started (University of Heidelberg, Germany), the patient also was found in this screening project with highly elevated leucine.",
    "Author": "Friedrich Trefz",
    "Hospital": "Childrens Hospital Reutlingen",
    "Coauthor(s)": "",
    "Date of entry": "2001-03-31"
  },
  "Molecular genetics": {
    "Gene name": "",
    "Genotype": "",
    "Allele 1": {
      "Trivial name": "",
      "Systematic name": "",
      "Amino acid change": "",
      "Nucleotide change": "",
      "Exon/Intron Boundary/Promotor": ""
    },
    "Allele 2": {
      "Trivial name": "",
      "Systematic name": "",
      "Amino acid change": "",
      "Nucleotide change": "",
      "Exon/Intron Boundary/Promotor": ""
    }
  },
  "Lab findings": [
    {
      "Name": "Acetoacetic acid",
      "Age": "3.46 Year(s)",
      "Specimen": "urine",
      "Quantity": "",
      "Quality": "Increased"
    },
    {
      "Name": "allo-Isoleucine",
      "Age": "5.11 Year(s)",
      "Specimen": "serum/plasma",
      "Quantity": "104 micro-mol/l",
      "Quality": "Increased"
    },
    {
      "Name": "allo-Isoleucine",
      "Age": "5.44 Year(s)",
      "Specimen": "serum/plasma",
      "Quantity": "72 micro-mol/l",
      "Quality": "Increased"
    },
    {
      "Name": "allo-Isoleucine",
      "Age": "5.53 Year(s)",
      "Specimen": "serum/plasma",
      "Quantity": "63 micro-mol/l",
      "Quality": "Increased"
    },
    {
      "Name": "allo-Isoleucine",
      "Age": "5.61 Year(s)",
      "Specimen": "serum/plasma",
      "Quantity": "94 micro-mol/l",
      "Quality": "Increased"
    },
    {
      "Name": "allo-Isoleucine",
      "Age": "5.75 Year(s)",
      "Specimen": "serum/plasma",
      "Quantity": "72 micro-mol/l",
      "Quality": "Increased"
    },
    {
      "Name": "allo-Isoleucine",
      "Age": "5.84 Year(s)",
      "Specimen": "serum/plasma",
      "Quantity": "66 micro-mol/l",
      "Quality": "Increased"
    },
    {
      "Name": "allo-Isoleucine",
      "Age": "5.99 Year(s)",
      "Specimen": "serum/plasma",
      "Quantity": "76 micro-mol/l",
      "Quality": "Increased"
    },
    {
      "Name": "allo-Isoleucine",
      "Age": "6.05 Year(s)",
      "Specimen": "serum/plasma",
      "Quantity": "75 micro-mol/l",
      "Quality": "Increased"
    },
    {
      "Name": "allo-Isoleucine",
      "Age": "6.35 Year(s)",
      "Specimen": "serum/plasma",
      "Quantity": "78 micro-mol/l",
      "Quality": "Increased"
    },
    {
      "Name": "allo-Isoleucine",
      "Age": "6.49 Year(s)",
      "Specimen": "serum/plasma",
      "Quantity": "58 micro-mol/l",
      "Quality": "Increased"
    },
    {
      "Name": "allo-Isoleucine",
      "Age": "6.58 Year(s)",
      "Specimen": "serum/plasma",
      "Quantity": "42 micro-mol/l",
      "Quality": "Increased"
    },
    {
      "Name": "allo-Isoleucine",
      "Age": "6.67 Year(s)",
      "Specimen": "serum/plasma",
      "Quantity": "57 micro-mol/l",
      "Quality": "Increased"
    },
    {
      "Name": "allo-Isoleucine",
      "Age": "6.76 Year(s)",
      "Specimen": "serum/plasma",
      "Quantity": "125 micro-mol/l",
      "Quality": "Increased"
    },
    {
      "Name": "allo-Isoleucine",
      "Age": "6.78 Year(s)",
      "Specimen": "serum/plasma",
      "Quantity": "116 micro-mol/l",
      "Quality": "Increased"
    },
    {
      "Name": "allo-Isoleucine",
      "Age": "6.83 Year(s)",
      "Specimen": "serum/plasma",
      "Quantity": "65 micro-mol/l",
      "Quality": "Increased"
    },
    {
      "Name": "allo-Isoleucine",
      "Age": "6.85 Year(s)",
      "Specimen": "serum/plasma",
      "Quantity": "68 micro-mol/l",
      "Quality": "Increased"
    },
    {
      "Name": "allo-Isoleucine",
      "Age": "6.88 Year(s)",
      "Specimen": "serum/plasma",
      "Quantity": "69 micro-mol/l",
      "Quality": "Increased"
    },
    {
      "Name": "allo-Isoleucine",
      "Age": "7.01 Year(s)",
      "Specimen": "serum/plasma",
      "Quantity": "71 micro-mol/l",
      "Quality": "Increased"
    },
    {
      "Name": "allo-Isoleucine",
      "Age": "7.12 Year(s)",
      "Specimen": "serum/plasma",
      "Quantity": "93 micro-mol/l",
      "Quality": "Increased"
    },
    {
      "Name": "allo-Isoleucine",
      "Age": "7.2 Year(s)",
      "Specimen": "serum/plasma",
      "Quantity": "60 micro-mol/l",
      "Quality": "Increased"
    },
    {
      "Name": "allo-Isoleucine",
      "Age": "7.33 Year(s)",
      "Specimen": "serum/plasma",
      "Quantity": "51 micro-mol/l",
      "Quality": "Increased"
    },
    {
      "Name": "allo-Isoleucine",
      "Age": "7.7 Year(s)",
      "Specimen": "serum/plasma",
      "Quantity": "150 micro-mol/l",
      "Quality": "Increased"
    },
    {
      "Name": "allo-Isoleucine",
      "Age": "8.39 Year(s)",
      "Specimen": "serum/plasma",
      "Quantity": "79 micro-mol/l",
      "Quality": "Increased"
    },
    {
      "Name": "allo-Isoleucine",
      "Age": "8.56 Year(s)",
      "Specimen": "serum/plasma",
      "Quantity": "117 micro-mol/l",
      "Quality": "Increased"
    },
    {
      "Name": "allo-Isoleucine",
      "Age": "12.24 Year(s)",
      "Specimen": "serum/plasma",
      "Quantity": "78 micro-mol/l",
      "Quality": "Increased"
    },
    {
      "Name": "allo-Isoleucine",
      "Age": "12.75 Year(s)",
      "Specimen": "serum/plasma",
      "Quantity": "92 micro-mol/l",
      "Quality": "Increased"
    },
    {
      "Name": "allo-Isoleucine",
      "Age": "13.74 Year(s)",
      "Specimen": "serum/plasma",
      "Quantity": "98 micro-mol/l",
      "Quality": "Increased"
    },
    {
      "Name": "Carnitine, free",
      "Age": "5.11 Year(s)",
      "Specimen": "blood",
      "Quantity": "34 micro-mol/l",
      "Quality": "Normal"
    },
    {
      "Name": "Carnitine, free",
      "Age": "5.53 Year(s)",
      "Specimen": "blood",
      "Quantity": "29 micro-mol/l",
      "Quality": "Normal"
    },
    {
      "Name": "Isoleucine",
      "Age": "20 Day(s)",
      "Specimen": "serum/plasma",
      "Quantity": "370 micro-mol/l",
      "Quality": "Increased"
    },
    {
      "Name": "Isoleucine",
      "Age": "5.01 Week(s)",
      "Specimen": "serum/plasma",
      "Quantity": "182.4 micro-mol/l",
      "Quality": "Increased"
    },
    {
      "Name": "Isoleucine",
      "Age": "7.01 Week(s)",
      "Specimen": "serum/plasma",
      "Quantity": "197.6 micro-mol/l",
      "Quality": "Increased"
    },
    {
      "Name": "Isoleucine",
      "Age": "8.01 Week(s)",
      "Specimen": "serum/plasma",
      "Quantity": "152 micro-mol/l",
      "Quality": "Increased"
    },
    {
      "Name": "Isoleucine",
      "Age": "2.2 Month(s)",
      "Specimen": "serum/plasma",
      "Quantity": "296.4 micro-mol/l",
      "Quality": "Increased"
    },
    {
      "Name": "Isoleucine",
      "Age": "2.66 Month(s)",
      "Specimen": "serum/plasma",
      "Quantity": "76 micro-mol/l",
      "Quality": "Normal"
    },
    {
      "Name": "Isoleucine",
      "Age": "3.78 Month(s)",
      "Specimen": "serum/plasma",
      "Quantity": "250.8 micro-mol/l",
      "Quality": "Increased"
    },
    {
      "Name": "Isoleucine",
      "Age": "4.24 Month(s)",
      "Specimen": "serum/plasma",
      "Quantity": "159.6 micro-mol/l",
      "Quality": "Increased"
    },
    {
      "Name": "Isoleucine",
      "Age": "4.7 Month(s)",
      "Specimen": "serum/plasma",
      "Quantity": "182.4 micro-mol/l",
      "Quality": "Increased"
    },
    {
      "Name": "Isoleucine",
      "Age": "5.16 Month(s)",
      "Specimen": "serum/plasma",
      "Quantity": "212.8 micro-mol/l",
      "Quality": "Increased"
    },
    {
      "Name": "Isoleucine",
      "Age": "6.34 Month(s)",
      "Specimen": "serum/plasma",
      "Quantity": "114 micro-mol/l",
      "Quality": "Normal"
    },
    {
      "Name": "Isoleucine",
      "Age": "7.23 Month(s)",
      "Specimen": "serum/plasma",
      "Quantity": "83.6 micro-mol/l",
      "Quality": "Normal"
    },
    {
      "Name": "Isoleucine",
      "Age": "8.38 Month(s)",
      "Specimen": "serum/plasma",
      "Quantity": "250.8 micro-mol/l",
      "Quality": "Increased"
    },
    {
      "Name": "Isoleucine",
      "Age": "9.17 Month(s)",
      "Specimen": "serum/plasma",
      "Quantity": "212.8 micro-mol/l",
      "Quality": "Increased"
    },
    {
      "Name": "Isoleucine",
      "Age": "11.17 Month(s)",
      "Specimen": "serum/plasma",
      "Quantity": "205.2 micro-mol/l",
      "Quality": "Increased"
    },
    {
      "Name": "Isoleucine",
      "Age": "12.55 Month(s)",
      "Specimen": "serum/plasma",
      "Quantity": "91.2 micro-mol/l",
      "Quality": "Normal"
    },
    {
      "Name": "Isoleucine",
      "Age": "13.77 Month(s)",
      "Specimen": "serum/plasma",
      "Quantity": "114 micro-mol/l",
      "Quality": "Normal"
    },
    {
      "Name": "Isoleucine",
      "Age": "14.59 Month(s)",
      "Specimen": "serum/plasma",
      "Quantity": "45.6 micro-mol/l",
      "Quality": "Normal"
    },
    {
      "Name": "Isoleucine",
      "Age": "21.06 Month(s)",
      "Specimen": "serum/plasma",
      "Quantity": "53.2 micro-mol/l",
      "Quality": "Normal"
    },
    {
      "Name": "Isoleucine",
      "Age": "22.44 Month(s)",
      "Specimen": "serum/plasma",
      "Quantity": "205.2 micro-mol/l",
      "Quality": "Increased"
    },
    {
      "Name": "Isoleucine",
      "Age": "23.79 Month(s)",
      "Specimen": "serum/plasma",
      "Quantity": "144.4 micro-mol/l",
      "Quality": "Increased"
    },
    {
      "Name": "Isoleucine",
      "Age": "2.01 Year(s)",
      "Specimen": "serum/plasma",
      "Quantity": "159.6 micro-mol/l",
      "Quality": "Increased"
    },
    {
      "Name": "Isoleucine",
      "Age": "2.04 Year(s)",
      "Specimen": "serum/plasma",
      "Quantity": "250.8 micro-mol/l",
      "Quality": "Increased"
    },
    {
      "Name": "Isoleucine",
      "Age": "2.12 Year(s)",
      "Specimen": "serum/plasma",
      "Quantity": "212.8 micro-mol/l",
      "Quality": "Increased"
    },
    {
      "Name": "Isoleucine",
      "Age": "3.3 Year(s)",
      "Specimen": "serum/plasma",
      "Quantity": "167.2 micro-mol/l",
      "Quality": "Increased"
    },
    {
      "Name": "Isoleucine",
      "Age": "3.46 Year(s)",
      "Specimen": "serum/plasma",
      "Quantity": "91.2 micro-mol/l",
      "Quality": "Normal"
    },
    {
      "Name": "Isoleucine",
      "Age": "3.63 Year(s)",
      "Specimen": "serum/plasma",
      "Quantity": "152 micro-mol/l",
      "Quality": "Increased"
    },
    {
      "Name": "Isoleucine",
      "Age": "3.92 Year(s)",
      "Specimen": "serum/plasma",
      "Quantity": "266 micro-mol/l",
      "Quality": "Increased"
    },
    {
      "Name": "Isoleucine",
      "Age": "4.08 Year(s)",
      "Specimen": "serum/plasma",
      "Quantity": "205.2 micro-mol/l",
      "Quality": "Increased"
    },
    {
      "Name": "Isoleucine",
      "Age": "4.14 Year(s)",
      "Specimen": "serum/plasma",
      "Quantity": "250.8 micro-mol/l",
      "Quality": "Increased"
    },
    {
      "Name": "Isoleucine",
      "Age": "4.15 Year(s)",
      "Specimen": "serum/plasma",
      "Quantity": "243.2 micro-mol/l",
      "Quality": "Increased"
    },
    {
      "Name": "Isoleucine",
      "Age": "4.17 Year(s)",
      "Specimen": "serum/plasma",
      "Quantity": "83.6 micro-mol/l",
      "Quality": "Normal"
    },
    {
      "Name": "Isoleucine",
      "Age": "4.28 Year(s)",
      "Specimen": "serum/plasma",
      "Quantity": "152 micro-mol/l",
      "Quality": "Increased"
    },
    {
      "Name": "Isoleucine",
      "Age": "5.11 Year(s)",
      "Specimen": "serum/plasma",
      "Quantity": "170 micro-mol/l",
      "Quality": "Increased"
    },
    {
      "Name": "Isoleucine",
      "Age": "5.44 Year(s)",
      "Specimen": "serum/plasma",
      "Quantity": "124 micro-mol/l",
      "Quality": "Normal"
    },
    {
      "Name": "Isoleucine",
      "Age": "5.53 Year(s)",
      "Specimen": "serum/plasma",
      "Quantity": "91 micro-mol/l",
      "Quality": "Normal"
    },
    {
      "Name": "Isoleucine",
      "Age": "5.61 Year(s)",
      "Specimen": "serum/plasma",
      "Quantity": "112 micro-mol/l",
      "Quality": "Normal"
    },
    {
      "Name": "Isoleucine",
      "Age": "5.75 Year(s)",
      "Specimen": "serum/plasma",
      "Quantity": "124 micro-mol/l",
      "Quality": "Normal"
    },
    {
      "Name": "Isoleucine",
      "Age": "5.84 Year(s)",
      "Specimen": "serum/plasma",
      "Quantity": "125 micro-mol/l",
      "Quality": "Increased"
    },
    {
      "Name": "Isoleucine",
      "Age": "5.99 Year(s)",
      "Specimen": "serum/plasma",
      "Quantity": "12 micro-mol/l",
      "Quality": "Decreased"
    },
    {
      "Name": "Isoleucine",
      "Age": "6.05 Year(s)",
      "Specimen": "serum/plasma",
      "Quantity": "194 micro-mol/l",
      "Quality": "Increased"
    },
    {
      "Name": "Isoleucine",
      "Age": "6.35 Year(s)",
      "Specimen": "serum/plasma",
      "Quantity": "152 micro-mol/l",
      "Quality": "Increased"
    },
    {
      "Name": "Isoleucine",
      "Age": "6.49 Year(s)",
      "Specimen": "serum/plasma",
      "Quantity": "128 micro-mol/l",
      "Quality": "Increased"
    },
    {
      "Name": "Isoleucine",
      "Age": "6.58 Year(s)",
      "Specimen": "serum/plasma",
      "Quantity": "72 micro-mol/l",
      "Quality": "Normal"
    },
    {
      "Name": "Isoleucine",
      "Age": "6.67 Year(s)",
      "Specimen": "serum/plasma",
      "Quantity": "166 micro-mol/l",
      "Quality": "Increased"
    },
    {
      "Name": "Isoleucine",
      "Age": "6.76 Year(s)",
      "Specimen": "serum/plasma",
      "Quantity": "205 micro-mol/l",
      "Quality": "Increased"
    },
    {
      "Name": "Isoleucine",
      "Age": "6.78 Year(s)",
      "Specimen": "serum/plasma",
      "Quantity": "211 micro-mol/l",
      "Quality": "Increased"
    },
    {
      "Name": "Isoleucine",
      "Age": "6.83 Year(s)",
      "Specimen": "serum/plasma",
      "Quantity": "97 micro-mol/l",
      "Quality": "Normal"
    },
    {
      "Name": "Isoleucine",
      "Age": "6.85 Year(s)",
      "Specimen": "serum/plasma",
      "Quantity": "51 micro-mol/l",
      "Quality": "Normal"
    },
    {
      "Name": "Isoleucine",
      "Age": "6.88 Year(s)",
      "Specimen": "serum/plasma",
      "Quantity": "163 micro-mol/l",
      "Quality": "Increased"
    },
    {
      "Name": "Isoleucine",
      "Age": "7.01 Year(s)",
      "Specimen": "serum/plasma",
      "Quantity": "91 micro-mol/l",
      "Quality": "Normal"
    },
    {
      "Name": "Isoleucine",
      "Age": "7.12 Year(s)",
      "Specimen": "serum/plasma",
      "Quantity": "170 micro-mol/l",
      "Quality": "Increased"
    },
    {
      "Name": "Isoleucine",
      "Age": "7.2 Year(s)",
      "Specimen": "serum/plasma",
      "Quantity": "107 micro-mol/l",
      "Quality": "Normal"
    },
    {
      "Name": "Isoleucine",
      "Age": "7.33 Year(s)",
      "Specimen": "serum/plasma",
      "Quantity": "89 micro-mol/l",
      "Quality": "Normal"
    },
    {
      "Name": "Isoleucine",
      "Age": "7.44 Year(s)",
      "Specimen": "serum/plasma",
      "Quantity": "161 micro-mol/l",
      "Quality": "Increased"
    },
    {
      "Name": "Isoleucine",
      "Age": "7.7 Year(s)",
      "Specimen": "serum/plasma",
      "Quantity": "123 micro-mol/l",
      "Quality": "Increased"
    },
    {
      "Name": "Isoleucine",
      "Age": "8.39 Year(s)",
      "Specimen": "serum/plasma",
      "Quantity": "131 micro-mol/l",
      "Quality": "Increased"
    },
    {
      "Name": "Isoleucine",
      "Age": "8.56 Year(s)",
      "Specimen": "serum/plasma",
      "Quantity": "213 micro-mol/l",
      "Quality": "Increased"
    },
    {
      "Name": "Isoleucine",
      "Age": "8.93 Year(s)",
      "Specimen": "serum/plasma",
      "Quantity": "132 micro-mol/l",
      "Quality": "Increased"
    },
    {
      "Name": "Isoleucine",
      "Age": "9.43 Year(s)",
      "Specimen": "serum/plasma",
      "Quantity": "180 micro-mol/l",
      "Quality": "Increased"
    },
    {
      "Name": "Isoleucine",
      "Age": "9.57 Year(s)",
      "Specimen": "serum/plasma",
      "Quantity": "25 micro-mol/l",
      "Quality": "Normal"
    },
    {
      "Name": "Isoleucine",
      "Age": "10.3 Year(s)",
      "Specimen": "serum/plasma",
      "Quantity": "157 micro-mol/l",
      "Quality": "Increased"
    },
    {
      "Name": "Isoleucine",
      "Age": "11.07 Year(s)",
      "Specimen": "serum/plasma",
      "Quantity": "82 micro-mol/l",
      "Quality": "Normal"
    },
    {
      "Name": "Isoleucine",
      "Age": "11.13 Year(s)",
      "Specimen": "serum/plasma",
      "Quantity": "171 micro-mol/l",
      "Quality": "Increased"
    },
    {
      "Name": "Isoleucine",
      "Age": "11.76 Year(s)",
      "Specimen": "serum/plasma",
      "Quantity": "53 micro-mol/l",
      "Quality": "Normal"
    },
    {
      "Name": "Isoleucine",
      "Age": "12.24 Year(s)",
      "Specimen": "serum/plasma",
      "Quantity": "73 micro-mol/l",
      "Quality": "Normal"
    },
    {
      "Name": "Isoleucine",
      "Age": "12.75 Year(s)",
      "Specimen": "serum/plasma",
      "Quantity": "130 micro-mol/l",
      "Quality": "Increased"
    },
    {
      "Name": "Isoleucine",
      "Age": "13.74 Year(s)",
      "Specimen": "serum/plasma",
      "Quantity": "91 micro-mol/l",
      "Quality": "Normal"
    },
    {
      "Name": "Isoleucine",
      "Age": "14.75 Year(s)",
      "Specimen": "serum/plasma",
      "Quantity": "347 micro-mol/l",
      "Quality": "Increased"
    },
    {
      "Name": "Leucine",
      "Age": "20 Day(s)",
      "Specimen": "serum/plasma",
      "Quantity": "3322 micro-mol/l",
      "Quality": "Increased"
    },
    {
      "Name": "Leucine",
      "Age": "5.01 Week(s)",
      "Specimen": "serum/plasma",
      "Quantity": "319.2 micro-mol/l",
      "Quality": "Increased"
    },
    {
      "Name": "Leucine",
      "Age": "7.01 Week(s)",
      "Specimen": "serum/plasma",
      "Quantity": "418 micro-mol/l",
      "Quality": "Increased"
    },
    {
      "Name": "Leucine",
      "Age": "8.01 Week(s)",
      "Specimen": "serum/plasma",
      "Quantity": "364.8 micro-mol/l",
      "Quality": "Increased"
    },
    {
      "Name": "Leucine",
      "Age": "2.2 Month(s)",
      "Specimen": "serum/plasma",
      "Quantity": "570 micro-mol/l",
      "Quality": "Increased"
    },
    {
      "Name": "Leucine",
      "Age": "2.66 Month(s)",
      "Specimen": "serum/plasma",
      "Quantity": "220.4 micro-mol/l",
      "Quality": "Normal"
    },
    {
      "Name": "Leucine",
      "Age": "3.32 Month(s)",
      "Specimen": "serum/plasma",
      "Quantity": "402.8 micro-mol/l",
      "Quality": "Increased"
    },
    {
      "Name": "Leucine",
      "Age": "3.78 Month(s)",
      "Specimen": "serum/plasma",
      "Quantity": "357.2 micro-mol/l",
      "Quality": "Increased"
    },
    {
      "Name": "Leucine",
      "Age": "4.24 Month(s)",
      "Specimen": "serum/plasma",
      "Quantity": "326.8 micro-mol/l",
      "Quality": "Increased"
    },
    {
      "Name": "Leucine",
      "Age": "4.7 Month(s)",
      "Specimen": "serum/plasma",
      "Quantity": "250.8 micro-mol/l",
      "Quality": "Increased"
    },
    {
      "Name": "Leucine",
      "Age": "5.16 Month(s)",
      "Specimen": "serum/plasma",
      "Quantity": "311.6 micro-mol/l",
      "Quality": "Increased"
    },
    {
      "Name": "Leucine",
      "Age": "6.34 Month(s)",
      "Specimen": "serum/plasma",
      "Quantity": "235.6 micro-mol/l",
      "Quality": "Normal"
    },
    {
      "Name": "Leucine",
      "Age": "7.23 Month(s)",
      "Specimen": "serum/plasma",
      "Quantity": "228 micro-mol/l",
      "Quality": "Normal"
    },
    {
      "Name": "Leucine",
      "Age": "8.38 Month(s)",
      "Specimen": "serum/plasma",
      "Quantity": "342 micro-mol/l",
      "Quality": "Increased"
    },
    {
      "Name": "Leucine",
      "Age": "9.17 Month(s)",
      "Specimen": "serum/plasma",
      "Quantity": "410.4 micro-mol/l",
      "Quality": "Increased"
    },
    {
      "Name": "Leucine",
      "Age": "11.17 Month(s)",
      "Specimen": "serum/plasma",
      "Quantity": "364.8 micro-mol/l",
      "Quality": "Increased"
    },
    {
      "Name": "Leucine",
      "Age": "12.55 Month(s)",
      "Specimen": "serum/plasma",
      "Quantity": "212.8 micro-mol/l",
      "Quality": "Normal"
    },
    {
      "Name": "Leucine",
      "Age": "13.77 Month(s)",
      "Specimen": "serum/plasma",
      "Quantity": "212.8 micro-mol/l",
      "Quality": "Normal"
    },
    {
      "Name": "Leucine",
      "Age": "14.59 Month(s)",
      "Specimen": "serum/plasma",
      "Quantity": "98.8 micro-mol/l",
      "Quality": "Normal"
    },
    {
      "Name": "Leucine",
      "Age": "19.42 Month(s)",
      "Specimen": "serum/plasma",
      "Quantity": "296.4 micro-mol/l",
      "Quality": "Increased"
    },
    {
      "Name": "Leucine",
      "Age": "21.06 Month(s)",
      "Specimen": "serum/plasma",
      "Quantity": "68.4 micro-mol/l",
      "Quality": "Normal"
    },
    {
      "Name": "Leucine",
      "Age": "22.44 Month(s)",
      "Specimen": "serum/plasma",
      "Quantity": "266 micro-mol/l",
      "Quality": "Increased"
    },
    {
      "Name": "Leucine",
      "Age": "23.79 Month(s)",
      "Specimen": "serum/plasma",
      "Quantity": "326.8 micro-mol/l",
      "Quality": "Increased"
    },
    {
      "Name": "Leucine",
      "Age": "2.01 Year(s)",
      "Specimen": "serum/plasma",
      "Quantity": "547.2 micro-mol/l",
      "Quality": "Increased"
    },
    {
      "Name": "Leucine",
      "Age": "2.04 Year(s)",
      "Specimen": "serum/plasma",
      "Quantity": "509.2 micro-mol/l",
      "Quality": "Increased"
    },
    {
      "Name": "Leucine",
      "Age": "2.12 Year(s)",
      "Specimen": "serum/plasma",
      "Quantity": "410.4 micro-mol/l",
      "Quality": "Increased"
    },
    {
      "Name": "Leucine",
      "Age": "3.3 Year(s)",
      "Specimen": "serum/plasma",
      "Quantity": "524.4 micro-mol/l",
      "Quality": "Increased"
    },
    {
      "Name": "Leucine",
      "Age": "3.46 Year(s)",
      "Specimen": "serum/plasma",
      "Quantity": "342 micro-mol/l",
      "Quality": "Increased"
    },
    {
      "Name": "Leucine",
      "Age": "3.63 Year(s)",
      "Specimen": "serum/plasma",
      "Quantity": "304 micro-mol/l",
      "Quality": "Increased"
    },
    {
      "Name": "Leucine",
      "Age": "3.92 Year(s)",
      "Specimen": "serum/plasma",
      "Quantity": "554.8 micro-mol/l",
      "Quality": "Increased"
    },
    {
      "Name": "Leucine",
      "Age": "4.08 Year(s)",
      "Specimen": "serum/plasma",
      "Quantity": "494 micro-mol/l",
      "Quality": "Increased"
    },
    {
      "Name": "Leucine",
      "Age": "4.14 Year(s)",
      "Specimen": "serum/plasma",
      "Quantity": "646 micro-mol/l",
      "Quality": "Increased"
    },
    {
      "Name": "Leucine",
      "Age": "4.15 Year(s)",
      "Specimen": "serum/plasma",
      "Quantity": "767 micro-mol/l",
      "Quality": "Increased"
    },
    {
      "Name": "Leucine",
      "Age": "4.17 Year(s)",
      "Specimen": "serum/plasma",
      "Quantity": "402.8 micro-mol/l",
      "Quality": "Increased"
    },
    {
      "Name": "Leucine",
      "Age": "4.28 Year(s)",
      "Specimen": "serum/plasma",
      "Quantity": "349 micro-mol/l",
      "Quality": "Increased"
    },
    {
      "Name": "Leucine",
      "Age": "5.11 Year(s)",
      "Specimen": "serum/plasma",
      "Quantity": "411 micro-mol/l",
      "Quality": "Increased"
    },
    {
      "Name": "Leucine",
      "Age": "5.44 Year(s)",
      "Specimen": "serum/plasma",
      "Quantity": "312 micro-mol/l",
      "Quality": "Increased"
    },
    {
      "Name": "Leucine",
      "Age": "5.53 Year(s)",
      "Specimen": "serum/plasma",
      "Quantity": "205 micro-mol/l",
      "Quality": "Normal"
    },
    {
      "Name": "Leucine",
      "Age": "5.61 Year(s)",
      "Specimen": "serum/plasma",
      "Quantity": "269 micro-mol/l",
      "Quality": "Increased"
    },
    {
      "Name": "Leucine",
      "Age": "5.75 Year(s)",
      "Specimen": "serum/plasma",
      "Quantity": "337 micro-mol/l",
      "Quality": "Increased"
    },
    {
      "Name": "Leucine",
      "Age": "5.84 Year(s)",
      "Specimen": "serum/plasma",
      "Quantity": "360 micro-mol/l",
      "Quality": "Increased"
    },
    {
      "Name": "Leucine",
      "Age": "5.99 Year(s)",
      "Specimen": "serum/plasma",
      "Quantity": "182 micro-mol/l",
      "Quality": "Normal"
    },
    {
      "Name": "Leucine",
      "Age": "6.05 Year(s)",
      "Specimen": "serum/plasma",
      "Quantity": "430 micro-mol/l",
      "Quality": "Increased"
    },
    {
      "Name": "Leucine",
      "Age": "6.35 Year(s)",
      "Specimen": "serum/plasma",
      "Quantity": "475 micro-mol/l",
      "Quality": "Increased"
    },
    {
      "Name": "Leucine",
      "Age": "6.49 Year(s)",
      "Specimen": "serum/plasma",
      "Quantity": "328 micro-mol/l",
      "Quality": "Increased"
    },
    {
      "Name": "Leucine",
      "Age": "6.58 Year(s)",
      "Specimen": "serum/plasma",
      "Quantity": "163 micro-mol/l",
      "Quality": "Normal"
    },
    {
      "Name": "Leucine",
      "Age": "6.67 Year(s)",
      "Specimen": "serum/plasma",
      "Quantity": "634 micro-mol/l",
      "Quality": "Increased"
    },
    {
      "Name": "Leucine",
      "Age": "6.76 Year(s)",
      "Specimen": "serum/plasma",
      "Quantity": "803 micro-mol/l",
      "Quality": "Increased"
    },
    {
      "Name": "Leucine",
      "Age": "6.78 Year(s)",
      "Specimen": "serum/plasma",
      "Quantity": "590 micro-mol/l",
      "Quality": "Increased"
    },
    {
      "Name": "Leucine",
      "Age": "6.83 Year(s)",
      "Specimen": "serum/plasma",
      "Quantity": "203 micro-mol/l",
      "Quality": "Normal"
    },
    {
      "Name": "Leucine",
      "Age": "6.85 Year(s)",
      "Specimen": "serum/plasma",
      "Quantity": "157 micro-mol/l",
      "Quality": "Normal"
    },
    {
      "Name": "Leucine",
      "Age": "6.88 Year(s)",
      "Specimen": "serum/plasma",
      "Quantity": "408 micro-mol/l",
      "Quality": "Increased"
    },
    {
      "Name": "Leucine",
      "Age": "7.01 Year(s)",
      "Specimen": "serum/plasma",
      "Quantity": "286 micro-mol/l",
      "Quality": "Increased"
    },
    {
      "Name": "Leucine",
      "Age": "7.12 Year(s)",
      "Specimen": "serum/plasma",
      "Quantity": "552 micro-mol/l",
      "Quality": "Increased"
    },
    {
      "Name": "Leucine",
      "Age": "7.2 Year(s)",
      "Specimen": "serum/plasma",
      "Quantity": "326 micro-mol/l",
      "Quality": "Increased"
    },
    {
      "Name": "Leucine",
      "Age": "7.33 Year(s)",
      "Specimen": "serum/plasma",
      "Quantity": "193 micro-mol/l",
      "Quality": "Normal"
    },
    {
      "Name": "Leucine",
      "Age": "7.44 Year(s)",
      "Specimen": "serum/plasma",
      "Quantity": "402 micro-mol/l",
      "Quality": "Increased"
    },
    {
      "Name": "Leucine",
      "Age": "7.7 Year(s)",
      "Specimen": "serum/plasma",
      "Quantity": "261 micro-mol/l",
      "Quality": "Increased"
    },
    {
      "Name": "Leucine",
      "Age": "8.39 Year(s)",
      "Specimen": "serum/plasma",
      "Quantity": "419 micro-mol/l",
      "Quality": "Increased"
    },
    {
      "Name": "Leucine",
      "Age": "8.56 Year(s)",
      "Specimen": "serum/plasma",
      "Quantity": "888 micro-mol/l",
      "Quality": "Increased"
    },
    {
      "Name": "Leucine",
      "Age": "8.93 Year(s)",
      "Specimen": "serum/plasma",
      "Quantity": "631 micro-mol/l",
      "Quality": "Increased"
    },
    {
      "Name": "Leucine",
      "Age": "9.43 Year(s)",
      "Specimen": "serum/plasma",
      "Quantity": "880 micro-mol/l",
      "Quality": "Increased"
    },
    {
      "Name": "Leucine",
      "Age": "9.57 Year(s)",
      "Specimen": "serum/plasma",
      "Quantity": "124 micro-mol/l",
      "Quality": "Normal"
    },
    {
      "Name": "Leucine",
      "Age": "10.3 Year(s)",
      "Specimen": "serum/plasma",
      "Quantity": "765 micro-mol/l",
      "Quality": "Increased"
    },
    {
      "Name": "Leucine",
      "Age": "11.07 Year(s)",
      "Specimen": "serum/plasma",
      "Quantity": "402 micro-mol/l",
      "Quality": "Increased"
    },
    {
      "Name": "Leucine",
      "Age": "11.13 Year(s)",
      "Specimen": "serum/plasma",
      "Quantity": "837 micro-mol/l",
      "Quality": "Abnormal"
    },
    {
      "Name": "Leucine",
      "Age": "11.76 Year(s)",
      "Specimen": "serum/plasma",
      "Quantity": "261 micro-mol/l",
      "Quality": "Increased"
    },
    {
      "Name": "Leucine",
      "Age": "12.24 Year(s)",
      "Specimen": "serum/plasma",
      "Quantity": "172 micro-mol/l",
      "Quality": "Normal"
    },
    {
      "Name": "Leucine",
      "Age": "12.75 Year(s)",
      "Specimen": "serum/plasma",
      "Quantity": "367 micro-mol/l",
      "Quality": "Increased"
    },
    {
      "Name": "Leucine",
      "Age": "13.74 Year(s)",
      "Specimen": "serum/plasma",
      "Quantity": "252 micro-mol/l",
      "Quality": "Increased"
    },
    {
      "Name": "Leucine",
      "Age": "14.75 Year(s)",
      "Specimen": "serum/plasma",
      "Quantity": "922 micro-mol/l",
      "Quality": "Increased"
    },
    {
      "Name": "Valine",
      "Age": "20 Day(s)",
      "Specimen": "serum/plasma",
      "Quantity": "739 micro-mol/l",
      "Quality": "Increased"
    },
    {
      "Name": "Valine",
      "Age": "5.01 Week(s)",
      "Specimen": "serum/plasma",
      "Quantity": "34 micro-mol/l",
      "Quality": "Decreased"
    },
    {
      "Name": "Valine",
      "Age": "7.01 Week(s)",
      "Specimen": "serum/plasma",
      "Quantity": "85 micro-mol/l",
      "Quality": "Normal"
    },
    {
      "Name": "Valine",
      "Age": "8.01 Week(s)",
      "Specimen": "serum/plasma",
      "Quantity": "68 micro-mol/l",
      "Quality": "Normal"
    },
    {
      "Name": "Valine",
      "Age": "2.2 Month(s)",
      "Specimen": "serum/plasma",
      "Quantity": "331.5 micro-mol/l",
      "Quality": "Normal"
    },
    {
      "Name": "Valine",
      "Age": "2.66 Month(s)",
      "Specimen": "serum/plasma",
      "Quantity": "17 micro-mol/l",
      "Quality": "Decreased"
    },
    {
      "Name": "Valine",
      "Age": "3.32 Month(s)",
      "Specimen": "serum/plasma",
      "Quantity": "136 micro-mol/l",
      "Quality": "Normal"
    },
    {
      "Name": "Valine",
      "Age": "3.78 Month(s)",
      "Specimen": "serum/plasma",
      "Quantity": "110.5 micro-mol/l",
      "Quality": "Normal"
    },
    {
      "Name": "Valine",
      "Age": "4.24 Month(s)",
      "Specimen": "serum/plasma",
      "Quantity": "85 micro-mol/l",
      "Quality": "Normal"
    },
    {
      "Name": "Valine",
      "Age": "4.7 Month(s)",
      "Specimen": "serum/plasma",
      "Quantity": "102 micro-mol/l",
      "Quality": "Normal"
    },
    {
      "Name": "Valine",
      "Age": "5.16 Month(s)",
      "Specimen": "serum/plasma",
      "Quantity": "212.5 micro-mol/l",
      "Quality": "Normal"
    },
    {
      "Name": "Valine",
      "Age": "6.34 Month(s)",
      "Specimen": "serum/plasma",
      "Quantity": "127.5 micro-mol/l",
      "Quality": "Normal"
    },
    {
      "Name": "Valine",
      "Age": "7.23 Month(s)",
      "Specimen": "serum/plasma",
      "Quantity": "136 micro-mol/l",
      "Quality": "Normal"
    },
    {
      "Name": "Valine",
      "Age": "8.38 Month(s)",
      "Specimen": "serum/plasma",
      "Quantity": "255 micro-mol/l",
      "Quality": "Normal"
    },
    {
      "Name": "Valine",
      "Age": "9.17 Month(s)",
      "Specimen": "serum/plasma",
      "Quantity": "323 micro-mol/l",
      "Quality": "Normal"
    },
    {
      "Name": "Valine",
      "Age": "11.17 Month(s)",
      "Specimen": "serum/plasma",
      "Quantity": "306 micro-mol/l",
      "Quality": "Normal"
    },
    {
      "Name": "Valine",
      "Age": "12.55 Month(s)",
      "Specimen": "serum/plasma",
      "Quantity": "102 micro-mol/l",
      "Quality": "Normal"
    },
    {
      "Name": "Valine",
      "Age": "13.77 Month(s)",
      "Specimen": "serum/plasma",
      "Quantity": "102 micro-mol/l",
      "Quality": "Normal"
    },
    {
      "Name": "Valine",
      "Age": "14.59 Month(s)",
      "Specimen": "serum/plasma",
      "Quantity": "59.5 micro-mol/l",
      "Quality": "Decreased"
    },
    {
      "Name": "Valine",
      "Age": "19.42 Month(s)",
      "Specimen": "serum/plasma",
      "Quantity": "255 micro-mol/l",
      "Quality": "Normal"
    },
    {
      "Name": "Valine",
      "Age": "21.06 Month(s)",
      "Specimen": "serum/plasma",
      "Quantity": "59.5 micro-mol/l",
      "Quality": "Decreased"
    },
    {
      "Name": "Valine",
      "Age": "22.44 Month(s)",
      "Specimen": "serum/plasma",
      "Quantity": "204 micro-mol/l",
      "Quality": "Normal"
    },
    {
      "Name": "Valine",
      "Age": "23.79 Month(s)",
      "Specimen": "serum/plasma",
      "Quantity": "221 micro-mol/l",
      "Quality": "Normal"
    },
    {
      "Name": "Valine",
      "Age": "2.01 Year(s)",
      "Specimen": "serum/plasma",
      "Quantity": "399.5 micro-mol/l",
      "Quality": "Increased"
    },
    {
      "Name": "Valine",
      "Age": "2.04 Year(s)",
      "Specimen": "serum/plasma",
      "Quantity": "408 micro-mol/l",
      "Quality": "Increased"
    },
    {
      "Name": "Valine",
      "Age": "2.12 Year(s)",
      "Specimen": "serum/plasma",
      "Quantity": "272 micro-mol/l",
      "Quality": "Normal"
    },
    {
      "Name": "Valine",
      "Age": "3.3 Year(s)",
      "Specimen": "serum/plasma",
      "Quantity": "221 micro-mol/l",
      "Quality": "Normal"
    },
    {
      "Name": "Valine",
      "Age": "3.46 Year(s)",
      "Specimen": "serum/plasma",
      "Quantity": "195.5 micro-mol/l",
      "Quality": "Normal"
    },
    {
      "Name": "Valine",
      "Age": "3.63 Year(s)",
      "Specimen": "serum/plasma",
      "Quantity": "119 micro-mol/l",
      "Quality": "Normal"
    },
    {
      "Name": "Valine",
      "Age": "3.73 Year(s)",
      "Specimen": "serum/plasma",
      "Quantity": "212.5 micro-mol/l",
      "Quality": "Normal"
    },
    {
      "Name": "Valine",
      "Age": "3.92 Year(s)",
      "Specimen": "serum/plasma",
      "Quantity": "280.5 micro-mol/l",
      "Quality": "Normal"
    },
    {
      "Name": "Valine",
      "Age": "4.08 Year(s)",
      "Specimen": "serum/plasma",
      "Quantity": "306 micro-mol/l",
      "Quality": "Normal"
    },
    {
      "Name": "Valine",
      "Age": "4.08 Year(s)",
      "Specimen": "serum/plasma",
      "Quantity": "391 micro-mol/l",
      "Quality": "Increased"
    },
    {
      "Name": "Valine",
      "Age": "4.14 Year(s)",
      "Specimen": "serum/plasma",
      "Quantity": "433.5 micro-mol/l",
      "Quality": "Increased"
    },
    {
      "Name": "Valine",
      "Age": "4.15 Year(s)",
      "Specimen": "serum/plasma",
      "Quantity": "401.5 micro-mol/l",
      "Quality": "Increased"
    },
    {
      "Name": "Valine",
      "Age": "4.17 Year(s)",
      "Specimen": "serum/plasma",
      "Quantity": "102 micro-mol/l",
      "Quality": "Normal"
    },
    {
      "Name": "Valine",
      "Age": "4.28 Year(s)",
      "Specimen": "serum/plasma",
      "Quantity": "161.5 micro-mol/l",
      "Quality": "Normal"
    },
    {
      "Name": "Valine",
      "Age": "5.11 Year(s)",
      "Specimen": "serum/plasma",
      "Quantity": "251 micro-mol/l",
      "Quality": "Normal"
    },
    {
      "Name": "Valine",
      "Age": "5.44 Year(s)",
      "Specimen": "serum/plasma",
      "Quantity": "216 micro-mol/l",
      "Quality": "Normal"
    },
    {
      "Name": "Valine",
      "Age": "5.53 Year(s)",
      "Specimen": "serum/plasma",
      "Quantity": "115 micro-mol/l",
      "Quality": "Normal"
    },
    {
      "Name": "Valine",
      "Age": "5.61 Year(s)",
      "Specimen": "serum/plasma",
      "Quantity": "126 micro-mol/l",
      "Quality": "Normal"
    },
    {
      "Name": "Valine",
      "Age": "5.75 Year(s)",
      "Specimen": "serum/plasma",
      "Quantity": "216 micro-mol/l",
      "Quality": "Normal"
    },
    {
      "Name": "Valine",
      "Age": "5.84 Year(s)",
      "Specimen": "serum/plasma",
      "Quantity": "203 micro-mol/l",
      "Quality": "Normal"
    },
    {
      "Name": "Valine",
      "Age": "5.99 Year(s)",
      "Specimen": "serum/plasma",
      "Quantity": "91 micro-mol/l",
      "Quality": "Normal"
    },
    {
      "Name": "Valine",
      "Age": "6.05 Year(s)",
      "Specimen": "serum/plasma",
      "Quantity": "245 micro-mol/l",
      "Quality": "Normal"
    },
    {
      "Name": "Valine",
      "Age": "6.35 Year(s)",
      "Specimen": "serum/plasma",
      "Quantity": "279 micro-mol/l",
      "Quality": "Normal"
    },
    {
      "Name": "Valine",
      "Age": "6.49 Year(s)",
      "Specimen": "serum/plasma",
      "Quantity": "220 micro-mol/l",
      "Quality": "Normal"
    },
    {
      "Name": "Valine",
      "Age": "6.58 Year(s)",
      "Specimen": "serum/plasma",
      "Quantity": "99 micro-mol/l",
      "Quality": "Normal"
    },
    {
      "Name": "Valine",
      "Age": "6.67 Year(s)",
      "Specimen": "serum/plasma",
      "Quantity": "339 micro-mol/l",
      "Quality": "Increased"
    },
    {
      "Name": "Valine",
      "Age": "6.76 Year(s)",
      "Specimen": "serum/plasma",
      "Quantity": "313 micro-mol/l",
      "Quality": "Normal"
    },
    {
      "Name": "Valine",
      "Age": "6.78 Year(s)",
      "Specimen": "serum/plasma",
      "Quantity": "329 micro-mol/l",
      "Quality": "Increased"
    },
    {
      "Name": "Valine",
      "Age": "6.83 Year(s)",
      "Specimen": "serum/plasma",
      "Quantity": "137 micro-mol/l",
      "Quality": "Normal"
    },
    {
      "Name": "Valine",
      "Age": "6.85 Year(s)",
      "Specimen": "serum/plasma",
      "Quantity": "125 micro-mol/l",
      "Quality": "Normal"
    },
    {
      "Name": "Valine",
      "Age": "6.88 Year(s)",
      "Specimen": "serum/plasma",
      "Quantity": "267 micro-mol/l",
      "Quality": "Normal"
    },
    {
      "Name": "Valine",
      "Age": "7.01 Year(s)",
      "Specimen": "serum/plasma",
      "Quantity": "115 micro-mol/l",
      "Quality": "Normal"
    },
    {
      "Name": "Valine",
      "Age": "7.12 Year(s)",
      "Specimen": "serum/plasma",
      "Quantity": "317 micro-mol/l",
      "Quality": "Normal"
    },
    {
      "Name": "Valine",
      "Age": "7.2 Year(s)",
      "Specimen": "serum/plasma",
      "Quantity": "179 micro-mol/l",
      "Quality": "Normal"
    },
    {
      "Name": "Valine",
      "Age": "7.33 Year(s)",
      "Specimen": "serum/plasma",
      "Quantity": "125 micro-mol/l",
      "Quality": "Normal"
    },
    {
      "Name": "Valine",
      "Age": "7.44 Year(s)",
      "Specimen": "serum/plasma",
      "Quantity": "205 micro-mol/l",
      "Quality": "Normal"
    },
    {
      "Name": "Valine",
      "Age": "7.7 Year(s)",
      "Specimen": "serum/plasma",
      "Quantity": "166 micro-mol/l",
      "Quality": "Normal"
    },
    {
      "Name": "Valine",
      "Age": "8.39 Year(s)",
      "Specimen": "serum/plasma",
      "Quantity": "244 micro-mol/l",
      "Quality": "Normal"
    },
    {
      "Name": "Valine",
      "Age": "8.56 Year(s)",
      "Specimen": "serum/plasma",
      "Quantity": "358 micro-mol/l",
      "Quality": "Increased"
    },
    {
      "Name": "Valine",
      "Age": "8.93 Year(s)",
      "Specimen": "serum/plasma",
      "Quantity": "164 micro-mol/l",
      "Quality": "Normal"
    },
    {
      "Name": "Valine",
      "Age": "9.43 Year(s)",
      "Specimen": "serum/plasma",
      "Quantity": "1335 micro-mol/l",
      "Quality": "Increased"
    },
    {
      "Name": "Valine",
      "Age": "9.57 Year(s)",
      "Specimen": "serum/plasma",
      "Quantity": "265 micro-mol/l",
      "Quality": "Normal"
    },
    {
      "Name": "Valine",
      "Age": "10.3 Year(s)",
      "Specimen": "serum/plasma",
      "Quantity": "307 micro-mol/l",
      "Quality": "Normal"
    },
    {
      "Name": "Valine",
      "Age": "11.07 Year(s)",
      "Specimen": "serum/plasma",
      "Quantity": "306 micro-mol/l",
      "Quality": "Normal"
    },
    {
      "Name": "Valine",
      "Age": "11.13 Year(s)",
      "Specimen": "serum/plasma",
      "Quantity": "404 micro-mol/l",
      "Quality": "Increased"
    },
    {
      "Name": "Valine",
      "Age": "11.76 Year(s)",
      "Specimen": "serum/plasma",
      "Quantity": "190 micro-mol/l",
      "Quality": "Normal"
    },
    {
      "Name": "Valine",
      "Age": "12.24 Year(s)",
      "Specimen": "serum/plasma",
      "Quantity": "100 micro-mol/l",
      "Quality": "Normal"
    },
    {
      "Name": "Valine",
      "Age": "12.75 Year(s)",
      "Specimen": "serum/plasma",
      "Quantity": "229 micro-mol/l",
      "Quality": "Normal"
    },
    {
      "Name": "Valine",
      "Age": "13.74 Year(s)",
      "Specimen": "serum/plasma",
      "Quantity": "183 micro-mol/l",
      "Quality": "Normal"
    },
    {
      "Name": "Valine",
      "Age": "14.75 Year(s)",
      "Specimen": "serum/plasma",
      "Quantity": "505 micro-mol/l",
      "Quality": "Increased"
    }
  ],
  "Symptoms": [
    {
      "Name": "Fever",
      "Age": "2.01 Year(s)",
      "Range": "medium [38,5-39,5 degrees Celsius]"
    },
    {
      "Name": "abnormal in neonatal screening",
      "Age": "6 Day(s)",
      "Range": "yes"
    },
    {
      "Name": "athetosis",
      "Age": "20 Day(s)",
      "Range": "yes"
    },
    {
      "Name": "feeding difficulties, poor feeding",
      "Age": "7.7 Year(s)",
      "Range": "moderate"
    },
    {
      "Name": "hydronephrosis",
      "Age": "5.01 Week(s)",
      "Range": "yes"
    },
    {
      "Name": "hypotonia",
      "Age": "20 Day(s)",
      "Range": "yes"
    },
    {
      "Name": "kyphoskoliosis",
      "Age": "11.76 Year(s)",
      "Range": "yes"
    },
    {
      "Name": "mental retardation",
      "Age": "5.11 Year(s)",
      "Range": "+"
    },
    {
      "Name": "motor retardation",
      "Age": "5.11 Year(s)",
      "Range": "yes"
    },
    {
      "Name": "motor retardation",
      "Age": "5.11 Year(s)",
      "Range": "yes"
    },
    {
      "Name": "opisthotonus",
      "Age": "20 Day(s)",
      "Range": "yes"
    },
    {
      "Name": "speech development, delayed, abnormal",
      "Age": "5.99 Year(s)",
      "Range": "yes"
    }
  ],
  "Diet/drugs": [
    {
      "Name": "artificial protein intake (specific amino acid mixture)",
      "Age": "5.11 Year(s)",
      "Dosage": "30 g/day",
      "Route": "oral"
    },
    {
      "Name": "leucine",
      "Age": "5.11 Year(s)",
      "Dosage": "500 mg/day",
      "Route": "oral"
    }
  ],
  "Therapy/development": [
    {
      "Name": "head circumference",
      "Age": "8.39 Year(s)",
      "Quantity": "52.8  cm",
      "Type": "development"
    },
    {
      "Name": "length",
      "Age": "5.11 Year(s)",
      "Quantity": "104.5  cm",
      "Type": "development"
    },
    {
      "Name": "length",
      "Age": "5.99 Year(s)",
      "Quantity": "115  cm",
      "Type": "development"
    },
    {
      "Name": "length",
      "Age": "7.2 Year(s)",
      "Quantity": "123  cm",
      "Type": "development"
    },
    {
      "Name": "length",
      "Age": "7.7 Year(s)",
      "Quantity": "125  cm",
      "Type": "development"
    },
    {
      "Name": "length",
      "Age": "8.39 Year(s)",
      "Quantity": "131  cm",
      "Type": "development"
    },
    {
      "Name": "length",
      "Age": "8.93 Year(s)",
      "Quantity": "133.3  cm",
      "Type": "development"
    },
    {
      "Name": "length",
      "Age": "9.57 Year(s)",
      "Quantity": "137.5  cm",
      "Type": "development"
    },
    {
      "Name": "length",
      "Age": "10.3 Year(s)",
      "Quantity": "142.5  cm",
      "Type": "development"
    },
    {
      "Name": "length",
      "Age": "11.07 Year(s)",
      "Quantity": "151.5  cm",
      "Type": "development"
    },
    {
      "Name": "length",
      "Age": "11.76 Year(s)",
      "Quantity": "158  cm",
      "Type": "development"
    },
    {
      "Name": "length",
      "Age": "13.24 Year(s)",
      "Quantity": "167  cm",
      "Type": "development"
    },
    {
      "Name": "weight",
      "Age": "5.11 Year(s)",
      "Quantity": "21.7  kg",
      "Type": "development"
    },
    {
      "Name": "weight",
      "Age": "5.99 Year(s)",
      "Quantity": "24  kg",
      "Type": "development"
    },
    {
      "Name": "weight",
      "Age": "7.2 Year(s)",
      "Quantity": "26.4  kg",
      "Type": "development"
    },
    {
      "Name": "weight",
      "Age": "7.7 Year(s)",
      "Quantity": "27.7  kg",
      "Type": "development"
    },
    {
      "Name": "weight",
      "Age": "8.39 Year(s)",
      "Quantity": "30.7  kg",
      "Type": "development"
    },
    {
      "Name": "weight",
      "Age": "8.93 Year(s)",
      "Quantity": "32.3  kg",
      "Type": "development"
    },
    {
      "Name": "weight",
      "Age": "9.57 Year(s)",
      "Quantity": "33.4  kg",
      "Type": "development"
    },
    {
      "Name": "weight",
      "Age": "10.3 Year(s)",
      "Quantity": "37.3  kg",
      "Type": "development"
    },
    {
      "Name": "weight",
      "Age": "11.07 Year(s)",
      "Quantity": "40  kg",
      "Type": "development"
    },
    {
      "Name": "weight",
      "Age": "11.76 Year(s)",
      "Quantity": "42.5  kg",
      "Type": "development"
    },
    {
      "Name": "weight",
      "Age": "13.24 Year(s)",
      "Quantity": "50.6  kg",
      "Type": "development"
    }
  ]
}