{
  "MainData": {
    "Patient ID": "149",
    "Diagnosis": "PROPIONIC ACIDEMIA (MIM 606054)",
    "Gender": "f",
    "Age of symptoms onset": "6 Week(s)",
    "Age of diagnosis": "6.99 Week(s)",
    "Found in newborn screening": "n",
    "Diagnosis confirmed": "y",
    "Country": "Germany",
    "Ethnic origin": "Mother: German, Father: German",
    "History": "At the age of 6 weeks, the infant was hosptilalized because of hyperammonemic coma with apathia, exsiccation and paleness. Organic acid analysis showed a typical excretion pattern of propionic acdemia. After hemofiltration at the University Childrens Hospital in Freiburg, Germany,  the infant status improved rapidly, however, there was lactic acidemia due to thiamine deficiency responsive to thiamine supplementation (Matern D, Seydewitz HH, Lehnert W, Niederhoff H, Leititis JU, Brandis M. Primary treatment of propionic acidemia complicated by acute thiamine deficiency. J Pediatr 1996 Nov;129(5):758-60).\nThe patient, now 6 years old, shows a severe hearing defect and psychomotoric retardation.",
    "Author": "Friedrich Trefz",
    "Hospital": "Childrens Hospital Reutlingen",
    "Coauthor(s)": "",
    "Date of entry": "2001-03-31"
  },
  "Molecular genetics": {
    "Gene name": "",
    "Genotype": "",
    "Allele 1": {
      "Trivial name": "",
      "Systematic name": "",
      "Amino acid change": "",
      "Nucleotide change": "",
      "Exon/Intron Boundary/Promotor": ""
    },
    "Allele 2": {
      "Trivial name": "",
      "Systematic name": "",
      "Amino acid change": "",
      "Nucleotide change": "",
      "Exon/Intron Boundary/Promotor": ""
    }
  },
  "Lab findings": [
    {
      "Name": "3-Hydroxypropionic acid",
      "Age": "6.42 Week(s)",
      "Specimen": "urine",
      "Quantity": "531.2 mmol/mol Crea",
      "Quality": "Increased"
    },
    {
      "Name": "3-Hydroxypropionic acid",
      "Age": "10.12 Month(s)",
      "Specimen": "urine",
      "Quantity": "2.8 mmol/mol Crea",
      "Quality": "Normal"
    },
    {
      "Name": "3-Hydroxypropionic acid",
      "Age": "12.45 Month(s)",
      "Specimen": "urine",
      "Quantity": "142.2 mmol/mol Crea",
      "Quality": "Increased"
    },
    {
      "Name": "3-Hydroxypropionic acid",
      "Age": "17.9 Month(s)",
      "Specimen": "urine",
      "Quantity": "31.8 mmol/mol Crea",
      "Quality": "Normal"
    },
    {
      "Name": "3-Hydroxypropionic acid",
      "Age": "19.61 Month(s)",
      "Specimen": "urine",
      "Quantity": "20.9 mmol/mol Crea",
      "Quality": "Normal"
    },
    {
      "Name": "3-Hydroxypropionic acid",
      "Age": "21.65 Month(s)",
      "Specimen": "urine",
      "Quantity": "6.8 mmol/mol Crea",
      "Quality": "Normal"
    },
    {
      "Name": "3-Hydroxypropionic acid",
      "Age": "2.24 Year(s)",
      "Specimen": "urine",
      "Quantity": "120.3 mmol/mol Crea",
      "Quality": "Increased"
    },
    {
      "Name": "3-Hydroxypropionic acid",
      "Age": "2.84 Year(s)",
      "Specimen": "urine",
      "Quantity": "13.3 mmol/mol Crea",
      "Quality": "Normal"
    },
    {
      "Name": "3-Hydroxypropionic acid",
      "Age": "3.32 Year(s)",
      "Specimen": "urine",
      "Quantity": "2 mmol/mol Crea",
      "Quality": "Normal"
    },
    {
      "Name": "3-Hydroxypropionic acid",
      "Age": "4.33 Year(s)",
      "Specimen": "urine",
      "Quantity": "6.8 mmol/mol Crea",
      "Quality": "Normal"
    },
    {
      "Name": "3-Hydroxypropionic acid",
      "Age": "4.73 Year(s)",
      "Specimen": "urine",
      "Quantity": "3.8 mmol/mol Crea",
      "Quality": "Normal"
    },
    {
      "Name": "3-Hydroxypropionic acid",
      "Age": "5.23 Year(s)",
      "Specimen": "urine",
      "Quantity": "3.9 mmol/mol Crea",
      "Quality": "Normal"
    },
    {
      "Name": "3-Hydroxypropionic acid",
      "Age": "5.38 Year(s)",
      "Specimen": "urine",
      "Quantity": "0.7 mmol/mol Crea",
      "Quality": "Normal"
    },
    {
      "Name": "Alanine",
      "Age": "9.26 Year(s)",
      "Specimen": "serum/plasma",
      "Quantity": "1040 micro-mol/l",
      "Quality": "Increased"
    },
    {
      "Name": "Alanine",
      "Age": "9.87 Year(s)",
      "Specimen": "serum/plasma",
      "Quantity": "788 micro-mol/l",
      "Quality": "Increased"
    },
    {
      "Name": "Alanine",
      "Age": "11.11 Year(s)",
      "Specimen": "serum/plasma",
      "Quantity": "1249 micro-mol/l",
      "Quality": "Increased"
    },
    {
      "Name": "Alanine",
      "Age": "11.59 Year(s)",
      "Specimen": "serum/plasma",
      "Quantity": "847 micro-mol/l",
      "Quality": "Increased"
    },
    {
      "Name": "Alanine",
      "Age": "13.01 Year(s)",
      "Specimen": "serum/plasma",
      "Quantity": "600 micro-mol/l",
      "Quality": "Increased"
    },
    {
      "Name": "Alanine",
      "Age": "13.63 Year(s)",
      "Specimen": "serum/plasma",
      "Quantity": "1022 micro-mol/l",
      "Quality": "Increased"
    },
    {
      "Name": "Alanine",
      "Age": "16.02 Year(s)",
      "Specimen": "serum/plasma",
      "Quantity": "915 micro-mol/l",
      "Quality": "Increased"
    },
    {
      "Name": "Ammonia",
      "Age": "6.42 Week(s)",
      "Specimen": "serum/plasma",
      "Quantity": "481.1 micro-mol/l",
      "Quality": "Increased"
    },
    {
      "Name": "Ammonia",
      "Age": "10.05 Month(s)",
      "Specimen": "serum/plasma",
      "Quantity": "45 micro-mol/l",
      "Quality": "Normal"
    },
    {
      "Name": "Ammonia",
      "Age": "13.96 Month(s)",
      "Specimen": "serum/plasma",
      "Quantity": "36 micro-mol/l",
      "Quality": "Normal"
    },
    {
      "Name": "Ammonia",
      "Age": "18.86 Month(s)",
      "Specimen": "serum/plasma",
      "Quantity": "104 micro-mol/l",
      "Quality": "Increased"
    },
    {
      "Name": "Ammonia",
      "Age": "23.39 Month(s)",
      "Specimen": "serum/plasma",
      "Quantity": "29 micro-mol/l",
      "Quality": "Normal"
    },
    {
      "Name": "Ammonia",
      "Age": "2.54 Year(s)",
      "Specimen": "serum/plasma",
      "Quantity": "68 micro-mol/l",
      "Quality": "Increased"
    },
    {
      "Name": "Ammonia",
      "Age": "2.84 Year(s)",
      "Specimen": "serum/plasma",
      "Quantity": "73 micro-mol/l",
      "Quality": "Increased"
    },
    {
      "Name": "Ammonia",
      "Age": "3.32 Year(s)",
      "Specimen": "serum/plasma",
      "Quantity": "71 micro-mol/l",
      "Quality": "Increased"
    },
    {
      "Name": "Ammonia",
      "Age": "4.33 Year(s)",
      "Specimen": "serum/plasma",
      "Quantity": "73 micro-mol/l",
      "Quality": "Increased"
    },
    {
      "Name": "Ammonia",
      "Age": "4.73 Year(s)",
      "Specimen": "serum/plasma",
      "Quantity": "37 micro-mol/l",
      "Quality": "Normal"
    },
    {
      "Name": "Ammonia",
      "Age": "5.23 Year(s)",
      "Specimen": "serum/plasma",
      "Quantity": "46 micro-mol/l",
      "Quality": "Normal"
    },
    {
      "Name": "Ammonia",
      "Age": "7.14 Year(s)",
      "Specimen": "serum/plasma",
      "Quantity": "85 micro-mol/l",
      "Quality": "Increased"
    },
    {
      "Name": "Ammonia",
      "Age": "7.65 Year(s)",
      "Specimen": "serum/plasma",
      "Quantity": "50 micro-mol/l",
      "Quality": "Increased"
    },
    {
      "Name": "Ammonia",
      "Age": "8.24 Year(s)",
      "Specimen": "serum/plasma",
      "Quantity": "86 micro-mol/l",
      "Quality": "Increased"
    },
    {
      "Name": "Ammonia",
      "Age": "8.72 Year(s)",
      "Specimen": "serum/plasma",
      "Quantity": "74 micro-mol/l",
      "Quality": "Increased"
    },
    {
      "Name": "Ammonia",
      "Age": "9.26 Year(s)",
      "Specimen": "serum/plasma",
      "Quantity": "80 micro-mol/l",
      "Quality": "Increased"
    },
    {
      "Name": "Ammonia",
      "Age": "12.47 Year(s)",
      "Specimen": "serum/plasma",
      "Quantity": "96 micro-mol/l",
      "Quality": "Increased"
    },
    {
      "Name": "Ammonia",
      "Age": "15.48 Year(s)",
      "Specimen": "serum/plasma",
      "Quantity": "129 micro-mol/l",
      "Quality": "Increased"
    },
    {
      "Name": "Carnitine, free",
      "Age": "7.65 Year(s)",
      "Specimen": "blood",
      "Quantity": "31 micro-mol/l",
      "Quality": "Normal"
    },
    {
      "Name": "Carnitine, free",
      "Age": "7.73 Year(s)",
      "Specimen": "blood",
      "Quantity": "56 micro-mol/l",
      "Quality": "Normal"
    },
    {
      "Name": "Carnitine, free",
      "Age": "9.26 Year(s)",
      "Specimen": "blood",
      "Quantity": "37 micro-mol/l",
      "Quality": "Normal"
    },
    {
      "Name": "Carnitine, free",
      "Age": "9.87 Year(s)",
      "Specimen": "blood",
      "Quantity": "50 micro-mol/l",
      "Quality": "Normal"
    },
    {
      "Name": "Carnitine, free",
      "Age": "11.11 Year(s)",
      "Specimen": "blood",
      "Quantity": "44 micro-mol/l",
      "Quality": "Normal"
    },
    {
      "Name": "Carnitine, free",
      "Age": "11.59 Year(s)",
      "Specimen": "blood",
      "Quantity": "35 micro-mol/l",
      "Quality": "Normal"
    },
    {
      "Name": "Carnitine, free",
      "Age": "13.01 Year(s)",
      "Specimen": "blood",
      "Quantity": "45 micro-mol/l",
      "Quality": "Normal"
    },
    {
      "Name": "Carnitine, free",
      "Age": "13.21 Year(s)",
      "Specimen": "blood",
      "Quantity": "45 micro-mol/l",
      "Quality": "Normal"
    },
    {
      "Name": "Carnitine, free",
      "Age": "13.63 Year(s)",
      "Specimen": "blood",
      "Quantity": "27 micro-mol/l",
      "Quality": "Normal"
    },
    {
      "Name": "Carnitine, free",
      "Age": "13.97 Year(s)",
      "Specimen": "blood",
      "Quantity": "33 micro-mol/l",
      "Quality": "Normal"
    },
    {
      "Name": "Carnitine, free",
      "Age": "14.49 Year(s)",
      "Specimen": "blood",
      "Quantity": "26 micro-mol/l",
      "Quality": "Normal"
    },
    {
      "Name": "Carnitine, free",
      "Age": "15.48 Year(s)",
      "Specimen": "blood",
      "Quantity": "30 micro-mol/l",
      "Quality": "Normal"
    },
    {
      "Name": "Carnitine, free",
      "Age": "16.02 Year(s)",
      "Specimen": "blood",
      "Quantity": "32 micro-mol/l",
      "Quality": "Normal"
    },
    {
      "Name": "Carnitine, free",
      "Age": "16.66 Year(s)",
      "Specimen": "blood",
      "Quantity": "21 micro-mol/l",
      "Quality": "Normal"
    },
    {
      "Name": "Carnitine, free",
      "Age": "17.25 Year(s)",
      "Specimen": "blood",
      "Quantity": "21 micro-mol/l",
      "Quality": "Normal"
    },
    {
      "Name": "Ferritin",
      "Age": "9.26 Year(s)",
      "Specimen": "serum/plasma",
      "Quantity": "37 micro-g/l",
      "Quality": "Normal"
    },
    {
      "Name": "Glycine",
      "Age": "10.05 Month(s)",
      "Specimen": "serum/plasma",
      "Quantity": "490 micro-mol/l",
      "Quality": "Increased"
    },
    {
      "Name": "Glycine",
      "Age": "13.96 Month(s)",
      "Specimen": "serum/plasma",
      "Quantity": "1186 micro-mol/l",
      "Quality": "Increased"
    },
    {
      "Name": "Glycine",
      "Age": "23.39 Month(s)",
      "Specimen": "serum/plasma",
      "Quantity": "1247 micro-mol/l",
      "Quality": "Increased"
    },
    {
      "Name": "Glycine",
      "Age": "2.24 Year(s)",
      "Specimen": "serum/plasma",
      "Quantity": "1511 micro-mol/l",
      "Quality": "Increased"
    },
    {
      "Name": "Glycine",
      "Age": "5.23 Year(s)",
      "Specimen": "serum/plasma",
      "Quantity": "1090 micro-mol/l",
      "Quality": "Increased"
    },
    {
      "Name": "Glycine",
      "Age": "7.14 Year(s)",
      "Specimen": "serum/plasma",
      "Quantity": "1187 micro-mol/l",
      "Quality": "Increased"
    },
    {
      "Name": "Glycine",
      "Age": "7.73 Year(s)",
      "Specimen": "serum/plasma",
      "Quantity": "1764 micro-mol/l",
      "Quality": "Increased"
    },
    {
      "Name": "Glycine",
      "Age": "9.26 Year(s)",
      "Specimen": "serum/plasma",
      "Quantity": "1471 micro-mol/l",
      "Quality": "Increased"
    },
    {
      "Name": "Glycine",
      "Age": "9.87 Year(s)",
      "Specimen": "serum/plasma",
      "Quantity": "1556 micro-mol/l",
      "Quality": "Increased"
    },
    {
      "Name": "Glycine",
      "Age": "11.11 Year(s)",
      "Specimen": "serum/plasma",
      "Quantity": "1548 micro-mol/l",
      "Quality": "Increased"
    },
    {
      "Name": "Glycine",
      "Age": "11.59 Year(s)",
      "Specimen": "serum/plasma",
      "Quantity": "2099 micro-mol/l",
      "Quality": "Increased"
    },
    {
      "Name": "Glycine",
      "Age": "13.01 Year(s)",
      "Specimen": "serum/plasma",
      "Quantity": "805 micro-mol/l",
      "Quality": "Increased"
    },
    {
      "Name": "Glycine",
      "Age": "13.21 Year(s)",
      "Specimen": "serum/plasma",
      "Quantity": "833 micro-mol/l",
      "Quality": "Increased"
    },
    {
      "Name": "Glycine",
      "Age": "13.63 Year(s)",
      "Specimen": "serum/plasma",
      "Quantity": "1426 micro-mol/l",
      "Quality": "Increased"
    },
    {
      "Name": "Glycine",
      "Age": "14.49 Year(s)",
      "Specimen": "serum/plasma",
      "Quantity": "1188 micro-mol/l",
      "Quality": "Increased"
    },
    {
      "Name": "Glycine",
      "Age": "16.02 Year(s)",
      "Specimen": "serum/plasma",
      "Quantity": "1759 micro-mol/l",
      "Quality": "Increased"
    },
    {
      "Name": "Glycine",
      "Age": "17.25 Year(s)",
      "Specimen": "serum/plasma",
      "Quantity": "2006 micro-mol/l",
      "Quality": "Increased"
    },
    {
      "Name": "Hemoglobine",
      "Age": "6.75 Year(s)",
      "Specimen": "blood",
      "Quantity": "10.1 g/dl",
      "Quality": "Decreased"
    },
    {
      "Name": "Hemoglobine",
      "Age": "7.14 Year(s)",
      "Specimen": "blood",
      "Quantity": "10.7 g/dl",
      "Quality": "Decreased"
    },
    {
      "Name": "Hemoglobine",
      "Age": "7.73 Year(s)",
      "Specimen": "blood",
      "Quantity": "11.2 g/dl",
      "Quality": "Decreased"
    },
    {
      "Name": "Hemoglobine",
      "Age": "8.24 Year(s)",
      "Specimen": "blood",
      "Quantity": "10.6 g/dl",
      "Quality": "Decreased"
    },
    {
      "Name": "Hemoglobine",
      "Age": "9.26 Year(s)",
      "Specimen": "blood",
      "Quantity": "11.4 g/dl",
      "Quality": "Decreased"
    },
    {
      "Name": "Leucocytes",
      "Age": "6.75 Year(s)",
      "Specimen": "blood",
      "Quantity": "4000 /micro-l",
      "Quality": "Normal"
    },
    {
      "Name": "Leucocytes",
      "Age": "7.14 Year(s)",
      "Specimen": "blood",
      "Quantity": "4900 /micro-l",
      "Quality": "Normal"
    },
    {
      "Name": "Leucocytes",
      "Age": "7.65 Year(s)",
      "Specimen": "blood",
      "Quantity": "6600 /micro-l",
      "Quality": "Normal"
    },
    {
      "Name": "Leucocytes",
      "Age": "8.24 Year(s)",
      "Specimen": "blood",
      "Quantity": "6700 /micro-l",
      "Quality": "Normal"
    },
    {
      "Name": "Leucocytes",
      "Age": "8.72 Year(s)",
      "Specimen": "blood",
      "Quantity": "3200 /micro-l",
      "Quality": "Decreased"
    },
    {
      "Name": "Leucocytes",
      "Age": "9.26 Year(s)",
      "Specimen": "blood",
      "Quantity": "3400 /micro-l",
      "Quality": "Decreased"
    },
    {
      "Name": "Methylcitric acid",
      "Age": "6.42 Week(s)",
      "Specimen": "urine",
      "Quantity": "3319.3 mmol/mol Crea",
      "Quality": "Increased"
    },
    {
      "Name": "Methylcitric acid",
      "Age": "10.12 Month(s)",
      "Specimen": "urine",
      "Quantity": "374.3 mmol/mol Crea",
      "Quality": "Normal"
    },
    {
      "Name": "Methylcitric acid",
      "Age": "17.9 Month(s)",
      "Specimen": "urine",
      "Quantity": "795.1 mmol/mol Crea",
      "Quality": "Increased"
    },
    {
      "Name": "Methylcitric acid",
      "Age": "19.61 Month(s)",
      "Specimen": "urine",
      "Quantity": "906.3 mmol/mol Crea",
      "Quality": "Increased"
    },
    {
      "Name": "Methylcitric acid",
      "Age": "21.65 Month(s)",
      "Specimen": "urine",
      "Quantity": "1279.8 mmol/mol Crea",
      "Quality": "Increased"
    },
    {
      "Name": "Methylcitric acid",
      "Age": "2.24 Year(s)",
      "Specimen": "urine",
      "Quantity": "23.9 mmol/mol Crea",
      "Quality": "Decreased"
    },
    {
      "Name": "Methylcitric acid",
      "Age": "2.84 Year(s)",
      "Specimen": "urine",
      "Quantity": "59.5 mmol/mol Crea",
      "Quality": "Normal"
    },
    {
      "Name": "Methylcitric acid",
      "Age": "3.32 Year(s)",
      "Specimen": "urine",
      "Quantity": "46.8 mmol/mol Crea",
      "Quality": "Normal"
    },
    {
      "Name": "Methylcitric acid",
      "Age": "4.33 Year(s)",
      "Specimen": "urine",
      "Quantity": "328.4 mmol/mol Crea",
      "Quality": "Normal"
    },
    {
      "Name": "Methylcitric acid",
      "Age": "4.73 Year(s)",
      "Specimen": "urine",
      "Quantity": "520.2 mmol/mol Crea",
      "Quality": "Increased"
    },
    {
      "Name": "Methylcitric acid",
      "Age": "5.23 Year(s)",
      "Specimen": "urine",
      "Quantity": "235.2 mmol/mol Crea",
      "Quality": "Normal"
    },
    {
      "Name": "Methylcitric acid",
      "Age": "5.38 Year(s)",
      "Specimen": "urine",
      "Quantity": "370.8 mmol/mol Crea",
      "Quality": "Normal"
    },
    {
      "Name": "Methylcitric acid",
      "Age": "17.25 Year(s)",
      "Specimen": "urine",
      "Quantity": "433 mmol/mol Crea",
      "Quality": "Increased"
    },
    {
      "Name": "Propionylcarnitine (C3)",
      "Age": "7.65 Year(s)",
      "Specimen": "blood",
      "Quantity": "28 micro-mol/l",
      "Quality": "Increased"
    },
    {
      "Name": "Propionylcarnitine (C3)",
      "Age": "7.73 Year(s)",
      "Specimen": "blood",
      "Quantity": "40 micro-mol/l",
      "Quality": "Increased"
    },
    {
      "Name": "Propionylcarnitine (C3)",
      "Age": "9.26 Year(s)",
      "Specimen": "blood",
      "Quantity": "49 micro-mol/l",
      "Quality": "Increased"
    },
    {
      "Name": "Propionylcarnitine (C3)",
      "Age": "9.87 Year(s)",
      "Specimen": "blood",
      "Quantity": "54 micro-mol/l",
      "Quality": "Increased"
    },
    {
      "Name": "Propionylcarnitine (C3)",
      "Age": "11.11 Year(s)",
      "Specimen": "blood",
      "Quantity": "33 micro-mol/l",
      "Quality": "Increased"
    },
    {
      "Name": "Propionylcarnitine (C3)",
      "Age": "11.59 Year(s)",
      "Specimen": "blood",
      "Quantity": "30 micro-mol/l",
      "Quality": "Increased"
    },
    {
      "Name": "Propionylcarnitine (C3)",
      "Age": "13.01 Year(s)",
      "Specimen": "blood",
      "Quantity": "18 micro-mol/l",
      "Quality": "Increased"
    },
    {
      "Name": "Propionylcarnitine (C3)",
      "Age": "13.21 Year(s)",
      "Specimen": "blood",
      "Quantity": "18 micro-mol/l",
      "Quality": "Increased"
    },
    {
      "Name": "Propionylcarnitine (C3)",
      "Age": "13.63 Year(s)",
      "Specimen": "blood",
      "Quantity": "22 micro-mol/l",
      "Quality": "Increased"
    },
    {
      "Name": "Propionylcarnitine (C3)",
      "Age": "13.97 Year(s)",
      "Specimen": "blood",
      "Quantity": "16.6 micro-mol/l",
      "Quality": "Increased"
    },
    {
      "Name": "Propionylcarnitine (C3)",
      "Age": "14.49 Year(s)",
      "Specimen": "blood",
      "Quantity": "17.9 micro-mol/l",
      "Quality": "Increased"
    },
    {
      "Name": "Propionylcarnitine (C3)",
      "Age": "15.48 Year(s)",
      "Specimen": "blood",
      "Quantity": "13 micro-mol/l",
      "Quality": "Increased"
    },
    {
      "Name": "Propionylcarnitine (C3)",
      "Age": "16.02 Year(s)",
      "Specimen": "blood",
      "Quantity": "23 micro-mol/l",
      "Quality": "Increased"
    },
    {
      "Name": "Propionylcarnitine (C3)",
      "Age": "16.66 Year(s)",
      "Specimen": "blood",
      "Quantity": "24 micro-mol/l",
      "Quality": "Increased"
    },
    {
      "Name": "Propionylcarnitine (C3)",
      "Age": "17.25 Year(s)",
      "Specimen": "blood",
      "Quantity": "28 micro-mol/l",
      "Quality": "Increased"
    },
    {
      "Name": "Propionylglycine",
      "Age": "6.42 Week(s)",
      "Specimen": "urine",
      "Quantity": "3844.4 mmol/mol Crea",
      "Quality": "Increased"
    },
    {
      "Name": "Propionylglycine",
      "Age": "10.12 Month(s)",
      "Specimen": "urine",
      "Quantity": "4 mmol/mol Crea",
      "Quality": "Normal"
    },
    {
      "Name": "Propionylglycine",
      "Age": "12.45 Month(s)",
      "Specimen": "urine",
      "Quantity": "541.1 mmol/mol Crea",
      "Quality": "Increased"
    },
    {
      "Name": "Propionylglycine",
      "Age": "17.9 Month(s)",
      "Specimen": "urine",
      "Quantity": "746 mmol/mol Crea",
      "Quality": "Increased"
    },
    {
      "Name": "Propionylglycine",
      "Age": "19.61 Month(s)",
      "Specimen": "urine",
      "Quantity": "288 mmol/mol Crea",
      "Quality": "Normal"
    },
    {
      "Name": "Propionylglycine",
      "Age": "21.65 Month(s)",
      "Specimen": "urine",
      "Quantity": "355.2 mmol/mol Crea",
      "Quality": "Normal"
    },
    {
      "Name": "Propionylglycine",
      "Age": "2.24 Year(s)",
      "Specimen": "urine",
      "Quantity": "1.2 mmol/mol Crea",
      "Quality": "Normal"
    },
    {
      "Name": "Propionylglycine",
      "Age": "2.84 Year(s)",
      "Specimen": "urine",
      "Quantity": "194.2 mmol/mol Crea",
      "Quality": "Normal"
    },
    {
      "Name": "Propionylglycine",
      "Age": "3.32 Year(s)",
      "Specimen": "urine",
      "Quantity": "53.1 mmol/mol Crea",
      "Quality": "Normal"
    },
    {
      "Name": "Propionylglycine",
      "Age": "4.33 Year(s)",
      "Specimen": "urine",
      "Quantity": "294.4 mmol/mol Crea",
      "Quality": "Normal"
    },
    {
      "Name": "Propionylglycine",
      "Age": "4.73 Year(s)",
      "Specimen": "urine",
      "Quantity": "1155.7 mmol/mol Crea",
      "Quality": "Increased"
    },
    {
      "Name": "Propionylglycine",
      "Age": "5.23 Year(s)",
      "Specimen": "urine",
      "Quantity": "146 mmol/mol Crea",
      "Quality": "Normal"
    },
    {
      "Name": "Propionylglycine",
      "Age": "5.38 Year(s)",
      "Specimen": "urine",
      "Quantity": "337.5 mmol/mol Crea",
      "Quality": "Normal"
    },
    {
      "Name": "Transferrin",
      "Age": "9.26 Year(s)",
      "Specimen": "serum/plasma",
      "Quantity": "197 mg/dl",
      "Quality": "Decreased"
    },
    {
      "Name": "Propionylcarnitine/Palmitoylcarnitine (C3/C16)",
      "Age": "7.65 Year(s)",
      "Specimen": "blood",
      "Quantity": "20.8 (ratio)",
      "Quality": "Increased"
    },
    {
      "Name": "Propionylcarnitine/Palmitoylcarnitine (C3/C16)",
      "Age": "7.73 Year(s)",
      "Specimen": "blood",
      "Quantity": "38 (ratio)",
      "Quality": "Increased"
    },
    {
      "Name": "Propionylcarnitine/Palmitoylcarnitine (C3/C16)",
      "Age": "9.26 Year(s)",
      "Specimen": "blood",
      "Quantity": "48 (ratio)",
      "Quality": "Increased"
    },
    {
      "Name": "Propionylcarnitine/Palmitoylcarnitine (C3/C16)",
      "Age": "9.87 Year(s)",
      "Specimen": "blood",
      "Quantity": "50 (ratio)",
      "Quality": "Increased"
    },
    {
      "Name": "Propionylcarnitine/Palmitoylcarnitine (C3/C16)",
      "Age": "11.11 Year(s)",
      "Specimen": "blood",
      "Quantity": "33 (ratio)",
      "Quality": "Increased"
    },
    {
      "Name": "Propionylcarnitine/Palmitoylcarnitine (C3/C16)",
      "Age": "11.59 Year(s)",
      "Specimen": "blood",
      "Quantity": "39.6 (ratio)",
      "Quality": "Increased"
    },
    {
      "Name": "Propionylcarnitine/Palmitoylcarnitine (C3/C16)",
      "Age": "13.01 Year(s)",
      "Specimen": "blood",
      "Quantity": "28.3 (ratio)",
      "Quality": "Increased"
    },
    {
      "Name": "Propionylcarnitine/Palmitoylcarnitine (C3/C16)",
      "Age": "13.21 Year(s)",
      "Specimen": "blood",
      "Quantity": "28.3 (ratio)",
      "Quality": "Increased"
    },
    {
      "Name": "Propionylcarnitine/Palmitoylcarnitine (C3/C16)",
      "Age": "13.63 Year(s)",
      "Specimen": "blood",
      "Quantity": "35.6 (ratio)",
      "Quality": "Increased"
    },
    {
      "Name": "Propionylcarnitine/Palmitoylcarnitine (C3/C16)",
      "Age": "13.97 Year(s)",
      "Specimen": "blood",
      "Quantity": "19.4 (ratio)",
      "Quality": "Increased"
    },
    {
      "Name": "Propionylcarnitine/Palmitoylcarnitine (C3/C16)",
      "Age": "14.49 Year(s)",
      "Specimen": "blood",
      "Quantity": "32.2 (ratio)",
      "Quality": "Increased"
    },
    {
      "Name": "Propionylcarnitine/Palmitoylcarnitine (C3/C16)",
      "Age": "15.48 Year(s)",
      "Specimen": "blood",
      "Quantity": "26 (ratio)",
      "Quality": "Increased"
    },
    {
      "Name": "Propionylcarnitine/Palmitoylcarnitine (C3/C16)",
      "Age": "16.02 Year(s)",
      "Specimen": "blood",
      "Quantity": "40 (ratio)",
      "Quality": "Increased"
    },
    {
      "Name": "Propionylcarnitine/Palmitoylcarnitine (C3/C16)",
      "Age": "16.66 Year(s)",
      "Specimen": "blood",
      "Quantity": "48 (ratio)",
      "Quality": "Increased"
    },
    {
      "Name": "Propionylcarnitine/Palmitoylcarnitine (C3/C16)",
      "Age": "17.25 Year(s)",
      "Specimen": "blood",
      "Quantity": "44 (ratio)",
      "Quality": "Increased"
    }
  ],
  "Symptoms": [
    {
      "Name": "anemia",
      "Age": "6.14 Week(s)",
      "Range": "yes"
    },
    {
      "Name": "hearing defect, deafness",
      "Age": "11.66 Month(s)",
      "Range": "yes"
    },
    {
      "Name": "hypotonia",
      "Age": "11.66 Month(s)",
      "Range": "yes"
    },
    {
      "Name": "lethargy, drowsiness, malaise or sleep disorder",
      "Age": "6.14 Week(s)",
      "Range": "yes"
    },
    {
      "Name": "mental retardation",
      "Age": "4.33 Year(s)",
      "Range": "++"
    },
    {
      "Name": "pallor",
      "Age": "6.14 Week(s)",
      "Range": "yes"
    },
    {
      "Name": "speech development, delayed, abnormal",
      "Age": "9.93 Year(s)",
      "Range": "yes"
    }
  ],
  "Diet/drugs": [
    {
      "Name": "L-carnitine",
      "Age": "9.93 Year(s)",
      "Dosage": "900 mg/day",
      "Route": "oral"
    },
    {
      "Name": "L-carnitine",
      "Age": "12.47 Year(s)",
      "Dosage": "1.2 g/day",
      "Route": "oral"
    },
    {
      "Name": "L-carnitine",
      "Age": "13.63 Year(s)",
      "Dosage": "2 g/day",
      "Route": "oral"
    },
    {
      "Name": "isoleucine",
      "Age": "10.49 Year(s)",
      "Dosage": "150 mg/day",
      "Route": "oral"
    },
    {
      "Name": "protein (natural)",
      "Age": "12.47 Year(s)",
      "Dosage": "26 g/day",
      "Route": "oral"
    },
    {
      "Name": "protein (total)",
      "Age": "9.1 Year(s)",
      "Dosage": "1 g/kg/day",
      "Route": "oral"
    }
  ],
  "Therapy/development": [
    {
      "Name": "length",
      "Age": "4.33 Year(s)",
      "Quantity": "102.2  cm",
      "Type": "development"
    },
    {
      "Name": "length",
      "Age": "9.1 Year(s)",
      "Quantity": "130  cm",
      "Type": "development"
    },
    {
      "Name": "length",
      "Age": "9.93 Year(s)",
      "Quantity": "133.6  cm",
      "Type": "development"
    },
    {
      "Name": "length",
      "Age": "10.49 Year(s)",
      "Quantity": "136  cm",
      "Type": "development"
    },
    {
      "Name": "length",
      "Age": "11.59 Year(s)",
      "Quantity": "142  cm",
      "Type": "development"
    },
    {
      "Name": "length",
      "Age": "12.47 Year(s)",
      "Quantity": "146.5  cm",
      "Type": "development"
    },
    {
      "Name": "length",
      "Age": "13 Year(s)",
      "Quantity": "149.5  cm",
      "Type": "development"
    },
    {
      "Name": "length",
      "Age": "13.63 Year(s)",
      "Quantity": "150  cm",
      "Type": "development"
    },
    {
      "Name": "length",
      "Age": "13.97 Year(s)",
      "Quantity": "151.8  cm",
      "Type": "development"
    },
    {
      "Name": "length",
      "Age": "14.49 Year(s)",
      "Quantity": "155  cm",
      "Type": "development"
    },
    {
      "Name": "length",
      "Age": "15.48 Year(s)",
      "Quantity": "157.5  cm",
      "Type": "development"
    },
    {
      "Name": "weight",
      "Age": "4.33 Year(s)",
      "Quantity": "16.9  kg",
      "Type": "development"
    },
    {
      "Name": "weight",
      "Age": "9.1 Year(s)",
      "Quantity": "26.5  kg",
      "Type": "development"
    },
    {
      "Name": "weight",
      "Age": "9.93 Year(s)",
      "Quantity": "29.8  kg",
      "Type": "development"
    },
    {
      "Name": "weight",
      "Age": "10.49 Year(s)",
      "Quantity": "31  kg",
      "Type": "development"
    },
    {
      "Name": "weight",
      "Age": "11.59 Year(s)",
      "Quantity": "34.5  kg",
      "Type": "development"
    },
    {
      "Name": "weight",
      "Age": "12.47 Year(s)",
      "Quantity": "38.4  kg",
      "Type": "development"
    },
    {
      "Name": "weight",
      "Age": "13 Year(s)",
      "Quantity": "38.3  kg",
      "Type": "development"
    },
    {
      "Name": "weight",
      "Age": "13.63 Year(s)",
      "Quantity": "39.2  kg",
      "Type": "development"
    },
    {
      "Name": "weight",
      "Age": "13.97 Year(s)",
      "Quantity": "43  kg",
      "Type": "development"
    },
    {
      "Name": "weight",
      "Age": "14.49 Year(s)",
      "Quantity": "45  kg",
      "Type": "development"
    },
    {
      "Name": "weight",
      "Age": "15.48 Year(s)",
      "Quantity": "48.6  kg",
      "Type": "development"
    }
  ]
}