{
  "MainData": {
    "Patient ID": "162",
    "Diagnosis": "PROPIONIC ACIDEMIA (MIM 606054)",
    "Gender": "f",
    "Age of symptoms onset": "3 Day(s)",
    "Age of diagnosis": "7.58 Week(s)",
    "Found in newborn screening": "n",
    "Diagnosis confirmed": "y",
    "Country": "Germany",
    "Ethnic origin": "Mother: German, Father: German",
    "History": "In the newborn period, the infant showed respiratory distress and  feeding difficulties. At the age of 6 weeks, hospitalization was necessary because of increasing feeding problems, vomiting and failure to thrive.",
    "Author": "Friedrich Trefz",
    "Hospital": "Childrens Hospital Reutlingen",
    "Coauthor(s)": "",
    "Date of entry": "2001-03-31"
  },
  "Molecular genetics": {
    "Gene name": "",
    "Genotype": "",
    "Allele 1": {
      "Trivial name": "",
      "Systematic name": "",
      "Amino acid change": "",
      "Nucleotide change": "",
      "Exon/Intron Boundary/Promotor": ""
    },
    "Allele 2": {
      "Trivial name": "",
      "Systematic name": "",
      "Amino acid change": "",
      "Nucleotide change": "",
      "Exon/Intron Boundary/Promotor": ""
    }
  },
  "Lab findings": [
    {
      "Name": "Ammonia",
      "Age": "8.15 Week(s)",
      "Specimen": "serum/plasma",
      "Quantity": "345 micro-mol/l",
      "Quality": "Increased"
    },
    {
      "Name": "Ammonia",
      "Age": "6.99 Year(s)",
      "Specimen": "serum/plasma",
      "Quantity": "47 micro-mol/l",
      "Quality": "Normal"
    },
    {
      "Name": "Ammonia",
      "Age": "7.55 Year(s)",
      "Specimen": "serum/plasma",
      "Quantity": "56 micro-mol/l",
      "Quality": "Increased"
    },
    {
      "Name": "Ammonia",
      "Age": "7.86 Year(s)",
      "Specimen": "serum/plasma",
      "Quantity": "114 micro-mol/l",
      "Quality": "Increased"
    },
    {
      "Name": "Ammonia",
      "Age": "8.33 Year(s)",
      "Specimen": "serum/plasma",
      "Quantity": "60 micro-mol/l",
      "Quality": "Increased"
    },
    {
      "Name": "Ammonia",
      "Age": "8.56 Year(s)",
      "Specimen": "serum/plasma",
      "Quantity": "69 micro-mol/l",
      "Quality": "Normal"
    },
    {
      "Name": "Ammonia",
      "Age": "8.87 Year(s)",
      "Specimen": "serum/plasma",
      "Quantity": "80 micro-mol/l",
      "Quality": "Increased"
    },
    {
      "Name": "Ammonia",
      "Age": "9.08 Year(s)",
      "Specimen": "serum/plasma",
      "Quantity": "39 micro-mol/l",
      "Quality": "Normal"
    },
    {
      "Name": "Ammonia",
      "Age": "9.27 Year(s)",
      "Specimen": "serum/plasma",
      "Quantity": "43 micro-mol/l",
      "Quality": "Normal"
    },
    {
      "Name": "Ammonia",
      "Age": "9.97 Year(s)",
      "Specimen": "serum/plasma",
      "Quantity": "88 micro-mol/l",
      "Quality": "Increased"
    },
    {
      "Name": "Ammonia",
      "Age": "10.28 Year(s)",
      "Specimen": "serum/plasma",
      "Quantity": "75 micro-mol/l",
      "Quality": "Increased"
    },
    {
      "Name": "Ammonia",
      "Age": "10.78 Year(s)",
      "Specimen": "serum/plasma",
      "Quantity": "87 micro-mol/l",
      "Quality": "Increased"
    },
    {
      "Name": "Ammonia",
      "Age": "16.18 Year(s)",
      "Specimen": "serum/plasma",
      "Quantity": "120 micro-mol/l",
      "Quality": "Increased"
    },
    {
      "Name": "Ammonia",
      "Age": "16.47 Year(s)",
      "Specimen": "serum/plasma",
      "Quantity": "146 micro-mol/l",
      "Quality": "Increased"
    },
    {
      "Name": "Ammonia",
      "Age": "16.48 Year(s)",
      "Specimen": "serum/plasma",
      "Quantity": "112 micro-mol/l",
      "Quality": "Increased"
    },
    {
      "Name": "Ammonia",
      "Age": "16.5 Year(s)",
      "Specimen": "serum/plasma",
      "Quantity": "77 micro-mol/l",
      "Quality": "Increased"
    },
    {
      "Name": "Ammonia",
      "Age": "16.51 Year(s)",
      "Specimen": "serum/plasma",
      "Quantity": "149 micro-mol/l",
      "Quality": "Increased"
    },
    {
      "Name": "Ammonia",
      "Age": "16.62 Year(s)",
      "Specimen": "serum/plasma",
      "Quantity": "51 micro-mol/l",
      "Quality": "Increased"
    },
    {
      "Name": "Ammonia",
      "Age": "17.14 Year(s)",
      "Specimen": "serum/plasma",
      "Quantity": "112 micro-mol/l",
      "Quality": "Increased"
    },
    {
      "Name": "Ammonia",
      "Age": "18.33 Year(s)",
      "Specimen": "serum/plasma",
      "Quantity": "97 micro-mol/l",
      "Quality": "Increased"
    },
    {
      "Name": "Ammonia",
      "Age": "20.33 Year(s)",
      "Specimen": "serum/plasma",
      "Quantity": "69 micro-mol/l",
      "Quality": "Increased"
    },
    {
      "Name": "Ammonia",
      "Age": "21.15 Year(s)",
      "Specimen": "serum/plasma",
      "Quantity": "55 micro-mol/l",
      "Quality": "Normal"
    },
    {
      "Name": "Ammonia",
      "Age": "21.79 Year(s)",
      "Specimen": "serum/plasma",
      "Quantity": "34 micro-mol/l",
      "Quality": "Normal"
    },
    {
      "Name": "Ammonia",
      "Age": "22.41 Year(s)",
      "Specimen": "serum/plasma",
      "Quantity": "136 micro-mol/l",
      "Quality": "Increased"
    },
    {
      "Name": "Ammonia",
      "Age": "22.9 Year(s)",
      "Specimen": "serum/plasma",
      "Quantity": "88 micro-mol/l",
      "Quality": "Increased"
    },
    {
      "Name": "Carnitine, free",
      "Age": "16.41 Year(s)",
      "Specimen": "blood",
      "Quantity": "33 micro-mol/l",
      "Quality": "Normal"
    },
    {
      "Name": "Carnitine, free",
      "Age": "16.48 Year(s)",
      "Specimen": "blood",
      "Quantity": "39 micro-mol/l",
      "Quality": "Normal"
    },
    {
      "Name": "Carnitine, free",
      "Age": "16.5 Year(s)",
      "Specimen": "blood",
      "Quantity": "236 micro-mol/l",
      "Quality": "Increased"
    },
    {
      "Name": "Carnitine, free",
      "Age": "16.51 Year(s)",
      "Specimen": "blood",
      "Quantity": "80 micro-mol/l",
      "Quality": "Increased"
    },
    {
      "Name": "Carnitine, free",
      "Age": "16.62 Year(s)",
      "Specimen": "blood",
      "Quantity": "49 micro-mol/l",
      "Quality": "Normal"
    },
    {
      "Name": "Carnitine, free",
      "Age": "17.14 Year(s)",
      "Specimen": "blood",
      "Quantity": "30 micro-mol/l",
      "Quality": "Normal"
    },
    {
      "Name": "Carnitine, free",
      "Age": "17.75 Year(s)",
      "Specimen": "blood",
      "Quantity": "30 micro-mol/l",
      "Quality": "Normal"
    },
    {
      "Name": "Carnitine, free",
      "Age": "18.39 Year(s)",
      "Specimen": "blood",
      "Quantity": "67 micro-mol/l",
      "Quality": "Normal"
    },
    {
      "Name": "Carnitine, free",
      "Age": "19.15 Year(s)",
      "Specimen": "blood",
      "Quantity": "32 micro-mol/l",
      "Quality": "Normal"
    },
    {
      "Name": "Carnitine, free",
      "Age": "19.74 Year(s)",
      "Specimen": "blood",
      "Quantity": "29 micro-mol/l",
      "Quality": "Normal"
    },
    {
      "Name": "Carnitine, free",
      "Age": "20.33 Year(s)",
      "Specimen": "blood",
      "Quantity": "58 micro-mol/l",
      "Quality": "Normal"
    },
    {
      "Name": "Carnitine, free",
      "Age": "21.03 Year(s)",
      "Specimen": "blood",
      "Quantity": "23 micro-mol/l",
      "Quality": "Normal"
    },
    {
      "Name": "Carnitine, free",
      "Age": "21.79 Year(s)",
      "Specimen": "blood",
      "Quantity": "19 micro-mol/l",
      "Quality": "Normal"
    },
    {
      "Name": "Carnitine, free",
      "Age": "21.95 Year(s)",
      "Specimen": "blood",
      "Quantity": "22 micro-mol/l",
      "Quality": "Normal"
    },
    {
      "Name": "Carnitine, free",
      "Age": "22.41 Year(s)",
      "Specimen": "blood",
      "Quantity": "23 micro-mol/l",
      "Quality": "Normal"
    },
    {
      "Name": "Carnitine, free",
      "Age": "22.9 Year(s)",
      "Specimen": "blood",
      "Quantity": "35 micro-mol/l",
      "Quality": "Normal"
    },
    {
      "Name": "Carnitine, free",
      "Age": "24.13 Year(s)",
      "Specimen": "blood",
      "Quantity": "29 micro-mol/l",
      "Quality": "Normal"
    },
    {
      "Name": "Carnitine, free",
      "Age": "25.01 Year(s)",
      "Specimen": "blood",
      "Quantity": "28 micro-mol/l",
      "Quality": "Normal"
    },
    {
      "Name": "Glycine",
      "Age": "7.31 Year(s)",
      "Specimen": "blood",
      "Quantity": "5088 micro-mol/l",
      "Quality": "Increased"
    },
    {
      "Name": "Glycine",
      "Age": "7.35 Year(s)",
      "Specimen": "blood",
      "Quantity": "7284 micro-mol/l",
      "Quality": "Increased"
    },
    {
      "Name": "Glycine",
      "Age": "7.43 Year(s)",
      "Specimen": "blood",
      "Quantity": "3468 micro-mol/l",
      "Quality": "Increased"
    },
    {
      "Name": "Glycine",
      "Age": "7.48 Year(s)",
      "Specimen": "blood",
      "Quantity": "6323 micro-mol/l",
      "Quality": "Increased"
    },
    {
      "Name": "Glycine",
      "Age": "7.55 Year(s)",
      "Specimen": "blood",
      "Quantity": "5295 micro-mol/l",
      "Quality": "Increased"
    },
    {
      "Name": "Glycine",
      "Age": "7.61 Year(s)",
      "Specimen": "blood",
      "Quantity": "1869 micro-mol/l",
      "Quality": "Increased"
    },
    {
      "Name": "Glycine",
      "Age": "14.72 Year(s)",
      "Specimen": "serum/plasma",
      "Quantity": "1273 micro-mol/l",
      "Quality": "Increased"
    },
    {
      "Name": "Glycine",
      "Age": "16.41 Year(s)",
      "Specimen": "blood",
      "Quantity": "1211 micro-mol/l",
      "Quality": "Increased"
    },
    {
      "Name": "Glycine",
      "Age": "16.5 Year(s)",
      "Specimen": "serum/plasma",
      "Quantity": "763 micro-mol/l",
      "Quality": "Increased"
    },
    {
      "Name": "Glycine",
      "Age": "16.62 Year(s)",
      "Specimen": "serum/plasma",
      "Quantity": "1077 micro-mol/l",
      "Quality": "Increased"
    },
    {
      "Name": "Glycine",
      "Age": "17.14 Year(s)",
      "Specimen": "serum/plasma",
      "Quantity": "1745 micro-mol/l",
      "Quality": "Increased"
    },
    {
      "Name": "Glycine",
      "Age": "17.75 Year(s)",
      "Specimen": "serum/plasma",
      "Quantity": "1470 micro-mol/l",
      "Quality": "Increased"
    },
    {
      "Name": "Glycine",
      "Age": "18.39 Year(s)",
      "Specimen": "serum/plasma",
      "Quantity": "1519 micro-mol/l",
      "Quality": "Increased"
    },
    {
      "Name": "Glycine",
      "Age": "19.15 Year(s)",
      "Specimen": "serum/plasma",
      "Quantity": "1516 micro-mol/l",
      "Quality": "Increased"
    },
    {
      "Name": "Glycine",
      "Age": "19.74 Year(s)",
      "Specimen": "serum/plasma",
      "Quantity": "892 micro-mol/l",
      "Quality": "Increased"
    },
    {
      "Name": "Glycine",
      "Age": "21.79 Year(s)",
      "Specimen": "serum/plasma",
      "Quantity": "683 micro-mol/l",
      "Quality": "Increased"
    },
    {
      "Name": "Glycine",
      "Age": "21.95 Year(s)",
      "Specimen": "serum/plasma",
      "Quantity": "513 micro-mol/l",
      "Quality": "Increased"
    },
    {
      "Name": "Glycine",
      "Age": "22.9 Year(s)",
      "Specimen": "serum/plasma",
      "Quantity": "1486 micro-mol/l",
      "Quality": "Increased"
    },
    {
      "Name": "Glycine",
      "Age": "24.13 Year(s)",
      "Specimen": "serum/plasma",
      "Quantity": "2197 micro-mol/l",
      "Quality": "Increased"
    },
    {
      "Name": "Hemoglobine",
      "Age": "16.62 Year(s)",
      "Specimen": "blood",
      "Quantity": "11.6 g/dl",
      "Quality": "Decreased"
    },
    {
      "Name": "Propionylcarnitine (C3)",
      "Age": "10.78 Year(s)",
      "Specimen": "blood",
      "Quantity": "25 micro-mol/l",
      "Quality": "Increased"
    },
    {
      "Name": "Propionylcarnitine (C3)",
      "Age": "16.41 Year(s)",
      "Specimen": "blood",
      "Quantity": "49 micro-mol/l",
      "Quality": "Increased"
    },
    {
      "Name": "Propionylcarnitine (C3)",
      "Age": "16.48 Year(s)",
      "Specimen": "blood",
      "Quantity": "57 micro-mol/l",
      "Quality": "Increased"
    },
    {
      "Name": "Propionylcarnitine (C3)",
      "Age": "16.5 Year(s)",
      "Specimen": "blood",
      "Quantity": "72 micro-mol/l",
      "Quality": "Increased"
    },
    {
      "Name": "Propionylcarnitine (C3)",
      "Age": "16.51 Year(s)",
      "Specimen": "blood",
      "Quantity": "56 micro-mol/l",
      "Quality": "Increased"
    },
    {
      "Name": "Propionylcarnitine (C3)",
      "Age": "16.62 Year(s)",
      "Specimen": "blood",
      "Quantity": "41 micro-mol/l",
      "Quality": "Increased"
    },
    {
      "Name": "Propionylcarnitine (C3)",
      "Age": "17.14 Year(s)",
      "Specimen": "blood",
      "Quantity": "38 micro-mol/l",
      "Quality": "Increased"
    },
    {
      "Name": "Propionylcarnitine (C3)",
      "Age": "17.75 Year(s)",
      "Specimen": "blood",
      "Quantity": "52.7 micro-mol/l",
      "Quality": "Increased"
    },
    {
      "Name": "Propionylcarnitine (C3)",
      "Age": "18.39 Year(s)",
      "Specimen": "blood",
      "Quantity": "43.8 micro-mol/l",
      "Quality": "Increased"
    },
    {
      "Name": "Propionylcarnitine (C3)",
      "Age": "19.15 Year(s)",
      "Specimen": "blood",
      "Quantity": "25.7 micro-mol/l",
      "Quality": "Increased"
    },
    {
      "Name": "Propionylcarnitine (C3)",
      "Age": "19.74 Year(s)",
      "Specimen": "blood",
      "Quantity": "25.7 micro-mol/l",
      "Quality": "Increased"
    },
    {
      "Name": "Propionylcarnitine (C3)",
      "Age": "20.33 Year(s)",
      "Specimen": "blood",
      "Quantity": "19 micro-mol/l",
      "Quality": "Increased"
    },
    {
      "Name": "Propionylcarnitine (C3)",
      "Age": "21.03 Year(s)",
      "Specimen": "blood",
      "Quantity": "17 micro-mol/l",
      "Quality": "Increased"
    },
    {
      "Name": "Propionylcarnitine (C3)",
      "Age": "21.79 Year(s)",
      "Specimen": "blood",
      "Quantity": "15 micro-mol/l",
      "Quality": "Increased"
    },
    {
      "Name": "Propionylcarnitine (C3)",
      "Age": "21.95 Year(s)",
      "Specimen": "blood",
      "Quantity": "18 micro-mol/l",
      "Quality": "Increased"
    },
    {
      "Name": "Propionylcarnitine (C3)",
      "Age": "22.41 Year(s)",
      "Specimen": "blood",
      "Quantity": "20 micro-mol/l",
      "Quality": "Increased"
    },
    {
      "Name": "Propionylcarnitine (C3)",
      "Age": "22.9 Year(s)",
      "Specimen": "blood",
      "Quantity": "14 micro-mol/l",
      "Quality": "Increased"
    },
    {
      "Name": "Propionylcarnitine (C3)",
      "Age": "24.13 Year(s)",
      "Specimen": "blood",
      "Quantity": "37 micro-mol/l",
      "Quality": "Increased"
    },
    {
      "Name": "Propionylcarnitine (C3)",
      "Age": "25.01 Year(s)",
      "Specimen": "blood",
      "Quantity": "19 micro-mol/l",
      "Quality": "Increased"
    },
    {
      "Name": "Propionylcarnitine/Palmitoylcarnitine (C3/C16)",
      "Age": "16.41 Year(s)",
      "Specimen": "blood",
      "Quantity": "33 (ratio)",
      "Quality": "Increased"
    },
    {
      "Name": "Propionylcarnitine/Palmitoylcarnitine (C3/C16)",
      "Age": "16.48 Year(s)",
      "Specimen": "blood",
      "Quantity": "42 (ratio)",
      "Quality": "Increased"
    },
    {
      "Name": "Propionylcarnitine/Palmitoylcarnitine (C3/C16)",
      "Age": "16.5 Year(s)",
      "Specimen": "blood",
      "Quantity": "68.6 (ratio)",
      "Quality": "Increased"
    },
    {
      "Name": "Propionylcarnitine/Palmitoylcarnitine (C3/C16)",
      "Age": "16.51 Year(s)",
      "Specimen": "blood",
      "Quantity": "47.9 (ratio)",
      "Quality": "Increased"
    },
    {
      "Name": "Propionylcarnitine/Palmitoylcarnitine (C3/C16)",
      "Age": "16.62 Year(s)",
      "Specimen": "blood",
      "Quantity": "16 (ratio)",
      "Quality": "Increased"
    },
    {
      "Name": "Propionylcarnitine/Palmitoylcarnitine (C3/C16)",
      "Age": "17.14 Year(s)",
      "Specimen": "blood",
      "Quantity": "24.8 (ratio)",
      "Quality": "Increased"
    },
    {
      "Name": "Propionylcarnitine/Palmitoylcarnitine (C3/C16)",
      "Age": "17.75 Year(s)",
      "Specimen": "blood",
      "Quantity": "19.1 (ratio)",
      "Quality": "Increased"
    },
    {
      "Name": "Propionylcarnitine/Palmitoylcarnitine (C3/C16)",
      "Age": "18.39 Year(s)",
      "Specimen": "blood",
      "Quantity": "12.3 (ratio)",
      "Quality": "Increased"
    },
    {
      "Name": "Propionylcarnitine/Palmitoylcarnitine (C3/C16)",
      "Age": "19.15 Year(s)",
      "Specimen": "blood",
      "Quantity": "13.7 (ratio)",
      "Quality": "Increased"
    },
    {
      "Name": "Propionylcarnitine/Palmitoylcarnitine (C3/C16)",
      "Age": "19.74 Year(s)",
      "Specimen": "blood",
      "Quantity": "17.7 (ratio)",
      "Quality": "Increased"
    },
    {
      "Name": "Propionylcarnitine/Palmitoylcarnitine (C3/C16)",
      "Age": "20.33 Year(s)",
      "Specimen": "blood",
      "Quantity": "13.2 (ratio)",
      "Quality": "Increased"
    },
    {
      "Name": "Propionylcarnitine/Palmitoylcarnitine (C3/C16)",
      "Age": "21.03 Year(s)",
      "Specimen": "blood",
      "Quantity": "10.8 (ratio)",
      "Quality": "Increased"
    },
    {
      "Name": "Propionylcarnitine/Palmitoylcarnitine (C3/C16)",
      "Age": "21.79 Year(s)",
      "Specimen": "blood",
      "Quantity": "12 (ratio)",
      "Quality": "Increased"
    },
    {
      "Name": "Propionylcarnitine/Palmitoylcarnitine (C3/C16)",
      "Age": "21.95 Year(s)",
      "Specimen": "blood",
      "Quantity": "15 (ratio)",
      "Quality": "Increased"
    },
    {
      "Name": "Propionylcarnitine/Palmitoylcarnitine (C3/C16)",
      "Age": "22.41 Year(s)",
      "Specimen": "blood",
      "Quantity": "19 (ratio)",
      "Quality": "Increased"
    },
    {
      "Name": "Propionylcarnitine/Palmitoylcarnitine (C3/C16)",
      "Age": "22.9 Year(s)",
      "Specimen": "blood",
      "Quantity": "9.7 (ratio)",
      "Quality": "Increased"
    },
    {
      "Name": "Propionylcarnitine/Palmitoylcarnitine (C3/C16)",
      "Age": "24.13 Year(s)",
      "Specimen": "blood",
      "Quantity": "27 (ratio)",
      "Quality": "Increased"
    },
    {
      "Name": "Propionylcarnitine/Palmitoylcarnitine (C3/C16)",
      "Age": "25.01 Year(s)",
      "Specimen": "blood",
      "Quantity": "11 (ratio)",
      "Quality": "Increased"
    }
  ],
  "Symptoms": [
    {
      "Name": "ataxia",
      "Age": "16.47 Year(s)",
      "Range": "yes"
    },
    {
      "Name": "dwarfism",
      "Age": "8.94 Year(s)",
      "Range": "yes"
    },
    {
      "Name": "hearing defect, deafness",
      "Age": "7.01 Year(s)",
      "Range": "yes"
    },
    {
      "Name": "infections [severe or recurrent]",
      "Age": "12.85 Month(s)",
      "Range": "yes"
    },
    {
      "Name": "infections [severe or recurrent]",
      "Age": "7.23 Year(s)",
      "Range": "yes"
    },
    {
      "Name": "mental retardation",
      "Age": "8.94 Year(s)",
      "Range": "++"
    },
    {
      "Name": "valvular heart disease",
      "Age": "19.74 Year(s)",
      "Range": "yes"
    }
  ],
  "Diet/drugs": [
    {
      "Name": "L-carnitine",
      "Age": "16.51 Year(s)",
      "Dosage": "2.7 g/day",
      "Route": "oral"
    },
    {
      "Name": "L-carnitine",
      "Age": "17.75 Year(s)",
      "Dosage": "500 mg/day",
      "Route": "oral"
    },
    {
      "Name": "arginine",
      "Age": "16.51 Year(s)",
      "Dosage": "9 g/day",
      "Route": "oral"
    },
    {
      "Name": "human growth hormone (hGH)",
      "Age": "9.05 Year(s)",
      "Dosage": "1.7 U/day",
      "Route": "subcutan"
    },
    {
      "Name": "human growth hormone (hGH)",
      "Age": "15.24 Year(s)",
      "Dosage": "0 U/day",
      "Route": "subcutan"
    },
    {
      "Name": "protein (natural)",
      "Age": "16.62 Year(s)",
      "Dosage": "25 g/day",
      "Route": "oral"
    }
  ],
  "Therapy/development": [
    {
      "Name": "blood pressure, diastolic",
      "Age": "19.74 Year(s)",
      "Quantity": "63 mmHG",
      "Type": ""
    },
    {
      "Name": "blood pressure, diastolic",
      "Age": "20.33 Year(s)",
      "Quantity": "77 mmHG",
      "Type": ""
    },
    {
      "Name": "blood pressure, diastolic",
      "Age": "21.03 Year(s)",
      "Quantity": "61 mmHG",
      "Type": ""
    },
    {
      "Name": "blood pressure, diastolic",
      "Age": "21.15 Year(s)",
      "Quantity": "78 mmHG",
      "Type": ""
    },
    {
      "Name": "blood pressure, diastolic",
      "Age": "22.41 Year(s)",
      "Quantity": "72 mmHG",
      "Type": ""
    },
    {
      "Name": "blood pressure, diastolic",
      "Age": "22.9 Year(s)",
      "Quantity": "74 mmHG",
      "Type": ""
    },
    {
      "Name": "blood pressure, systolic",
      "Age": "19.74 Year(s)",
      "Quantity": "108 mmHG",
      "Type": ""
    },
    {
      "Name": "blood pressure, systolic",
      "Age": "20.33 Year(s)",
      "Quantity": "120 mmHG",
      "Type": ""
    },
    {
      "Name": "blood pressure, systolic",
      "Age": "21.03 Year(s)",
      "Quantity": "108 mmHG",
      "Type": ""
    },
    {
      "Name": "blood pressure, systolic",
      "Age": "21.15 Year(s)",
      "Quantity": "119 mmHG",
      "Type": ""
    },
    {
      "Name": "blood pressure, systolic",
      "Age": "22.41 Year(s)",
      "Quantity": "133 mmHG",
      "Type": ""
    },
    {
      "Name": "blood pressure, systolic",
      "Age": "22.9 Year(s)",
      "Quantity": "130 mmHG",
      "Type": ""
    },
    {
      "Name": "length",
      "Age": "16.18 Year(s)",
      "Quantity": "152.5  cm",
      "Type": "development"
    },
    {
      "Name": "length",
      "Age": "16.62 Year(s)",
      "Quantity": "152.5  cm",
      "Type": "development"
    },
    {
      "Name": "length",
      "Age": "17.14 Year(s)",
      "Quantity": "154  cm",
      "Type": "development"
    },
    {
      "Name": "length",
      "Age": "17.75 Year(s)",
      "Quantity": "153.3  cm",
      "Type": "development"
    },
    {
      "Name": "length",
      "Age": "18.33 Year(s)",
      "Quantity": "153.5  cm",
      "Type": "development"
    },
    {
      "Name": "length",
      "Age": "19.74 Year(s)",
      "Quantity": "154.7  cm",
      "Type": "development"
    },
    {
      "Name": "length",
      "Age": "21.15 Year(s)",
      "Quantity": "155  cm",
      "Type": "development"
    },
    {
      "Name": "weight",
      "Age": "16.18 Year(s)",
      "Quantity": "48.9  kg",
      "Type": "development"
    },
    {
      "Name": "weight",
      "Age": "16.62 Year(s)",
      "Quantity": "49.6  kg",
      "Type": "development"
    },
    {
      "Name": "weight",
      "Age": "17.14 Year(s)",
      "Quantity": "51.1  kg",
      "Type": "development"
    },
    {
      "Name": "weight",
      "Age": "17.75 Year(s)",
      "Quantity": "51.9  kg",
      "Type": "development"
    },
    {
      "Name": "weight",
      "Age": "18.33 Year(s)",
      "Quantity": "51.4  kg",
      "Type": "development"
    },
    {
      "Name": "weight",
      "Age": "19.74 Year(s)",
      "Quantity": "52.5  kg",
      "Type": "development"
    },
    {
      "Name": "weight",
      "Age": "20.33 Year(s)",
      "Quantity": "49.5  kg",
      "Type": "development"
    },
    {
      "Name": "weight",
      "Age": "21.03 Year(s)",
      "Quantity": "48.4  kg",
      "Type": "development"
    },
    {
      "Name": "weight",
      "Age": "21.15 Year(s)",
      "Quantity": "47.7  kg",
      "Type": "development"
    },
    {
      "Name": "weight",
      "Age": "21.95 Year(s)",
      "Quantity": "48.4  kg",
      "Type": "development"
    },
    {
      "Name": "weight",
      "Age": "22.41 Year(s)",
      "Quantity": "49  kg",
      "Type": "development"
    },
    {
      "Name": "weight",
      "Age": "22.9 Year(s)",
      "Quantity": "50.5  kg",
      "Type": "development"
    }
  ]
}