{
  "MainData": {
    "Patient ID": "165",
    "Diagnosis": "CYSTINURIA (MIM 220100)",
    "Gender": "f",
    "Age of symptoms onset": "13 Month(s)",
    "Age of diagnosis": "2.1 Year(s)",
    "Found in newborn screening": "n",
    "Diagnosis confirmed": "y",
    "Country": "Germany",
    "Ethnic origin": "Mother: German, Father: German",
    "History": "After several infections of urinary tract in her second year of life, the girl was presented at the hospital at the age of 25 months because of large kidney stones. The urine analysis showed a highly increased excretion of cystine, ornithine, lysine and arginine.",
    "Author": "Friedrich Trefz",
    "Hospital": "Childrens Hospital Reutlingen",
    "Coauthor(s)": "",
    "Date of entry": "2001-03-31"
  },
  "Molecular genetics": {
    "Gene name": "",
    "Genotype": "",
    "Allele 1": {
      "Trivial name": "",
      "Systematic name": "",
      "Amino acid change": "",
      "Nucleotide change": "",
      "Exon/Intron Boundary/Promotor": ""
    },
    "Allele 2": {
      "Trivial name": "",
      "Systematic name": "",
      "Amino acid change": "",
      "Nucleotide change": "",
      "Exon/Intron Boundary/Promotor": ""
    }
  },
  "Lab findings": [
    {
      "Name": "Arginine",
      "Age": "2.12 Year(s)",
      "Specimen": "urine",
      "Quantity": "1032 mmol/mol Crea",
      "Quality": "Increased"
    },
    {
      "Name": "Cystine",
      "Age": "2.12 Year(s)",
      "Specimen": "urine",
      "Quantity": "533 mmol/mol Crea",
      "Quality": "Increased"
    },
    {
      "Name": "Lysine",
      "Age": "2.12 Year(s)",
      "Specimen": "urine",
      "Quantity": "1216 mmol/mol Crea",
      "Quality": "Increased"
    },
    {
      "Name": "Ornithine",
      "Age": "2.12 Year(s)",
      "Specimen": "urine",
      "Quantity": "323 mmol/mol Crea",
      "Quality": "Increased"
    }
  ],
  "Symptoms": [
    {
      "Name": "infections [urinary tract]",
      "Age": "17.41 Month(s)",
      "Range": "yes"
    },
    {
      "Name": "infections [urinary tract]",
      "Age": "17.77 Month(s)",
      "Range": "yes"
    }
  ],
  "Diet/drugs": [],
  "Therapy/development": []
}