{
  "MainData": {
    "Patient ID": "173",
    "Diagnosis": "METHYLMALONIC ACIDURIA DUE TO METHYLMALONYL-CoA MUTASE DEFICIENCY (MIM 251000)",
    "Gender": "m",
    "Age of symptoms onset": "3 Week(s)",
    "Age of diagnosis": "5.57 Week(s)",
    "Found in newborn screening": "n",
    "Diagnosis confirmed": "y",
    "Country": "Germany",
    "Ethnic origin": "Mother: Turkish, Father: Turkish",
    "History": "The patient was found in early infancy with the typical symptoms of decompensated methylmalonic aciduria. He was treated with  protein-restricted diet, carnitine supplementation and amino acid mixture (OS2). After measles infection, resisting paraplegia.  Normal intelligence (now 16 years old). Chronic renal insufficiency, anemia and hearing defect. He is able to walk with some problems.",
    "Author": "Friedrich Trefz",
    "Hospital": "Childrens Hospital Reutlingen",
    "Coauthor(s)": "",
    "Date of entry": "2001-03-31"
  },
  "Molecular genetics": {
    "Gene name": "Methylmalonyl-CoA mutase gene",
    "Genotype": "p.L328F/ p.L328F",
    "Allele 1": {
      "Trivial name": "p.L328F",
      "Systematic name": "c.982C>T",
      "Amino acid change": "Leu>Phe",
      "Nucleotide change": "",
      "Exon/Intron Boundary/Promotor": "5"
    },
    "Allele 2": {
      "Trivial name": "p.L328F",
      "Systematic name": "c.982C>T",
      "Amino acid change": "Leu>Phe",
      "Nucleotide change": "",
      "Exon/Intron Boundary/Promotor": "5"
    }
  },
  "Lab findings": [
    {
      "Name": "Alanine",
      "Age": "16.08 Year(s)",
      "Specimen": "serum/plasma",
      "Quantity": "580 micro-mol/l",
      "Quality": "Increased"
    },
    {
      "Name": "Alanine",
      "Age": "17.1 Year(s)",
      "Specimen": "serum/plasma",
      "Quantity": "703 micro-mol/l",
      "Quality": "Increased"
    },
    {
      "Name": "Alanine",
      "Age": "17.26 Year(s)",
      "Specimen": "serum/plasma",
      "Quantity": "807 micro-mol/l",
      "Quality": "Increased"
    },
    {
      "Name": "Alanine",
      "Age": "17.91 Year(s)",
      "Specimen": "serum/plasma",
      "Quantity": "613 micro-mol/l",
      "Quality": "Increased"
    },
    {
      "Name": "Alanine",
      "Age": "18.75 Year(s)",
      "Specimen": "serum/plasma",
      "Quantity": "602 micro-mol/l",
      "Quality": "Increased"
    },
    {
      "Name": "Alanine",
      "Age": "19.24 Year(s)",
      "Specimen": "serum/plasma",
      "Quantity": "938 micro-mol/l",
      "Quality": "Increased"
    },
    {
      "Name": "Alanine",
      "Age": "19.42 Year(s)",
      "Specimen": "serum/plasma",
      "Quantity": "761 micro-mol/l",
      "Quality": "Increased"
    },
    {
      "Name": "Alanine",
      "Age": "20.2 Year(s)",
      "Specimen": "serum/plasma",
      "Quantity": "1069 micro-mol/l",
      "Quality": "Increased"
    },
    {
      "Name": "Alanine",
      "Age": "21.47 Year(s)",
      "Specimen": "serum/plasma",
      "Quantity": "767 micro-mol/l",
      "Quality": "Increased"
    },
    {
      "Name": "Ammonia",
      "Age": "9.91 Year(s)",
      "Specimen": "serum/plasma",
      "Quantity": "56 micro-mol/l",
      "Quality": "Increased"
    },
    {
      "Name": "Ammonia",
      "Age": "12.18 Year(s)",
      "Specimen": "serum/plasma",
      "Quantity": "62 micro-mol/l",
      "Quality": "Increased"
    },
    {
      "Name": "Ammonia",
      "Age": "12.56 Year(s)",
      "Specimen": "serum/plasma",
      "Quantity": "62 micro-mol/l",
      "Quality": "Increased"
    },
    {
      "Name": "Ammonia",
      "Age": "13.65 Year(s)",
      "Specimen": "serum/plasma",
      "Quantity": "51 micro-mol/l",
      "Quality": "Increased"
    },
    {
      "Name": "Ammonia",
      "Age": "14.26 Year(s)",
      "Specimen": "serum/plasma",
      "Quantity": "57 micro-mol/l",
      "Quality": "Increased"
    },
    {
      "Name": "Ammonia",
      "Age": "14.86 Year(s)",
      "Specimen": "serum/plasma",
      "Quantity": "57 micro-mol/l",
      "Quality": "Increased"
    },
    {
      "Name": "Ammonia",
      "Age": "15.22 Year(s)",
      "Specimen": "serum/plasma",
      "Quantity": "55 micro-mol/l",
      "Quality": "Increased"
    },
    {
      "Name": "Ammonia",
      "Age": "15.33 Year(s)",
      "Specimen": "serum/plasma",
      "Quantity": "49 micro-mol/l",
      "Quality": "Normal"
    },
    {
      "Name": "Ammonia",
      "Age": "16.08 Year(s)",
      "Specimen": "serum/plasma",
      "Quantity": "70 micro-mol/l",
      "Quality": "Increased"
    },
    {
      "Name": "Ammonia",
      "Age": "16.5 Year(s)",
      "Specimen": "serum/plasma",
      "Quantity": "115 micro-mol/l",
      "Quality": "Increased"
    },
    {
      "Name": "Ammonia",
      "Age": "17.26 Year(s)",
      "Specimen": "serum/plasma",
      "Quantity": "74 micro-mol/l",
      "Quality": "Increased"
    },
    {
      "Name": "Ammonia",
      "Age": "19.42 Year(s)",
      "Specimen": "serum/plasma",
      "Quantity": "99 micro-mol/l",
      "Quality": "Increased"
    },
    {
      "Name": "Ammonia",
      "Age": "20.94 Year(s)",
      "Specimen": "serum/plasma",
      "Quantity": "74 micro-mol/l",
      "Quality": "Increased"
    },
    {
      "Name": "Ammonia",
      "Age": "21.47 Year(s)",
      "Specimen": "serum/plasma",
      "Quantity": "62 micro-mol/l",
      "Quality": "Increased"
    },
    {
      "Name": "Amylase",
      "Age": "17.26 Year(s)",
      "Specimen": "serum/plasma",
      "Quantity": "126 U/l",
      "Quality": "Increased"
    },
    {
      "Name": "Calcium",
      "Age": "15.22 Year(s)",
      "Specimen": "serum/plasma",
      "Quantity": "3.1 mmol/l",
      "Quality": "Increased"
    },
    {
      "Name": "Carnitine, free",
      "Age": "15.33 Year(s)",
      "Specimen": "blood",
      "Quantity": "324 micro-mol/l",
      "Quality": "Increased"
    },
    {
      "Name": "Carnitine, free",
      "Age": "16.08 Year(s)",
      "Specimen": "blood",
      "Quantity": "169 micro-mol/l",
      "Quality": "Increased"
    },
    {
      "Name": "Carnitine, free",
      "Age": "16.36 Year(s)",
      "Specimen": "serum/plasma",
      "Quantity": "247 micro-mol/l",
      "Quality": "Increased"
    },
    {
      "Name": "Carnitine, free",
      "Age": "17.1 Year(s)",
      "Specimen": "blood",
      "Quantity": "258 micro-mol/l",
      "Quality": "Increased"
    },
    {
      "Name": "Carnitine, free",
      "Age": "17.26 Year(s)",
      "Specimen": "blood",
      "Quantity": "310 micro-mol/l",
      "Quality": "Increased"
    },
    {
      "Name": "Carnitine, free",
      "Age": "17.91 Year(s)",
      "Specimen": "blood",
      "Quantity": "201 micro-mol/l",
      "Quality": "Increased"
    },
    {
      "Name": "Carnitine, free",
      "Age": "18.75 Year(s)",
      "Specimen": "blood",
      "Quantity": "183 micro-mol/l",
      "Quality": "Increased"
    },
    {
      "Name": "Carnitine, free",
      "Age": "19.24 Year(s)",
      "Specimen": "blood",
      "Quantity": "156 micro-mol/l",
      "Quality": "Increased"
    },
    {
      "Name": "Carnitine, free",
      "Age": "19.42 Year(s)",
      "Specimen": "blood",
      "Quantity": "210 micro-mol/l",
      "Quality": "Increased"
    },
    {
      "Name": "Carnitine, free",
      "Age": "20.2 Year(s)",
      "Specimen": "blood",
      "Quantity": "158 micro-mol/l",
      "Quality": "Increased"
    },
    {
      "Name": "Carnitine, free",
      "Age": "21.47 Year(s)",
      "Specimen": "blood",
      "Quantity": "152 micro-mol/l",
      "Quality": "Increased"
    },
    {
      "Name": "Carnitine, free",
      "Age": "22.24 Year(s)",
      "Specimen": "blood",
      "Quantity": "111 micro-mol/l",
      "Quality": "Increased"
    },
    {
      "Name": "Creatinine kinase",
      "Age": "17.26 Year(s)",
      "Specimen": "serum/plasma",
      "Quantity": "319 U/l",
      "Quality": "Increased"
    },
    {
      "Name": "Creatinine",
      "Age": "9.16 Year(s)",
      "Specimen": "serum/plasma",
      "Quantity": "81 micro-mol/l",
      "Quality": "Normal"
    },
    {
      "Name": "Creatinine",
      "Age": "9.91 Year(s)",
      "Specimen": "serum/plasma",
      "Quantity": "81 micro-mol/l",
      "Quality": "Normal"
    },
    {
      "Name": "Creatinine",
      "Age": "10.45 Year(s)",
      "Specimen": "serum/plasma",
      "Quantity": "88 micro-mol/l",
      "Quality": "Normal"
    },
    {
      "Name": "Creatinine",
      "Age": "11.16 Year(s)",
      "Specimen": "serum/plasma",
      "Quantity": "88 micro-mol/l",
      "Quality": "Normal"
    },
    {
      "Name": "Creatinine",
      "Age": "11.41 Year(s)",
      "Specimen": "serum/plasma",
      "Quantity": "88 micro-mol/l",
      "Quality": "Normal"
    },
    {
      "Name": "Creatinine",
      "Age": "12.18 Year(s)",
      "Specimen": "serum/plasma",
      "Quantity": "97 micro-mol/l",
      "Quality": "Increased"
    },
    {
      "Name": "Creatinine",
      "Age": "12.56 Year(s)",
      "Specimen": "serum/plasma",
      "Quantity": "97 micro-mol/l",
      "Quality": "Increased"
    },
    {
      "Name": "Creatinine",
      "Age": "13.65 Year(s)",
      "Specimen": "serum/plasma",
      "Quantity": "115 micro-mol/l",
      "Quality": "Increased"
    },
    {
      "Name": "Creatinine",
      "Age": "14.26 Year(s)",
      "Specimen": "serum/plasma",
      "Quantity": "151 micro-mol/l",
      "Quality": "Increased"
    },
    {
      "Name": "Creatinine",
      "Age": "14.86 Year(s)",
      "Specimen": "serum/plasma",
      "Quantity": "124 micro-mol/l",
      "Quality": "Increased"
    },
    {
      "Name": "Creatinine",
      "Age": "15.22 Year(s)",
      "Specimen": "serum/plasma",
      "Quantity": "320 micro-mol/l",
      "Quality": "Increased"
    },
    {
      "Name": "Creatinine",
      "Age": "15.23 Year(s)",
      "Specimen": "serum/plasma",
      "Quantity": "312 micro-mol/l",
      "Quality": "Increased"
    },
    {
      "Name": "Creatinine",
      "Age": "15.27 Year(s)",
      "Specimen": "serum/plasma",
      "Quantity": "270 micro-mol/l",
      "Quality": "Increased"
    },
    {
      "Name": "Creatinine",
      "Age": "16.08 Year(s)",
      "Specimen": "serum/plasma",
      "Quantity": "158 micro-mol/l",
      "Quality": "Increased"
    },
    {
      "Name": "Creatinine",
      "Age": "16.08 Year(s)",
      "Specimen": "serum/plasma",
      "Quantity": "160 micro-mol/l",
      "Quality": "Increased"
    },
    {
      "Name": "Creatinine",
      "Age": "16.36 Year(s)",
      "Specimen": "serum/plasma",
      "Quantity": "194 micro-mol/l",
      "Quality": "Increased"
    },
    {
      "Name": "Creatinine",
      "Age": "16.49 Year(s)",
      "Specimen": "serum/plasma",
      "Quantity": "176 micro-mol/l",
      "Quality": "Increased"
    },
    {
      "Name": "Creatinine",
      "Age": "16.99 Year(s)",
      "Specimen": "serum/plasma",
      "Quantity": "265 micro-mol/l",
      "Quality": "Increased"
    },
    {
      "Name": "Creatinine",
      "Age": "17.26 Year(s)",
      "Specimen": "serum/plasma",
      "Quantity": "261 micro-mol/l",
      "Quality": "Increased"
    },
    {
      "Name": "Creatinine",
      "Age": "19.24 Year(s)",
      "Specimen": "serum/plasma",
      "Quantity": "282 micro-mol/l",
      "Quality": "Increased"
    },
    {
      "Name": "Creatinine",
      "Age": "19.42 Year(s)",
      "Specimen": "serum/plasma",
      "Quantity": "275 micro-mol/l",
      "Quality": "Increased"
    },
    {
      "Name": "Creatinine",
      "Age": "20.94 Year(s)",
      "Specimen": "serum/plasma",
      "Quantity": "276 micro-mol/l",
      "Quality": "Increased"
    },
    {
      "Name": "Creatinine",
      "Age": "21.47 Year(s)",
      "Specimen": "serum/plasma",
      "Quantity": "532 micro-mol/l",
      "Quality": "Increased"
    },
    {
      "Name": "Creatinine clearence",
      "Age": "7.91 Year(s)",
      "Specimen": "urine",
      "Quantity": "40.2 ml/min/1.73 sqm",
      "Quality": "Decreased"
    },
    {
      "Name": "Creatinine clearence",
      "Age": "9.16 Year(s)",
      "Specimen": "urine",
      "Quantity": "43 ml/min/1.73 sqm",
      "Quality": "Decreased"
    },
    {
      "Name": "Creatinine clearence",
      "Age": "12.69 Year(s)",
      "Specimen": "urine",
      "Quantity": "73 ml/min/1.73 sqm",
      "Quality": "Normal"
    },
    {
      "Name": "Creatinine clearence",
      "Age": "14.04 Year(s)",
      "Specimen": "urine",
      "Quantity": "52.4 ml/min/1.73 sqm",
      "Quality": "Decreased"
    },
    {
      "Name": "Creatinine clearence",
      "Age": "15.33 Year(s)",
      "Specimen": "urine",
      "Quantity": "5.4 ml/min/1.73 sqm",
      "Quality": "Decreased"
    },
    {
      "Name": "Creatinine clearence",
      "Age": "16.99 Year(s)",
      "Specimen": "urine",
      "Quantity": "31 ml/min/1.73 sqm",
      "Quality": "Decreased"
    },
    {
      "Name": "Creatinine clearence",
      "Age": "21.47 Year(s)",
      "Specimen": "urine",
      "Quantity": "13 ml/min/1.73 sqm",
      "Quality": "Decreased"
    },
    {
      "Name": "Erythrocytes",
      "Age": "6.51 Year(s)",
      "Specimen": "blood",
      "Quantity": "4299993 /micro-l",
      "Quality": "Normal"
    },
    {
      "Name": "Erythrocytes",
      "Age": "9.91 Year(s)",
      "Specimen": "blood",
      "Quantity": "4000000 /micro-l",
      "Quality": "Normal"
    },
    {
      "Name": "Erythrocytes",
      "Age": "10.45 Year(s)",
      "Specimen": "blood",
      "Quantity": "4000000 /micro-l",
      "Quality": "Decreased"
    },
    {
      "Name": "Erythrocytes",
      "Age": "12.18 Year(s)",
      "Specimen": "blood",
      "Quantity": "4299993 /micro-l",
      "Quality": "Decreased"
    },
    {
      "Name": "Erythrocytes",
      "Age": "12.56 Year(s)",
      "Specimen": "blood",
      "Quantity": "4000000 /micro-l",
      "Quality": "Decreased"
    },
    {
      "Name": "Erythrocytes",
      "Age": "13.65 Year(s)",
      "Specimen": "blood",
      "Quantity": "3899996 /micro-l",
      "Quality": "Decreased"
    },
    {
      "Name": "Erythrocytes",
      "Age": "14.86 Year(s)",
      "Specimen": "blood",
      "Quantity": "4000000 /micro-l",
      "Quality": "Decreased"
    },
    {
      "Name": "Erythrocytes",
      "Age": "15.33 Year(s)",
      "Specimen": "blood",
      "Quantity": "3399996 /micro-l",
      "Quality": "Decreased"
    },
    {
      "Name": "Erythrocytes",
      "Age": "16.08 Year(s)",
      "Specimen": "blood",
      "Quantity": "4900000 /micro-l",
      "Quality": "Normal"
    },
    {
      "Name": "Erythrocytes",
      "Age": "16.36 Year(s)",
      "Specimen": "blood",
      "Quantity": "4799993 /micro-l",
      "Quality": "Normal"
    },
    {
      "Name": "Erythrocytes",
      "Age": "16.49 Year(s)",
      "Specimen": "blood",
      "Quantity": "4599998 /micro-l",
      "Quality": "Normal"
    },
    {
      "Name": "Erythrocytes",
      "Age": "16.99 Year(s)",
      "Specimen": "blood",
      "Quantity": "4799997 /micro-l",
      "Quality": "Normal"
    },
    {
      "Name": "Erythrocytes",
      "Age": "17.26 Year(s)",
      "Specimen": "blood",
      "Quantity": "4.4 /micro-l",
      "Quality": "Normal"
    },
    {
      "Name": "Ferritin",
      "Age": "17.26 Year(s)",
      "Specimen": "serum/plasma",
      "Quantity": "182 micro-g/l",
      "Quality": "Normal"
    },
    {
      "Name": "Glycine",
      "Age": "15.33 Year(s)",
      "Specimen": "serum/plasma",
      "Quantity": "762 micro-mol/l",
      "Quality": "Increased"
    },
    {
      "Name": "Glycine",
      "Age": "16.08 Year(s)",
      "Specimen": "serum/plasma",
      "Quantity": "620 micro-mol/l",
      "Quality": "Increased"
    },
    {
      "Name": "Glycine",
      "Age": "16.36 Year(s)",
      "Specimen": "blood",
      "Quantity": "568 micro-mol/l",
      "Quality": "Increased"
    },
    {
      "Name": "Glycine",
      "Age": "17.1 Year(s)",
      "Specimen": "serum/plasma",
      "Quantity": "580 micro-mol/l",
      "Quality": "Increased"
    },
    {
      "Name": "Glycine",
      "Age": "17.26 Year(s)",
      "Specimen": "serum/plasma",
      "Quantity": "755 micro-mol/l",
      "Quality": "Increased"
    },
    {
      "Name": "Glycine",
      "Age": "17.91 Year(s)",
      "Specimen": "serum/plasma",
      "Quantity": "600 micro-mol/l",
      "Quality": "Increased"
    },
    {
      "Name": "Glycine",
      "Age": "18.75 Year(s)",
      "Specimen": "serum/plasma",
      "Quantity": "602 micro-mol/l",
      "Quality": "Increased"
    },
    {
      "Name": "Glycine",
      "Age": "19.24 Year(s)",
      "Specimen": "serum/plasma",
      "Quantity": "756 micro-mol/l",
      "Quality": "Increased"
    },
    {
      "Name": "Glycine",
      "Age": "19.42 Year(s)",
      "Specimen": "blood",
      "Quantity": "880 micro-mol/l",
      "Quality": "Increased"
    },
    {
      "Name": "Glycine",
      "Age": "20.2 Year(s)",
      "Specimen": "serum/plasma",
      "Quantity": "730 micro-mol/l",
      "Quality": "Increased"
    },
    {
      "Name": "Glycine",
      "Age": "21.47 Year(s)",
      "Specimen": "serum/plasma",
      "Quantity": "452 micro-mol/l",
      "Quality": "Increased"
    },
    {
      "Name": "Hemoglobine",
      "Age": "6.51 Year(s)",
      "Specimen": "blood",
      "Quantity": "9.1 g/dl",
      "Quality": "Decreased"
    },
    {
      "Name": "Hemoglobine",
      "Age": "9.91 Year(s)",
      "Specimen": "blood",
      "Quantity": "8.3 g/dl",
      "Quality": "Decreased"
    },
    {
      "Name": "Hemoglobine",
      "Age": "10.45 Year(s)",
      "Specimen": "blood",
      "Quantity": "8.5 g/dl",
      "Quality": "Decreased"
    },
    {
      "Name": "Hemoglobine",
      "Age": "12.18 Year(s)",
      "Specimen": "blood",
      "Quantity": "9.4 g/dl",
      "Quality": "Decreased"
    },
    {
      "Name": "Hemoglobine",
      "Age": "12.56 Year(s)",
      "Specimen": "blood",
      "Quantity": "9.1 g/dl",
      "Quality": "Decreased"
    },
    {
      "Name": "Hemoglobine",
      "Age": "13.65 Year(s)",
      "Specimen": "blood",
      "Quantity": "8.3 g/dl",
      "Quality": "Decreased"
    },
    {
      "Name": "Hemoglobine",
      "Age": "14.86 Year(s)",
      "Specimen": "blood",
      "Quantity": "9.3 g/dl",
      "Quality": "Decreased"
    },
    {
      "Name": "Hemoglobine",
      "Age": "15.33 Year(s)",
      "Specimen": "blood",
      "Quantity": "7.7 g/dl",
      "Quality": "Decreased"
    },
    {
      "Name": "Hemoglobine",
      "Age": "16.08 Year(s)",
      "Specimen": "blood",
      "Quantity": "11.3 g/dl",
      "Quality": "Decreased"
    },
    {
      "Name": "Hemoglobine",
      "Age": "16.36 Year(s)",
      "Specimen": "blood",
      "Quantity": "11.5 g/dl",
      "Quality": "Decreased"
    },
    {
      "Name": "Hemoglobine",
      "Age": "16.49 Year(s)",
      "Specimen": "blood",
      "Quantity": "11.1 g/dl",
      "Quality": "Decreased"
    },
    {
      "Name": "Hemoglobine",
      "Age": "16.99 Year(s)",
      "Specimen": "blood",
      "Quantity": "11.9 g/dl",
      "Quality": "Normal"
    },
    {
      "Name": "Hemoglobine",
      "Age": "17.26 Year(s)",
      "Specimen": "blood",
      "Quantity": "11.1 g/dl",
      "Quality": "Decreased"
    },
    {
      "Name": "Hemoglobine",
      "Age": "20.94 Year(s)",
      "Specimen": "blood",
      "Quantity": "11.9 g/dl",
      "Quality": "Decreased"
    },
    {
      "Name": "Hemoglobine",
      "Age": "21.47 Year(s)",
      "Specimen": "blood",
      "Quantity": "11.5 g/dl",
      "Quality": "Decreased"
    },
    {
      "Name": "Isoleucine",
      "Age": "15.33 Year(s)",
      "Specimen": "serum/plasma",
      "Quantity": "21 micro-mol/l",
      "Quality": "Decreased"
    },
    {
      "Name": "Leucine",
      "Age": "15.33 Year(s)",
      "Specimen": "serum/plasma",
      "Quantity": "31 micro-mol/l",
      "Quality": "Decreased"
    },
    {
      "Name": "Leucocytes",
      "Age": "9.91 Year(s)",
      "Specimen": "blood",
      "Quantity": "6500 /micro-l",
      "Quality": "Normal"
    },
    {
      "Name": "Leucocytes",
      "Age": "10.45 Year(s)",
      "Specimen": "blood",
      "Quantity": "6400 /micro-l",
      "Quality": "Normal"
    },
    {
      "Name": "Leucocytes",
      "Age": "12.18 Year(s)",
      "Specimen": "blood",
      "Quantity": "7700 /micro-l",
      "Quality": "Normal"
    },
    {
      "Name": "Leucocytes",
      "Age": "12.56 Year(s)",
      "Specimen": "blood",
      "Quantity": "4600 /micro-l",
      "Quality": "Normal"
    },
    {
      "Name": "Leucocytes",
      "Age": "13.65 Year(s)",
      "Specimen": "blood",
      "Quantity": "7400 /micro-l",
      "Quality": "Normal"
    },
    {
      "Name": "Leucocytes",
      "Age": "14.86 Year(s)",
      "Specimen": "blood",
      "Quantity": "5800 /micro-l",
      "Quality": "Normal"
    },
    {
      "Name": "Leucocytes",
      "Age": "16.08 Year(s)",
      "Specimen": "blood",
      "Quantity": "5100 /micro-l",
      "Quality": "Normal"
    },
    {
      "Name": "Leucocytes",
      "Age": "16.36 Year(s)",
      "Specimen": "blood",
      "Quantity": "6800 /micro-l",
      "Quality": "Normal"
    },
    {
      "Name": "Leucocytes",
      "Age": "16.49 Year(s)",
      "Specimen": "blood",
      "Quantity": "9700 /micro-l",
      "Quality": "Normal"
    },
    {
      "Name": "Leucocytes",
      "Age": "16.99 Year(s)",
      "Specimen": "blood",
      "Quantity": "6850 /micro-l",
      "Quality": "Normal"
    },
    {
      "Name": "Leucocytes",
      "Age": "17.26 Year(s)",
      "Specimen": "blood",
      "Quantity": "4600 /micro-l",
      "Quality": "Normal"
    },
    {
      "Name": "Lipase",
      "Age": "17.26 Year(s)",
      "Specimen": "serum/plasma",
      "Quantity": "69 U/l",
      "Quality": "Increased"
    },
    {
      "Name": "Methylmalonic acid",
      "Age": "5.71 Year(s)",
      "Specimen": "urine",
      "Quantity": "1634 mmol/mol Crea",
      "Quality": "Increased"
    },
    {
      "Name": "Methylmalonic acid",
      "Age": "6.5 Year(s)",
      "Specimen": "urine",
      "Quantity": "4413 mmol/mol Crea",
      "Quality": "Increased"
    },
    {
      "Name": "Methylmalonic acid",
      "Age": "8.06 Year(s)",
      "Specimen": "urine",
      "Quantity": "3200 mmol/mol Crea",
      "Quality": "Increased"
    },
    {
      "Name": "Methylmalonic acid",
      "Age": "9.27 Year(s)",
      "Specimen": "urine",
      "Quantity": "8100 mmol/mol Crea",
      "Quality": "Increased"
    },
    {
      "Name": "Methylmalonic acid",
      "Age": "9.5 Year(s)",
      "Specimen": "urine",
      "Quantity": "6300 mmol/mol Crea",
      "Quality": "Increased"
    },
    {
      "Name": "Methylmalonic acid",
      "Age": "9.65 Year(s)",
      "Specimen": "urine",
      "Quantity": "2700 mmol/mol Crea",
      "Quality": "Increased"
    },
    {
      "Name": "Methylmalonic acid",
      "Age": "9.81 Year(s)",
      "Specimen": "urine",
      "Quantity": "4400 mmol/mol Crea",
      "Quality": "Increased"
    },
    {
      "Name": "Methylmalonic acid",
      "Age": "10.35 Year(s)",
      "Specimen": "urine",
      "Quantity": "3100 mmol/mol Crea",
      "Quality": "Increased"
    },
    {
      "Name": "Methylmalonic acid",
      "Age": "10.68 Year(s)",
      "Specimen": "urine",
      "Quantity": "4900 mmol/mol Crea",
      "Quality": "Increased"
    },
    {
      "Name": "Methylmalonic acid",
      "Age": "11.12 Year(s)",
      "Specimen": "urine",
      "Quantity": "640 mmol/mol Crea",
      "Quality": "Increased"
    },
    {
      "Name": "Methylmalonic acid",
      "Age": "11.37 Year(s)",
      "Specimen": "urine",
      "Quantity": "900 mmol/mol Crea",
      "Quality": "Increased"
    },
    {
      "Name": "Methylmalonic acid",
      "Age": "12.18 Year(s)",
      "Specimen": "urine",
      "Quantity": "5115 mmol/mol Crea",
      "Quality": "Increased"
    },
    {
      "Name": "Methylmalonic acid",
      "Age": "12.56 Year(s)",
      "Specimen": "urine",
      "Quantity": "5985 mmol/mol Crea",
      "Quality": "Increased"
    },
    {
      "Name": "Methylmalonic acid",
      "Age": "15.33 Year(s)",
      "Specimen": "urine",
      "Quantity": "2598 mmol/mol Crea",
      "Quality": "Increased"
    },
    {
      "Name": "Methylmalonic acid",
      "Age": "16.36 Year(s)",
      "Specimen": "urine",
      "Quantity": "1892 mmol/mol Crea",
      "Quality": "Increased"
    },
    {
      "Name": "Methylmalonic acid",
      "Age": "17.1 Year(s)",
      "Specimen": "urine",
      "Quantity": "3400 mmol/mol Crea",
      "Quality": "Increased"
    },
    {
      "Name": "Methylmalonic acid",
      "Age": "17.26 Year(s)",
      "Specimen": "urine",
      "Quantity": "3400 mmol/mol Crea",
      "Quality": "Increased"
    },
    {
      "Name": "Methylmalonic acid",
      "Age": "17.91 Year(s)",
      "Specimen": "urine",
      "Quantity": "1400 mmol/mol Crea",
      "Quality": "Increased"
    },
    {
      "Name": "Methylmalonic acid",
      "Age": "18.75 Year(s)",
      "Specimen": "urine",
      "Quantity": "1400 mmol/mol Crea",
      "Quality": "Increased"
    },
    {
      "Name": "Methylmalonic acid",
      "Age": "19.24 Year(s)",
      "Specimen": "urine",
      "Quantity": "1500 mmol/mol Crea",
      "Quality": "Increased"
    },
    {
      "Name": "Methylmalonic acid",
      "Age": "19.42 Year(s)",
      "Specimen": "urine",
      "Quantity": "1500 mmol/mol Crea",
      "Quality": "Increased"
    },
    {
      "Name": "Methylmalonic acid",
      "Age": "20.2 Year(s)",
      "Specimen": "urine",
      "Quantity": "2900 mmol/mol Crea",
      "Quality": "Increased"
    },
    {
      "Name": "Methylmalonic acid",
      "Age": "20.94 Year(s)",
      "Specimen": "urine",
      "Quantity": "4500 mmol/mol Crea",
      "Quality": "Increased"
    },
    {
      "Name": "Methylmalonic acid",
      "Age": "20.94 Year(s)",
      "Specimen": "urine",
      "Quantity": "4500 mmol/mol Crea",
      "Quality": "Increased"
    },
    {
      "Name": "Methylmalonic acid",
      "Age": "21.47 Year(s)",
      "Specimen": "urine",
      "Quantity": "2900 mmol/mol Crea",
      "Quality": "Increased"
    },
    {
      "Name": "Methylmalonic acid",
      "Age": "22.24 Year(s)",
      "Specimen": "urine",
      "Quantity": "900 mmol/mol Crea",
      "Quality": "Increased"
    },
    {
      "Name": "Methylmalonyl CoA mutase",
      "Age": "8.94 Year(s)",
      "Specimen": "fibroblasts",
      "Quantity": "",
      "Quality": "Decreased"
    },
    {
      "Name": "Potassium",
      "Age": "9.91 Year(s)",
      "Specimen": "serum/plasma",
      "Quantity": "5.7 mmol/l",
      "Quality": "Increased"
    },
    {
      "Name": "Potassium",
      "Age": "10.45 Year(s)",
      "Specimen": "serum/plasma",
      "Quantity": "5.6 mmol/l",
      "Quality": "Increased"
    },
    {
      "Name": "Potassium",
      "Age": "12.18 Year(s)",
      "Specimen": "serum/plasma",
      "Quantity": "5.3 mmol/l",
      "Quality": "Increased"
    },
    {
      "Name": "Potassium",
      "Age": "12.56 Year(s)",
      "Specimen": "serum/plasma",
      "Quantity": "5.2 mmol/l",
      "Quality": "Increased"
    },
    {
      "Name": "Potassium",
      "Age": "13.65 Year(s)",
      "Specimen": "serum/plasma",
      "Quantity": "5.5 mmol/l",
      "Quality": "Increased"
    },
    {
      "Name": "Potassium",
      "Age": "14.26 Year(s)",
      "Specimen": "serum/plasma",
      "Quantity": "5.9 mmol/l",
      "Quality": "Increased"
    },
    {
      "Name": "Potassium",
      "Age": "14.86 Year(s)",
      "Specimen": "serum/plasma",
      "Quantity": "5.6 mmol/l",
      "Quality": "Increased"
    },
    {
      "Name": "Potassium",
      "Age": "16.08 Year(s)",
      "Specimen": "serum/plasma",
      "Quantity": "4.7 mmol/l",
      "Quality": "Normal"
    },
    {
      "Name": "Potassium",
      "Age": "16.36 Year(s)",
      "Specimen": "serum/plasma",
      "Quantity": "4.5 mmol/l",
      "Quality": "Normal"
    },
    {
      "Name": "Propionylcarnitine (C3)",
      "Age": "15.33 Year(s)",
      "Specimen": "blood",
      "Quantity": "225 micro-mol/l",
      "Quality": "Increased"
    },
    {
      "Name": "Propionylcarnitine (C3)",
      "Age": "16.08 Year(s)",
      "Specimen": "blood",
      "Quantity": "51 micro-mol/l",
      "Quality": "Increased"
    },
    {
      "Name": "Propionylcarnitine (C3)",
      "Age": "16.36 Year(s)",
      "Specimen": "blood",
      "Quantity": "67 micro-mol/l",
      "Quality": "Increased"
    },
    {
      "Name": "Propionylcarnitine (C3)",
      "Age": "17.1 Year(s)",
      "Specimen": "blood",
      "Quantity": "86 micro-mol/l",
      "Quality": "Increased"
    },
    {
      "Name": "Propionylcarnitine (C3)",
      "Age": "17.26 Year(s)",
      "Specimen": "blood",
      "Quantity": "72 micro-mol/l",
      "Quality": "Increased"
    },
    {
      "Name": "Propionylcarnitine (C3)",
      "Age": "17.91 Year(s)",
      "Specimen": "blood",
      "Quantity": "82 micro-mol/l",
      "Quality": "Increased"
    },
    {
      "Name": "Propionylcarnitine (C3)",
      "Age": "18.75 Year(s)",
      "Specimen": "blood",
      "Quantity": "47 micro-mol/l",
      "Quality": "Increased"
    },
    {
      "Name": "Propionylcarnitine (C3)",
      "Age": "19.24 Year(s)",
      "Specimen": "blood",
      "Quantity": "37 micro-mol/l",
      "Quality": "Increased"
    },
    {
      "Name": "Propionylcarnitine (C3)",
      "Age": "19.42 Year(s)",
      "Specimen": "blood",
      "Quantity": "40 micro-mol/l",
      "Quality": "Increased"
    },
    {
      "Name": "Propionylcarnitine (C3)",
      "Age": "20.2 Year(s)",
      "Specimen": "blood",
      "Quantity": "50 micro-mol/l",
      "Quality": "Increased"
    },
    {
      "Name": "Propionylcarnitine (C3)",
      "Age": "21.47 Year(s)",
      "Specimen": "blood",
      "Quantity": "35.4 micro-mol/l",
      "Quality": "Increased"
    },
    {
      "Name": "Propionylcarnitine (C3)",
      "Age": "22.24 Year(s)",
      "Specimen": "blood",
      "Quantity": "23.9 micro-mol/l",
      "Quality": "Increased"
    },
    {
      "Name": "Protein, total",
      "Age": "9.91 Year(s)",
      "Specimen": "serum/plasma",
      "Quantity": "66 g/l",
      "Quality": "Normal"
    },
    {
      "Name": "Protein, total",
      "Age": "10.45 Year(s)",
      "Specimen": "serum/plasma",
      "Quantity": "64 g/l",
      "Quality": "Decreased"
    },
    {
      "Name": "Protein, total",
      "Age": "12.18 Year(s)",
      "Specimen": "serum/plasma",
      "Quantity": "72 g/l",
      "Quality": "Normal"
    },
    {
      "Name": "Protein, total",
      "Age": "12.56 Year(s)",
      "Specimen": "serum/plasma",
      "Quantity": "69 g/l",
      "Quality": "Normal"
    },
    {
      "Name": "Protein, total",
      "Age": "13.65 Year(s)",
      "Specimen": "serum/plasma",
      "Quantity": "65 g/l",
      "Quality": "Normal"
    },
    {
      "Name": "Protein, total",
      "Age": "14.26 Year(s)",
      "Specimen": "serum/plasma",
      "Quantity": "66 g/l",
      "Quality": "Normal"
    },
    {
      "Name": "Protein, total",
      "Age": "14.86 Year(s)",
      "Specimen": "serum/plasma",
      "Quantity": "74 g/l",
      "Quality": "Normal"
    },
    {
      "Name": "Protein, total",
      "Age": "16.08 Year(s)",
      "Specimen": "serum/plasma",
      "Quantity": "64 g/l",
      "Quality": "Decreased"
    },
    {
      "Name": "Protein, total",
      "Age": "16.36 Year(s)",
      "Specimen": "serum/plasma",
      "Quantity": "65 g/l",
      "Quality": "Normal"
    },
    {
      "Name": "Protein, total",
      "Age": "17.26 Year(s)",
      "Specimen": "serum/plasma",
      "Quantity": "66 g/l",
      "Quality": "Normal"
    },
    {
      "Name": "Sodium",
      "Age": "9.91 Year(s)",
      "Specimen": "serum/plasma",
      "Quantity": "138 mmol/l",
      "Quality": "Normal"
    },
    {
      "Name": "Sodium",
      "Age": "10.45 Year(s)",
      "Specimen": "serum/plasma",
      "Quantity": "146 mmol/l",
      "Quality": "Increased"
    },
    {
      "Name": "Sodium",
      "Age": "12.18 Year(s)",
      "Specimen": "serum/plasma",
      "Quantity": "140 mmol/l",
      "Quality": "Normal"
    },
    {
      "Name": "Sodium",
      "Age": "12.56 Year(s)",
      "Specimen": "serum/plasma",
      "Quantity": "139 mmol/l",
      "Quality": "Normal"
    },
    {
      "Name": "Sodium",
      "Age": "13.65 Year(s)",
      "Specimen": "serum/plasma",
      "Quantity": "144 mmol/l",
      "Quality": "Normal"
    },
    {
      "Name": "Sodium",
      "Age": "14.26 Year(s)",
      "Specimen": "serum/plasma",
      "Quantity": "144 mmol/l",
      "Quality": "Normal"
    },
    {
      "Name": "Sodium",
      "Age": "14.86 Year(s)",
      "Specimen": "serum/plasma",
      "Quantity": "146 mmol/l",
      "Quality": "Increased"
    },
    {
      "Name": "Sodium",
      "Age": "16.08 Year(s)",
      "Specimen": "serum/plasma",
      "Quantity": "143 mmol/l",
      "Quality": "Normal"
    },
    {
      "Name": "Sodium",
      "Age": "16.36 Year(s)",
      "Specimen": "serum/plasma",
      "Quantity": "143 mmol/l",
      "Quality": "Normal"
    },
    {
      "Name": "Transferrin",
      "Age": "13.65 Year(s)",
      "Specimen": "serum/plasma",
      "Quantity": "188 mg/dl",
      "Quality": "Decreased"
    },
    {
      "Name": "Transferrin",
      "Age": "14.26 Year(s)",
      "Specimen": "serum/plasma",
      "Quantity": "178 mg/dl",
      "Quality": "Decreased"
    },
    {
      "Name": "Transferrin",
      "Age": "14.86 Year(s)",
      "Specimen": "serum/plasma",
      "Quantity": "195 mg/dl",
      "Quality": "Decreased"
    },
    {
      "Name": "Transferrin",
      "Age": "16.08 Year(s)",
      "Specimen": "serum/plasma",
      "Quantity": "188 mg/dl",
      "Quality": "Decreased"
    },
    {
      "Name": "Transferrin",
      "Age": "17.26 Year(s)",
      "Specimen": "serum/plasma",
      "Quantity": "198 mg/dl",
      "Quality": "Decreased"
    },
    {
      "Name": "Urea nitrogen",
      "Age": "9.91 Year(s)",
      "Specimen": "serum/plasma",
      "Quantity": "7.6 mmol/l",
      "Quality": "Normal"
    },
    {
      "Name": "Urea nitrogen",
      "Age": "10.45 Year(s)",
      "Specimen": "serum/plasma",
      "Quantity": "8.2 mmol/l",
      "Quality": "Increased"
    },
    {
      "Name": "Urea nitrogen",
      "Age": "12.18 Year(s)",
      "Specimen": "serum/plasma",
      "Quantity": "8.2 mmol/l",
      "Quality": "Increased"
    },
    {
      "Name": "Urea nitrogen",
      "Age": "12.56 Year(s)",
      "Specimen": "serum/plasma",
      "Quantity": "9.5 mmol/l",
      "Quality": "Increased"
    },
    {
      "Name": "Urea nitrogen",
      "Age": "13.65 Year(s)",
      "Specimen": "serum/plasma",
      "Quantity": "9.2 mmol/l",
      "Quality": "Increased"
    },
    {
      "Name": "Urea nitrogen",
      "Age": "14.26 Year(s)",
      "Specimen": "serum/plasma",
      "Quantity": "12 mmol/l",
      "Quality": "Increased"
    },
    {
      "Name": "Urea nitrogen",
      "Age": "14.86 Year(s)",
      "Specimen": "serum/plasma",
      "Quantity": "12.5 mmol/l",
      "Quality": "Increased"
    },
    {
      "Name": "Urea nitrogen",
      "Age": "15.22 Year(s)",
      "Specimen": "serum/plasma",
      "Quantity": "23.4 mmol/l",
      "Quality": "Increased"
    },
    {
      "Name": "Urea nitrogen",
      "Age": "16.08 Year(s)",
      "Specimen": "serum/plasma",
      "Quantity": "17 mmol/l",
      "Quality": "Increased"
    },
    {
      "Name": "Urea nitrogen",
      "Age": "16.08 Year(s)",
      "Specimen": "serum/plasma",
      "Quantity": "16.8 mmol/l",
      "Quality": "Increased"
    },
    {
      "Name": "Urea nitrogen",
      "Age": "16.36 Year(s)",
      "Specimen": "serum/plasma",
      "Quantity": "30 mmol/l",
      "Quality": "Increased"
    },
    {
      "Name": "Urea nitrogen",
      "Age": "16.49 Year(s)",
      "Specimen": "serum/plasma",
      "Quantity": "21 mmol/l",
      "Quality": "Increased"
    },
    {
      "Name": "Urea nitrogen",
      "Age": "16.99 Year(s)",
      "Specimen": "serum/plasma",
      "Quantity": "24 mmol/l",
      "Quality": "Increased"
    },
    {
      "Name": "Urea nitrogen",
      "Age": "17.26 Year(s)",
      "Specimen": "serum/plasma",
      "Quantity": "22.6 mmol/l",
      "Quality": "Increased"
    },
    {
      "Name": "Urea nitrogen",
      "Age": "19.24 Year(s)",
      "Specimen": "serum/plasma",
      "Quantity": "20.9 mmol/l",
      "Quality": "Increased"
    },
    {
      "Name": "Urea nitrogen",
      "Age": "19.42 Year(s)",
      "Specimen": "serum/plasma",
      "Quantity": "30.7 mmol/l",
      "Quality": "Increased"
    },
    {
      "Name": "Urea nitrogen",
      "Age": "20.94 Year(s)",
      "Specimen": "serum/plasma",
      "Quantity": "29 mmol/l",
      "Quality": "Increased"
    },
    {
      "Name": "Urea nitrogen",
      "Age": "21.47 Year(s)",
      "Specimen": "serum/plasma",
      "Quantity": "37 mmol/l",
      "Quality": "Increased"
    },
    {
      "Name": "Uric acid",
      "Age": "9.91 Year(s)",
      "Specimen": "serum/plasma",
      "Quantity": "3.9 mg/dl",
      "Quality": "Normal"
    },
    {
      "Name": "Uric acid",
      "Age": "10.45 Year(s)",
      "Specimen": "serum/plasma",
      "Quantity": "4.1 mg/dl",
      "Quality": "Normal"
    },
    {
      "Name": "Uric acid",
      "Age": "12.18 Year(s)",
      "Specimen": "serum/plasma",
      "Quantity": "4.1 mg/dl",
      "Quality": "Normal"
    },
    {
      "Name": "Uric acid",
      "Age": "12.56 Year(s)",
      "Specimen": "serum/plasma",
      "Quantity": "4.7 mg/dl",
      "Quality": "Normal"
    },
    {
      "Name": "Uric acid",
      "Age": "13.65 Year(s)",
      "Specimen": "serum/plasma",
      "Quantity": "4 mg/dl",
      "Quality": "Normal"
    },
    {
      "Name": "Uric acid",
      "Age": "14.26 Year(s)",
      "Specimen": "serum/plasma",
      "Quantity": "4.6 mg/dl",
      "Quality": "Normal"
    },
    {
      "Name": "Uric acid",
      "Age": "14.86 Year(s)",
      "Specimen": "serum/plasma",
      "Quantity": "5.2 mg/dl",
      "Quality": "Normal"
    },
    {
      "Name": "Uric acid",
      "Age": "15.22 Year(s)",
      "Specimen": "serum/plasma",
      "Quantity": "7.7 mg/dl",
      "Quality": "Increased"
    },
    {
      "Name": "Uric acid",
      "Age": "16.36 Year(s)",
      "Specimen": "serum/plasma",
      "Quantity": "5.7 mg/dl",
      "Quality": "Normal"
    },
    {
      "Name": "Uric acid",
      "Age": "16.5 Year(s)",
      "Specimen": "serum/plasma",
      "Quantity": "6.3 mg/dl",
      "Quality": "Increased"
    },
    {
      "Name": "Uric acid",
      "Age": "17.26 Year(s)",
      "Specimen": "serum/plasma",
      "Quantity": "7.6 mg/dl",
      "Quality": "Normal"
    },
    {
      "Name": "Uric acid",
      "Age": "19.24 Year(s)",
      "Specimen": "serum/plasma",
      "Quantity": "7.3 mg/dl",
      "Quality": "Normal"
    },
    {
      "Name": "Uric acid",
      "Age": "19.42 Year(s)",
      "Specimen": "serum/plasma",
      "Quantity": "6.3 mg/dl",
      "Quality": "Increased"
    },
    {
      "Name": "Uric acid",
      "Age": "20.94 Year(s)",
      "Specimen": "serum/plasma",
      "Quantity": "6 mg/dl",
      "Quality": "Normal"
    },
    {
      "Name": "Uric acid",
      "Age": "21.47 Year(s)",
      "Specimen": "serum/plasma",
      "Quantity": "5.8 mg/dl",
      "Quality": "Normal"
    },
    {
      "Name": "Valine",
      "Age": "15.33 Year(s)",
      "Specimen": "serum/plasma",
      "Quantity": "45 micro-mol/l",
      "Quality": "Decreased"
    },
    {
      "Name": "Propionylcarnitine/Palmitoylcarnitine (C3/C16)",
      "Age": "16.08 Year(s)",
      "Specimen": "blood",
      "Quantity": "9 (ratio)",
      "Quality": "Increased"
    },
    {
      "Name": "Propionylcarnitine/Palmitoylcarnitine (C3/C16)",
      "Age": "16.36 Year(s)",
      "Specimen": "blood",
      "Quantity": "12.6 (ratio)",
      "Quality": "Increased"
    },
    {
      "Name": "Propionylcarnitine/Palmitoylcarnitine (C3/C16)",
      "Age": "17.1 Year(s)",
      "Specimen": "blood",
      "Quantity": "12.7 (ratio)",
      "Quality": "Increased"
    },
    {
      "Name": "Propionylcarnitine/Palmitoylcarnitine (C3/C16)",
      "Age": "17.26 Year(s)",
      "Specimen": "blood",
      "Quantity": "11.2 (ratio)",
      "Quality": "Increased"
    },
    {
      "Name": "Propionylcarnitine/Palmitoylcarnitine (C3/C16)",
      "Age": "17.91 Year(s)",
      "Specimen": "blood",
      "Quantity": "16.5 (ratio)",
      "Quality": "Increased"
    },
    {
      "Name": "Propionylcarnitine/Palmitoylcarnitine (C3/C16)",
      "Age": "18.75 Year(s)",
      "Specimen": "blood",
      "Quantity": "7.6 (ratio)",
      "Quality": "Increased"
    },
    {
      "Name": "Propionylcarnitine/Palmitoylcarnitine (C3/C16)",
      "Age": "19.24 Year(s)",
      "Specimen": "blood",
      "Quantity": "9 (ratio)",
      "Quality": "Increased"
    },
    {
      "Name": "Propionylcarnitine/Palmitoylcarnitine (C3/C16)",
      "Age": "19.42 Year(s)",
      "Specimen": "blood",
      "Quantity": "7.7 (ratio)",
      "Quality": "Increased"
    },
    {
      "Name": "Propionylcarnitine/Palmitoylcarnitine (C3/C16)",
      "Age": "20.2 Year(s)",
      "Specimen": "blood",
      "Quantity": "13.2 (ratio)",
      "Quality": "Increased"
    },
    {
      "Name": "Propionylcarnitine/Palmitoylcarnitine (C3/C16)",
      "Age": "21.47 Year(s)",
      "Specimen": "blood",
      "Quantity": "8 (ratio)",
      "Quality": "Increased"
    },
    {
      "Name": "Propionylcarnitine/Palmitoylcarnitine (C3/C16)",
      "Age": "22.24 Year(s)",
      "Specimen": "blood",
      "Quantity": "9.5 (ratio)",
      "Quality": "Increased"
    }
  ],
  "Symptoms": [
    {
      "Name": "Fever",
      "Age": "5.92 Year(s)",
      "Range": "medium [38,5-39,5 degrees Celsius]"
    },
    {
      "Name": "anemia",
      "Age": "5.71 Year(s)",
      "Range": "yes"
    },
    {
      "Name": "cardiac arrhythmia, dysrhythmia",
      "Age": "16.5 Year(s)",
      "Range": "yes"
    },
    {
      "Name": "cryptorchism",
      "Age": "5.71 Year(s)",
      "Range": "yes"
    },
    {
      "Name": "defect of walking, running, rising or climbing",
      "Age": "9.15 Year(s)",
      "Range": "yes"
    },
    {
      "Name": "dwarfism",
      "Age": "9.93 Year(s)",
      "Range": "yes"
    },
    {
      "Name": "foot deformities",
      "Age": "9.15 Year(s)",
      "Range": "yes"
    },
    {
      "Name": "hearing defect, deafness",
      "Age": "12.56 Year(s)",
      "Range": "yes"
    },
    {
      "Name": "hyperreflexia",
      "Age": "9.15 Year(s)",
      "Range": "yes"
    },
    {
      "Name": "hypertension",
      "Age": "16.08 Year(s)",
      "Range": "yes"
    },
    {
      "Name": "hypotonia",
      "Age": "5.71 Year(s)",
      "Range": "yes"
    },
    {
      "Name": "hypotonia",
      "Age": "16.5 Year(s)",
      "Range": "yes"
    },
    {
      "Name": "infections [severe or recurrent]",
      "Age": "9.15 Year(s)",
      "Range": "yes"
    },
    {
      "Name": "lethargy, drowsiness, malaise or sleep disorder",
      "Age": "16.5 Year(s)",
      "Range": "yes"
    },
    {
      "Name": "lethargy, drowsiness, malaise or sleep disorder",
      "Age": "16.5 Year(s)",
      "Range": "yes"
    },
    {
      "Name": "lethargy, drowsiness, malaise or sleep disorder",
      "Age": "16.5 Year(s)",
      "Range": "yes"
    },
    {
      "Name": "neurologic defect",
      "Age": "16.5 Year(s)",
      "Range": "in infancy or childhood"
    },
    {
      "Name": "osteoporosis",
      "Age": "17.26 Year(s)",
      "Range": "yes"
    },
    {
      "Name": "renal failure, acute/chronic",
      "Age": "5.71 Year(s)",
      "Range": "yes"
    },
    {
      "Name": "sparse or absent scalp hair [focal or general]",
      "Age": "7.9 Year(s)",
      "Range": "yes"
    },
    {
      "Name": "spastic diplegia/quadriplegia",
      "Age": "10.12 Year(s)",
      "Range": "yes"
    },
    {
      "Name": "tachycardia",
      "Age": "16.34 Year(s)",
      "Range": "yes"
    },
    {
      "Name": "tachycardia",
      "Age": "16.5 Year(s)",
      "Range": "yes"
    },
    {
      "Name": "vomiting",
      "Age": "5.92 Year(s)",
      "Range": "moderate"
    },
    {
      "Name": "vomiting",
      "Age": "16.5 Year(s)",
      "Range": "moderate"
    },
    {
      "Name": "vomiting",
      "Age": "16.5 Year(s)",
      "Range": "moderate"
    }
  ],
  "Diet/drugs": [
    {
      "Name": "L-carnitine",
      "Age": "5.71 Year(s)",
      "Dosage": "2 g/day",
      "Route": "oral"
    },
    {
      "Name": "L-carnitine",
      "Age": "9.17 Year(s)",
      "Dosage": "3 g/day",
      "Route": "oral"
    },
    {
      "Name": "L-carnitine",
      "Age": "16.5 Year(s)",
      "Dosage": "3 g/day",
      "Route": "oral"
    },
    {
      "Name": "allopurinol",
      "Age": "5.71 Year(s)",
      "Dosage": "75 mg/day",
      "Route": "oral"
    },
    {
      "Name": "allopurinol",
      "Age": "9.17 Year(s)",
      "Dosage": "50 mg/day",
      "Route": "oral"
    },
    {
      "Name": "allopurinol",
      "Age": "14.86 Year(s)",
      "Dosage": "75 mg/day",
      "Route": "oral"
    },
    {
      "Name": "artificial protein intake (specific amino acid mixture)",
      "Age": "6.5 Year(s)",
      "Dosage": "18.6 g/day",
      "Route": "oral"
    },
    {
      "Name": "artificial protein intake (specific amino acid mixture)",
      "Age": "6.91 Year(s)",
      "Dosage": "18 g/day",
      "Route": "oral"
    },
    {
      "Name": "artificial protein intake (specific amino acid mixture)",
      "Age": "9.93 Year(s)",
      "Dosage": "20 g/day",
      "Route": "oral"
    },
    {
      "Name": "artificial protein intake (specific amino acid mixture)",
      "Age": "12.23 Year(s)",
      "Dosage": "20 g/day",
      "Route": "oral"
    },
    {
      "Name": "artificial protein intake (specific amino acid mixture)",
      "Age": "16.11 Year(s)",
      "Dosage": "20 g/day",
      "Route": "oral"
    },
    {
      "Name": "protein (natural)",
      "Age": "6.5 Year(s)",
      "Dosage": "10 g/day",
      "Route": "oral"
    },
    {
      "Name": "protein (natural)",
      "Age": "6.91 Year(s)",
      "Dosage": "13 g/day",
      "Route": "oral"
    },
    {
      "Name": "protein (natural)",
      "Age": "9.93 Year(s)",
      "Dosage": "16 g/day",
      "Route": "oral"
    },
    {
      "Name": "protein (natural)",
      "Age": "12.23 Year(s)",
      "Dosage": "18.5 g/day",
      "Route": "oral"
    },
    {
      "Name": "protein (natural)",
      "Age": "14.04 Year(s)",
      "Dosage": "21.5 g/day",
      "Route": "oral"
    },
    {
      "Name": "protein (natural)",
      "Age": "15.22 Year(s)",
      "Dosage": "25 g/day",
      "Route": "oral"
    },
    {
      "Name": "protein (natural)",
      "Age": "16.11 Year(s)",
      "Dosage": "26 g/day",
      "Route": "oral"
    },
    {
      "Name": "sodium bicarbonate",
      "Age": "5.71 Year(s)",
      "Dosage": "2 g/day",
      "Route": "oral"
    },
    {
      "Name": "sodium bicarbonate",
      "Age": "14.05 Year(s)",
      "Dosage": "6 g/day",
      "Route": "oral"
    },
    {
      "Name": "vitamin D",
      "Age": "14.05 Year(s)",
      "Dosage": "4000 U/day",
      "Route": "oral"
    },
    {
      "Name": "vitamin D",
      "Age": "14.26 Year(s)",
      "Dosage": "3000 U/day",
      "Route": "oral"
    }
  ],
  "Therapy/development": [
    {
      "Name": "blood pressure, diastolic",
      "Age": "16.36 Year(s)",
      "Quantity": "66 mmHG",
      "Type": ""
    },
    {
      "Name": "blood pressure, diastolic",
      "Age": "16.99 Year(s)",
      "Quantity": "75 mmHG",
      "Type": ""
    },
    {
      "Name": "blood pressure, diastolic",
      "Age": "17.26 Year(s)",
      "Quantity": "81 mmHG",
      "Type": ""
    },
    {
      "Name": "blood pressure, diastolic",
      "Age": "19.24 Year(s)",
      "Quantity": "100 mmHG",
      "Type": ""
    },
    {
      "Name": "blood pressure, diastolic",
      "Age": "19.42 Year(s)",
      "Quantity": "81 mmHG",
      "Type": ""
    },
    {
      "Name": "blood pressure, diastolic",
      "Age": "20.94 Year(s)",
      "Quantity": "89 mmHG",
      "Type": ""
    },
    {
      "Name": "blood pressure, diastolic",
      "Age": "21.45 Year(s)",
      "Quantity": "92 mmHG",
      "Type": ""
    },
    {
      "Name": "blood pressure, systolic",
      "Age": "16.36 Year(s)",
      "Quantity": "113 mmHG",
      "Type": ""
    },
    {
      "Name": "blood pressure, systolic",
      "Age": "16.99 Year(s)",
      "Quantity": "105 mmHG",
      "Type": ""
    },
    {
      "Name": "blood pressure, systolic",
      "Age": "17.26 Year(s)",
      "Quantity": "128 mmHG",
      "Type": ""
    },
    {
      "Name": "blood pressure, systolic",
      "Age": "19.24 Year(s)",
      "Quantity": "151 mmHG",
      "Type": ""
    },
    {
      "Name": "blood pressure, systolic",
      "Age": "19.42 Year(s)",
      "Quantity": "125 mmHG",
      "Type": ""
    },
    {
      "Name": "blood pressure, systolic",
      "Age": "20.94 Year(s)",
      "Quantity": "136 mmHG",
      "Type": ""
    },
    {
      "Name": "blood pressure, systolic",
      "Age": "21.45 Year(s)",
      "Quantity": "136 mmHG",
      "Type": ""
    },
    {
      "Name": "head circumference",
      "Age": "5.93 Year(s)",
      "Quantity": "53  cm",
      "Type": "development"
    },
    {
      "Name": "length",
      "Age": "5.71 Year(s)",
      "Quantity": "110  cm",
      "Type": "development"
    },
    {
      "Name": "length",
      "Age": "5.93 Year(s)",
      "Quantity": "111  cm",
      "Type": "development"
    },
    {
      "Name": "length",
      "Age": "6.9 Year(s)",
      "Quantity": "116  cm",
      "Type": "development"
    },
    {
      "Name": "length",
      "Age": "7.9 Year(s)",
      "Quantity": "120  cm",
      "Type": "development"
    },
    {
      "Name": "length",
      "Age": "9.15 Year(s)",
      "Quantity": "120  cm",
      "Type": "development"
    },
    {
      "Name": "length",
      "Age": "9.91 Year(s)",
      "Quantity": "125.3  cm",
      "Type": "development"
    },
    {
      "Name": "length",
      "Age": "10.45 Year(s)",
      "Quantity": "127.5  cm",
      "Type": "development"
    },
    {
      "Name": "length",
      "Age": "11.16 Year(s)",
      "Quantity": "130.5  cm",
      "Type": "development"
    },
    {
      "Name": "length",
      "Age": "11.41 Year(s)",
      "Quantity": "131.5  cm",
      "Type": "development"
    },
    {
      "Name": "length",
      "Age": "12.18 Year(s)",
      "Quantity": "134.8  cm",
      "Type": "development"
    },
    {
      "Name": "length",
      "Age": "12.56 Year(s)",
      "Quantity": "137  cm",
      "Type": "development"
    },
    {
      "Name": "length",
      "Age": "13.65 Year(s)",
      "Quantity": "142  cm",
      "Type": "development"
    },
    {
      "Name": "length",
      "Age": "14.03 Year(s)",
      "Quantity": "143  cm",
      "Type": "development"
    },
    {
      "Name": "length",
      "Age": "14.26 Year(s)",
      "Quantity": "145.5  cm",
      "Type": "development"
    },
    {
      "Name": "length",
      "Age": "14.86 Year(s)",
      "Quantity": "152  cm",
      "Type": "development"
    },
    {
      "Name": "length",
      "Age": "15.22 Year(s)",
      "Quantity": "152  cm",
      "Type": "development"
    },
    {
      "Name": "length",
      "Age": "15.33 Year(s)",
      "Quantity": "149.8  cm",
      "Type": "development"
    },
    {
      "Name": "length",
      "Age": "16.08 Year(s)",
      "Quantity": "153  cm",
      "Type": "development"
    },
    {
      "Name": "length",
      "Age": "16.5 Year(s)",
      "Quantity": "154  cm",
      "Type": "development"
    },
    {
      "Name": "length",
      "Age": "16.99 Year(s)",
      "Quantity": "155  cm",
      "Type": "development"
    },
    {
      "Name": "length",
      "Age": "17.26 Year(s)",
      "Quantity": "155  cm",
      "Type": "development"
    },
    {
      "Name": "length",
      "Age": "19.24 Year(s)",
      "Quantity": "155.5  cm",
      "Type": "development"
    },
    {
      "Name": "weight",
      "Age": "5.71 Year(s)",
      "Quantity": "27  kg",
      "Type": "development"
    },
    {
      "Name": "weight",
      "Age": "5.93 Year(s)",
      "Quantity": "25.9  kg",
      "Type": "development"
    },
    {
      "Name": "weight",
      "Age": "6.9 Year(s)",
      "Quantity": "26.8  kg",
      "Type": "development"
    },
    {
      "Name": "weight",
      "Age": "7.9 Year(s)",
      "Quantity": "27.3  kg",
      "Type": "development"
    },
    {
      "Name": "weight",
      "Age": "9.15 Year(s)",
      "Quantity": "30.5  kg",
      "Type": "development"
    },
    {
      "Name": "weight",
      "Age": "9.91 Year(s)",
      "Quantity": "33.4  kg",
      "Type": "development"
    },
    {
      "Name": "weight",
      "Age": "10.45 Year(s)",
      "Quantity": "39.8  kg",
      "Type": "development"
    },
    {
      "Name": "weight",
      "Age": "11.41 Year(s)",
      "Quantity": "38.2  kg",
      "Type": "development"
    },
    {
      "Name": "weight",
      "Age": "12.18 Year(s)",
      "Quantity": "41.7  kg",
      "Type": "development"
    },
    {
      "Name": "weight",
      "Age": "12.56 Year(s)",
      "Quantity": "43  kg",
      "Type": "development"
    },
    {
      "Name": "weight",
      "Age": "13.65 Year(s)",
      "Quantity": "43  kg",
      "Type": "development"
    },
    {
      "Name": "weight",
      "Age": "14.03 Year(s)",
      "Quantity": "45.7  kg",
      "Type": "development"
    },
    {
      "Name": "weight",
      "Age": "14.26 Year(s)",
      "Quantity": "46.7  kg",
      "Type": "development"
    },
    {
      "Name": "weight",
      "Age": "14.86 Year(s)",
      "Quantity": "48  kg",
      "Type": "development"
    },
    {
      "Name": "weight",
      "Age": "15.22 Year(s)",
      "Quantity": "54.2  kg",
      "Type": "development"
    },
    {
      "Name": "weight",
      "Age": "15.33 Year(s)",
      "Quantity": "56  kg",
      "Type": "development"
    },
    {
      "Name": "weight",
      "Age": "16.08 Year(s)",
      "Quantity": "57  kg",
      "Type": "development"
    },
    {
      "Name": "weight",
      "Age": "16.36 Year(s)",
      "Quantity": "59.5  kg",
      "Type": "development"
    },
    {
      "Name": "weight",
      "Age": "16.5 Year(s)",
      "Quantity": "61  kg",
      "Type": "development"
    },
    {
      "Name": "weight",
      "Age": "16.99 Year(s)",
      "Quantity": "60.4  kg",
      "Type": "development"
    },
    {
      "Name": "weight",
      "Age": "17.26 Year(s)",
      "Quantity": "62.6  kg",
      "Type": "development"
    },
    {
      "Name": "weight",
      "Age": "19.24 Year(s)",
      "Quantity": "65.2  kg",
      "Type": "development"
    },
    {
      "Name": "weight",
      "Age": "19.42 Year(s)",
      "Quantity": "62.7  kg",
      "Type": "development"
    },
    {
      "Name": "weight",
      "Age": "20.94 Year(s)",
      "Quantity": "68  kg",
      "Type": "development"
    },
    {
      "Name": "weight",
      "Age": "21.45 Year(s)",
      "Quantity": "66.3  kg",
      "Type": "development"
    }
  ]
}