{
  "MainData": {
    "Patient ID": "189",
    "Diagnosis": "ACYL-CoA DEHYDROGENASE, MEDIUM-CHAIN, DEFICIENCY OF (MIM 201450)",
    "Gender": "f",
    "Age of symptoms onset": "0 Day(s)",
    "Age of diagnosis": "5 Day(s)",
    "Found in newborn screening": "y",
    "Diagnosis confirmed": "y",
    "Country": "Germany",
    "Ethnic origin": "Mother: German, Father: German",
    "History": "Newborn-screening  by  tandem mass spectrometry revealed the diagnosis of MCAD-deficiency . By supplementation of carnitine and avoidance of starvation the infant had no episode of decompensation. At the age of 13 months, she was hospitalized because of an rotavirus infection. The course was uncomplicated. At 2.7 years she again suffered from severe gastroenteritis which made hospitalization necessary.\nThere were no further problems (now 2 years of age).",
    "Author": "Friedrich Trefz",
    "Hospital": "Childrens Hospital Reutlingen",
    "Coauthor(s)": "",
    "Date of entry": "2001-05-14"
  },
  "Molecular genetics": {
    "Gene name": "",
    "Genotype": "",
    "Allele 1": {
      "Trivial name": "",
      "Systematic name": "",
      "Amino acid change": "",
      "Nucleotide change": "",
      "Exon/Intron Boundary/Promotor": ""
    },
    "Allele 2": {
      "Trivial name": "",
      "Systematic name": "",
      "Amino acid change": "",
      "Nucleotide change": "",
      "Exon/Intron Boundary/Promotor": ""
    }
  },
  "Lab findings": [
    {
      "Name": "Carnitine, free",
      "Age": "15.21 Month(s)",
      "Specimen": "blood",
      "Quantity": "19 micro-mol/l",
      "Quality": "Normal"
    },
    {
      "Name": "Carnitine, free",
      "Age": "17.74 Month(s)",
      "Specimen": "blood",
      "Quantity": "16 micro-mol/l",
      "Quality": "Decreased"
    },
    {
      "Name": "Carnitine, free",
      "Age": "21.49 Month(s)",
      "Specimen": "blood",
      "Quantity": "22 micro-mol/l",
      "Quality": "Normal"
    },
    {
      "Name": "Carnitine, free",
      "Age": "3.39 Year(s)",
      "Specimen": "blood",
      "Quantity": "23 micro-mol/l",
      "Quality": "Normal"
    },
    {
      "Name": "Carnitine, free",
      "Age": "4.09 Year(s)",
      "Specimen": "blood",
      "Quantity": "27 micro-mol/l",
      "Quality": "Normal"
    },
    {
      "Name": "Carnitine, free",
      "Age": "4.57 Year(s)",
      "Specimen": "blood",
      "Quantity": "33 micro-mol/l",
      "Quality": "Normal"
    },
    {
      "Name": "Carnitine, free",
      "Age": "5.42 Year(s)",
      "Specimen": "blood",
      "Quantity": "49 micro-mol/l",
      "Quality": "Normal"
    },
    {
      "Name": "Carnitine, free",
      "Age": "6.91 Year(s)",
      "Specimen": "blood",
      "Quantity": "39 micro-mol/l",
      "Quality": "Normal"
    },
    {
      "Name": "Carnitine, free",
      "Age": "7.2 Year(s)",
      "Specimen": "blood",
      "Quantity": "20 micro-mol/l",
      "Quality": "Normal"
    },
    {
      "Name": "Carnitine, free",
      "Age": "8.08 Year(s)",
      "Specimen": "blood",
      "Quantity": "15 micro-mol/l",
      "Quality": "Normal"
    },
    {
      "Name": "Decanoylcarnitine (C10)",
      "Age": "3.39 Year(s)",
      "Specimen": "blood",
      "Quantity": "0.5 micro-mol/l",
      "Quality": "Increased"
    },
    {
      "Name": "Decanoylcarnitine (C10)",
      "Age": "4.09 Year(s)",
      "Specimen": "blood",
      "Quantity": "0.2 micro-mol/l",
      "Quality": "Normal"
    },
    {
      "Name": "Decanoylcarnitine (C10)",
      "Age": "5.42 Year(s)",
      "Specimen": "blood",
      "Quantity": "0.4 micro-mol/l",
      "Quality": "Increased"
    },
    {
      "Name": "Decanoylcarnitine (C10)",
      "Age": "7.2 Year(s)",
      "Specimen": "blood",
      "Quantity": "0.1 micro-mol/l",
      "Quality": "Normal"
    },
    {
      "Name": "Decanoylcarnitine (C10)",
      "Age": "8.08 Year(s)",
      "Specimen": "blood",
      "Quantity": "0.43 micro-mol/l",
      "Quality": "Increased"
    },
    {
      "Name": "Decenoylcarnitine (C10:1)",
      "Age": "3.39 Year(s)",
      "Specimen": "blood",
      "Quantity": "1.2 micro-mol/l",
      "Quality": "Increased"
    },
    {
      "Name": "Decenoylcarnitine (C10:1)",
      "Age": "4.09 Year(s)",
      "Specimen": "blood",
      "Quantity": "0.2 micro-mol/l",
      "Quality": "Normal"
    },
    {
      "Name": "Decenoylcarnitine (C10:1)",
      "Age": "5.42 Year(s)",
      "Specimen": "blood",
      "Quantity": "0.9 micro-mol/l",
      "Quality": "Increased"
    },
    {
      "Name": "Decenoylcarnitine (C10:1)",
      "Age": "6.91 Year(s)",
      "Specimen": "blood",
      "Quantity": "0.3 micro-mol/l",
      "Quality": "Normal"
    },
    {
      "Name": "Decenoylcarnitine (C10:1)",
      "Age": "7.2 Year(s)",
      "Specimen": "blood",
      "Quantity": "0.3 micro-mol/l",
      "Quality": "Normal"
    },
    {
      "Name": "Decenoylcarnitine (C10:1)",
      "Age": "8.08 Year(s)",
      "Specimen": "blood",
      "Quantity": "1.76 micro-mol/l",
      "Quality": "Increased"
    },
    {
      "Name": "Glucose",
      "Age": "20 Day(s)",
      "Specimen": "serum/plasma",
      "Quantity": "2.8 mmol/l",
      "Quality": "Decreased"
    },
    {
      "Name": "Hexanoylcarnitine (C6)",
      "Age": "3.39 Year(s)",
      "Specimen": "blood",
      "Quantity": "1 micro-mol/l",
      "Quality": "Increased"
    },
    {
      "Name": "Hexanoylcarnitine (C6)",
      "Age": "4.09 Year(s)",
      "Specimen": "blood",
      "Quantity": "0.4 micro-mol/l",
      "Quality": "Normal"
    },
    {
      "Name": "Hexanoylcarnitine (C6)",
      "Age": "5.42 Year(s)",
      "Specimen": "blood",
      "Quantity": "1.7 micro-mol/l",
      "Quality": "Increased"
    },
    {
      "Name": "Hexanoylcarnitine (C6)",
      "Age": "6.91 Year(s)",
      "Specimen": "blood",
      "Quantity": "0.4 micro-mol/l",
      "Quality": "Normal"
    },
    {
      "Name": "Hexanoylcarnitine (C6)",
      "Age": "7.2 Year(s)",
      "Specimen": "blood",
      "Quantity": "0.2 micro-mol/l",
      "Quality": "Normal"
    },
    {
      "Name": "Hexanoylcarnitine (C6)",
      "Age": "8.08 Year(s)",
      "Specimen": "blood",
      "Quantity": "0.38 micro-mol/l",
      "Quality": "Normal"
    },
    {
      "Name": "Octanoyl-/Decanoylcarnitine (C8/C10)",
      "Age": "20 Day(s)",
      "Specimen": "blood",
      "Quantity": "13.1 (ratio)",
      "Quality": "Increased"
    },
    {
      "Name": "Octanoyl-/Decanoylcarnitine (C8/C10)",
      "Age": "5.19 Month(s)",
      "Specimen": "blood",
      "Quantity": "10.4 (ratio)",
      "Quality": "Increased"
    },
    {
      "Name": "Octanoyl-/Decanoylcarnitine (C8/C10)",
      "Age": "6.11 Month(s)",
      "Specimen": "blood",
      "Quantity": "8.1 (ratio)",
      "Quality": "Increased"
    },
    {
      "Name": "Octanoyl-/Decanoylcarnitine (C8/C10)",
      "Age": "8.94 Month(s)",
      "Specimen": "blood",
      "Quantity": "10.4 (ratio)",
      "Quality": "Increased"
    },
    {
      "Name": "Octanoyl-/Decanoylcarnitine (C8/C10)",
      "Age": "10.74 Month(s)",
      "Specimen": "blood",
      "Quantity": "8.7 (ratio)",
      "Quality": "Increased"
    },
    {
      "Name": "Octanoyl-/Decanoylcarnitine (C8/C10)",
      "Age": "15.21 Month(s)",
      "Specimen": "blood",
      "Quantity": "9.1 (ratio)",
      "Quality": "Increased"
    },
    {
      "Name": "Octanoyl-/Decanoylcarnitine (C8/C10)",
      "Age": "17.74 Month(s)",
      "Specimen": "blood",
      "Quantity": "11.4 (ratio)",
      "Quality": "Increased"
    },
    {
      "Name": "Octanoyl-/Decanoylcarnitine (C8/C10)",
      "Age": "21.49 Month(s)",
      "Specimen": "blood",
      "Quantity": "10.3 (ratio)",
      "Quality": "Increased"
    },
    {
      "Name": "Octanoyl-/Decanoylcarnitine (C8/C10)",
      "Age": "23.66 Month(s)",
      "Specimen": "blood",
      "Quantity": "12.7 (ratio)",
      "Quality": "Increased"
    },
    {
      "Name": "Octanoyl-/Decanoylcarnitine (C8/C10)",
      "Age": "3.39 Year(s)",
      "Specimen": "blood",
      "Quantity": "12.7 (ratio)",
      "Quality": "Increased"
    },
    {
      "Name": "Octanoyl-/Decanoylcarnitine (C8/C10)",
      "Age": "4.09 Year(s)",
      "Specimen": "blood",
      "Quantity": "10.9 (ratio)",
      "Quality": "Increased"
    },
    {
      "Name": "Octanoyl-/Decanoylcarnitine (C8/C10)",
      "Age": "5.42 Year(s)",
      "Specimen": "blood",
      "Quantity": "9.1 (ratio)",
      "Quality": "Increased"
    },
    {
      "Name": "Octanoyl-/Decanoylcarnitine (C8/C10)",
      "Age": "6.91 Year(s)",
      "Specimen": "blood",
      "Quantity": "5.4 (ratio)",
      "Quality": "Increased"
    },
    {
      "Name": "Octanoyl-/Decanoylcarnitine (C8/C10)",
      "Age": "7.2 Year(s)",
      "Specimen": "blood",
      "Quantity": "11.8 (ratio)",
      "Quality": "Increased"
    },
    {
      "Name": "Octanoyl-/Decanoylcarnitine (C8/C10)",
      "Age": "8.08 Year(s)",
      "Specimen": "blood",
      "Quantity": "15.7 (ratio)",
      "Quality": "Increased"
    },
    {
      "Name": "Octanoylcarnitine (C8)",
      "Age": "20 Day(s)",
      "Specimen": "blood",
      "Quantity": "2.8 micro-mol/l",
      "Quality": "Increased"
    },
    {
      "Name": "Octanoylcarnitine (C8)",
      "Age": "5.19 Month(s)",
      "Specimen": "blood",
      "Quantity": "1.8 micro-mol/l",
      "Quality": "Increased"
    },
    {
      "Name": "Octanoylcarnitine (C8)",
      "Age": "6.11 Month(s)",
      "Specimen": "blood",
      "Quantity": "2 micro-mol/l",
      "Quality": "Increased"
    },
    {
      "Name": "Octanoylcarnitine (C8)",
      "Age": "8.94 Month(s)",
      "Specimen": "blood",
      "Quantity": "2 micro-mol/l",
      "Quality": "Increased"
    },
    {
      "Name": "Octanoylcarnitine (C8)",
      "Age": "10.74 Month(s)",
      "Specimen": "blood",
      "Quantity": "3 micro-mol/l",
      "Quality": "Increased"
    },
    {
      "Name": "Octanoylcarnitine (C8)",
      "Age": "15.21 Month(s)",
      "Specimen": "blood",
      "Quantity": "2.8 micro-mol/l",
      "Quality": "Increased"
    },
    {
      "Name": "Octanoylcarnitine (C8)",
      "Age": "17.74 Month(s)",
      "Specimen": "blood",
      "Quantity": "2.5 micro-mol/l",
      "Quality": "Increased"
    },
    {
      "Name": "Octanoylcarnitine (C8)",
      "Age": "21.49 Month(s)",
      "Specimen": "blood",
      "Quantity": "3.1 micro-mol/l",
      "Quality": "Increased"
    },
    {
      "Name": "Octanoylcarnitine (C8)",
      "Age": "23.66 Month(s)",
      "Specimen": "blood",
      "Quantity": "2.9 micro-mol/l",
      "Quality": "Increased"
    },
    {
      "Name": "Octanoylcarnitine (C8)",
      "Age": "3.39 Year(s)",
      "Specimen": "blood",
      "Quantity": "6.8 micro-mol/l",
      "Quality": "Increased"
    },
    {
      "Name": "Octanoylcarnitine (C8)",
      "Age": "4.09 Year(s)",
      "Specimen": "blood",
      "Quantity": "1.9 micro-mol/l",
      "Quality": "Increased"
    },
    {
      "Name": "Octanoylcarnitine (C8)",
      "Age": "4.57 Year(s)",
      "Specimen": "blood",
      "Quantity": "1.7 micro-mol/l",
      "Quality": "Increased"
    },
    {
      "Name": "Octanoylcarnitine (C8)",
      "Age": "5.42 Year(s)",
      "Specimen": "blood",
      "Quantity": "4.6 micro-mol/l",
      "Quality": "Increased"
    },
    {
      "Name": "Octanoylcarnitine (C8)",
      "Age": "6.91 Year(s)",
      "Specimen": "blood",
      "Quantity": "1.5 micro-mol/l",
      "Quality": "Increased"
    },
    {
      "Name": "Octanoylcarnitine (C8)",
      "Age": "7.2 Year(s)",
      "Specimen": "blood",
      "Quantity": "1 micro-mol/l",
      "Quality": "Increased"
    },
    {
      "Name": "Octanoylcarnitine (C8)",
      "Age": "8.08 Year(s)",
      "Specimen": "blood",
      "Quantity": "6.7 micro-mol/l",
      "Quality": "Increased"
    }
  ],
  "Symptoms": [
    {
      "Name": "Fever",
      "Age": "12.94 Month(s)",
      "Range": "medium [38,5-39,5 degrees Celsius]"
    },
    {
      "Name": "abnormal in neonatal screening",
      "Age": "5 Day(s)",
      "Range": "yes"
    },
    {
      "Name": "dehydration",
      "Age": "21 Month(s)",
      "Range": "yes"
    },
    {
      "Name": "diarrhea",
      "Age": "21.55 Month(s)",
      "Range": "moderate"
    },
    {
      "Name": "fatigue, severe or unusual",
      "Age": "12.94 Month(s)",
      "Range": "yes"
    },
    {
      "Name": "gastroenteritis",
      "Age": "12.94 Month(s)",
      "Range": "yes"
    },
    {
      "Name": "no clinical signs or symptoms",
      "Age": "20 Day(s)",
      "Range": "yes"
    },
    {
      "Name": "vomiting",
      "Age": "21.55 Month(s)",
      "Range": "moderate"
    },
    {
      "Name": "vomiting",
      "Age": "2.75 Year(s)",
      "Range": "severe"
    }
  ],
  "Diet/drugs": [
    {
      "Name": "L-carnitine",
      "Age": "20 Day(s)",
      "Dosage": "100 mg/day",
      "Route": "oral"
    },
    {
      "Name": "L-carnitine",
      "Age": "2.75 Year(s)",
      "Dosage": "600 mg/day",
      "Route": "oral"
    }
  ],
  "Therapy/development": [
    {
      "Name": "head circumference",
      "Age": "20 Day(s)",
      "Quantity": "36.5  cm",
      "Type": "development"
    },
    {
      "Name": "head circumference",
      "Age": "12.94 Month(s)",
      "Quantity": "47  cm",
      "Type": "development"
    },
    {
      "Name": "head circumference",
      "Age": "2.75 Year(s)",
      "Quantity": "50  cm",
      "Type": "development"
    },
    {
      "Name": "head circumference",
      "Age": "3.85 Year(s)",
      "Quantity": "50.5  cm",
      "Type": "development"
    },
    {
      "Name": "length",
      "Age": "20 Day(s)",
      "Quantity": "54  cm",
      "Type": "development"
    },
    {
      "Name": "length",
      "Age": "12.94 Month(s)",
      "Quantity": "78  cm",
      "Type": "development"
    },
    {
      "Name": "length",
      "Age": "2.75 Year(s)",
      "Quantity": "91  cm",
      "Type": "development"
    },
    {
      "Name": "length",
      "Age": "3.39 Year(s)",
      "Quantity": "97.8  cm",
      "Type": "development"
    },
    {
      "Name": "length",
      "Age": "3.85 Year(s)",
      "Quantity": "108  cm",
      "Type": "development"
    },
    {
      "Name": "length",
      "Age": "4.57 Year(s)",
      "Quantity": "104.5  cm",
      "Type": "development"
    },
    {
      "Name": "length",
      "Age": "5.42 Year(s)",
      "Quantity": "110.5  cm",
      "Type": "development"
    },
    {
      "Name": "length",
      "Age": "6.91 Year(s)",
      "Quantity": "119.5  cm",
      "Type": "development"
    },
    {
      "Name": "length",
      "Age": "8.08 Year(s)",
      "Quantity": "125.6  cm",
      "Type": "development"
    },
    {
      "Name": "weight",
      "Age": "20 Day(s)",
      "Quantity": "3.9  kg",
      "Type": "development"
    },
    {
      "Name": "weight",
      "Age": "2.75 Year(s)",
      "Quantity": "12.8  kg",
      "Type": "development"
    },
    {
      "Name": "weight",
      "Age": "3.39 Year(s)",
      "Quantity": "14.2  kg",
      "Type": "development"
    },
    {
      "Name": "weight",
      "Age": "3.85 Year(s)",
      "Quantity": "15.3  kg",
      "Type": "development"
    },
    {
      "Name": "weight",
      "Age": "4.57 Year(s)",
      "Quantity": "16.3  kg",
      "Type": "development"
    },
    {
      "Name": "weight",
      "Age": "5.42 Year(s)",
      "Quantity": "17.6  kg",
      "Type": "development"
    },
    {
      "Name": "weight",
      "Age": "6.91 Year(s)",
      "Quantity": "21.3  kg",
      "Type": "development"
    },
    {
      "Name": "weight",
      "Age": "8.08 Year(s)",
      "Quantity": "23.5  kg",
      "Type": "development"
    },
    {
      "Name": "weight at birth",
      "Age": "12.94 Month(s)",
      "Quantity": "9.3  kg",
      "Type": "perinatal"
    }
  ]
}