{
  "MainData": {
    "Patient ID": "191",
    "Diagnosis": "ISOVALERIC ACIDEMIA (MIM 243500)",
    "Gender": "m",
    "Age of symptoms onset": "2 Day(s)",
    "Age of diagnosis": "1 Day(s)",
    "Found in newborn screening": "n",
    "Diagnosis confirmed": "y",
    "Country": "Germany",
    "Ethnic origin": "Mother: German, Father: German",
    "History": "The patient was born as a sibling of a child suffering from isovaleric acidemia. Prenatal diagnosis showed that the fetus was affected. After birth,  metabolic analysis of urine and blood confirmed  diagnosis of IVA. From his second day of life, he was treated by a leucine-restricted diet and supplementation of carnitine. \r\nThe only decompensation was induced by  rotavirus infection at the age of 14 months. Normal motoric and mental development.IQ of 89.",
    "Author": "Friedrich Trefz",
    "Hospital": "Childrens Hospital Reutlingen",
    "Coauthor(s)": "",
    "Date of entry": "2001-05-17"
  },
  "Molecular genetics": {
    "Gene name": "Isovaleryl-CoA dehydrogenase gene",
    "Genotype": "p.R88Q/ p.R88Q",
    "Allele 1": {
      "Trivial name": "p.R88Q",
      "Systematic name": "c.350G>A",
      "Amino acid change": "Arg>Gln",
      "Nucleotide change": "CGG>CAG",
      "Exon/Intron Boundary/Promotor": ""
    },
    "Allele 2": {
      "Trivial name": "p.R88Q",
      "Systematic name": "c.350G>A",
      "Amino acid change": "Arg>Gln",
      "Nucleotide change": "CGG>CAG",
      "Exon/Intron Boundary/Promotor": ""
    }
  },
  "Lab findings": [
    {
      "Name": "3-Hydroxyisovaleric acid",
      "Age": "2.67 Year(s)",
      "Specimen": "urine",
      "Quantity": "",
      "Quality": "Normal"
    },
    {
      "Name": "Ammonia",
      "Age": "6.93 Year(s)",
      "Specimen": "serum/plasma",
      "Quantity": "56 micro-mol/l",
      "Quality": "Normal"
    },
    {
      "Name": "Carnitine, free",
      "Age": "1 Day(s)",
      "Specimen": "blood",
      "Quantity": "38 micro-mol/l",
      "Quality": "Normal"
    },
    {
      "Name": "Carnitine, free",
      "Age": "18.17 Month(s)",
      "Specimen": "blood",
      "Quantity": "38 micro-mol/l",
      "Quality": "Normal"
    },
    {
      "Name": "Carnitine, free",
      "Age": "2.33 Year(s)",
      "Specimen": "blood",
      "Quantity": "33 micro-mol/l",
      "Quality": "Normal"
    },
    {
      "Name": "Carnitine, free",
      "Age": "2.52 Year(s)",
      "Specimen": "blood",
      "Quantity": "26 micro-mol/l",
      "Quality": "Normal"
    },
    {
      "Name": "Carnitine, free",
      "Age": "2.56 Year(s)",
      "Specimen": "blood",
      "Quantity": "34 micro-mol/l",
      "Quality": "Normal"
    },
    {
      "Name": "Carnitine, free",
      "Age": "2.6 Year(s)",
      "Specimen": "blood",
      "Quantity": "34 micro-mol/l",
      "Quality": "Normal"
    },
    {
      "Name": "Carnitine, free",
      "Age": "2.64 Year(s)",
      "Specimen": "blood",
      "Quantity": "69 micro-mol/l",
      "Quality": "Normal"
    },
    {
      "Name": "Carnitine, free",
      "Age": "2.67 Year(s)",
      "Specimen": "blood",
      "Quantity": "39 micro-mol/l",
      "Quality": "Normal"
    },
    {
      "Name": "Carnitine, free",
      "Age": "2.72 Year(s)",
      "Specimen": "blood",
      "Quantity": "30 micro-mol/l",
      "Quality": "Normal"
    },
    {
      "Name": "Carnitine, free",
      "Age": "2.73 Year(s)",
      "Specimen": "blood",
      "Quantity": "77 micro-mol/l",
      "Quality": "Normal"
    },
    {
      "Name": "Carnitine, free",
      "Age": "4.39 Year(s)",
      "Specimen": "blood",
      "Quantity": "32 micro-mol/l",
      "Quality": "Normal"
    },
    {
      "Name": "Carnitine, free",
      "Age": "4.73 Year(s)",
      "Specimen": "blood",
      "Quantity": "37 micro-mol/l",
      "Quality": "Normal"
    },
    {
      "Name": "Carnitine, free",
      "Age": "4.88 Year(s)",
      "Specimen": "blood",
      "Quantity": "36 micro-mol/l",
      "Quality": "Normal"
    },
    {
      "Name": "Carnitine, free",
      "Age": "5.52 Year(s)",
      "Specimen": "blood",
      "Quantity": "32 micro-mol/l",
      "Quality": "Normal"
    },
    {
      "Name": "Carnitine, free",
      "Age": "5.71 Year(s)",
      "Specimen": "blood",
      "Quantity": "60 micro-mol/l",
      "Quality": "Normal"
    },
    {
      "Name": "Carnitine, free",
      "Age": "6.4 Year(s)",
      "Specimen": "blood",
      "Quantity": "36 micro-mol/l",
      "Quality": "Normal"
    },
    {
      "Name": "Carnitine, free",
      "Age": "6.93 Year(s)",
      "Specimen": "blood",
      "Quantity": "44 micro-mol/l",
      "Quality": "Normal"
    },
    {
      "Name": "Carnitine, free",
      "Age": "7.04 Year(s)",
      "Specimen": "blood",
      "Quantity": "37 micro-mol/l",
      "Quality": "Normal"
    },
    {
      "Name": "Carnitine, free",
      "Age": "7.38 Year(s)",
      "Specimen": "blood",
      "Quantity": "55 micro-mol/l",
      "Quality": "Normal"
    },
    {
      "Name": "Carnitine, free",
      "Age": "7.93 Year(s)",
      "Specimen": "blood",
      "Quantity": "34 micro-mol/l",
      "Quality": "Normal"
    },
    {
      "Name": "Carnitine, free",
      "Age": "8.92 Year(s)",
      "Specimen": "blood",
      "Quantity": "42 micro-mol/l",
      "Quality": "Normal"
    },
    {
      "Name": "Carnitine, free",
      "Age": "9.25 Year(s)",
      "Specimen": "blood",
      "Quantity": "26 micro-mol/l",
      "Quality": "Normal"
    },
    {
      "Name": "Carnitine, free",
      "Age": "9.93 Year(s)",
      "Specimen": "blood",
      "Quantity": "27 micro-mol/l",
      "Quality": "Normal"
    },
    {
      "Name": "Carnitine, free",
      "Age": "10.23 Year(s)",
      "Specimen": "blood",
      "Quantity": "38 micro-mol/l",
      "Quality": "Normal"
    },
    {
      "Name": "Carnitine, free",
      "Age": "10.94 Year(s)",
      "Specimen": "blood",
      "Quantity": "39 micro-mol/l",
      "Quality": "Normal"
    },
    {
      "Name": "Carnitine, free",
      "Age": "11.32 Year(s)",
      "Specimen": "blood",
      "Quantity": "22 micro-mol/l",
      "Quality": "Normal"
    },
    {
      "Name": "Carnitine, free",
      "Age": "11.42 Year(s)",
      "Specimen": "blood",
      "Quantity": "32 micro-mol/l",
      "Quality": "Normal"
    },
    {
      "Name": "Carnitine, free",
      "Age": "11.94 Year(s)",
      "Specimen": "blood",
      "Quantity": "26 micro-mol/l",
      "Quality": "Normal"
    },
    {
      "Name": "Carnitine, free",
      "Age": "12.38 Year(s)",
      "Specimen": "blood",
      "Quantity": "21 micro-mol/l",
      "Quality": "Normal"
    },
    {
      "Name": "Isovalerylcarnitine (C5)",
      "Age": "1 Day(s)",
      "Specimen": "blood",
      "Quantity": "10.7 micro-mol/l",
      "Quality": "Increased"
    },
    {
      "Name": "Isovalerylcarnitine (C5)",
      "Age": "3 Day(s)",
      "Specimen": "blood",
      "Quantity": "7.5 micro-mol/l",
      "Quality": "Increased"
    },
    {
      "Name": "Isovalerylcarnitine (C5)",
      "Age": "3 Day(s)",
      "Specimen": "blood",
      "Quantity": "7.5 micro-mol/l",
      "Quality": "Increased"
    },
    {
      "Name": "Isovalerylcarnitine (C5)",
      "Age": "5 Day(s)",
      "Specimen": "blood",
      "Quantity": "7.8 micro-mol/l",
      "Quality": "Increased"
    },
    {
      "Name": "Isovalerylcarnitine (C5)",
      "Age": "5 Day(s)",
      "Specimen": "blood",
      "Quantity": "7.8 micro-mol/l",
      "Quality": "Increased"
    },
    {
      "Name": "Isovalerylcarnitine (C5)",
      "Age": "6 Day(s)",
      "Specimen": "blood",
      "Quantity": "4.4 micro-mol/l",
      "Quality": "Increased"
    },
    {
      "Name": "Isovalerylcarnitine (C5)",
      "Age": "19 Day(s)",
      "Specimen": "blood",
      "Quantity": "5.6 micro-mol/l",
      "Quality": "Increased"
    },
    {
      "Name": "Isovalerylcarnitine (C5)",
      "Age": "3.71 Week(s)",
      "Specimen": "blood",
      "Quantity": "4.6 micro-mol/l",
      "Quality": "Increased"
    },
    {
      "Name": "Isovalerylcarnitine (C5)",
      "Age": "4.71 Week(s)",
      "Specimen": "blood",
      "Quantity": "8.8 micro-mol/l",
      "Quality": "Increased"
    },
    {
      "Name": "Isovalerylcarnitine (C5)",
      "Age": "5.71 Week(s)",
      "Specimen": "blood",
      "Quantity": "5.9 micro-mol/l",
      "Quality": "Increased"
    },
    {
      "Name": "Isovalerylcarnitine (C5)",
      "Age": "6.71 Week(s)",
      "Specimen": "blood",
      "Quantity": "6.1 micro-mol/l",
      "Quality": "Increased"
    },
    {
      "Name": "Isovalerylcarnitine (C5)",
      "Age": "7.71 Week(s)",
      "Specimen": "blood",
      "Quantity": "6.1 micro-mol/l",
      "Quality": "Increased"
    },
    {
      "Name": "Isovalerylcarnitine (C5)",
      "Age": "8.71 Week(s)",
      "Specimen": "blood",
      "Quantity": "6.7 micro-mol/l",
      "Quality": "Increased"
    },
    {
      "Name": "Isovalerylcarnitine (C5)",
      "Age": "2.27 Month(s)",
      "Specimen": "blood",
      "Quantity": "6.3 micro-mol/l",
      "Quality": "Increased"
    },
    {
      "Name": "Isovalerylcarnitine (C5)",
      "Age": "2.43 Month(s)",
      "Specimen": "blood",
      "Quantity": "6 micro-mol/l",
      "Quality": "Increased"
    },
    {
      "Name": "Isovalerylcarnitine (C5)",
      "Age": "2.69 Month(s)",
      "Specimen": "blood",
      "Quantity": "7.6 micro-mol/l",
      "Quality": "Increased"
    },
    {
      "Name": "Isovalerylcarnitine (C5)",
      "Age": "2.92 Month(s)",
      "Specimen": "blood",
      "Quantity": "9.6 micro-mol/l",
      "Quality": "Increased"
    },
    {
      "Name": "Isovalerylcarnitine (C5)",
      "Age": "3.61 Month(s)",
      "Specimen": "blood",
      "Quantity": "7.8 micro-mol/l",
      "Quality": "Increased"
    },
    {
      "Name": "Isovalerylcarnitine (C5)",
      "Age": "3.84 Month(s)",
      "Specimen": "blood",
      "Quantity": "7.8 micro-mol/l",
      "Quality": "Increased"
    },
    {
      "Name": "Isovalerylcarnitine (C5)",
      "Age": "4.07 Month(s)",
      "Specimen": "blood",
      "Quantity": "5.7 micro-mol/l",
      "Quality": "Increased"
    },
    {
      "Name": "Isovalerylcarnitine (C5)",
      "Age": "4.3 Month(s)",
      "Specimen": "blood",
      "Quantity": "10.8 micro-mol/l",
      "Quality": "Increased"
    },
    {
      "Name": "Isovalerylcarnitine (C5)",
      "Age": "4.53 Month(s)",
      "Specimen": "blood",
      "Quantity": "11.8 micro-mol/l",
      "Quality": "Increased"
    },
    {
      "Name": "Isovalerylcarnitine (C5)",
      "Age": "4.76 Month(s)",
      "Specimen": "blood",
      "Quantity": "11.7 micro-mol/l",
      "Quality": "Increased"
    },
    {
      "Name": "Isovalerylcarnitine (C5)",
      "Age": "4.99 Month(s)",
      "Specimen": "blood",
      "Quantity": "10.7 micro-mol/l",
      "Quality": "Increased"
    },
    {
      "Name": "Isovalerylcarnitine (C5)",
      "Age": "5.22 Month(s)",
      "Specimen": "blood",
      "Quantity": "14 micro-mol/l",
      "Quality": "Increased"
    },
    {
      "Name": "Isovalerylcarnitine (C5)",
      "Age": "5.45 Month(s)",
      "Specimen": "blood",
      "Quantity": "8.9 micro-mol/l",
      "Quality": "Increased"
    },
    {
      "Name": "Isovalerylcarnitine (C5)",
      "Age": "5.68 Month(s)",
      "Specimen": "blood",
      "Quantity": "11.3 micro-mol/l",
      "Quality": "Increased"
    },
    {
      "Name": "Isovalerylcarnitine (C5)",
      "Age": "5.91 Month(s)",
      "Specimen": "blood",
      "Quantity": "11.9 micro-mol/l",
      "Quality": "Increased"
    },
    {
      "Name": "Isovalerylcarnitine (C5)",
      "Age": "6.37 Month(s)",
      "Specimen": "blood",
      "Quantity": "11 micro-mol/l",
      "Quality": "Increased"
    },
    {
      "Name": "Isovalerylcarnitine (C5)",
      "Age": "6.6 Month(s)",
      "Specimen": "blood",
      "Quantity": "9.7 micro-mol/l",
      "Quality": "Increased"
    },
    {
      "Name": "Isovalerylcarnitine (C5)",
      "Age": "6.83 Month(s)",
      "Specimen": "blood",
      "Quantity": "11.2 micro-mol/l",
      "Quality": "Increased"
    },
    {
      "Name": "Isovalerylcarnitine (C5)",
      "Age": "7.06 Month(s)",
      "Specimen": "blood",
      "Quantity": "10.1 micro-mol/l",
      "Quality": "Increased"
    },
    {
      "Name": "Isovalerylcarnitine (C5)",
      "Age": "7.26 Month(s)",
      "Specimen": "blood",
      "Quantity": "9.6 micro-mol/l",
      "Quality": "Increased"
    },
    {
      "Name": "Isovalerylcarnitine (C5)",
      "Age": "7.52 Month(s)",
      "Specimen": "blood",
      "Quantity": "9.4 micro-mol/l",
      "Quality": "Increased"
    },
    {
      "Name": "Isovalerylcarnitine (C5)",
      "Age": "7.98 Month(s)",
      "Specimen": "blood",
      "Quantity": "8.2 micro-mol/l",
      "Quality": "Increased"
    },
    {
      "Name": "Isovalerylcarnitine (C5)",
      "Age": "8.25 Month(s)",
      "Specimen": "blood",
      "Quantity": "5.7 micro-mol/l",
      "Quality": "Increased"
    },
    {
      "Name": "Isovalerylcarnitine (C5)",
      "Age": "8.44 Month(s)",
      "Specimen": "blood",
      "Quantity": "8.4 micro-mol/l",
      "Quality": "Increased"
    },
    {
      "Name": "Isovalerylcarnitine (C5)",
      "Age": "8.67 Month(s)",
      "Specimen": "blood",
      "Quantity": "8.1 micro-mol/l",
      "Quality": "Increased"
    },
    {
      "Name": "Isovalerylcarnitine (C5)",
      "Age": "8.9 Month(s)",
      "Specimen": "blood",
      "Quantity": "7.6 micro-mol/l",
      "Quality": "Increased"
    },
    {
      "Name": "Isovalerylcarnitine (C5)",
      "Age": "9.13 Month(s)",
      "Specimen": "blood",
      "Quantity": "7.9 micro-mol/l",
      "Quality": "Increased"
    },
    {
      "Name": "Isovalerylcarnitine (C5)",
      "Age": "9.36 Month(s)",
      "Specimen": "blood",
      "Quantity": "6.1 micro-mol/l",
      "Quality": "Increased"
    },
    {
      "Name": "Isovalerylcarnitine (C5)",
      "Age": "9.59 Month(s)",
      "Specimen": "blood",
      "Quantity": "7.6 micro-mol/l",
      "Quality": "Increased"
    },
    {
      "Name": "Isovalerylcarnitine (C5)",
      "Age": "9.82 Month(s)",
      "Specimen": "blood",
      "Quantity": "6.8 micro-mol/l",
      "Quality": "Increased"
    },
    {
      "Name": "Isovalerylcarnitine (C5)",
      "Age": "10.08 Month(s)",
      "Specimen": "blood",
      "Quantity": "7.8 micro-mol/l",
      "Quality": "Increased"
    },
    {
      "Name": "Isovalerylcarnitine (C5)",
      "Age": "10.31 Month(s)",
      "Specimen": "blood",
      "Quantity": "5.9 micro-mol/l",
      "Quality": "Increased"
    },
    {
      "Name": "Isovalerylcarnitine (C5)",
      "Age": "10.54 Month(s)",
      "Specimen": "blood",
      "Quantity": "7.1 micro-mol/l",
      "Quality": "Increased"
    },
    {
      "Name": "Isovalerylcarnitine (C5)",
      "Age": "10.74 Month(s)",
      "Specimen": "blood",
      "Quantity": "6 micro-mol/l",
      "Quality": "Increased"
    },
    {
      "Name": "Isovalerylcarnitine (C5)",
      "Age": "11 Month(s)",
      "Specimen": "blood",
      "Quantity": "4.9 micro-mol/l",
      "Quality": "Increased"
    },
    {
      "Name": "Isovalerylcarnitine (C5)",
      "Age": "11.2 Month(s)",
      "Specimen": "blood",
      "Quantity": "9.6 micro-mol/l",
      "Quality": "Increased"
    },
    {
      "Name": "Isovalerylcarnitine (C5)",
      "Age": "11.43 Month(s)",
      "Specimen": "blood",
      "Quantity": "10 micro-mol/l",
      "Quality": "Increased"
    },
    {
      "Name": "Isovalerylcarnitine (C5)",
      "Age": "11.66 Month(s)",
      "Specimen": "blood",
      "Quantity": "8.2 micro-mol/l",
      "Quality": "Increased"
    },
    {
      "Name": "Isovalerylcarnitine (C5)",
      "Age": "11.89 Month(s)",
      "Specimen": "blood",
      "Quantity": "8.1 micro-mol/l",
      "Quality": "Increased"
    },
    {
      "Name": "Isovalerylcarnitine (C5)",
      "Age": "12.12 Month(s)",
      "Specimen": "blood",
      "Quantity": "7.7 micro-mol/l",
      "Quality": "Increased"
    },
    {
      "Name": "Isovalerylcarnitine (C5)",
      "Age": "12.35 Month(s)",
      "Specimen": "blood",
      "Quantity": "6.5 micro-mol/l",
      "Quality": "Increased"
    },
    {
      "Name": "Isovalerylcarnitine (C5)",
      "Age": "12.62 Month(s)",
      "Specimen": "blood",
      "Quantity": "5.7 micro-mol/l",
      "Quality": "Increased"
    },
    {
      "Name": "Isovalerylcarnitine (C5)",
      "Age": "12.85 Month(s)",
      "Specimen": "blood",
      "Quantity": "7.3 micro-mol/l",
      "Quality": "Increased"
    },
    {
      "Name": "Isovalerylcarnitine (C5)",
      "Age": "13.5 Month(s)",
      "Specimen": "blood",
      "Quantity": "7.7 micro-mol/l",
      "Quality": "Increased"
    },
    {
      "Name": "Isovalerylcarnitine (C5)",
      "Age": "13.86 Month(s)",
      "Specimen": "blood",
      "Quantity": "9.2 micro-mol/l",
      "Quality": "Increased"
    },
    {
      "Name": "Isovalerylcarnitine (C5)",
      "Age": "13.96 Month(s)",
      "Specimen": "blood",
      "Quantity": "6.3 micro-mol/l",
      "Quality": "Increased"
    },
    {
      "Name": "Isovalerylcarnitine (C5)",
      "Age": "14.69 Month(s)",
      "Specimen": "blood",
      "Quantity": "7 micro-mol/l",
      "Quality": "Increased"
    },
    {
      "Name": "Isovalerylcarnitine (C5)",
      "Age": "15.8 Month(s)",
      "Specimen": "blood",
      "Quantity": "6 micro-mol/l",
      "Quality": "Increased"
    },
    {
      "Name": "Isovalerylcarnitine (C5)",
      "Age": "16.95 Month(s)",
      "Specimen": "blood",
      "Quantity": "11.1 micro-mol/l",
      "Quality": "Increased"
    },
    {
      "Name": "Isovalerylcarnitine (C5)",
      "Age": "18.17 Month(s)",
      "Specimen": "blood",
      "Quantity": "8.9 micro-mol/l",
      "Quality": "Increased"
    },
    {
      "Name": "Isovalerylcarnitine (C5)",
      "Age": "20.86 Month(s)",
      "Specimen": "blood",
      "Quantity": "6.3 micro-mol/l",
      "Quality": "Increased"
    },
    {
      "Name": "Isovalerylcarnitine (C5)",
      "Age": "21.78 Month(s)",
      "Specimen": "blood",
      "Quantity": "7.8 micro-mol/l",
      "Quality": "Increased"
    },
    {
      "Name": "Isovalerylcarnitine (C5)",
      "Age": "22.7 Month(s)",
      "Specimen": "blood",
      "Quantity": "7.1 micro-mol/l",
      "Quality": "Increased"
    },
    {
      "Name": "Isovalerylcarnitine (C5)",
      "Age": "23.85 Month(s)",
      "Specimen": "blood",
      "Quantity": "8.2 micro-mol/l",
      "Quality": "Increased"
    },
    {
      "Name": "Isovalerylcarnitine (C5)",
      "Age": "2.06 Year(s)",
      "Specimen": "blood",
      "Quantity": "9.5 micro-mol/l",
      "Quality": "Increased"
    },
    {
      "Name": "Isovalerylcarnitine (C5)",
      "Age": "2.16 Year(s)",
      "Specimen": "blood",
      "Quantity": "7.9 micro-mol/l",
      "Quality": "Increased"
    },
    {
      "Name": "Isovalerylcarnitine (C5)",
      "Age": "2.26 Year(s)",
      "Specimen": "blood",
      "Quantity": "10 micro-mol/l",
      "Quality": "Increased"
    },
    {
      "Name": "Isovalerylcarnitine (C5)",
      "Age": "2.33 Year(s)",
      "Specimen": "blood",
      "Quantity": "8 micro-mol/l",
      "Quality": "Increased"
    },
    {
      "Name": "Isovalerylcarnitine (C5)",
      "Age": "2.37 Year(s)",
      "Specimen": "blood",
      "Quantity": "7.4 micro-mol/l",
      "Quality": "Increased"
    },
    {
      "Name": "Isovalerylcarnitine (C5)",
      "Age": "2.41 Year(s)",
      "Specimen": "blood",
      "Quantity": "9.7 micro-mol/l",
      "Quality": "Increased"
    },
    {
      "Name": "Isovalerylcarnitine (C5)",
      "Age": "2.41 Year(s)",
      "Specimen": "blood",
      "Quantity": "7.2 micro-mol/l",
      "Quality": "Increased"
    },
    {
      "Name": "Isovalerylcarnitine (C5)",
      "Age": "2.52 Year(s)",
      "Specimen": "blood",
      "Quantity": "7.8 micro-mol/l",
      "Quality": "Increased"
    },
    {
      "Name": "Isovalerylcarnitine (C5)",
      "Age": "2.56 Year(s)",
      "Specimen": "blood",
      "Quantity": "7.6 micro-mol/l",
      "Quality": "Increased"
    },
    {
      "Name": "Isovalerylcarnitine (C5)",
      "Age": "2.6 Year(s)",
      "Specimen": "blood",
      "Quantity": "9.3 micro-mol/l",
      "Quality": "Increased"
    },
    {
      "Name": "Isovalerylcarnitine (C5)",
      "Age": "2.64 Year(s)",
      "Specimen": "blood",
      "Quantity": "8.7 micro-mol/l",
      "Quality": "Increased"
    },
    {
      "Name": "Isovalerylcarnitine (C5)",
      "Age": "2.67 Year(s)",
      "Specimen": "blood",
      "Quantity": "10.7 micro-mol/l",
      "Quality": "Increased"
    },
    {
      "Name": "Isovalerylcarnitine (C5)",
      "Age": "2.72 Year(s)",
      "Specimen": "blood",
      "Quantity": "8.7 micro-mol/l",
      "Quality": "Increased"
    },
    {
      "Name": "Isovalerylcarnitine (C5)",
      "Age": "2.73 Year(s)",
      "Specimen": "blood",
      "Quantity": "7.5 micro-mol/l",
      "Quality": "Increased"
    },
    {
      "Name": "Isovalerylcarnitine (C5)",
      "Age": "4.39 Year(s)",
      "Specimen": "blood",
      "Quantity": "10.1 micro-mol/l",
      "Quality": "Increased"
    },
    {
      "Name": "Isovalerylcarnitine (C5)",
      "Age": "4.73 Year(s)",
      "Specimen": "blood",
      "Quantity": "12.1 micro-mol/l",
      "Quality": "Increased"
    },
    {
      "Name": "Isovalerylcarnitine (C5)",
      "Age": "4.88 Year(s)",
      "Specimen": "blood",
      "Quantity": "10.4 micro-mol/l",
      "Quality": "Increased"
    },
    {
      "Name": "Isovalerylcarnitine (C5)",
      "Age": "5.52 Year(s)",
      "Specimen": "blood",
      "Quantity": "13 micro-mol/l",
      "Quality": "Increased"
    },
    {
      "Name": "Isovalerylcarnitine (C5)",
      "Age": "5.71 Year(s)",
      "Specimen": "blood",
      "Quantity": "13.9 micro-mol/l",
      "Quality": "Increased"
    },
    {
      "Name": "Isovalerylcarnitine (C5)",
      "Age": "6.4 Year(s)",
      "Specimen": "blood",
      "Quantity": "11.2 micro-mol/l",
      "Quality": "Increased"
    },
    {
      "Name": "Isovalerylcarnitine (C5)",
      "Age": "6.93 Year(s)",
      "Specimen": "blood",
      "Quantity": "9.2 micro-mol/l",
      "Quality": "Increased"
    },
    {
      "Name": "Isovalerylcarnitine (C5)",
      "Age": "7.04 Year(s)",
      "Specimen": "blood",
      "Quantity": "9.7 micro-mol/l",
      "Quality": "Increased"
    },
    {
      "Name": "Isovalerylcarnitine (C5)",
      "Age": "7.38 Year(s)",
      "Specimen": "blood",
      "Quantity": "9.4 micro-mol/l",
      "Quality": "Increased"
    },
    {
      "Name": "Isovalerylcarnitine (C5)",
      "Age": "7.93 Year(s)",
      "Specimen": "blood",
      "Quantity": "6.9 micro-mol/l",
      "Quality": "Increased"
    },
    {
      "Name": "Isovalerylcarnitine (C5)",
      "Age": "8.2 Year(s)",
      "Specimen": "blood",
      "Quantity": "7.9 micro-mol/l",
      "Quality": "Increased"
    },
    {
      "Name": "Isovalerylcarnitine (C5)",
      "Age": "8.92 Year(s)",
      "Specimen": "blood",
      "Quantity": "7.9 micro-mol/l",
      "Quality": "Increased"
    },
    {
      "Name": "Isovalerylcarnitine (C5)",
      "Age": "9.25 Year(s)",
      "Specimen": "blood",
      "Quantity": "8.2 micro-mol/l",
      "Quality": "Increased"
    },
    {
      "Name": "Isovalerylcarnitine (C5)",
      "Age": "9.93 Year(s)",
      "Specimen": "blood",
      "Quantity": "8.8 micro-mol/l",
      "Quality": "Increased"
    },
    {
      "Name": "Isovalerylcarnitine (C5)",
      "Age": "10.23 Year(s)",
      "Specimen": "blood",
      "Quantity": "9.2 micro-mol/l",
      "Quality": "Increased"
    },
    {
      "Name": "Isovalerylcarnitine (C5)",
      "Age": "10.94 Year(s)",
      "Specimen": "blood",
      "Quantity": "6.5 micro-mol/l",
      "Quality": "Increased"
    },
    {
      "Name": "Isovalerylcarnitine (C5)",
      "Age": "11.32 Year(s)",
      "Specimen": "blood",
      "Quantity": "9.3 micro-mol/l",
      "Quality": "Increased"
    },
    {
      "Name": "Isovalerylcarnitine (C5)",
      "Age": "11.42 Year(s)",
      "Specimen": "blood",
      "Quantity": "9.3 micro-mol/l",
      "Quality": "Increased"
    },
    {
      "Name": "Isovalerylcarnitine (C5)",
      "Age": "11.94 Year(s)",
      "Specimen": "blood",
      "Quantity": "12 micro-mol/l",
      "Quality": "Increased"
    },
    {
      "Name": "Isovalerylcarnitine (C5)",
      "Age": "12.38 Year(s)",
      "Specimen": "blood",
      "Quantity": "9.9 micro-mol/l",
      "Quality": "Increased"
    },
    {
      "Name": "Isovalerylglycine",
      "Age": "1 Day(s)",
      "Specimen": "urine",
      "Quantity": "1058 mmol/mol Crea",
      "Quality": "Increased"
    },
    {
      "Name": "Isovalerylglycine",
      "Age": "2.67 Year(s)",
      "Specimen": "urine",
      "Quantity": "",
      "Quality": "Increased"
    },
    {
      "Name": "Isovalerylglycine",
      "Age": "4.39 Year(s)",
      "Specimen": "urine",
      "Quantity": "",
      "Quality": "Increased"
    },
    {
      "Name": "Isovalerylglycine",
      "Age": "4.73 Year(s)",
      "Specimen": "urine",
      "Quantity": "1480 mmol/mol Crea",
      "Quality": "Increased"
    },
    {
      "Name": "Isovalerylglycine",
      "Age": "4.88 Year(s)",
      "Specimen": "urine",
      "Quantity": "1776 mmol/mol Crea",
      "Quality": "Increased"
    },
    {
      "Name": "Isovalerylglycine",
      "Age": "5.52 Year(s)",
      "Specimen": "urine",
      "Quantity": "2322 mmol/mol Crea",
      "Quality": "Increased"
    },
    {
      "Name": "Isovalerylglycine",
      "Age": "5.71 Year(s)",
      "Specimen": "urine",
      "Quantity": "3875 mmol/mol Crea",
      "Quality": "Increased"
    },
    {
      "Name": "Isovalerylglycine",
      "Age": "6.4 Year(s)",
      "Specimen": "urine",
      "Quantity": "709 mmol/mol Crea",
      "Quality": "Increased"
    },
    {
      "Name": "Isovalerylglycine",
      "Age": "6.93 Year(s)",
      "Specimen": "urine",
      "Quantity": "745 mmol/mol Crea",
      "Quality": "Increased"
    },
    {
      "Name": "Isovalerylglycine",
      "Age": "7.04 Year(s)",
      "Specimen": "urine",
      "Quantity": "571 mmol/mol Crea",
      "Quality": "Increased"
    },
    {
      "Name": "Isovalerylglycine",
      "Age": "7.38 Year(s)",
      "Specimen": "urine",
      "Quantity": "2798 mmol/mol Crea",
      "Quality": "Increased"
    },
    {
      "Name": "Isovalerylglycine",
      "Age": "7.93 Year(s)",
      "Specimen": "urine",
      "Quantity": "1253 mmol/mol Crea",
      "Quality": "Increased"
    },
    {
      "Name": "Isovalerylglycine",
      "Age": "8.2 Year(s)",
      "Specimen": "urine",
      "Quantity": "595 mmol/mol Crea",
      "Quality": "Increased"
    },
    {
      "Name": "Isovalerylglycine",
      "Age": "8.92 Year(s)",
      "Specimen": "urine",
      "Quantity": "764 mmol/mol Crea",
      "Quality": "Increased"
    },
    {
      "Name": "Isovalerylglycine",
      "Age": "9.25 Year(s)",
      "Specimen": "urine",
      "Quantity": "490 mmol/mol Crea",
      "Quality": "Increased"
    },
    {
      "Name": "Isovalerylglycine",
      "Age": "9.93 Year(s)",
      "Specimen": "urine",
      "Quantity": "1184 mmol/mol Crea",
      "Quality": "Increased"
    },
    {
      "Name": "Isovalerylglycine",
      "Age": "10.23 Year(s)",
      "Specimen": "urine",
      "Quantity": "1556 mmol/mol Crea",
      "Quality": "Increased"
    },
    {
      "Name": "Isovalerylglycine",
      "Age": "10.94 Year(s)",
      "Specimen": "urine",
      "Quantity": "861 mmol/mol Crea",
      "Quality": "Increased"
    },
    {
      "Name": "Isovalerylglycine",
      "Age": "11.32 Year(s)",
      "Specimen": "urine",
      "Quantity": "1978 mmol/mol Crea",
      "Quality": "Increased"
    },
    {
      "Name": "Isovalerylglycine",
      "Age": "11.42 Year(s)",
      "Specimen": "urine",
      "Quantity": "859 mmol/mol Crea",
      "Quality": "Increased"
    },
    {
      "Name": "Isovalerylglycine",
      "Age": "11.94 Year(s)",
      "Specimen": "urine",
      "Quantity": "727 mmol/mol Crea",
      "Quality": "Increased"
    },
    {
      "Name": "Isovalerylglycine",
      "Age": "12.38 Year(s)",
      "Specimen": "urine",
      "Quantity": "329 mmol/mol Crea",
      "Quality": "Increased"
    }
  ],
  "Symptoms": [
    {
      "Name": "Fever",
      "Age": "13.83 Month(s)",
      "Range": "high [39,5-40,5 degrees Celsius]"
    },
    {
      "Name": "diarrhea",
      "Age": "13.83 Month(s)",
      "Range": "moderate"
    },
    {
      "Name": "gastroenteritis",
      "Age": "11.31 Year(s)",
      "Range": "yes"
    },
    {
      "Name": "infections [severe or recurrent]",
      "Age": "16.95 Month(s)",
      "Range": "yes"
    },
    {
      "Name": "no clinical signs or symptoms",
      "Age": "1 Day(s)",
      "Range": "yes"
    },
    {
      "Name": "no clinical signs or symptoms",
      "Age": "4.39 Year(s)",
      "Range": "yes"
    },
    {
      "Name": "no clinical signs or symptoms",
      "Age": "5.71 Year(s)",
      "Range": "yes"
    },
    {
      "Name": "odor unusual",
      "Age": "8.92 Year(s)",
      "Range": "sweaty feet"
    },
    {
      "Name": "pain abdominal",
      "Age": "9 Day(s)",
      "Range": "yes"
    },
    {
      "Name": "vomiting",
      "Age": "13.83 Month(s)",
      "Range": "moderate"
    }
  ],
  "Diet/drugs": [
    {
      "Name": "L-carnitine",
      "Age": "2.3 Month(s)",
      "Dosage": "700 mg/day",
      "Route": "oral"
    },
    {
      "Name": "L-carnitine",
      "Age": "4.99 Month(s)",
      "Dosage": "1000 mg/day",
      "Route": "oral"
    },
    {
      "Name": "L-carnitine",
      "Age": "22.93 Month(s)",
      "Dosage": "1300 mg/day",
      "Route": "oral"
    },
    {
      "Name": "L-carnitine",
      "Age": "4.39 Year(s)",
      "Dosage": "1.8 g/day",
      "Route": "oral"
    },
    {
      "Name": "L-carnitine",
      "Age": "10.23 Year(s)",
      "Dosage": "2 g/day",
      "Route": "oral"
    },
    {
      "Name": "artificial protein intake (specific amino acid mixture)",
      "Age": "3 Day(s)",
      "Dosage": "7.5 g/day",
      "Route": "oral"
    },
    {
      "Name": "artificial protein intake (specific amino acid mixture)",
      "Age": "11 Day(s)",
      "Dosage": "7.8 g/day",
      "Route": "oral"
    },
    {
      "Name": "artificial protein intake (specific amino acid mixture)",
      "Age": "5.65 Month(s)",
      "Dosage": "2.9 g/day",
      "Route": "oral"
    },
    {
      "Name": "artificial protein intake (specific amino acid mixture)",
      "Age": "9.16 Month(s)",
      "Dosage": "9.2 g/day",
      "Route": "oral"
    },
    {
      "Name": "artificial protein intake (specific amino acid mixture)",
      "Age": "17.58 Month(s)",
      "Dosage": "8.6 g/day",
      "Route": "oral"
    },
    {
      "Name": "artificial protein intake (specific amino acid mixture)",
      "Age": "23.85 Month(s)",
      "Dosage": "9.3 g/day",
      "Route": "oral"
    },
    {
      "Name": "glycine",
      "Age": "17.58 Month(s)",
      "Dosage": "900 mg/day",
      "Route": "oral"
    },
    {
      "Name": "glycine",
      "Age": "22.93 Month(s)",
      "Dosage": "1200 mg/day",
      "Route": "oral"
    },
    {
      "Name": "glycine",
      "Age": "4.39 Year(s)",
      "Dosage": "1.8 g/day",
      "Route": "oral"
    },
    {
      "Name": "glycine",
      "Age": "6.93 Year(s)",
      "Dosage": "3.6 g/day",
      "Route": "oral"
    },
    {
      "Name": "glycine",
      "Age": "10.23 Year(s)",
      "Dosage": "6 g/day",
      "Route": "oral"
    },
    {
      "Name": "leucine",
      "Age": "4.39 Year(s)",
      "Dosage": "1.1 g/day",
      "Route": "oral"
    },
    {
      "Name": "protein (total)",
      "Age": "3 Day(s)",
      "Dosage": "10.4 g/day",
      "Route": "oral"
    },
    {
      "Name": "protein (total)",
      "Age": "11 Day(s)",
      "Dosage": "11 g/day",
      "Route": "oral"
    },
    {
      "Name": "protein (total)",
      "Age": "5.65 Month(s)",
      "Dosage": "15.7 g/day",
      "Route": "oral"
    },
    {
      "Name": "protein (total)",
      "Age": "9.16 Month(s)",
      "Dosage": "20.2 g/day",
      "Route": "oral"
    },
    {
      "Name": "protein (total)",
      "Age": "17.58 Month(s)",
      "Dosage": "23.7 g/day",
      "Route": "oral"
    },
    {
      "Name": "protein (total)",
      "Age": "23.85 Month(s)",
      "Dosage": "25.8 g/day",
      "Route": "oral"
    },
    {
      "Name": "vitamin D3",
      "Age": "8.92 Year(s)",
      "Dosage": "500 U/day",
      "Route": "oral"
    },
    {
      "Name": "vitamin D3",
      "Age": "9.5 Year(s)",
      "Dosage": "1000 IU",
      "Route": "oral"
    },
    {
      "Name": "vitamin D3",
      "Age": "10.94 Year(s)",
      "Dosage": "1000 IU",
      "Route": "oral"
    }
  ],
  "Therapy/development": [
    {
      "Name": "APGAR (10 min)",
      "Age": "1 Day(s)",
      "Quantity": "10",
      "Type": "perinatal"
    },
    {
      "Name": "APGAR (5 min)",
      "Age": "1 Day(s)",
      "Quantity": "10",
      "Type": "perinatal"
    },
    {
      "Name": "blood pressure, diastolic",
      "Age": "10.94 Year(s)",
      "Quantity": "52 mmHG",
      "Type": ""
    },
    {
      "Name": "blood pressure, diastolic",
      "Age": "11.31 Year(s)",
      "Quantity": "59 mmHG",
      "Type": ""
    },
    {
      "Name": "blood pressure, systolic",
      "Age": "10.94 Year(s)",
      "Quantity": "93 mmHG",
      "Type": ""
    },
    {
      "Name": "blood pressure, systolic",
      "Age": "11.31 Year(s)",
      "Quantity": "104 mmHG",
      "Type": ""
    },
    {
      "Name": "head circumference",
      "Age": "4.99 Month(s)",
      "Quantity": "45  cm",
      "Type": "development"
    },
    {
      "Name": "head circumference",
      "Age": "8.25 Month(s)",
      "Quantity": "46  cm",
      "Type": "development"
    },
    {
      "Name": "head circumference at birth",
      "Age": "1 Day(s)",
      "Quantity": "37  cm",
      "Type": "perinatal"
    },
    {
      "Name": "length",
      "Age": "4.99 Month(s)",
      "Quantity": "68  cm",
      "Type": "development"
    },
    {
      "Name": "length",
      "Age": "8.25 Month(s)",
      "Quantity": "74  cm",
      "Type": "development"
    },
    {
      "Name": "length",
      "Age": "12.62 Month(s)",
      "Quantity": "78.6  cm",
      "Type": "development"
    },
    {
      "Name": "length",
      "Age": "17.58 Month(s)",
      "Quantity": "84  cm",
      "Type": "development"
    },
    {
      "Name": "length",
      "Age": "22.93 Month(s)",
      "Quantity": "93  cm",
      "Type": "development"
    },
    {
      "Name": "length",
      "Age": "4.39 Year(s)",
      "Quantity": "108  cm",
      "Type": "development"
    },
    {
      "Name": "length",
      "Age": "5.71 Year(s)",
      "Quantity": "117  cm",
      "Type": "development"
    },
    {
      "Name": "length",
      "Age": "6.4 Year(s)",
      "Quantity": "120.5  cm",
      "Type": "development"
    },
    {
      "Name": "length",
      "Age": "6.93 Year(s)",
      "Quantity": "124.2  cm",
      "Type": "development"
    },
    {
      "Name": "length",
      "Age": "7.38 Year(s)",
      "Quantity": "126  cm",
      "Type": "development"
    },
    {
      "Name": "length",
      "Age": "7.93 Year(s)",
      "Quantity": "129.6  cm",
      "Type": "development"
    },
    {
      "Name": "length",
      "Age": "8.92 Year(s)",
      "Quantity": "136.5  cm",
      "Type": "development"
    },
    {
      "Name": "length",
      "Age": "9.5 Year(s)",
      "Quantity": "138  cm",
      "Type": "development"
    },
    {
      "Name": "length",
      "Age": "9.93 Year(s)",
      "Quantity": "140.7  cm",
      "Type": "development"
    },
    {
      "Name": "length",
      "Age": "10.23 Year(s)",
      "Quantity": "141.7  cm",
      "Type": "development"
    },
    {
      "Name": "length",
      "Age": "10.94 Year(s)",
      "Quantity": "146  cm",
      "Type": "development"
    },
    {
      "Name": "length",
      "Age": "11.31 Year(s)",
      "Quantity": "151  cm",
      "Type": "development"
    },
    {
      "Name": "length at birth",
      "Age": "1 Day(s)",
      "Quantity": "54  cm",
      "Type": "perinatal"
    },
    {
      "Name": "weight",
      "Age": "4.99 Month(s)",
      "Quantity": "8.4  kg",
      "Type": "development"
    },
    {
      "Name": "weight",
      "Age": "8.25 Month(s)",
      "Quantity": "9.7  kg",
      "Type": "development"
    },
    {
      "Name": "weight",
      "Age": "12.62 Month(s)",
      "Quantity": "10.5  kg",
      "Type": "development"
    },
    {
      "Name": "weight",
      "Age": "17.58 Month(s)",
      "Quantity": "10.9  kg",
      "Type": "development"
    },
    {
      "Name": "weight",
      "Age": "22.93 Month(s)",
      "Quantity": "13.4  kg",
      "Type": "development"
    },
    {
      "Name": "weight",
      "Age": "4.39 Year(s)",
      "Quantity": "18.8  kg",
      "Type": "development"
    },
    {
      "Name": "weight",
      "Age": "5.71 Year(s)",
      "Quantity": "21.5  kg",
      "Type": "development"
    },
    {
      "Name": "weight",
      "Age": "6.4 Year(s)",
      "Quantity": "21.9  kg",
      "Type": "development"
    },
    {
      "Name": "weight",
      "Age": "6.93 Year(s)",
      "Quantity": "23.5  kg",
      "Type": "development"
    },
    {
      "Name": "weight",
      "Age": "7.38 Year(s)",
      "Quantity": "24.6  kg",
      "Type": "development"
    },
    {
      "Name": "weight",
      "Age": "7.93 Year(s)",
      "Quantity": "25.5  kg",
      "Type": "development"
    },
    {
      "Name": "weight",
      "Age": "8.92 Year(s)",
      "Quantity": "28  kg",
      "Type": "development"
    },
    {
      "Name": "weight",
      "Age": "9.5 Year(s)",
      "Quantity": "29.4  kg",
      "Type": "development"
    },
    {
      "Name": "weight",
      "Age": "9.93 Year(s)",
      "Quantity": "30.6  kg",
      "Type": "development"
    },
    {
      "Name": "weight",
      "Age": "10.23 Year(s)",
      "Quantity": "30.9  kg",
      "Type": "development"
    },
    {
      "Name": "weight",
      "Age": "10.94 Year(s)",
      "Quantity": "33.6  kg",
      "Type": "development"
    },
    {
      "Name": "weight",
      "Age": "11.31 Year(s)",
      "Quantity": "35  kg",
      "Type": "development"
    },
    {
      "Name": "weight at birth",
      "Age": "1 Day(s)",
      "Quantity": "4.3  kg",
      "Type": "perinatal"
    }
  ]
}