{
  "MainData": {
    "Patient ID": "196",
    "Diagnosis": "TYROSINEMIA, TYPE I (MIM 276700)",
    "Gender": "m",
    "Age of symptoms onset": "2 Month(s)",
    "Age of diagnosis": "2.86 Month(s)",
    "Found in newborn screening": "n",
    "Diagnosis confirmed": "y",
    "Country": "Austria",
    "Ethnic origin": "Mother: African, Father: African",
    "History": "Patient is first child of non consanguinic parents. Mother is HIV positive. In the second month of life impaired liver function with coagulopathy, hypalbuminemia and low cholinesterase as well as renal tubulopathy with urinary phosphate loss led to the diagnosis.\n\nMonatsschr Kinderheilkunde 2000, 148: 1001 - 1005, Springer Verlag 2000 (In German)",
    "Author": "Published Cases",
    "Hospital": "Published Case",
    "Coauthor(s)": "Crone J., Huber W.D., Moeslinger D., Felberbauer F., Utermann K., Gratzl R., Stoeckler-Ipsiroglu S.",
    "Date of entry": "2001-06-03"
  },
  "Molecular genetics": {
    "Gene name": "",
    "Genotype": "",
    "Allele 1": {
      "Trivial name": "",
      "Systematic name": "",
      "Amino acid change": "",
      "Nucleotide change": "",
      "Exon/Intron Boundary/Promotor": ""
    },
    "Allele 2": {
      "Trivial name": "",
      "Systematic name": "",
      "Amino acid change": "",
      "Nucleotide change": "",
      "Exon/Intron Boundary/Promotor": ""
    }
  },
  "Lab findings": [
    {
      "Name": "Albumin",
      "Age": "8.29 Week(s)",
      "Specimen": "serum/plasma",
      "Quantity": "2 g/l",
      "Quality": "Decreased"
    },
    {
      "Name": "alpha-Fetoprotein",
      "Age": "8.29 Week(s)",
      "Specimen": "serum/plasma",
      "Quantity": "44700000 ng/ml",
      "Quality": "Increased"
    },
    {
      "Name": "Ammonia",
      "Age": "8.29 Week(s)",
      "Specimen": "serum/plasma",
      "Quantity": "137 micro-mol/l",
      "Quality": "Normal"
    },
    {
      "Name": "Bilirubin, total",
      "Age": "8.29 Week(s)",
      "Specimen": "serum/plasma",
      "Quantity": "22.4 micro-mol/l",
      "Quality": "Normal"
    },
    {
      "Name": "Calcium",
      "Age": "8.29 Week(s)",
      "Specimen": "serum/plasma",
      "Quantity": "2.2 mmol/l",
      "Quality": "Normal"
    },
    {
      "Name": "Creatinine",
      "Age": "8.29 Week(s)",
      "Specimen": "serum/plasma",
      "Quantity": "20.2 micro-mol/l",
      "Quality": "Normal"
    },
    {
      "Name": "Erythrocytes",
      "Age": "8.29 Week(s)",
      "Specimen": "blood",
      "Quantity": "2.2 /micro-l",
      "Quality": "Decreased"
    },
    {
      "Name": "Galactose",
      "Age": "4 Day(s)",
      "Specimen": "serum/plasma",
      "Quantity": "660 micro-mol/l",
      "Quality": "Normal"
    },
    {
      "Name": "Hemoglobine",
      "Age": "8.29 Week(s)",
      "Specimen": "blood",
      "Quantity": "5.6 g/dl",
      "Quality": "Decreased"
    },
    {
      "Name": "Leucocytes",
      "Age": "8.29 Week(s)",
      "Specimen": "blood",
      "Quantity": "9710 /micro-l",
      "Quality": "Normal"
    },
    {
      "Name": "Phenylalanine",
      "Age": "4 Day(s)",
      "Specimen": "blood",
      "Quantity": "120 micro-mol/l",
      "Quality": "Normal"
    },
    {
      "Name": "Phosphatase, alkaline",
      "Age": "8.29 Week(s)",
      "Specimen": "serum/plasma",
      "Quantity": "3648 U/l",
      "Quality": "Increased"
    },
    {
      "Name": "Phosphorus, inorganic",
      "Age": "8.29 Week(s)",
      "Specimen": "serum/plasma",
      "Quantity": "1.1 mmol/l",
      "Quality": "Decreased"
    },
    {
      "Name": "Protein, total",
      "Age": "8.29 Week(s)",
      "Specimen": "serum/plasma",
      "Quantity": "5.1 g/l",
      "Quality": "Decreased"
    },
    {
      "Name": "Succinylacetone",
      "Age": "8.29 Week(s)",
      "Specimen": "urine",
      "Quantity": "",
      "Quality": "Increased"
    },
    {
      "Name": "Thrombocytes, Platelets",
      "Age": "8.29 Week(s)",
      "Specimen": "blood",
      "Quantity": "480000 /micro-l",
      "Quality": "Increased"
    },
    {
      "Name": "Tyrosine",
      "Age": "8.29 Week(s)",
      "Specimen": "serum/plasma",
      "Quantity": "",
      "Quality": "Increased"
    },
    {
      "Name": "Tyrosine",
      "Age": "8.29 Week(s)",
      "Specimen": "urine",
      "Quantity": "",
      "Quality": "Increased"
    }
  ],
  "Symptoms": [
    {
      "Name": "anemia",
      "Age": "8.29 Week(s)",
      "Range": "yes"
    },
    {
      "Name": "ascites",
      "Age": "8.29 Week(s)",
      "Range": "yes"
    },
    {
      "Name": "hernia",
      "Age": "8.29 Week(s)",
      "Range": "yes"
    },
    {
      "Name": "no clinical signs or symptoms",
      "Age": "12.02 Month(s)",
      "Range": "yes"
    },
    {
      "Name": "pallor",
      "Age": "8.29 Week(s)",
      "Range": "yes"
    }
  ],
  "Diet/drugs": [
    {
      "Name": "NTBC (2-(2-nitro-4-trifluoro-methylbenzoyl)-",
      "Age": "8.57 Week(s)",
      "Dosage": "",
      "Route": "oral"
    }
  ],
  "Therapy/development": [
    {
      "Name": "tyrosine-/phenylalanine-restricted diet",
      "Age": "8.57 Week(s)",
      "Quantity": "",
      "Type": ""
    }
  ]
}