{
  "MainData": {
    "Patient ID": "201",
    "Diagnosis": "HOMOCYSTINURIA (MIM 236200)",
    "Gender": "m",
    "Age of symptoms onset": "0 Day(s)",
    "Age of diagnosis": "3.82 Year(s)",
    "Found in newborn screening": "n",
    "Diagnosis confirmed": "y",
    "Country": "Germany",
    "Ethnic origin": "Mother: German, Father: German",
    "History": "Very early, the mother noticed poor vision of the infant. There is evidently a significant psychmotoric retardation, too: first words at the age of 18 months, first steps at the age of 17 months. Subluxation of lens was diagnosed at 2 1/2 years of age. Selective screening detected no increased homocystine in urine. In serum however, we saw a significant increase of total homocysteine and of methionine.",
    "Author": "Friedrich Trefz",
    "Hospital": "Childrens Hospital Reutlingen",
    "Coauthor(s)": "",
    "Date of entry": "2001-06-15"
  },
  "Molecular genetics": {
    "Gene name": "CBS gene",
    "Genotype": "p.D376N/ IVS7+1G>A",
    "Allele 1": {
      "Trivial name": "p.D376N",
      "Systematic name": "c.1126G>A",
      "Amino acid change": "Asp>Asn",
      "Nucleotide change": "GAC>AAC",
      "Exon/Intron Boundary/Promotor": "10"
    },
    "Allele 2": {
      "Trivial name": "IVS7+1G>A",
      "Systematic name": "",
      "Amino acid change": "",
      "Nucleotide change": "",
      "Exon/Intron Boundary/Promotor": ""
    }
  },
  "Lab findings": [
    {
      "Name": "ALAT (GPT)",
      "Age": "3.81 Year(s)",
      "Specimen": "serum/plasma",
      "Quantity": "46 U/l",
      "Quality": "Increased"
    },
    {
      "Name": "ASAT (GOT)",
      "Age": "3.81 Year(s)",
      "Specimen": "serum/plasma",
      "Quantity": "26 U/l",
      "Quality": "Increased"
    },
    {
      "Name": "Homocysteine",
      "Age": "3.81 Year(s)",
      "Specimen": "serum/plasma",
      "Quantity": "300 micro-mol/l",
      "Quality": "Increased"
    },
    {
      "Name": "Homocysteine",
      "Age": "3.86 Year(s)",
      "Specimen": "serum/plasma",
      "Quantity": "269.8 micro-mol/l",
      "Quality": "Increased"
    },
    {
      "Name": "Homocysteine",
      "Age": "4.06 Year(s)",
      "Specimen": "serum/plasma",
      "Quantity": "139 micro-mol/l",
      "Quality": "Increased"
    },
    {
      "Name": "Homocysteine",
      "Age": "4.11 Year(s)",
      "Specimen": "serum/plasma",
      "Quantity": "138 micro-mol/l",
      "Quality": "Increased"
    },
    {
      "Name": "Homocysteine",
      "Age": "4.28 Year(s)",
      "Specimen": "serum/plasma",
      "Quantity": "109.1 micro-mol/l",
      "Quality": "Increased"
    },
    {
      "Name": "Homocysteine",
      "Age": "4.4 Year(s)",
      "Specimen": "serum/plasma",
      "Quantity": "112 micro-mol/l",
      "Quality": "Increased"
    },
    {
      "Name": "Homocysteine",
      "Age": "4.46 Year(s)",
      "Specimen": "serum/plasma",
      "Quantity": "80.5 micro-mol/l",
      "Quality": "Increased"
    },
    {
      "Name": "Homocysteine",
      "Age": "4.59 Year(s)",
      "Specimen": "serum/plasma",
      "Quantity": "3.6 micro-mol/l",
      "Quality": "Normal"
    },
    {
      "Name": "Homocysteine",
      "Age": "4.75 Year(s)",
      "Specimen": "serum/plasma",
      "Quantity": "23 micro-mol/l",
      "Quality": "Increased"
    },
    {
      "Name": "Homocysteine",
      "Age": "4.93 Year(s)",
      "Specimen": "serum/plasma",
      "Quantity": "58 micro-mol/l",
      "Quality": "Normal"
    },
    {
      "Name": "Homocysteine",
      "Age": "5.06 Year(s)",
      "Specimen": "serum/plasma",
      "Quantity": "4 micro-mol/l",
      "Quality": "Normal"
    },
    {
      "Name": "Homocysteine",
      "Age": "5.22 Year(s)",
      "Specimen": "serum/plasma",
      "Quantity": "48.8 micro-mol/l",
      "Quality": "Increased"
    },
    {
      "Name": "Homocysteine",
      "Age": "5.4 Year(s)",
      "Specimen": "serum/plasma",
      "Quantity": "25.6 micro-mol/l",
      "Quality": "Increased"
    },
    {
      "Name": "Homocysteine",
      "Age": "5.71 Year(s)",
      "Specimen": "serum/plasma",
      "Quantity": "9.7 micro-mol/l",
      "Quality": "Increased"
    },
    {
      "Name": "Homocysteine",
      "Age": "6.02 Year(s)",
      "Specimen": "serum/plasma",
      "Quantity": "16.7 micro-mol/l",
      "Quality": "Increased"
    },
    {
      "Name": "Homocysteine",
      "Age": "6.27 Year(s)",
      "Specimen": "serum/plasma",
      "Quantity": "28.6 micro-mol/l",
      "Quality": "Increased"
    },
    {
      "Name": "Homocysteine",
      "Age": "6.52 Year(s)",
      "Specimen": "serum/plasma",
      "Quantity": "11.5 micro-mol/l",
      "Quality": "Increased"
    },
    {
      "Name": "Homocysteine",
      "Age": "6.56 Year(s)",
      "Specimen": "serum/plasma",
      "Quantity": "15.3 micro-mol/l",
      "Quality": "Increased"
    },
    {
      "Name": "Homocysteine",
      "Age": "7.1 Year(s)",
      "Specimen": "serum/plasma",
      "Quantity": "26.4 micro-mol/l",
      "Quality": "Increased"
    },
    {
      "Name": "Homocysteine",
      "Age": "7.29 Year(s)",
      "Specimen": "serum/plasma",
      "Quantity": "74.4 micro-mol/l",
      "Quality": "Increased"
    },
    {
      "Name": "Homocysteine",
      "Age": "7.31 Year(s)",
      "Specimen": "serum/plasma",
      "Quantity": "22.6 micro-mol/l",
      "Quality": "Increased"
    },
    {
      "Name": "Homocysteine",
      "Age": "7.65 Year(s)",
      "Specimen": "serum/plasma",
      "Quantity": "9.1 micro-mol/l",
      "Quality": "Increased"
    },
    {
      "Name": "Homocysteine",
      "Age": "8.41 Year(s)",
      "Specimen": "serum/plasma",
      "Quantity": "33.7 micro-mol/l",
      "Quality": "Increased"
    },
    {
      "Name": "Homocysteine",
      "Age": "8.94 Year(s)",
      "Specimen": "serum/plasma",
      "Quantity": "39.8 micro-mol/l",
      "Quality": "Increased"
    },
    {
      "Name": "Homocysteine",
      "Age": "9.39 Year(s)",
      "Specimen": "serum/plasma",
      "Quantity": "42.9 micro-mol/l",
      "Quality": "Increased"
    },
    {
      "Name": "Homocysteine",
      "Age": "9.92 Year(s)",
      "Specimen": "serum/plasma",
      "Quantity": "65.2 micro-mol/l",
      "Quality": "Increased"
    },
    {
      "Name": "Homocystine",
      "Age": "3.81 Year(s)",
      "Specimen": "urine",
      "Quantity": "20 mmol/mol Crea",
      "Quality": "Increased"
    },
    {
      "Name": "Methionine",
      "Age": "3.81 Year(s)",
      "Specimen": "serum/plasma",
      "Quantity": "240 micro-mol/l",
      "Quality": "Increased"
    },
    {
      "Name": "Methionine",
      "Age": "4.11 Year(s)",
      "Specimen": "urine",
      "Quantity": "51 mmol/mol Crea",
      "Quality": "Increased"
    },
    {
      "Name": "Methionine",
      "Age": "4.11 Year(s)",
      "Specimen": "serum/plasma",
      "Quantity": "1009 micro-mol/l",
      "Quality": "Increased"
    },
    {
      "Name": "Methionine",
      "Age": "4.28 Year(s)",
      "Specimen": "serum/plasma",
      "Quantity": "137 micro-mol/l",
      "Quality": "Increased"
    },
    {
      "Name": "Methionine",
      "Age": "4.4 Year(s)",
      "Specimen": "serum/plasma",
      "Quantity": "227 micro-mol/l",
      "Quality": "Increased"
    },
    {
      "Name": "Methionine",
      "Age": "4.46 Year(s)",
      "Specimen": "serum/plasma",
      "Quantity": "130 micro-mol/l",
      "Quality": "Increased"
    },
    {
      "Name": "Methionine",
      "Age": "4.59 Year(s)",
      "Specimen": "serum/plasma",
      "Quantity": "7 micro-mol/l",
      "Quality": "Normal"
    },
    {
      "Name": "Methionine",
      "Age": "4.93 Year(s)",
      "Specimen": "serum/plasma",
      "Quantity": "58 micro-mol/l",
      "Quality": "Increased"
    },
    {
      "Name": "Methionine",
      "Age": "5.06 Year(s)",
      "Specimen": "serum/plasma",
      "Quantity": "5 micro-mol/l",
      "Quality": "Normal"
    },
    {
      "Name": "Methionine",
      "Age": "5.22 Year(s)",
      "Specimen": "serum/plasma",
      "Quantity": "268 micro-mol/l",
      "Quality": "Increased"
    },
    {
      "Name": "Methionine",
      "Age": "5.4 Year(s)",
      "Specimen": "serum/plasma",
      "Quantity": "72 micro-mol/l",
      "Quality": "Increased"
    },
    {
      "Name": "Methionine",
      "Age": "6.02 Year(s)",
      "Specimen": "serum/plasma",
      "Quantity": "26 micro-mol/l",
      "Quality": "Normal"
    },
    {
      "Name": "Methionine",
      "Age": "6.27 Year(s)",
      "Specimen": "serum/plasma",
      "Quantity": "118 micro-mol/l",
      "Quality": "Increased"
    },
    {
      "Name": "Methionine",
      "Age": "6.52 Year(s)",
      "Specimen": "serum/plasma",
      "Quantity": "187 micro-mol/l",
      "Quality": "Increased"
    },
    {
      "Name": "Methionine",
      "Age": "6.56 Year(s)",
      "Specimen": "serum/plasma",
      "Quantity": "189 micro-mol/l",
      "Quality": "Increased"
    },
    {
      "Name": "Methionine",
      "Age": "7.1 Year(s)",
      "Specimen": "serum/plasma",
      "Quantity": "317 micro-mol/l",
      "Quality": "Increased"
    },
    {
      "Name": "Methionine",
      "Age": "7.29 Year(s)",
      "Specimen": "serum/plasma",
      "Quantity": "158 micro-mol/l",
      "Quality": "Increased"
    },
    {
      "Name": "Methionine",
      "Age": "7.31 Year(s)",
      "Specimen": "serum/plasma",
      "Quantity": "140 micro-mol/l",
      "Quality": "Increased"
    },
    {
      "Name": "Methionine",
      "Age": "7.65 Year(s)",
      "Specimen": "serum/plasma",
      "Quantity": "51 micro-mol/l",
      "Quality": "Increased"
    },
    {
      "Name": "Methionine",
      "Age": "8.41 Year(s)",
      "Specimen": "serum/plasma",
      "Quantity": "267 micro-mol/l",
      "Quality": "Increased"
    },
    {
      "Name": "Methionine",
      "Age": "8.94 Year(s)",
      "Specimen": "serum/plasma",
      "Quantity": "268 micro-mol/l",
      "Quality": "Increased"
    },
    {
      "Name": "Methionine",
      "Age": "9.39 Year(s)",
      "Specimen": "serum/plasma",
      "Quantity": "239 micro-mol/l",
      "Quality": "Increased"
    },
    {
      "Name": "Methionine",
      "Age": "9.92 Year(s)",
      "Specimen": "serum/plasma",
      "Quantity": "167 micro-mol/l",
      "Quality": "Increased"
    }
  ],
  "Symptoms": [
    {
      "Name": "dislocated lens [ectopia lentis]",
      "Age": "2.59 Year(s)",
      "Range": "yes"
    },
    {
      "Name": "dyskinesia",
      "Age": "6.56 Year(s)",
      "Range": "yes"
    },
    {
      "Name": "mental retardation",
      "Age": "17.87 Month(s)",
      "Range": "+"
    },
    {
      "Name": "myopia",
      "Age": "19.48 Month(s)",
      "Range": "yes"
    },
    {
      "Name": "speech development, delayed, abnormal",
      "Age": "17.87 Month(s)",
      "Range": "yes"
    }
  ],
  "Diet/drugs": [
    {
      "Name": "artificial protein intake (specific amino acid mixture)",
      "Age": "4.11 Year(s)",
      "Dosage": "11.6 g/day",
      "Route": "oral"
    },
    {
      "Name": "artificial protein intake (specific amino acid mixture)",
      "Age": "4.63 Year(s)",
      "Dosage": "17.4 g/day",
      "Route": "oral"
    },
    {
      "Name": "betaine",
      "Age": "3.93 Year(s)",
      "Dosage": "3 g/day",
      "Route": "oral"
    },
    {
      "Name": "betaine",
      "Age": "6.56 Year(s)",
      "Dosage": "5 g/day",
      "Route": "oral"
    },
    {
      "Name": "betaine",
      "Age": "8.94 Year(s)",
      "Dosage": "6 g/day",
      "Route": "oral"
    },
    {
      "Name": "folic acid",
      "Age": "3.93 Year(s)",
      "Dosage": "15 mg/day",
      "Route": "oral"
    },
    {
      "Name": "protein (total)",
      "Age": "4.11 Year(s)",
      "Dosage": "1.2 g/kg/day",
      "Route": "oral"
    },
    {
      "Name": "protein (total)",
      "Age": "4.63 Year(s)",
      "Dosage": "1.4 g/kg/day",
      "Route": "oral"
    },
    {
      "Name": "vitamin B 6 (pyridoxine)",
      "Age": "3.81 Year(s)",
      "Dosage": "100 mg/day",
      "Route": "oral"
    },
    {
      "Name": "vitamin B 6 (pyridoxine)",
      "Age": "3.93 Year(s)",
      "Dosage": "300 mg/day",
      "Route": "oral"
    },
    {
      "Name": "vitamin B 6 (pyridoxine)",
      "Age": "8.94 Year(s)",
      "Dosage": "200 mg/day",
      "Route": "oral"
    }
  ],
  "Therapy/development": [
    {
      "Name": "head circumference",
      "Age": "4.1 Year(s)",
      "Quantity": "52  cm",
      "Type": "development"
    },
    {
      "Name": "length",
      "Age": "4.1 Year(s)",
      "Quantity": "108  cm",
      "Type": "development"
    },
    {
      "Name": "length",
      "Age": "4.76 Year(s)",
      "Quantity": "112  cm",
      "Type": "development"
    },
    {
      "Name": "length",
      "Age": "6.56 Year(s)",
      "Quantity": "121  cm",
      "Type": "development"
    },
    {
      "Name": "length",
      "Age": "7.1 Year(s)",
      "Quantity": "125.7  cm",
      "Type": "development"
    },
    {
      "Name": "length",
      "Age": "7.65 Year(s)",
      "Quantity": "128  cm",
      "Type": "development"
    },
    {
      "Name": "length",
      "Age": "8.41 Year(s)",
      "Quantity": "133  cm",
      "Type": "development"
    },
    {
      "Name": "length",
      "Age": "8.94 Year(s)",
      "Quantity": "136.2  cm",
      "Type": "development"
    },
    {
      "Name": "length",
      "Age": "9.39 Year(s)",
      "Quantity": "139  cm",
      "Type": "development"
    },
    {
      "Name": "weight",
      "Age": "4.1 Year(s)",
      "Quantity": "16.3  kg",
      "Type": "development"
    },
    {
      "Name": "weight",
      "Age": "4.76 Year(s)",
      "Quantity": "17.8  kg",
      "Type": "development"
    },
    {
      "Name": "weight",
      "Age": "6.56 Year(s)",
      "Quantity": "21.2  kg",
      "Type": "development"
    },
    {
      "Name": "weight",
      "Age": "7.1 Year(s)",
      "Quantity": "22.3  kg",
      "Type": "development"
    },
    {
      "Name": "weight",
      "Age": "7.65 Year(s)",
      "Quantity": "24.4  kg",
      "Type": "development"
    },
    {
      "Name": "weight",
      "Age": "8.41 Year(s)",
      "Quantity": "27  kg",
      "Type": "development"
    },
    {
      "Name": "weight",
      "Age": "8.94 Year(s)",
      "Quantity": "28.6  kg",
      "Type": "development"
    },
    {
      "Name": "weight",
      "Age": "9.39 Year(s)",
      "Quantity": "30.2  kg",
      "Type": "development"
    }
  ]
}