{
  "MainData": {
    "Patient ID": "202",
    "Diagnosis": "ACYL-CoA DEHYDROGENASE, VERY LONG-CHAIN, DEFICIENCY OF (MIM 201475)",
    "Gender": "m",
    "Age of symptoms onset": "2 Day(s)",
    "Age of diagnosis": "0 Day(s)",
    "Found in newborn screening": "n",
    "Diagnosis confirmed": "y",
    "Country": "Lebanon",
    "Ethnic origin": "Mother: unknown, Father: unknown",
    "History": "Fifth child born to first cousin parents. Two sisters died early in life. The patient had a severe neonatal presentation and cardiomyopathy. He was found to be homozygous for a severe mutation with no residual enzyme activity. Tandem mass spectrometry on dried blood spots revealed increased long chain acylcarnitines. \n\nArch Dis Child 2001 Jan; 84(1): 58-6011124787",
    "Author": "Published Cases",
    "Hospital": "Published Case",
    "Coauthor(s)": "Touma EH, Rashed MS, Vianey-Saban C, Sakr A, Divry P, Gregersen N, Andresen BS",
    "Date of entry": "2001-06-15"
  },
  "Molecular genetics": {
    "Gene name": "",
    "Genotype": "",
    "Allele 1": {
      "Trivial name": "delC237",
      "Systematic name": "c.709_710delTG",
      "Amino acid change": "Cys del",
      "Nucleotide change": "del TG",
      "Exon/Intron Boundary/Promotor": "8"
    },
    "Allele 2": {
      "Trivial name": "delC237",
      "Systematic name": "c.710_711delGT",
      "Amino acid change": "Cys del",
      "Nucleotide change": "del GT",
      "Exon/Intron Boundary/Promotor": "8"
    }
  },
  "Lab findings": [
    {
      "Name": "Adipic acid",
      "Age": "1 Day(s)",
      "Specimen": "urine",
      "Quantity": "",
      "Quality": "Increased"
    },
    {
      "Name": "Glucose",
      "Age": "1 Day(s)",
      "Specimen": "serum/plasma",
      "Quantity": "2.8 mmol/l",
      "Quality": "Decreased"
    },
    {
      "Name": "Lactate",
      "Age": "1 Day(s)",
      "Specimen": "blood",
      "Quantity": "20.2 mmol/l",
      "Quality": "Increased"
    },
    {
      "Name": "Long chain acyl carnitines",
      "Age": "4 Day(s)",
      "Specimen": "blood",
      "Quantity": "",
      "Quality": "Increased"
    },
    {
      "Name": "pH",
      "Age": "4 Day(s)",
      "Specimen": "blood",
      "Quantity": "7.2 no unit",
      "Quality": "Decreased"
    },
    {
      "Name": "Sebacic acid",
      "Age": "1 Day(s)",
      "Specimen": "urine",
      "Quantity": "",
      "Quality": "Increased"
    },
    {
      "Name": "Suberic acid",
      "Age": "1 Day(s)",
      "Specimen": "urine",
      "Quantity": "",
      "Quality": "Increased"
    }
  ],
  "Symptoms": [
    {
      "Name": "cardiomegaly",
      "Age": "4 Day(s)",
      "Range": "yes"
    },
    {
      "Name": "cardiomegaly",
      "Age": "12.16 Month(s)",
      "Range": "no"
    },
    {
      "Name": "infections [severe or recurrent]",
      "Age": "12.16 Month(s)",
      "Range": "yes"
    },
    {
      "Name": "large liver",
      "Age": "4 Day(s)",
      "Range": "yes"
    },
    {
      "Name": "no clinical signs or symptoms",
      "Age": "3.01 Year(s)",
      "Range": "yes"
    },
    {
      "Name": "tachypnea",
      "Age": "1 Day(s)",
      "Range": "yes"
    },
    {
      "Name": "tachypnea",
      "Age": "4 Day(s)",
      "Range": "yes"
    }
  ],
  "Diet/drugs": [
    {
      "Name": "L-carnitine",
      "Age": "6.43 Week(s)",
      "Dosage": "100 mg/kg/day",
      "Route": "oral"
    }
  ],
  "Therapy/development": [
    {
      "Name": "high-carbohydrate diet",
      "Age": "6.43 Week(s)",
      "Quantity": "",
      "Type": ""
    },
    {
      "Name": "low-fat diet",
      "Age": "6.43 Week(s)",
      "Quantity": "",
      "Type": ""
    },
    {
      "Name": "medium-chain triglycerides (MCT)",
      "Age": "6.43 Week(s)",
      "Quantity": "",
      "Type": ""
    }
  ]
}