{
  "MainData": {
    "Patient ID": "231",
    "Diagnosis": "TYROSINEMIA, TYPE III (MIM 276710)",
    "Gender": "f",
    "Age of symptoms onset": "0 Day(s)",
    "Age of diagnosis": "5 Day(s)",
    "Found in newborn screening": "y",
    "Diagnosis confirmed": "y",
    "Country": "Germany",
    "Ethnic origin": "Mother: German, Father: German",
    "History": "In newborn screening program, the patient  had an increased tyrosine-level of 605 5mol/l, but showed no clinical symptoms. With a phenylalanine- and tyrosine-restricted diet, development is  normal up to the age of 5 years. In episodes of infection, tyrosine-level in blood increases.",
    "Author": "Friedrich Trefz",
    "Hospital": "Childrens Hospital Reutlingen",
    "Coauthor(s)": "",
    "Date of entry": "2001-07-10"
  },
  "Molecular genetics": {
    "Gene name": "",
    "Genotype": "",
    "Allele 1": {
      "Trivial name": "",
      "Systematic name": "",
      "Amino acid change": "",
      "Nucleotide change": "",
      "Exon/Intron Boundary/Promotor": ""
    },
    "Allele 2": {
      "Trivial name": "",
      "Systematic name": "",
      "Amino acid change": "",
      "Nucleotide change": "",
      "Exon/Intron Boundary/Promotor": ""
    }
  },
  "Lab findings": [
    {
      "Name": "Phenylalanine",
      "Age": "8.57 Week(s)",
      "Specimen": "blood",
      "Quantity": "13 micro-mol/l",
      "Quality": "Normal"
    },
    {
      "Name": "Phenylalanine",
      "Age": "2.17 Month(s)",
      "Specimen": "blood",
      "Quantity": "44 micro-mol/l",
      "Quality": "Normal"
    },
    {
      "Name": "Phenylalanine",
      "Age": "3.12 Month(s)",
      "Specimen": "blood",
      "Quantity": "37 micro-mol/l",
      "Quality": "Normal"
    },
    {
      "Name": "Phenylalanine",
      "Age": "3.61 Month(s)",
      "Specimen": "blood",
      "Quantity": "95 micro-mol/l",
      "Quality": "Normal"
    },
    {
      "Name": "Phenylalanine",
      "Age": "3.81 Month(s)",
      "Specimen": "blood",
      "Quantity": "57 micro-mol/l",
      "Quality": "Normal"
    },
    {
      "Name": "Phenylalanine",
      "Age": "4.27 Month(s)",
      "Specimen": "blood",
      "Quantity": "62 micro-mol/l",
      "Quality": "Normal"
    },
    {
      "Name": "Phenylalanine",
      "Age": "4.73 Month(s)",
      "Specimen": "blood",
      "Quantity": "96 micro-mol/l",
      "Quality": "Normal"
    },
    {
      "Name": "Phenylalanine",
      "Age": "5.19 Month(s)",
      "Specimen": "blood",
      "Quantity": "47 micro-mol/l",
      "Quality": "Normal"
    },
    {
      "Name": "Phenylalanine",
      "Age": "5.65 Month(s)",
      "Specimen": "blood",
      "Quantity": "96 micro-mol/l",
      "Quality": "Normal"
    },
    {
      "Name": "Phenylalanine",
      "Age": "6.11 Month(s)",
      "Specimen": "blood",
      "Quantity": "57 micro-mol/l",
      "Quality": "Normal"
    },
    {
      "Name": "Phenylalanine",
      "Age": "6.77 Month(s)",
      "Specimen": "blood",
      "Quantity": "74 micro-mol/l",
      "Quality": "Normal"
    },
    {
      "Name": "Phenylalanine",
      "Age": "7.26 Month(s)",
      "Specimen": "blood",
      "Quantity": "39 micro-mol/l",
      "Quality": "Normal"
    },
    {
      "Name": "Phenylalanine",
      "Age": "7.72 Month(s)",
      "Specimen": "blood",
      "Quantity": "50 micro-mol/l",
      "Quality": "Normal"
    },
    {
      "Name": "Phenylalanine",
      "Age": "8.15 Month(s)",
      "Specimen": "blood",
      "Quantity": "38 micro-mol/l",
      "Quality": "Normal"
    },
    {
      "Name": "Phenylalanine",
      "Age": "9.36 Month(s)",
      "Specimen": "blood",
      "Quantity": "51 micro-mol/l",
      "Quality": "Normal"
    },
    {
      "Name": "Phenylalanine",
      "Age": "10.28 Month(s)",
      "Specimen": "blood",
      "Quantity": "47 micro-mol/l",
      "Quality": "Normal"
    },
    {
      "Name": "Phenylalanine",
      "Age": "11.14 Month(s)",
      "Specimen": "blood",
      "Quantity": "75 micro-mol/l",
      "Quality": "Normal"
    },
    {
      "Name": "Phenylalanine",
      "Age": "11.66 Month(s)",
      "Specimen": "blood",
      "Quantity": "78 micro-mol/l",
      "Quality": "Normal"
    },
    {
      "Name": "Phenylalanine",
      "Age": "13.21 Month(s)",
      "Specimen": "blood",
      "Quantity": "54 micro-mol/l",
      "Quality": "Normal"
    },
    {
      "Name": "Phenylalanine",
      "Age": "14.36 Month(s)",
      "Specimen": "blood",
      "Quantity": "88 micro-mol/l",
      "Quality": "Normal"
    },
    {
      "Name": "Phenylalanine",
      "Age": "15.28 Month(s)",
      "Specimen": "blood",
      "Quantity": "55 micro-mol/l",
      "Quality": "Normal"
    },
    {
      "Name": "Phenylalanine",
      "Age": "16.2 Month(s)",
      "Specimen": "blood",
      "Quantity": "60 micro-mol/l",
      "Quality": "Normal"
    },
    {
      "Name": "Phenylalanine",
      "Age": "17.12 Month(s)",
      "Specimen": "blood",
      "Quantity": "76 micro-mol/l",
      "Quality": "Normal"
    },
    {
      "Name": "Phenylalanine",
      "Age": "18.53 Month(s)",
      "Specimen": "blood",
      "Quantity": "57 micro-mol/l",
      "Quality": "Normal"
    },
    {
      "Name": "Phenylalanine",
      "Age": "19.91 Month(s)",
      "Specimen": "blood",
      "Quantity": "57 micro-mol/l",
      "Quality": "Normal"
    },
    {
      "Name": "Phenylalanine",
      "Age": "20.8 Month(s)",
      "Specimen": "blood",
      "Quantity": "58 micro-mol/l",
      "Quality": "Normal"
    },
    {
      "Name": "Phenylalanine",
      "Age": "21.52 Month(s)",
      "Specimen": "blood",
      "Quantity": "44 micro-mol/l",
      "Quality": "Normal"
    },
    {
      "Name": "Phenylalanine",
      "Age": "23.1 Month(s)",
      "Specimen": "blood",
      "Quantity": "64 micro-mol/l",
      "Quality": "Normal"
    },
    {
      "Name": "Phenylalanine",
      "Age": "23.79 Month(s)",
      "Specimen": "blood",
      "Quantity": "47 micro-mol/l",
      "Quality": "Normal"
    },
    {
      "Name": "Phenylalanine",
      "Age": "2.81 Year(s)",
      "Specimen": "blood",
      "Quantity": "52 micro-mol/l",
      "Quality": "Normal"
    },
    {
      "Name": "Phenylalanine",
      "Age": "2.85 Year(s)",
      "Specimen": "blood",
      "Quantity": "47 micro-mol/l",
      "Quality": "Normal"
    },
    {
      "Name": "Phenylalanine",
      "Age": "2.88 Year(s)",
      "Specimen": "blood",
      "Quantity": "51 micro-mol/l",
      "Quality": "Normal"
    },
    {
      "Name": "Phenylalanine",
      "Age": "2.92 Year(s)",
      "Specimen": "blood",
      "Quantity": "63 micro-mol/l",
      "Quality": "Normal"
    },
    {
      "Name": "Phenylalanine",
      "Age": "2.96 Year(s)",
      "Specimen": "blood",
      "Quantity": "46 micro-mol/l",
      "Quality": "Normal"
    },
    {
      "Name": "Phenylalanine",
      "Age": "3.03 Year(s)",
      "Specimen": "blood",
      "Quantity": "53 micro-mol/l",
      "Quality": "Normal"
    },
    {
      "Name": "Phenylalanine",
      "Age": "3.07 Year(s)",
      "Specimen": "blood",
      "Quantity": "59 micro-mol/l",
      "Quality": "Normal"
    },
    {
      "Name": "Phenylalanine",
      "Age": "3.15 Year(s)",
      "Specimen": "blood",
      "Quantity": "67 micro-mol/l",
      "Quality": "Normal"
    },
    {
      "Name": "Phenylalanine",
      "Age": "3.17 Year(s)",
      "Specimen": "blood",
      "Quantity": "41 micro-mol/l",
      "Quality": "Normal"
    },
    {
      "Name": "Phenylalanine",
      "Age": "3.23 Year(s)",
      "Specimen": "blood",
      "Quantity": "50 micro-mol/l",
      "Quality": "Normal"
    },
    {
      "Name": "Phenylalanine",
      "Age": "3.27 Year(s)",
      "Specimen": "blood",
      "Quantity": "63 micro-mol/l",
      "Quality": "Normal"
    },
    {
      "Name": "Phenylalanine",
      "Age": "3.3 Year(s)",
      "Specimen": "blood",
      "Quantity": "74 micro-mol/l",
      "Quality": "Normal"
    },
    {
      "Name": "Phenylalanine",
      "Age": "3.35 Year(s)",
      "Specimen": "blood",
      "Quantity": "59 micro-mol/l",
      "Quality": "Normal"
    },
    {
      "Name": "Phenylalanine",
      "Age": "3.4 Year(s)",
      "Specimen": "blood",
      "Quantity": "61 micro-mol/l",
      "Quality": "Normal"
    },
    {
      "Name": "Phenylalanine",
      "Age": "3.44 Year(s)",
      "Specimen": "blood",
      "Quantity": "50 micro-mol/l",
      "Quality": "Normal"
    },
    {
      "Name": "Phenylalanine",
      "Age": "3.56 Year(s)",
      "Specimen": "blood",
      "Quantity": "56 micro-mol/l",
      "Quality": "Normal"
    },
    {
      "Name": "Phenylalanine",
      "Age": "3.59 Year(s)",
      "Specimen": "blood",
      "Quantity": "65 micro-mol/l",
      "Quality": "Normal"
    },
    {
      "Name": "Phenylalanine",
      "Age": "3.63 Year(s)",
      "Specimen": "blood",
      "Quantity": "56 micro-mol/l",
      "Quality": "Normal"
    },
    {
      "Name": "Phenylalanine",
      "Age": "3.67 Year(s)",
      "Specimen": "blood",
      "Quantity": "52 micro-mol/l",
      "Quality": "Normal"
    },
    {
      "Name": "Phenylalanine",
      "Age": "3.71 Year(s)",
      "Specimen": "blood",
      "Quantity": "46 micro-mol/l",
      "Quality": "Normal"
    },
    {
      "Name": "Phenylalanine",
      "Age": "3.79 Year(s)",
      "Specimen": "blood",
      "Quantity": "62 micro-mol/l",
      "Quality": "Normal"
    },
    {
      "Name": "Phenylalanine",
      "Age": "3.82 Year(s)",
      "Specimen": "blood",
      "Quantity": "61 micro-mol/l",
      "Quality": "Normal"
    },
    {
      "Name": "Phenylalanine",
      "Age": "3.88 Year(s)",
      "Specimen": "blood",
      "Quantity": "53 micro-mol/l",
      "Quality": "Normal"
    },
    {
      "Name": "Phenylalanine",
      "Age": "3.98 Year(s)",
      "Specimen": "blood",
      "Quantity": "66 micro-mol/l",
      "Quality": "Normal"
    },
    {
      "Name": "Phenylalanine",
      "Age": "4.02 Year(s)",
      "Specimen": "blood",
      "Quantity": "51 micro-mol/l",
      "Quality": "Normal"
    },
    {
      "Name": "Phenylalanine",
      "Age": "4.06 Year(s)",
      "Specimen": "blood",
      "Quantity": "69 micro-mol/l",
      "Quality": "Normal"
    },
    {
      "Name": "Phenylalanine",
      "Age": "4.1 Year(s)",
      "Specimen": "blood",
      "Quantity": "60 micro-mol/l",
      "Quality": "Normal"
    },
    {
      "Name": "Phenylalanine",
      "Age": "4.13 Year(s)",
      "Specimen": "blood",
      "Quantity": "86 micro-mol/l",
      "Quality": "Normal"
    },
    {
      "Name": "Phenylalanine",
      "Age": "4.24 Year(s)",
      "Specimen": "blood",
      "Quantity": "71 micro-mol/l",
      "Quality": "Normal"
    },
    {
      "Name": "Phenylalanine",
      "Age": "4.28 Year(s)",
      "Specimen": "blood",
      "Quantity": "74 micro-mol/l",
      "Quality": "Normal"
    },
    {
      "Name": "Phenylalanine",
      "Age": "4.32 Year(s)",
      "Specimen": "blood",
      "Quantity": "83 micro-mol/l",
      "Quality": "Normal"
    },
    {
      "Name": "Phenylalanine",
      "Age": "4.38 Year(s)",
      "Specimen": "blood",
      "Quantity": "69 micro-mol/l",
      "Quality": "Normal"
    },
    {
      "Name": "Phenylalanine",
      "Age": "4.44 Year(s)",
      "Specimen": "blood",
      "Quantity": "57 micro-mol/l",
      "Quality": "Normal"
    },
    {
      "Name": "Phenylalanine",
      "Age": "4.47 Year(s)",
      "Specimen": "blood",
      "Quantity": "52 micro-mol/l",
      "Quality": "Normal"
    },
    {
      "Name": "Phenylalanine",
      "Age": "4.58 Year(s)",
      "Specimen": "blood",
      "Quantity": "46 micro-mol/l",
      "Quality": "Normal"
    },
    {
      "Name": "Phenylalanine",
      "Age": "4.67 Year(s)",
      "Specimen": "blood",
      "Quantity": "57 micro-mol/l",
      "Quality": "Normal"
    },
    {
      "Name": "Phenylalanine",
      "Age": "4.78 Year(s)",
      "Specimen": "blood",
      "Quantity": "131 micro-mol/l",
      "Quality": "Increased"
    },
    {
      "Name": "Phenylalanine",
      "Age": "4.88 Year(s)",
      "Specimen": "blood",
      "Quantity": "33 micro-mol/l",
      "Quality": "Normal"
    },
    {
      "Name": "Phenylalanine",
      "Age": "4.96 Year(s)",
      "Specimen": "blood",
      "Quantity": "52 micro-mol/l",
      "Quality": "Normal"
    },
    {
      "Name": "Phenylalanine",
      "Age": "4.97 Year(s)",
      "Specimen": "blood",
      "Quantity": "43 micro-mol/l",
      "Quality": "Normal"
    },
    {
      "Name": "Phenylalanine",
      "Age": "5.03 Year(s)",
      "Specimen": "blood",
      "Quantity": "37 micro-mol/l",
      "Quality": "Normal"
    },
    {
      "Name": "Phenylalanine",
      "Age": "5.07 Year(s)",
      "Specimen": "blood",
      "Quantity": "38 micro-mol/l",
      "Quality": "Normal"
    },
    {
      "Name": "Phenylalanine",
      "Age": "5.16 Year(s)",
      "Specimen": "blood",
      "Quantity": "39 micro-mol/l",
      "Quality": "Normal"
    },
    {
      "Name": "Phenylalanine",
      "Age": "5.22 Year(s)",
      "Specimen": "blood",
      "Quantity": "29 micro-mol/l",
      "Quality": "Normal"
    },
    {
      "Name": "Phenylalanine",
      "Age": "5.25 Year(s)",
      "Specimen": "blood",
      "Quantity": "41 micro-mol/l",
      "Quality": "Normal"
    },
    {
      "Name": "Phenylalanine",
      "Age": "5.27 Year(s)",
      "Specimen": "blood",
      "Quantity": "58 micro-mol/l",
      "Quality": "Normal"
    },
    {
      "Name": "Phenylalanine",
      "Age": "5.3 Year(s)",
      "Specimen": "blood",
      "Quantity": "45 micro-mol/l",
      "Quality": "Normal"
    },
    {
      "Name": "Phenylalanine",
      "Age": "5.36 Year(s)",
      "Specimen": "blood",
      "Quantity": "57 micro-mol/l",
      "Quality": "Normal"
    },
    {
      "Name": "Phenylalanine",
      "Age": "5.4 Year(s)",
      "Specimen": "blood",
      "Quantity": "51 micro-mol/l",
      "Quality": "Normal"
    },
    {
      "Name": "Phenylalanine",
      "Age": "5.44 Year(s)",
      "Specimen": "blood",
      "Quantity": "85 micro-mol/l",
      "Quality": "Normal"
    },
    {
      "Name": "Phenylalanine",
      "Age": "5.45 Year(s)",
      "Specimen": "blood",
      "Quantity": "67 micro-mol/l",
      "Quality": "Normal"
    },
    {
      "Name": "Phenylalanine",
      "Age": "5.57 Year(s)",
      "Specimen": "blood",
      "Quantity": "39 micro-mol/l",
      "Quality": "Normal"
    },
    {
      "Name": "Phenylalanine",
      "Age": "5.63 Year(s)",
      "Specimen": "blood",
      "Quantity": "78 micro-mol/l",
      "Quality": "Normal"
    },
    {
      "Name": "Phenylalanine",
      "Age": "5.69 Year(s)",
      "Specimen": "blood",
      "Quantity": "57 micro-mol/l",
      "Quality": "Normal"
    },
    {
      "Name": "Phenylalanine",
      "Age": "5.78 Year(s)",
      "Specimen": "blood",
      "Quantity": "99 micro-mol/l",
      "Quality": "Normal"
    },
    {
      "Name": "Phenylalanine",
      "Age": "5.95 Year(s)",
      "Specimen": "blood",
      "Quantity": "84 micro-mol/l",
      "Quality": "Normal"
    },
    {
      "Name": "Phenylalanine",
      "Age": "5.98 Year(s)",
      "Specimen": "blood",
      "Quantity": "96 micro-mol/l",
      "Quality": "Normal"
    },
    {
      "Name": "Phenylalanine",
      "Age": "6.31 Year(s)",
      "Specimen": "blood",
      "Quantity": "60 micro-mol/l",
      "Quality": "Normal"
    },
    {
      "Name": "Phenylalanine",
      "Age": "7.02 Year(s)",
      "Specimen": "blood",
      "Quantity": "79 micro-mol/l",
      "Quality": "Normal"
    },
    {
      "Name": "Phenylalanine",
      "Age": "8.84 Year(s)",
      "Specimen": "blood",
      "Quantity": "64 micro-mol/l",
      "Quality": "Normal"
    },
    {
      "Name": "Tyrosine",
      "Age": "5 Day(s)",
      "Specimen": "blood",
      "Quantity": "605 micro-mol/l",
      "Quality": "Increased"
    },
    {
      "Name": "Tyrosine",
      "Age": "10 Day(s)",
      "Specimen": "blood",
      "Quantity": "605 micro-mol/l",
      "Quality": "Increased"
    },
    {
      "Name": "Tyrosine",
      "Age": "8.57 Week(s)",
      "Specimen": "blood",
      "Quantity": "498 micro-mol/l",
      "Quality": "Increased"
    },
    {
      "Name": "Tyrosine",
      "Age": "2.17 Month(s)",
      "Specimen": "blood",
      "Quantity": "414 micro-mol/l",
      "Quality": "Increased"
    },
    {
      "Name": "Tyrosine",
      "Age": "3.12 Month(s)",
      "Specimen": "blood",
      "Quantity": "364 micro-mol/l",
      "Quality": "Increased"
    },
    {
      "Name": "Tyrosine",
      "Age": "3.61 Month(s)",
      "Specimen": "blood",
      "Quantity": "282 micro-mol/l",
      "Quality": "Increased"
    },
    {
      "Name": "Tyrosine",
      "Age": "3.81 Month(s)",
      "Specimen": "blood",
      "Quantity": "254 micro-mol/l",
      "Quality": "Increased"
    },
    {
      "Name": "Tyrosine",
      "Age": "4.27 Month(s)",
      "Specimen": "blood",
      "Quantity": "219 micro-mol/l",
      "Quality": "Increased"
    },
    {
      "Name": "Tyrosine",
      "Age": "4.73 Month(s)",
      "Specimen": "blood",
      "Quantity": "200 micro-mol/l",
      "Quality": "Increased"
    },
    {
      "Name": "Tyrosine",
      "Age": "5.19 Month(s)",
      "Specimen": "blood",
      "Quantity": "133 micro-mol/l",
      "Quality": "Normal"
    },
    {
      "Name": "Tyrosine",
      "Age": "5.65 Month(s)",
      "Specimen": "blood",
      "Quantity": "259 micro-mol/l",
      "Quality": "Increased"
    },
    {
      "Name": "Tyrosine",
      "Age": "6.11 Month(s)",
      "Specimen": "blood",
      "Quantity": "164 micro-mol/l",
      "Quality": "Normal"
    },
    {
      "Name": "Tyrosine",
      "Age": "6.77 Month(s)",
      "Specimen": "blood",
      "Quantity": "383 micro-mol/l",
      "Quality": "Increased"
    },
    {
      "Name": "Tyrosine",
      "Age": "7.26 Month(s)",
      "Specimen": "blood",
      "Quantity": "119 micro-mol/l",
      "Quality": "Normal"
    },
    {
      "Name": "Tyrosine",
      "Age": "7.72 Month(s)",
      "Specimen": "blood",
      "Quantity": "186 micro-mol/l",
      "Quality": "Increased"
    },
    {
      "Name": "Tyrosine",
      "Age": "8.15 Month(s)",
      "Specimen": "blood",
      "Quantity": "321 micro-mol/l",
      "Quality": "Increased"
    },
    {
      "Name": "Tyrosine",
      "Age": "9.36 Month(s)",
      "Specimen": "blood",
      "Quantity": "309 micro-mol/l",
      "Quality": "Increased"
    },
    {
      "Name": "Tyrosine",
      "Age": "10.28 Month(s)",
      "Specimen": "blood",
      "Quantity": "377 micro-mol/l",
      "Quality": "Increased"
    },
    {
      "Name": "Tyrosine",
      "Age": "11.14 Month(s)",
      "Specimen": "blood",
      "Quantity": "267 micro-mol/l",
      "Quality": "Increased"
    },
    {
      "Name": "Tyrosine",
      "Age": "11.66 Month(s)",
      "Specimen": "blood",
      "Quantity": "205 micro-mol/l",
      "Quality": "Increased"
    },
    {
      "Name": "Tyrosine",
      "Age": "13.21 Month(s)",
      "Specimen": "blood",
      "Quantity": "288 micro-mol/l",
      "Quality": "Increased"
    },
    {
      "Name": "Tyrosine",
      "Age": "14.36 Month(s)",
      "Specimen": "blood",
      "Quantity": "648 micro-mol/l",
      "Quality": "Increased"
    },
    {
      "Name": "Tyrosine",
      "Age": "15.28 Month(s)",
      "Specimen": "blood",
      "Quantity": "219 micro-mol/l",
      "Quality": "Increased"
    },
    {
      "Name": "Tyrosine",
      "Age": "16.2 Month(s)",
      "Specimen": "blood",
      "Quantity": "285 micro-mol/l",
      "Quality": "Increased"
    },
    {
      "Name": "Tyrosine",
      "Age": "17.12 Month(s)",
      "Specimen": "blood",
      "Quantity": "235 micro-mol/l",
      "Quality": "Increased"
    },
    {
      "Name": "Tyrosine",
      "Age": "18.53 Month(s)",
      "Specimen": "blood",
      "Quantity": "202 micro-mol/l",
      "Quality": "Increased"
    },
    {
      "Name": "Tyrosine",
      "Age": "19.91 Month(s)",
      "Specimen": "blood",
      "Quantity": "137 micro-mol/l",
      "Quality": "Normal"
    },
    {
      "Name": "Tyrosine",
      "Age": "20.8 Month(s)",
      "Specimen": "blood",
      "Quantity": "290 micro-mol/l",
      "Quality": "Increased"
    },
    {
      "Name": "Tyrosine",
      "Age": "21.52 Month(s)",
      "Specimen": "blood",
      "Quantity": "163 micro-mol/l",
      "Quality": "Increased"
    },
    {
      "Name": "Tyrosine",
      "Age": "23.1 Month(s)",
      "Specimen": "blood",
      "Quantity": "813 micro-mol/l",
      "Quality": "Increased"
    },
    {
      "Name": "Tyrosine",
      "Age": "23.79 Month(s)",
      "Specimen": "blood",
      "Quantity": "266 micro-mol/l",
      "Quality": "Increased"
    },
    {
      "Name": "Tyrosine",
      "Age": "2.81 Year(s)",
      "Specimen": "blood",
      "Quantity": "452 micro-mol/l",
      "Quality": "Increased"
    },
    {
      "Name": "Tyrosine",
      "Age": "2.85 Year(s)",
      "Specimen": "blood",
      "Quantity": "238 micro-mol/l",
      "Quality": "Increased"
    },
    {
      "Name": "Tyrosine",
      "Age": "2.88 Year(s)",
      "Specimen": "blood",
      "Quantity": "370 micro-mol/l",
      "Quality": "Increased"
    },
    {
      "Name": "Tyrosine",
      "Age": "2.92 Year(s)",
      "Specimen": "blood",
      "Quantity": "327 micro-mol/l",
      "Quality": "Increased"
    },
    {
      "Name": "Tyrosine",
      "Age": "2.96 Year(s)",
      "Specimen": "blood",
      "Quantity": "236 micro-mol/l",
      "Quality": "Increased"
    },
    {
      "Name": "Tyrosine",
      "Age": "3.03 Year(s)",
      "Specimen": "blood",
      "Quantity": "298 micro-mol/l",
      "Quality": "Increased"
    },
    {
      "Name": "Tyrosine",
      "Age": "3.07 Year(s)",
      "Specimen": "blood",
      "Quantity": "317 micro-mol/l",
      "Quality": "Increased"
    },
    {
      "Name": "Tyrosine",
      "Age": "3.15 Year(s)",
      "Specimen": "blood",
      "Quantity": "751 micro-mol/l",
      "Quality": "Increased"
    },
    {
      "Name": "Tyrosine",
      "Age": "3.17 Year(s)",
      "Specimen": "blood",
      "Quantity": "164 micro-mol/l",
      "Quality": "Increased"
    },
    {
      "Name": "Tyrosine",
      "Age": "3.23 Year(s)",
      "Specimen": "blood",
      "Quantity": "164 micro-mol/l",
      "Quality": "Increased"
    },
    {
      "Name": "Tyrosine",
      "Age": "3.27 Year(s)",
      "Specimen": "blood",
      "Quantity": "280 micro-mol/l",
      "Quality": "Increased"
    },
    {
      "Name": "Tyrosine",
      "Age": "3.3 Year(s)",
      "Specimen": "blood",
      "Quantity": "556 micro-mol/l",
      "Quality": "Increased"
    },
    {
      "Name": "Tyrosine",
      "Age": "3.35 Year(s)",
      "Specimen": "blood",
      "Quantity": "344 micro-mol/l",
      "Quality": "Increased"
    },
    {
      "Name": "Tyrosine",
      "Age": "3.4 Year(s)",
      "Specimen": "blood",
      "Quantity": "254 micro-mol/l",
      "Quality": "Increased"
    },
    {
      "Name": "Tyrosine",
      "Age": "3.44 Year(s)",
      "Specimen": "blood",
      "Quantity": "192 micro-mol/l",
      "Quality": "Increased"
    },
    {
      "Name": "Tyrosine",
      "Age": "3.56 Year(s)",
      "Specimen": "blood",
      "Quantity": "270 micro-mol/l",
      "Quality": "Increased"
    },
    {
      "Name": "Tyrosine",
      "Age": "3.59 Year(s)",
      "Specimen": "blood",
      "Quantity": "418 micro-mol/l",
      "Quality": "Increased"
    },
    {
      "Name": "Tyrosine",
      "Age": "3.63 Year(s)",
      "Specimen": "blood",
      "Quantity": "378 micro-mol/l",
      "Quality": "Increased"
    },
    {
      "Name": "Tyrosine",
      "Age": "3.67 Year(s)",
      "Specimen": "blood",
      "Quantity": "186 micro-mol/l",
      "Quality": "Increased"
    },
    {
      "Name": "Tyrosine",
      "Age": "3.71 Year(s)",
      "Specimen": "blood",
      "Quantity": "117 micro-mol/l",
      "Quality": "Normal"
    },
    {
      "Name": "Tyrosine",
      "Age": "3.79 Year(s)",
      "Specimen": "blood",
      "Quantity": "210 micro-mol/l",
      "Quality": "Increased"
    },
    {
      "Name": "Tyrosine",
      "Age": "3.82 Year(s)",
      "Specimen": "blood",
      "Quantity": "287 micro-mol/l",
      "Quality": "Increased"
    },
    {
      "Name": "Tyrosine",
      "Age": "3.88 Year(s)",
      "Specimen": "blood",
      "Quantity": "411 micro-mol/l",
      "Quality": "Increased"
    },
    {
      "Name": "Tyrosine",
      "Age": "3.98 Year(s)",
      "Specimen": "blood",
      "Quantity": "102 micro-mol/l",
      "Quality": "Normal"
    },
    {
      "Name": "Tyrosine",
      "Age": "4.02 Year(s)",
      "Specimen": "blood",
      "Quantity": "252 micro-mol/l",
      "Quality": "Increased"
    },
    {
      "Name": "Tyrosine",
      "Age": "4.06 Year(s)",
      "Specimen": "blood",
      "Quantity": "299 micro-mol/l",
      "Quality": "Increased"
    },
    {
      "Name": "Tyrosine",
      "Age": "4.1 Year(s)",
      "Specimen": "blood",
      "Quantity": "266 micro-mol/l",
      "Quality": "Increased"
    },
    {
      "Name": "Tyrosine",
      "Age": "4.13 Year(s)",
      "Specimen": "blood",
      "Quantity": "215 micro-mol/l",
      "Quality": "Increased"
    },
    {
      "Name": "Tyrosine",
      "Age": "4.24 Year(s)",
      "Specimen": "blood",
      "Quantity": "308 micro-mol/l",
      "Quality": "Increased"
    },
    {
      "Name": "Tyrosine",
      "Age": "4.28 Year(s)",
      "Specimen": "blood",
      "Quantity": "284 micro-mol/l",
      "Quality": "Increased"
    },
    {
      "Name": "Tyrosine",
      "Age": "4.32 Year(s)",
      "Specimen": "blood",
      "Quantity": "232 micro-mol/l",
      "Quality": "Increased"
    },
    {
      "Name": "Tyrosine",
      "Age": "4.38 Year(s)",
      "Specimen": "blood",
      "Quantity": "226 micro-mol/l",
      "Quality": "Increased"
    },
    {
      "Name": "Tyrosine",
      "Age": "4.44 Year(s)",
      "Specimen": "blood",
      "Quantity": "394 micro-mol/l",
      "Quality": "Increased"
    },
    {
      "Name": "Tyrosine",
      "Age": "4.47 Year(s)",
      "Specimen": "blood",
      "Quantity": "178 micro-mol/l",
      "Quality": "Increased"
    },
    {
      "Name": "Tyrosine",
      "Age": "4.58 Year(s)",
      "Specimen": "blood",
      "Quantity": "231 micro-mol/l",
      "Quality": "Increased"
    },
    {
      "Name": "Tyrosine",
      "Age": "4.67 Year(s)",
      "Specimen": "blood",
      "Quantity": "223 micro-mol/l",
      "Quality": "Increased"
    },
    {
      "Name": "Tyrosine",
      "Age": "4.78 Year(s)",
      "Specimen": "blood",
      "Quantity": "73 micro-mol/l",
      "Quality": "Normal"
    },
    {
      "Name": "Tyrosine",
      "Age": "4.88 Year(s)",
      "Specimen": "blood",
      "Quantity": "417 micro-mol/l",
      "Quality": "Increased"
    },
    {
      "Name": "Tyrosine",
      "Age": "4.96 Year(s)",
      "Specimen": "blood",
      "Quantity": "695 micro-mol/l",
      "Quality": "Increased"
    },
    {
      "Name": "Tyrosine",
      "Age": "4.97 Year(s)",
      "Specimen": "blood",
      "Quantity": "437 micro-mol/l",
      "Quality": "Increased"
    },
    {
      "Name": "Tyrosine",
      "Age": "5.03 Year(s)",
      "Specimen": "blood",
      "Quantity": "422 micro-mol/l",
      "Quality": "Increased"
    },
    {
      "Name": "Tyrosine",
      "Age": "5.07 Year(s)",
      "Specimen": "blood",
      "Quantity": "265 micro-mol/l",
      "Quality": "Increased"
    },
    {
      "Name": "Tyrosine",
      "Age": "5.16 Year(s)",
      "Specimen": "blood",
      "Quantity": "306 micro-mol/l",
      "Quality": "Increased"
    },
    {
      "Name": "Tyrosine",
      "Age": "5.22 Year(s)",
      "Specimen": "blood",
      "Quantity": "443 micro-mol/l",
      "Quality": "Increased"
    },
    {
      "Name": "Tyrosine",
      "Age": "5.25 Year(s)",
      "Specimen": "blood",
      "Quantity": "888 micro-mol/l",
      "Quality": "Increased"
    },
    {
      "Name": "Tyrosine",
      "Age": "5.27 Year(s)",
      "Specimen": "blood",
      "Quantity": "460 micro-mol/l",
      "Quality": "Increased"
    },
    {
      "Name": "Tyrosine",
      "Age": "5.3 Year(s)",
      "Specimen": "blood",
      "Quantity": "456 micro-mol/l",
      "Quality": "Increased"
    },
    {
      "Name": "Tyrosine",
      "Age": "5.36 Year(s)",
      "Specimen": "blood",
      "Quantity": "503 micro-mol/l",
      "Quality": "Increased"
    },
    {
      "Name": "Tyrosine",
      "Age": "5.4 Year(s)",
      "Specimen": "blood",
      "Quantity": "797 micro-mol/l",
      "Quality": "Increased"
    },
    {
      "Name": "Tyrosine",
      "Age": "5.44 Year(s)",
      "Specimen": "blood",
      "Quantity": "934 micro-mol/l",
      "Quality": "Increased"
    },
    {
      "Name": "Tyrosine",
      "Age": "5.45 Year(s)",
      "Specimen": "blood",
      "Quantity": "620 micro-mol/l",
      "Quality": "Increased"
    },
    {
      "Name": "Tyrosine",
      "Age": "5.57 Year(s)",
      "Specimen": "blood",
      "Quantity": "580 micro-mol/l",
      "Quality": "Increased"
    },
    {
      "Name": "Tyrosine",
      "Age": "5.63 Year(s)",
      "Specimen": "blood",
      "Quantity": "879 micro-mol/l",
      "Quality": "Increased"
    },
    {
      "Name": "Tyrosine",
      "Age": "5.69 Year(s)",
      "Specimen": "blood",
      "Quantity": "864 micro-mol/l",
      "Quality": "Increased"
    },
    {
      "Name": "Tyrosine",
      "Age": "5.78 Year(s)",
      "Specimen": "blood",
      "Quantity": "555 micro-mol/l",
      "Quality": "Increased"
    },
    {
      "Name": "Tyrosine",
      "Age": "5.95 Year(s)",
      "Specimen": "blood",
      "Quantity": "523 micro-mol/l",
      "Quality": "Increased"
    },
    {
      "Name": "Tyrosine",
      "Age": "5.98 Year(s)",
      "Specimen": "blood",
      "Quantity": "975 micro-mol/l",
      "Quality": "Increased"
    },
    {
      "Name": "Tyrosine",
      "Age": "6.31 Year(s)",
      "Specimen": "blood",
      "Quantity": "541 micro-mol/l",
      "Quality": "Increased"
    },
    {
      "Name": "Tyrosine",
      "Age": "7.02 Year(s)",
      "Specimen": "blood",
      "Quantity": "381 micro-mol/l",
      "Quality": "Increased"
    },
    {
      "Name": "Tyrosine",
      "Age": "8.84 Year(s)",
      "Specimen": "blood",
      "Quantity": "718 micro-mol/l",
      "Quality": "Increased"
    }
  ],
  "Symptoms": [
    {
      "Name": "abnormal in neonatal screening",
      "Age": "5 Day(s)",
      "Range": "yes"
    },
    {
      "Name": "no clinical signs or symptoms",
      "Age": "5 Day(s)",
      "Range": "yes"
    },
    {
      "Name": "no clinical signs or symptoms",
      "Age": "2.06 Year(s)",
      "Range": "yes"
    },
    {
      "Name": "no clinical signs or symptoms",
      "Age": "5.22 Year(s)",
      "Range": "yes"
    },
    {
      "Name": "no clinical signs or symptoms",
      "Age": "5.95 Year(s)",
      "Range": "yes"
    },
    {
      "Name": "no clinical signs or symptoms",
      "Age": "8.84 Year(s)",
      "Range": "yes"
    }
  ],
  "Diet/drugs": [],
  "Therapy/development": [
    {
      "Name": "length",
      "Age": "5.22 Year(s)",
      "Quantity": "107.2  cm",
      "Type": "development"
    },
    {
      "Name": "length",
      "Age": "5.95 Year(s)",
      "Quantity": "110.5  cm",
      "Type": "development"
    },
    {
      "Name": "length",
      "Age": "8.84 Year(s)",
      "Quantity": "125.1  cm",
      "Type": "development"
    },
    {
      "Name": "stop of dietary treatment",
      "Age": "5.95 Year(s)",
      "Quantity": "",
      "Type": ""
    },
    {
      "Name": "tyrosine-/phenylalanine-restricted diet",
      "Age": "19 Day(s)",
      "Quantity": "",
      "Type": ""
    },
    {
      "Name": "weight",
      "Age": "5.22 Year(s)",
      "Quantity": "17.1  kg",
      "Type": "development"
    },
    {
      "Name": "weight",
      "Age": "5.95 Year(s)",
      "Quantity": "18.2  kg",
      "Type": "development"
    },
    {
      "Name": "weight",
      "Age": "8.84 Year(s)",
      "Quantity": "23.9  kg",
      "Type": "development"
    }
  ]
}