{
  "MainData": {
    "Patient ID": "240",
    "Diagnosis": "GLUTARIC ACIDEMIA I (MIM 231670)",
    "Gender": "f",
    "Age of symptoms onset": "10 Month(s)",
    "Age of diagnosis": "9 Month(s)",
    "Found in newborn screening": "n",
    "Diagnosis confirmed": "y",
    "Country": "Syria",
    "Ethnic origin": "Mother: Arabian, Father: Arabian",
    "History": "The child of non consanguinic parents developed normal until the age of 9 months. Then the girl initially presented an encephalitis.\nThe outcome after  6 months of follow up was severely handicaped.\n\nPediatrics 1991; 88:1194 -12031956737",
    "Author": "Published Cases",
    "Hospital": "Published Case",
    "Coauthor(s)": "Hoffmann GF, Trefz FK, Barth PG, Boehles HF, Biggemann B, Bremer HJ et al",
    "Date of entry": "2001-07-15"
  },
  "Molecular genetics": {
    "Gene name": "",
    "Genotype": "",
    "Allele 1": {
      "Trivial name": "",
      "Systematic name": "",
      "Amino acid change": "",
      "Nucleotide change": "",
      "Exon/Intron Boundary/Promotor": ""
    },
    "Allele 2": {
      "Trivial name": "",
      "Systematic name": "",
      "Amino acid change": "",
      "Nucleotide change": "",
      "Exon/Intron Boundary/Promotor": ""
    }
  },
  "Lab findings": [
    {
      "Name": "3-Hydroxyglutaric acid",
      "Age": "9 Month(s)",
      "Specimen": "urine",
      "Quantity": "",
      "Quality": "Increased"
    },
    {
      "Name": "Carnitine, free",
      "Age": "9 Month(s)",
      "Specimen": "serum/plasma",
      "Quantity": "",
      "Quality": "Decreased"
    },
    {
      "Name": "Glutaconic acid",
      "Age": "9 Month(s)",
      "Specimen": "urine",
      "Quantity": "",
      "Quality": "Increased"
    },
    {
      "Name": "Glutaric acid",
      "Age": "9 Month(s)",
      "Specimen": "urine",
      "Quantity": "",
      "Quality": "Increased"
    }
  ],
  "Symptoms": [
    {
      "Name": "Fever",
      "Age": "9 Month(s)",
      "Range": "medium [38,5-39,5 degrees Celsius]"
    },
    {
      "Name": "diarrhea",
      "Age": "9 Month(s)",
      "Range": "severe"
    },
    {
      "Name": "dyskinesia",
      "Age": "9 Month(s)",
      "Range": "yes"
    },
    {
      "Name": "dyspnea",
      "Age": "9 Month(s)",
      "Range": "yes"
    },
    {
      "Name": "dystonia",
      "Age": "9 Month(s)",
      "Range": "yes"
    },
    {
      "Name": "hygroma",
      "Age": "1 Day(s)",
      "Range": "yes"
    },
    {
      "Name": "hypotonia",
      "Age": "9 Month(s)",
      "Range": "yes"
    },
    {
      "Name": "lethargy, drowsiness, malaise or sleep disorder",
      "Age": "9 Month(s)",
      "Range": "yes"
    },
    {
      "Name": "macrocephaly [large calvaria, >2SD for age]",
      "Age": "1 Day(s)",
      "Range": "yes"
    },
    {
      "Name": "metabolic acidosis",
      "Age": "9 Month(s)",
      "Range": "no"
    },
    {
      "Name": "vomiting",
      "Age": "9 Month(s)",
      "Range": "severe"
    }
  ],
  "Diet/drugs": [
    {
      "Name": "L-carnitine",
      "Age": "9 Month(s)",
      "Dosage": "",
      "Route": "oral"
    },
    {
      "Name": "baclofen",
      "Age": "9 Month(s)",
      "Dosage": "",
      "Route": "oral"
    },
    {
      "Name": "lysine",
      "Age": "9 Month(s)",
      "Dosage": "50 mg/kg/day",
      "Route": "oral"
    },
    {
      "Name": "riboflavin",
      "Age": "9 Month(s)",
      "Dosage": "",
      "Route": "oral"
    },
    {
      "Name": "tryptophane",
      "Age": "9 Month(s)",
      "Dosage": "30 mg/kg/day",
      "Route": "oral"
    }
  ],
  "Therapy/development": [
    {
      "Name": "head circumference at birth",
      "Age": "1 Day(s)",
      "Quantity": "37  cm",
      "Type": "perinatal"
    }
  ]
}