{
  "MainData": {
    "Patient ID": "243",
    "Diagnosis": "GLUTARIC ACIDEMIA I (MIM 231670)",
    "Gender": "f",
    "Age of symptoms onset": "3 Month(s)",
    "Age of diagnosis": "8.57 Week(s)",
    "Found in newborn screening": "n",
    "Diagnosis confirmed": "n",
    "Country": "Turkey",
    "Ethnic origin": "Mother: Turkish, Father: Turkish",
    "History": "The child of consanguinic parents initialy presentated a progressive hydrocephalus and jittery.\nIt presented severely handicapped after 32 monts of follow up. \n\nPediatrics 1991;88:1194-12031956737",
    "Author": "Published Cases",
    "Hospital": "Published Case",
    "Coauthor(s)": "Hoffmann GF, Trefz FK, Barth PG, Boehles HJ, Biggemann B, Bremer HJ et al",
    "Date of entry": "2001-07-15"
  },
  "Molecular genetics": {
    "Gene name": "",
    "Genotype": "",
    "Allele 1": {
      "Trivial name": "",
      "Systematic name": "",
      "Amino acid change": "",
      "Nucleotide change": "",
      "Exon/Intron Boundary/Promotor": ""
    },
    "Allele 2": {
      "Trivial name": "",
      "Systematic name": "",
      "Amino acid change": "",
      "Nucleotide change": "",
      "Exon/Intron Boundary/Promotor": ""
    }
  },
  "Lab findings": [
    {
      "Name": "3-Hydroxyglutaric acid",
      "Age": "9 Month(s)",
      "Specimen": "urine",
      "Quantity": "",
      "Quality": "Increased"
    },
    {
      "Name": "Glutaconic acid",
      "Age": "9 Month(s)",
      "Specimen": "urine",
      "Quantity": "",
      "Quality": "Increased"
    },
    {
      "Name": "Glutaric acid",
      "Age": "9 Month(s)",
      "Specimen": "urine",
      "Quantity": "6600 mmol/mol Crea",
      "Quality": "Increased"
    },
    {
      "Name": "Glutaric acid",
      "Age": "9 Month(s)",
      "Specimen": "spinal fluid",
      "Quantity": "29 micro-mol/l",
      "Quality": "Increased"
    },
    {
      "Name": "Glutaric acid",
      "Age": "9 Month(s)",
      "Specimen": "serum/plasma",
      "Quantity": "18 micro-mol/l",
      "Quality": "Increased"
    }
  ],
  "Symptoms": [
    {
      "Name": "Fever",
      "Age": "2.43 Month(s)",
      "Range": "medium [38,5-39,5 degrees Celsius]"
    },
    {
      "Name": "diarrhea",
      "Age": "2.43 Month(s)",
      "Range": "moderate"
    },
    {
      "Name": "dyskinesia",
      "Age": "2.43 Month(s)",
      "Range": "yes"
    },
    {
      "Name": "dyspnea",
      "Age": "2.43 Month(s)",
      "Range": "yes"
    },
    {
      "Name": "dystonia",
      "Age": "2.43 Month(s)",
      "Range": "yes"
    },
    {
      "Name": "feeding difficulties, poor feeding",
      "Age": "2.43 Month(s)",
      "Range": "moderate"
    },
    {
      "Name": "hypotonia",
      "Age": "2.43 Month(s)",
      "Range": "yes"
    },
    {
      "Name": "irritability",
      "Age": "2.43 Month(s)",
      "Range": "yes"
    },
    {
      "Name": "lethargy, drowsiness, malaise or sleep disorder",
      "Age": "2.43 Month(s)",
      "Range": "yes"
    },
    {
      "Name": "macrocephaly [large calvaria, >2SD for age]",
      "Age": "2.43 Month(s)",
      "Range": "yes"
    },
    {
      "Name": "metabolic acidosis",
      "Age": "2.43 Month(s)",
      "Range": "yes"
    },
    {
      "Name": "sweating",
      "Age": "2.43 Month(s)",
      "Range": "yes"
    },
    {
      "Name": "vomiting",
      "Age": "2.43 Month(s)",
      "Range": "moderate"
    }
  ],
  "Diet/drugs": [
    {
      "Name": "L-Dopa",
      "Age": "2.43 Month(s)",
      "Dosage": "",
      "Route": "oral"
    },
    {
      "Name": "L-carnitine",
      "Age": "2.43 Month(s)",
      "Dosage": "",
      "Route": "oral"
    },
    {
      "Name": "baclofen",
      "Age": "2.43 Month(s)",
      "Dosage": "",
      "Route": "oral"
    },
    {
      "Name": "lysine",
      "Age": "2.43 Month(s)",
      "Dosage": "50 mg/kg/day",
      "Route": "oral"
    },
    {
      "Name": "riboflavin",
      "Age": "2.43 Month(s)",
      "Dosage": "",
      "Route": "oral"
    },
    {
      "Name": "tryptophane",
      "Age": "2.43 Month(s)",
      "Dosage": "12 mg/kg/day",
      "Route": "oral"
    }
  ],
  "Therapy/development": [
    {
      "Name": "head circumference at birth",
      "Age": "1 Day(s)",
      "Quantity": "34  cm",
      "Type": "perinatal"
    }
  ]
}