{
  "MainData": {
    "Patient ID": "247",
    "Diagnosis": "GLUTARIC ACIDEMIA I (MIM 231670)",
    "Gender": "m",
    "Age of symptoms onset": "9 Week(s)",
    "Age of diagnosis": "2.43 Month(s)",
    "Found in newborn screening": "n",
    "Diagnosis confirmed": "y",
    "Country": "Germany",
    "Ethnic origin": "Mother: German, Father: German",
    "History": "The child of non consanguinic parents developed normal until now. It clinical presents a macrocephalus.\n\nPediatrics 1991;88:1194-12031956737",
    "Author": "Published Cases",
    "Hospital": "Published Case",
    "Coauthor(s)": "Hoffmann GF, Trefz FK, Barth PG, Boehles HJ, Biggemann B, Bremer HJ et al",
    "Date of entry": "2001-07-15"
  },
  "Molecular genetics": {
    "Gene name": "",
    "Genotype": "",
    "Allele 1": {
      "Trivial name": "",
      "Systematic name": "",
      "Amino acid change": "",
      "Nucleotide change": "",
      "Exon/Intron Boundary/Promotor": ""
    },
    "Allele 2": {
      "Trivial name": "",
      "Systematic name": "",
      "Amino acid change": "",
      "Nucleotide change": "",
      "Exon/Intron Boundary/Promotor": ""
    }
  },
  "Lab findings": [
    {
      "Name": "3-Hydroxyglutaric acid",
      "Age": "2.43 Month(s)",
      "Specimen": "urine",
      "Quantity": "",
      "Quality": "Increased"
    },
    {
      "Name": "Carnitine, free",
      "Age": "2.43 Month(s)",
      "Specimen": "serum/plasma",
      "Quantity": "24 micro-mol/l",
      "Quality": "Normal"
    },
    {
      "Name": "Glutaconic acid",
      "Age": "2.43 Month(s)",
      "Specimen": "urine",
      "Quantity": "",
      "Quality": "Increased"
    },
    {
      "Name": "Glutaric acid",
      "Age": "2.43 Month(s)",
      "Specimen": "serum/plasma",
      "Quantity": "18 micro-mol/l",
      "Quality": "Increased"
    },
    {
      "Name": "Glutaric acid",
      "Age": "2.43 Month(s)",
      "Specimen": "urine",
      "Quantity": "2660 mmol/mol Crea",
      "Quality": "Increased"
    }
  ],
  "Symptoms": [
    {
      "Name": "hygroma",
      "Age": "2.43 Month(s)",
      "Range": "yes"
    },
    {
      "Name": "macrocephaly [large calvaria, >2SD for age]",
      "Age": "2.43 Month(s)",
      "Range": "yes"
    },
    {
      "Name": "metabolic acidosis",
      "Age": "2.43 Month(s)",
      "Range": "no"
    },
    {
      "Name": "no clinical signs or symptoms",
      "Age": "2.43 Month(s)",
      "Range": "yes"
    }
  ],
  "Diet/drugs": [
    {
      "Name": "L-carnitine",
      "Age": "2.43 Month(s)",
      "Dosage": "",
      "Route": "oral"
    },
    {
      "Name": "lysine",
      "Age": "2.43 Month(s)",
      "Dosage": "80 mg/kg/day",
      "Route": "oral"
    },
    {
      "Name": "riboflavin",
      "Age": "2.43 Month(s)",
      "Dosage": "",
      "Route": "oral"
    },
    {
      "Name": "tryptophane",
      "Age": "2.43 Month(s)",
      "Dosage": "21 mg/kg/day",
      "Route": "oral"
    }
  ],
  "Therapy/development": [
    {
      "Name": "head circumference at birth",
      "Age": "1 Day(s)",
      "Quantity": "40.7  cm",
      "Type": "perinatal"
    }
  ]
}