{
  "MainData": {
    "Patient ID": "257",
    "Diagnosis": "3-@HYDROXY-3-METHYLGLUTARYL-CoA LYASE DEFICIENCY (MIM 246450)",
    "Gender": "f",
    "Age of symptoms onset": "3 Day(s)",
    "Age of diagnosis": "6 Day(s)",
    "Found in newborn screening": "n",
    "Diagnosis confirmed": "y",
    "Country": "Germany",
    "Ethnic origin": "Mother: Turkish, Father: Turkish",
    "History": "The first child of healthy Turkish parents was hospitalized at the age of 3 days because of feeding problems and tachydyspnea. During the following days, metabolic acidosis, increasing hepatomegaly and seizures initiated a urine screening which led to diagnosis of 3-hydroxy-3-methylglutaric acidemia. Diagnosis was confirmed by measurement of HMG-CoA lyase activity in fibroblasts.",
    "Author": "Willy Lehnert",
    "Hospital": "University Childrens Hospital Freiburg",
    "Coauthor(s)": "",
    "Date of entry": "2001-07-17"
  },
  "Molecular genetics": {
    "Gene name": "",
    "Genotype": "",
    "Allele 1": {
      "Trivial name": "",
      "Systematic name": "",
      "Amino acid change": "",
      "Nucleotide change": "",
      "Exon/Intron Boundary/Promotor": ""
    },
    "Allele 2": {
      "Trivial name": "",
      "Systematic name": "",
      "Amino acid change": "",
      "Nucleotide change": "",
      "Exon/Intron Boundary/Promotor": ""
    }
  },
  "Lab findings": [
    {
      "Name": "3-Hydroxy-3-methylglutaric acid",
      "Age": "6 Day(s)",
      "Specimen": "urine",
      "Quantity": "",
      "Quality": "Increased"
    },
    {
      "Name": "3-Hydroxy-3-methylglutaryl-CoA lyase",
      "Age": "6 Day(s)",
      "Specimen": "fibroblasts",
      "Quantity": "",
      "Quality": "Decreased"
    },
    {
      "Name": "3-Hydroxyisovaleric acid",
      "Age": "6 Day(s)",
      "Specimen": "urine",
      "Quantity": "",
      "Quality": "Increased"
    },
    {
      "Name": "3-Methylglutaconic acid",
      "Age": "6 Day(s)",
      "Specimen": "urine",
      "Quantity": "",
      "Quality": "Increased"
    },
    {
      "Name": "Glucose",
      "Age": "3 Day(s)",
      "Specimen": "serum/plasma",
      "Quantity": "1.5 mmol/l",
      "Quality": "Decreased"
    }
  ],
  "Symptoms": [
    {
      "Name": "anemia",
      "Age": "7.57 Week(s)",
      "Range": "yes"
    },
    {
      "Name": "atrial septal defect",
      "Age": "3 Day(s)",
      "Range": "yes"
    },
    {
      "Name": "feeding difficulties, poor feeding",
      "Age": "3 Day(s)",
      "Range": "severe"
    },
    {
      "Name": "large liver",
      "Age": "4 Day(s)",
      "Range": "yes"
    },
    {
      "Name": "seizures",
      "Age": "4 Day(s)",
      "Range": "yes"
    },
    {
      "Name": "tachypnea",
      "Age": "3 Day(s)",
      "Range": "yes"
    },
    {
      "Name": "ventricular septal defect",
      "Age": "3 Day(s)",
      "Range": "yes"
    }
  ],
  "Diet/drugs": [],
  "Therapy/development": []
}