{
  "MainData": {
    "Patient ID": "260",
    "Diagnosis": "3-@HYDROXY-3-METHYLGLUTARYL-CoA LYASE DEFICIENCY (MIM 246450)",
    "Gender": "f",
    "Age of symptoms onset": "2 Day(s)",
    "Age of diagnosis": "5 Day(s)",
    "Found in newborn screening": "n",
    "Diagnosis confirmed": "y",
    "Country": "Germany",
    "Ethnic origin": "Mother: German, Father: German",
    "History": "Severe vomiting on second day of life and tonic-clonic seizures on her 4th day brought the girl into hospital, where symptoms quickly aggravated until multiple organ failure. The patient died on 7th day of life.\nIn urine screening, diagnosis of 3-HMG-CoA lyase deficiency was confirmed.",
    "Author": "Willy Lehnert",
    "Hospital": "University Childrens Hospital Freiburg",
    "Coauthor(s)": "",
    "Date of entry": "2001-07-17"
  },
  "Molecular genetics": {
    "Gene name": "",
    "Genotype": "",
    "Allele 1": {
      "Trivial name": "",
      "Systematic name": "",
      "Amino acid change": "",
      "Nucleotide change": "",
      "Exon/Intron Boundary/Promotor": ""
    },
    "Allele 2": {
      "Trivial name": "",
      "Systematic name": "",
      "Amino acid change": "",
      "Nucleotide change": "",
      "Exon/Intron Boundary/Promotor": ""
    }
  },
  "Lab findings": [
    {
      "Name": "3-Hydroxy-3-methylglutaric acid",
      "Age": "5 Day(s)",
      "Specimen": "urine",
      "Quantity": "",
      "Quality": "Increased"
    },
    {
      "Name": "3-Hydroxyisovaleric acid",
      "Age": "5 Day(s)",
      "Specimen": "urine",
      "Quantity": "",
      "Quality": "Increased"
    },
    {
      "Name": "3-Methylglutaconic acid",
      "Age": "5 Day(s)",
      "Specimen": "urine",
      "Quantity": "",
      "Quality": "Increased"
    },
    {
      "Name": "ASAT (GOT)",
      "Age": "1 Day(s)",
      "Specimen": "serum/plasma",
      "Quantity": "",
      "Quality": "Increased"
    },
    {
      "Name": "Lactate dehydrogenase (LDH)",
      "Age": "1 Day(s)",
      "Specimen": "serum/plasma",
      "Quantity": "",
      "Quality": "Increased"
    },
    {
      "Name": "Lactate",
      "Age": "1 Day(s)",
      "Specimen": "blood",
      "Quantity": "",
      "Quality": "Increased"
    },
    {
      "Name": "Potassium",
      "Age": "1 Day(s)",
      "Specimen": "serum/plasma",
      "Quantity": "7.2 mmol/l",
      "Quality": "Increased"
    }
  ],
  "Symptoms": [
    {
      "Name": "bradycardia",
      "Age": "4 Day(s)",
      "Range": "yes"
    },
    {
      "Name": "cyanosis",
      "Age": "1 Day(s)",
      "Range": "yes"
    },
    {
      "Name": "early death",
      "Age": "7 Day(s)",
      "Range": "yes"
    },
    {
      "Name": "hematemesis",
      "Age": "1 Day(s)",
      "Range": "yes"
    },
    {
      "Name": "hypersalivation",
      "Age": "3 Day(s)",
      "Range": "yes"
    },
    {
      "Name": "oxygen therapy as neonate",
      "Age": "1 Day(s)",
      "Range": "yes"
    },
    {
      "Name": "renal failure, acute/chronic",
      "Age": "4 Day(s)",
      "Range": "yes"
    },
    {
      "Name": "respiratory insufficiency",
      "Age": "1 Day(s)",
      "Range": "yes"
    },
    {
      "Name": "seizures",
      "Age": "3 Day(s)",
      "Range": "yes"
    },
    {
      "Name": "vomiting",
      "Age": "1 Day(s)",
      "Range": "severe"
    }
  ],
  "Diet/drugs": [],
  "Therapy/development": []
}