{
  "MainData": {
    "Patient ID": "276",
    "Diagnosis": "CANAVAN DISEASE (MIM 271900)",
    "Gender": "m",
    "Age of symptoms onset": "3 Month(s)",
    "Age of diagnosis": "6.21 Month(s)",
    "Found in newborn screening": "n",
    "Diagnosis confirmed": "y",
    "Country": "Germany",
    "Ethnic origin": "Mother: German, Father: German",
    "History": "The first child of healthy, non-consanguineous \nparents showed muscular hypertonia from his third month of age.\nTwo months later, the patient came to hospital with the suspicion of amaurosis. Leucodystrophia in CT scanning and elevated urinary excretion of N-acetylaspartic acid led to the diagnosis of Canavan disease, which was confirmed by measuring of aspartoacylase.",
    "Author": "Willy Lehnert",
    "Hospital": "University Childrens Hospital Freiburg",
    "Coauthor(s)": "",
    "Date of entry": "2001-07-20"
  },
  "Molecular genetics": {
    "Gene name": "",
    "Genotype": "",
    "Allele 1": {
      "Trivial name": "",
      "Systematic name": "",
      "Amino acid change": "",
      "Nucleotide change": "",
      "Exon/Intron Boundary/Promotor": ""
    },
    "Allele 2": {
      "Trivial name": "",
      "Systematic name": "",
      "Amino acid change": "",
      "Nucleotide change": "",
      "Exon/Intron Boundary/Promotor": ""
    }
  },
  "Lab findings": [
    {
      "Name": "Aspartoacylase",
      "Age": "10.71 Month(s)",
      "Specimen": "fibroblasts",
      "Quantity": "0 % activity",
      "Quality": "Decreased"
    },
    {
      "Name": "N-Acetylaspartic acid",
      "Age": "6.21 Month(s)",
      "Specimen": "urine",
      "Quantity": "",
      "Quality": "Increased"
    }
  ],
  "Symptoms": [
    {
      "Name": "blindness, visual loss, visual impairment",
      "Age": "5.29 Month(s)",
      "Range": "yes"
    },
    {
      "Name": "hyperreflexia",
      "Age": "5.29 Month(s)",
      "Range": "yes"
    },
    {
      "Name": "hypertonia, spasticity",
      "Age": "3.15 Month(s)",
      "Range": "yes"
    },
    {
      "Name": "motor retardation",
      "Age": "5.29 Month(s)",
      "Range": "yes"
    },
    {
      "Name": "opisthotonus",
      "Age": "3.15 Month(s)",
      "Range": "yes"
    }
  ],
  "Diet/drugs": [],
  "Therapy/development": []
}