{
  "MainData": {
    "Patient ID": "277",
    "Diagnosis": "CANAVAN DISEASE (MIM 271900)",
    "Gender": "f",
    "Age of symptoms onset": "2 Month(s)",
    "Age of diagnosis": "4.37 Month(s)",
    "Found in newborn screening": "n",
    "Diagnosis confirmed": "y",
    "Country": "Germany",
    "Ethnic origin": "Mother: German, Father: German",
    "History": "First symptoms of the patient at 2 months of age: agitation, scream attacks and poor feeding. The girl did not show any reactive smiling. She was unable to focus.\nIn CT scanning leucodystrophia was seen, and in metabolic screening a highly increased excretion of N-acetylaspartic acid.",
    "Author": "Willy Lehnert",
    "Hospital": "University Childrens Hospital Freiburg",
    "Coauthor(s)": "",
    "Date of entry": "2001-07-20"
  },
  "Molecular genetics": {
    "Gene name": "",
    "Genotype": "",
    "Allele 1": {
      "Trivial name": "",
      "Systematic name": "",
      "Amino acid change": "",
      "Nucleotide change": "",
      "Exon/Intron Boundary/Promotor": ""
    },
    "Allele 2": {
      "Trivial name": "",
      "Systematic name": "",
      "Amino acid change": "",
      "Nucleotide change": "",
      "Exon/Intron Boundary/Promotor": ""
    }
  },
  "Lab findings": [
    {
      "Name": "N-Acetylaspartic acid",
      "Age": "3.88 Month(s)",
      "Specimen": "urine",
      "Quantity": "",
      "Quality": "Increased"
    },
    {
      "Name": "N-Acetylaspartic acid",
      "Age": "4.44 Month(s)",
      "Specimen": "urine",
      "Quantity": "",
      "Quality": "Increased"
    }
  ],
  "Symptoms": [
    {
      "Name": "behaviour, hyperactive, restless",
      "Age": "2.07 Month(s)",
      "Range": "yes"
    },
    {
      "Name": "feeding difficulties, poor feeding",
      "Age": "2.07 Month(s)",
      "Range": "severe"
    },
    {
      "Name": "myelination, incomplete",
      "Age": "2.07 Month(s)",
      "Range": "yes"
    }
  ],
  "Diet/drugs": [],
  "Therapy/development": []
}