{
  "MainData": {
    "Patient ID": "294",
    "Diagnosis": "ORNITHINE TRANSCARBAMYLASE DEFICIENCY, HYPERAMMONEMIA DUE TO (MIM 311250)",
    "Gender": "f",
    "Age of symptoms onset": "0 Day(s)",
    "Age of diagnosis": "1 Day(s)",
    "Found in newborn screening": "n",
    "Diagnosis confirmed": "y",
    "Country": "Germany",
    "Ethnic origin": "Mother: German, Father: German",
    "History": "The patient is the first child of healthy nonconsanguineous parents. The patient and her mother are heterocygote for OTC-deficiency. In contrast to her mother,  the patient suffers from vomiting since her early childhood, especially after opulent meals. Psychomotoric development was quite normal. Intelligence test revealed an IQ above average.",
    "Author": "Friedrich Trefz",
    "Hospital": "Childrens Hospital Reutlingen",
    "Coauthor(s)": "",
    "Date of entry": "2001-08-02"
  },
  "Molecular genetics": {
    "Gene name": "",
    "Genotype": "",
    "Allele 1": {
      "Trivial name": "",
      "Systematic name": "",
      "Amino acid change": "",
      "Nucleotide change": "",
      "Exon/Intron Boundary/Promotor": ""
    },
    "Allele 2": {
      "Trivial name": "",
      "Systematic name": "",
      "Amino acid change": "",
      "Nucleotide change": "",
      "Exon/Intron Boundary/Promotor": ""
    }
  },
  "Lab findings": [
    {
      "Name": "Ammonia",
      "Age": "9.99 Year(s)",
      "Specimen": "serum/plasma",
      "Quantity": "33 micro-mol/l",
      "Quality": "Normal"
    },
    {
      "Name": "Ammonia",
      "Age": "10.02 Year(s)",
      "Specimen": "serum/plasma",
      "Quantity": "67 micro-mol/l",
      "Quality": "Increased"
    },
    {
      "Name": "Ammonia",
      "Age": "10.73 Year(s)",
      "Specimen": "serum/plasma",
      "Quantity": "26 micro-mol/l",
      "Quality": "Normal"
    },
    {
      "Name": "Ammonia",
      "Age": "12.3 Year(s)",
      "Specimen": "serum/plasma",
      "Quantity": "31 micro-mol/l",
      "Quality": "Normal"
    },
    {
      "Name": "Glutamic acid, Glutamate",
      "Age": "12.3 Year(s)",
      "Specimen": "serum/plasma",
      "Quantity": "",
      "Quality": "Increased"
    },
    {
      "Name": "Glutamine",
      "Age": "9.99 Year(s)",
      "Specimen": "serum/plasma",
      "Quantity": "1140 micro-mol/l",
      "Quality": "Increased"
    },
    {
      "Name": "Glutamine",
      "Age": "10.02 Year(s)",
      "Specimen": "serum/plasma",
      "Quantity": "916 micro-mol/l",
      "Quality": "Increased"
    },
    {
      "Name": "Glutamine",
      "Age": "12.3 Year(s)",
      "Specimen": "serum/plasma",
      "Quantity": "",
      "Quality": "Increased"
    },
    {
      "Name": "Orotic acid",
      "Age": "9.55 Year(s)",
      "Specimen": "urine",
      "Quantity": "38 mmol/mol Crea",
      "Quality": "Increased"
    },
    {
      "Name": "Orotic acid",
      "Age": "9.83 Year(s)",
      "Specimen": "urine",
      "Quantity": "0.7 mmol/mol Crea",
      "Quality": "Normal"
    }
  ],
  "Symptoms": [
    {
      "Name": "vomiting",
      "Age": "2.01 Year(s)",
      "Range": "moderate"
    }
  ],
  "Diet/drugs": [],
  "Therapy/development": []
}