{
  "MainData": {
    "Patient ID": "298",
    "Diagnosis": "TYROSINEMIA, TYPE I (MIM 276700)",
    "Gender": "m",
    "Age of symptoms onset": "6 Month(s)",
    "Age of diagnosis": "6.04 Month(s)",
    "Found in newborn screening": "n",
    "Diagnosis confirmed": "y",
    "Country": "Germany",
    "Ethnic origin": "Mother: German, Father: German",
    "History": "The patient is the first child of nonconsanguineous healthy parents. First pregnancy ended with a late abortion in the 21st week of gestation. \nAfter normal development during his first 6 months, hepatosplenomegaly was noticed. Further diagnostic in University Childrens Hospital of Tubingen revealed a tyrosinemia type I, and therapy with NTBC and tyr-/ phe-restricted diet was initiated. Under this regiment, functional liver disorder receded.",
    "Author": "Friedrich Trefz",
    "Hospital": "Childrens Hospital Reutlingen",
    "Coauthor(s)": "",
    "Date of entry": "2001-08-03"
  },
  "Molecular genetics": {
    "Gene name": "",
    "Genotype": "",
    "Allele 1": {
      "Trivial name": "",
      "Systematic name": "",
      "Amino acid change": "",
      "Nucleotide change": "",
      "Exon/Intron Boundary/Promotor": ""
    },
    "Allele 2": {
      "Trivial name": "",
      "Systematic name": "",
      "Amino acid change": "",
      "Nucleotide change": "",
      "Exon/Intron Boundary/Promotor": ""
    }
  },
  "Lab findings": [
    {
      "Name": "4-Hydroxyphenylacetic acid",
      "Age": "8.82 Year(s)",
      "Specimen": "urine",
      "Quantity": "1056 mmol/mol Crea",
      "Quality": "Increased"
    },
    {
      "Name": "4-Hydroxyphenyllactic acid",
      "Age": "7.39 Month(s)",
      "Specimen": "urine",
      "Quantity": "",
      "Quality": "Increased"
    },
    {
      "Name": "4-Hydroxyphenylpropionic acid",
      "Age": "3.98 Year(s)",
      "Specimen": "urine",
      "Quantity": "",
      "Quality": "Increased"
    },
    {
      "Name": "4-Hydroxyphenylpropionic acid",
      "Age": "4.21 Year(s)",
      "Specimen": "urine",
      "Quantity": "",
      "Quality": "Increased"
    },
    {
      "Name": "4-Hydroxyphenylpyruvic acid",
      "Age": "7.39 Month(s)",
      "Specimen": "urine",
      "Quantity": "",
      "Quality": "Increased"
    },
    {
      "Name": "4-Hydroxyphenylpyruvic acid",
      "Age": "4.49 Year(s)",
      "Specimen": "urine",
      "Quantity": "",
      "Quality": "Increased"
    },
    {
      "Name": "4-Hydroxyphenylpyruvic acid",
      "Age": "4.73 Year(s)",
      "Specimen": "urine",
      "Quantity": "",
      "Quality": "Normal"
    },
    {
      "Name": "4-Hydroxyphenylpyruvic acid",
      "Age": "8.82 Year(s)",
      "Specimen": "urine",
      "Quantity": "1820 mmol/mol Crea",
      "Quality": "Increased"
    },
    {
      "Name": "ALAT (GPT)",
      "Age": "7.62 Month(s)",
      "Specimen": "serum/plasma",
      "Quantity": "44 U/l",
      "Quality": "Increased"
    },
    {
      "Name": "ALAT (GPT)",
      "Age": "3.45 Year(s)",
      "Specimen": "serum/plasma",
      "Quantity": "30 U/l",
      "Quality": "Increased"
    },
    {
      "Name": "ASAT (GOT)",
      "Age": "7.62 Month(s)",
      "Specimen": "serum/plasma",
      "Quantity": "36 U/l",
      "Quality": "Increased"
    },
    {
      "Name": "ASAT (GOT)",
      "Age": "3.45 Year(s)",
      "Specimen": "serum/plasma",
      "Quantity": "25 U/l",
      "Quality": "Increased"
    },
    {
      "Name": "gamma-Glutamyl transpeptidase",
      "Age": "7.62 Month(s)",
      "Specimen": "serum/plasma",
      "Quantity": "223 U/l",
      "Quality": "Increased"
    },
    {
      "Name": "Methionine",
      "Age": "7.39 Month(s)",
      "Specimen": "serum/plasma",
      "Quantity": "",
      "Quality": "Increased"
    },
    {
      "Name": "Phenylalanine",
      "Age": "3.66 Year(s)",
      "Specimen": "blood",
      "Quantity": "67 micro-mol/l",
      "Quality": "Normal"
    },
    {
      "Name": "Phenylalanine",
      "Age": "3.98 Year(s)",
      "Specimen": "blood",
      "Quantity": "56.9 micro-mol/l",
      "Quality": "Normal"
    },
    {
      "Name": "Phenylalanine",
      "Age": "4.21 Year(s)",
      "Specimen": "blood",
      "Quantity": "91 micro-mol/l",
      "Quality": "Normal"
    },
    {
      "Name": "Phenylalanine",
      "Age": "4.49 Year(s)",
      "Specimen": "blood",
      "Quantity": "108 micro-mol/l",
      "Quality": "Normal"
    },
    {
      "Name": "Phenylalanine",
      "Age": "4.73 Year(s)",
      "Specimen": "serum/plasma",
      "Quantity": "203 micro-mol/l",
      "Quality": "Increased"
    },
    {
      "Name": "Phenylalanine",
      "Age": "6.04 Year(s)",
      "Specimen": "blood",
      "Quantity": "74 micro-mol/l",
      "Quality": "Increased"
    },
    {
      "Name": "Phenylalanine",
      "Age": "8.1 Year(s)",
      "Specimen": "blood",
      "Quantity": "60 micro-mol/l",
      "Quality": "Normal"
    },
    {
      "Name": "Succinylacetone",
      "Age": "7.39 Month(s)",
      "Specimen": "urine",
      "Quantity": "",
      "Quality": "Increased"
    },
    {
      "Name": "Tyrosine",
      "Age": "7.39 Month(s)",
      "Specimen": "blood",
      "Quantity": "96 micro-mol/l",
      "Quality": "Normal"
    },
    {
      "Name": "Tyrosine",
      "Age": "7.39 Month(s)",
      "Specimen": "urine",
      "Quantity": "108 mmol/mol Crea",
      "Quality": "Increased"
    },
    {
      "Name": "Tyrosine",
      "Age": "3.45 Year(s)",
      "Specimen": "blood",
      "Quantity": "557 micro-mol/l",
      "Quality": "Increased"
    },
    {
      "Name": "Tyrosine",
      "Age": "3.66 Year(s)",
      "Specimen": "blood",
      "Quantity": "499 micro-mol/l",
      "Quality": "Increased"
    },
    {
      "Name": "Tyrosine",
      "Age": "3.98 Year(s)",
      "Specimen": "blood",
      "Quantity": "499 micro-mol/l",
      "Quality": "Increased"
    },
    {
      "Name": "Tyrosine",
      "Age": "4.21 Year(s)",
      "Specimen": "blood",
      "Quantity": "762 micro-mol/l",
      "Quality": "Increased"
    },
    {
      "Name": "Tyrosine",
      "Age": "4.49 Year(s)",
      "Specimen": "blood",
      "Quantity": "645 micro-mol/l",
      "Quality": "Increased"
    },
    {
      "Name": "Tyrosine",
      "Age": "4.73 Year(s)",
      "Specimen": "blood",
      "Quantity": "745 micro-mol/l",
      "Quality": "Increased"
    },
    {
      "Name": "Tyrosine",
      "Age": "6.04 Year(s)",
      "Specimen": "blood",
      "Quantity": "611 micro-mol/l",
      "Quality": "Increased"
    },
    {
      "Name": "Tyrosine",
      "Age": "7.45 Year(s)",
      "Specimen": "blood",
      "Quantity": "785 micro-mol/l",
      "Quality": "Increased"
    },
    {
      "Name": "Tyrosine",
      "Age": "8.1 Year(s)",
      "Specimen": "blood",
      "Quantity": "984 micro-mol/l",
      "Quality": "Increased"
    },
    {
      "Name": "Tyrosine",
      "Age": "8.82 Year(s)",
      "Specimen": "blood",
      "Quantity": "1026 micro-mol/l",
      "Quality": "Increased"
    },
    {
      "Name": "Quick",
      "Age": "7.62 Month(s)",
      "Specimen": "serum/plasma",
      "Quantity": "64 %",
      "Quality": "Decreased"
    },
    {
      "Name": "PTT",
      "Age": "7.62 Month(s)",
      "Specimen": "serum/plasma",
      "Quantity": "52 sec",
      "Quality": "Increased"
    }
  ],
  "Symptoms": [
    {
      "Name": "failure to thrive",
      "Age": "5.88 Month(s)",
      "Range": "moderate"
    },
    {
      "Name": "large liver",
      "Age": "5.88 Month(s)",
      "Range": "yes"
    },
    {
      "Name": "liver involvement [acute, chronic, hepatitis]",
      "Age": "7.62 Month(s)",
      "Range": "yes"
    },
    {
      "Name": "transaminases",
      "Age": "7.62 Month(s)",
      "Range": "yes"
    }
  ],
  "Diet/drugs": [
    {
      "Name": "NTBC (2-(2-nitro-4-trifluoro-methylbenzoyl)-",
      "Age": "6.93 Month(s)",
      "Dosage": "4 mg/day",
      "Route": "oral"
    }
  ],
  "Therapy/development": [
    {
      "Name": "tyrosine-/phenylalanine-restricted diet",
      "Age": "7.06 Month(s)",
      "Quantity": "",
      "Type": ""
    }
  ]
}