{
  "MainData": {
    "Patient ID": "302",
    "Diagnosis": "CARBAMOYL PHOSPHATE SYNTHETASE I DEFICIENCY, HYPERAMMONEMIA DUE TO (MIM 237300)",
    "Gender": "f",
    "Age of symptoms onset": "3 Day(s)",
    "Age of diagnosis": "6 Day(s)",
    "Found in newborn screening": "n",
    "Diagnosis confirmed": "y",
    "Country": "Japan",
    "Ethnic origin": "Mother: Japanese, Father: Japanese",
    "History": "The twin sister of Patient 301 in this database was born by elective cesarean section and had Apgar Scores of 7 and 8. The birth weight was 2.09 kg and head circumference 32 cm. On day 3 she developed episodes of bicycling and lip smacking similar to her sister. Under treatment she developed normal for gestational age of 3 months. In the 4th month of life she had a hyperammonemic crisis with cerebral edema, due to an infection. After recovery she became developmentally delayed. In the following months she experienced milder episodes of hyperammonemia, which were all controlled with adjustments in her dieat and dosage of sodium phenylbutyrate.\nShe died with 12.5 months, as a result of extensive vena cava thrombosis, which was attributed to the multiple surgical interventions she required for maintaining central venous access. \n\nPediatr Neurol 2001;24:193-19911301219",
    "Author": "Published Cases",
    "Hospital": "Published Case",
    "Coauthor(s)": "Takeoka M, Soman TB, Shih VE, Caviness VS, Krishnamoorthy KS",
    "Date of entry": "2001-08-06"
  },
  "Molecular genetics": {
    "Gene name": "",
    "Genotype": "",
    "Allele 1": {
      "Trivial name": "",
      "Systematic name": "",
      "Amino acid change": "",
      "Nucleotide change": "",
      "Exon/Intron Boundary/Promotor": ""
    },
    "Allele 2": {
      "Trivial name": "",
      "Systematic name": "",
      "Amino acid change": "",
      "Nucleotide change": "",
      "Exon/Intron Boundary/Promotor": ""
    }
  },
  "Lab findings": [
    {
      "Name": "Ammonia",
      "Age": "2 Day(s)",
      "Specimen": "serum/plasma",
      "Quantity": "900 micro-mol/l",
      "Quality": "Increased"
    },
    {
      "Name": "Ammonia",
      "Age": "3.45 Month(s)",
      "Specimen": "serum/plasma",
      "Quantity": "360 micro-mol/l",
      "Quality": "Increased"
    },
    {
      "Name": "Ammonia",
      "Age": "12.48 Month(s)",
      "Specimen": "serum/plasma",
      "Quantity": "",
      "Quality": "Increased"
    },
    {
      "Name": "Carbamylphosphate synthetase",
      "Age": "12.65 Month(s)",
      "Specimen": "liver",
      "Quantity": "5 % activity",
      "Quality": "Decreased"
    },
    {
      "Name": "Citrulline",
      "Age": "2 Day(s)",
      "Specimen": "serum/plasma",
      "Quantity": "",
      "Quality": "Decreased"
    },
    {
      "Name": "Glucose",
      "Age": "2 Day(s)",
      "Specimen": "spinal fluid",
      "Quantity": "",
      "Quality": "Normal"
    },
    {
      "Name": "Glutamine",
      "Age": "12.48 Month(s)",
      "Specimen": "serum/plasma",
      "Quantity": "1286 micro-mol/l",
      "Quality": "Increased"
    },
    {
      "Name": "Orotic acid",
      "Age": "2 Day(s)",
      "Specimen": "urine",
      "Quantity": "",
      "Quality": "Normal"
    },
    {
      "Name": "Protein, total",
      "Age": "2 Day(s)",
      "Specimen": "spinal fluid",
      "Quantity": "",
      "Quality": "Normal"
    }
  ],
  "Symptoms": [
    {
      "Name": "apnea",
      "Age": "2 Day(s)",
      "Range": "yes"
    },
    {
      "Name": "bradycardia",
      "Age": "2 Day(s)",
      "Range": "yes"
    },
    {
      "Name": "cerebral edema",
      "Age": "3.45 Month(s)",
      "Range": "yes"
    },
    {
      "Name": "hypotension",
      "Age": "3.45 Month(s)",
      "Range": "yes"
    },
    {
      "Name": "infections [severe or recurrent]",
      "Age": "3.45 Month(s)",
      "Range": "yes"
    },
    {
      "Name": "lethargy, drowsiness, malaise or sleep disorder",
      "Age": "3.45 Month(s)",
      "Range": "yes"
    },
    {
      "Name": "mental retardation",
      "Age": "3.94 Month(s)",
      "Range": "++"
    },
    {
      "Name": "microcephaly [< 2SD for age]",
      "Age": "3.94 Month(s)",
      "Range": "yes"
    },
    {
      "Name": "no clinical signs or symptoms",
      "Age": "2.27 Month(s)",
      "Range": "yes"
    }
  ],
  "Diet/drugs": [
    {
      "Name": "L-Dopa",
      "Age": "3.45 Month(s)",
      "Dosage": "",
      "Route": "intraveneous"
    },
    {
      "Name": "L-carnitine",
      "Age": "6 Day(s)",
      "Dosage": "",
      "Route": "oral"
    },
    {
      "Name": "artificial protein intake (specific amino acid mixture)",
      "Age": "3.45 Month(s)",
      "Dosage": "",
      "Route": "intraveneous"
    },
    {
      "Name": "protein (natural)",
      "Age": "6 Day(s)",
      "Dosage": "",
      "Route": "oral"
    },
    {
      "Name": "protein (natural)",
      "Age": "3.45 Month(s)",
      "Dosage": "",
      "Route": "oral"
    },
    {
      "Name": "sodium benzoate",
      "Age": "6 Day(s)",
      "Dosage": "",
      "Route": "intraveneous"
    },
    {
      "Name": "sodium benzoate",
      "Age": "3.45 Month(s)",
      "Dosage": "",
      "Route": "intraveneous"
    },
    {
      "Name": "sodium phenylacetate",
      "Age": "6 Day(s)",
      "Dosage": "",
      "Route": "intraveneous"
    },
    {
      "Name": "sodium phenylbutyrate",
      "Age": "6 Day(s)",
      "Dosage": "",
      "Route": "intraveneous"
    },
    {
      "Name": "sodium phenylbutyrate",
      "Age": "3.45 Month(s)",
      "Dosage": "",
      "Route": "intraveneous"
    }
  ],
  "Therapy/development": [
    {
      "Name": "head circumference at birth",
      "Age": "1 Day(s)",
      "Quantity": "32  cm",
      "Type": "perinatal"
    },
    {
      "Name": "hemofiltration/hemodialysis/peritonealdialysis",
      "Age": "6 Day(s)",
      "Quantity": "",
      "Type": ""
    },
    {
      "Name": "hemofiltration/hemodialysis/peritonealdialysis",
      "Age": "3.45 Month(s)",
      "Quantity": "",
      "Type": ""
    },
    {
      "Name": "weight at birth",
      "Age": "1 Day(s)",
      "Quantity": "2.1  kg",
      "Type": "perinatal"
    }
  ]
}