{
  "MainData": {
    "Patient ID": "308",
    "Diagnosis": "MAPLE SYRUP URINE DISEASE (MIM 248600)",
    "Gender": "m",
    "Age of symptoms onset": "8 Day(s)",
    "Age of diagnosis": "7 Day(s)",
    "Found in newborn screening": "n",
    "Diagnosis confirmed": "y",
    "Country": "Austria",
    "Ethnic origin": "Mother: Caucasian, Father: Caucasian",
    "History": "In this 12 year old Boy plasma leucine concentrations above 1000 micromol/L caused severe neurological decompensation with coma at a younger age. Apart from hair loss he tolerates values over 2000 micromol/L without any CNS changes during the last half year.\n\nJ. Inherit. Metab. Dis. 23 (2000) 513-51410947206",
    "Author": "Published Cases",
    "Hospital": "Published Case",
    "Coauthor(s)": "Skladal D, Grissenauer G, Konstantopoulou V, Felber S, Sperl W",
    "Date of entry": "2001-08-08"
  },
  "Molecular genetics": {
    "Gene name": "",
    "Genotype": "",
    "Allele 1": {
      "Trivial name": "",
      "Systematic name": "",
      "Amino acid change": "",
      "Nucleotide change": "",
      "Exon/Intron Boundary/Promotor": ""
    },
    "Allele 2": {
      "Trivial name": "",
      "Systematic name": "",
      "Amino acid change": "",
      "Nucleotide change": "",
      "Exon/Intron Boundary/Promotor": ""
    }
  },
  "Lab findings": [
    {
      "Name": "Leucine",
      "Age": "3.41 Year(s)",
      "Specimen": "serum/plasma",
      "Quantity": "1392 micro-mol/l",
      "Quality": "Increased"
    },
    {
      "Name": "Leucine",
      "Age": "9.42 Year(s)",
      "Specimen": "serum/plasma",
      "Quantity": "509 micro-mol/l",
      "Quality": "Increased"
    },
    {
      "Name": "Leucine",
      "Age": "11.41 Year(s)",
      "Specimen": "serum/plasma",
      "Quantity": "2249 micro-mol/l",
      "Quality": "Increased"
    }
  ],
  "Symptoms": [
    {
      "Name": "MRI, brain, white matter abnormalities",
      "Age": "3.41 Year(s)",
      "Range": "yes"
    },
    {
      "Name": "MRI, brain, white matter abnormalities",
      "Age": "11.41 Year(s)",
      "Range": "yes"
    },
    {
      "Name": "ataxia",
      "Age": "4.42 Year(s)",
      "Range": "yes"
    },
    {
      "Name": "ataxia",
      "Age": "5.42 Year(s)",
      "Range": "yes"
    },
    {
      "Name": "cerebral edema",
      "Age": "3.41 Year(s)",
      "Range": "yes"
    },
    {
      "Name": "cerebral edema",
      "Age": "11.41 Year(s)",
      "Range": "no"
    },
    {
      "Name": "coma",
      "Age": "3.41 Year(s)",
      "Range": "+++"
    },
    {
      "Name": "defect of deep tendon reflexes",
      "Age": "9.42 Year(s)",
      "Range": "yes"
    },
    {
      "Name": "hair loss",
      "Age": "11.41 Year(s)",
      "Range": "yes"
    },
    {
      "Name": "infections [severe or recurrent]",
      "Age": "3.41 Year(s)",
      "Range": "yes"
    },
    {
      "Name": "infections [severe or recurrent]",
      "Age": "4 Year(s)",
      "Range": "yes"
    },
    {
      "Name": "infections [severe or recurrent]",
      "Age": "5 Year(s)",
      "Range": "yes"
    },
    {
      "Name": "mental retardation",
      "Age": "9.42 Year(s)",
      "Range": "-"
    },
    {
      "Name": "metabolic acidosis",
      "Age": "3.41 Year(s)",
      "Range": "yes"
    }
  ],
  "Diet/drugs": [
    {
      "Name": "protein (total)",
      "Age": "5.42 Year(s)",
      "Dosage": "2 g/kg/day",
      "Route": "oral"
    }
  ],
  "Therapy/development": []
}