{
  "MainData": {
    "Patient ID": "310",
    "Diagnosis": "ARGININEMIA (MIM 207800)",
    "Gender": "f",
    "Age of symptoms onset": "8 Month(s)",
    "Age of diagnosis": "8.02 Month(s)",
    "Found in newborn screening": "n",
    "Diagnosis confirmed": "y",
    "Country": "United States",
    "Ethnic origin": "Mother: unknown, Father: unknown",
    "History": "A girl diagnosed with Arginase deficiency at 9 months is reported. \n\nJ. Inherit. Metab. Dis. 23 (2000) 517-51810947208",
    "Author": "Published Cases",
    "Hospital": "Published Case",
    "Coauthor(s)": "Harrington JW, Stiefel M, Gianos E",
    "Date of entry": "2001-08-08"
  },
  "Molecular genetics": {
    "Gene name": "",
    "Genotype": "",
    "Allele 1": {
      "Trivial name": "",
      "Systematic name": "",
      "Amino acid change": "",
      "Nucleotide change": "",
      "Exon/Intron Boundary/Promotor": ""
    },
    "Allele 2": {
      "Trivial name": "",
      "Systematic name": "",
      "Amino acid change": "",
      "Nucleotide change": "",
      "Exon/Intron Boundary/Promotor": ""
    }
  },
  "Lab findings": [
    {
      "Name": "Ammonia",
      "Age": "7.03 Month(s)",
      "Specimen": "serum/plasma",
      "Quantity": "89 micro-mol/l",
      "Quality": "Increased"
    },
    {
      "Name": "Ammonia",
      "Age": "7.85 Month(s)",
      "Specimen": "serum/plasma",
      "Quantity": "53 micro-mol/l",
      "Quality": "Increased"
    },
    {
      "Name": "Arginine",
      "Age": "7.03 Month(s)",
      "Specimen": "urine",
      "Quantity": "705 mmol/mol Crea",
      "Quality": "Increased"
    },
    {
      "Name": "Arginine",
      "Age": "7.03 Month(s)",
      "Specimen": "serum/plasma",
      "Quantity": "757 micro-mol/l",
      "Quality": "Increased"
    },
    {
      "Name": "Arginine",
      "Age": "7.26 Month(s)",
      "Specimen": "blood",
      "Quantity": "328 micro-mol/l",
      "Quality": "Increased"
    },
    {
      "Name": "Arginine",
      "Age": "7.85 Month(s)",
      "Specimen": "blood",
      "Quantity": "115 micro-mol/l",
      "Quality": "Increased"
    },
    {
      "Name": "Orotic acid",
      "Age": "7.03 Month(s)",
      "Specimen": "urine",
      "Quantity": "",
      "Quality": "Increased"
    },
    {
      "Name": "Uracil",
      "Age": "7.03 Month(s)",
      "Specimen": "urine",
      "Quantity": "",
      "Quality": "Increased"
    }
  ],
  "Symptoms": [
    {
      "Name": "cerebral edema",
      "Age": "7.03 Month(s)",
      "Range": "yes"
    },
    {
      "Name": "failure to thrive",
      "Age": "7 Month(s)",
      "Range": "severe"
    },
    {
      "Name": "feeding difficulties, poor feeding",
      "Age": "7 Month(s)",
      "Range": "moderate"
    },
    {
      "Name": "infections [severe or recurrent]",
      "Age": "7 Month(s)",
      "Range": "yes"
    },
    {
      "Name": "irritability",
      "Age": "7 Month(s)",
      "Range": "yes"
    },
    {
      "Name": "lethargy, drowsiness, malaise or sleep disorder",
      "Age": "7.03 Month(s)",
      "Range": "yes"
    },
    {
      "Name": "lethargy, drowsiness, malaise or sleep disorder",
      "Age": "8.02 Month(s)",
      "Range": "no"
    },
    {
      "Name": "motor retardation",
      "Age": "7 Month(s)",
      "Range": "yes"
    },
    {
      "Name": "no clinical signs or symptoms",
      "Age": "8.02 Month(s)",
      "Range": "yes"
    },
    {
      "Name": "seizures",
      "Age": "7.03 Month(s)",
      "Range": "yes"
    },
    {
      "Name": "weight for age, height and sex [> or < 2SD]",
      "Age": "7 Month(s)",
      "Range": "decreased [or absent]"
    }
  ],
  "Diet/drugs": [
    {
      "Name": "protein (natural)",
      "Age": "8.02 Month(s)",
      "Dosage": "",
      "Route": "oral"
    },
    {
      "Name": "sodium benzoate",
      "Age": "8.02 Month(s)",
      "Dosage": "",
      "Route": "oral"
    }
  ],
  "Therapy/development": [
    {
      "Name": "length",
      "Age": "7 Month(s)",
      "Quantity": "67  cm",
      "Type": "development"
    },
    {
      "Name": "weight",
      "Age": "7 Month(s)",
      "Quantity": "7.2  kg",
      "Type": "development"
    },
    {
      "Name": "weight",
      "Age": "2.75 Year(s)",
      "Quantity": "12.2  kg",
      "Type": "development"
    }
  ]
}