{
  "MainData": {
    "Patient ID": "312",
    "Diagnosis": "GLYCINE DECARBOXYLASE (MIM 238300)",
    "Gender": "f",
    "Age of symptoms onset": "1 Day(s)",
    "Age of diagnosis": "7.41 Year(s)",
    "Found in newborn screening": "n",
    "Diagnosis confirmed": "y",
    "Country": "Germany",
    "Ethnic origin": "Mother: Arab, Father: Arab",
    "History": "The girl is the first child born to healthy first-cousin parents Two children of the family are healthy, Two siblings (the fourth child, a girl ID 313 and the fifth child, a boy ID 314) also suffer from non-ketotic hyperglycinemia. \n\nJ. Inherit. Metab. Dis. 23 (2000) 520-52210947210",
    "Author": "Published Cases",
    "Hospital": "Published Case",
    "Coauthor(s)": "Randak C, Roeschinger W, Rolinski B, Hadorn HB, Applegarth DA, Roscher AA",
    "Date of entry": "2001-08-09"
  },
  "Molecular genetics": {
    "Gene name": "",
    "Genotype": "",
    "Allele 1": {
      "Trivial name": "",
      "Systematic name": "",
      "Amino acid change": "",
      "Nucleotide change": "",
      "Exon/Intron Boundary/Promotor": ""
    },
    "Allele 2": {
      "Trivial name": "",
      "Systematic name": "",
      "Amino acid change": "",
      "Nucleotide change": "",
      "Exon/Intron Boundary/Promotor": ""
    }
  },
  "Lab findings": [
    {
      "Name": "3-Hydroxypropionic acid",
      "Age": "7.41 Year(s)",
      "Specimen": "urine",
      "Quantity": "",
      "Quality": "Increased"
    },
    {
      "Name": "Folate",
      "Age": "7.41 Year(s)",
      "Specimen": "serum/plasma",
      "Quantity": "",
      "Quality": "Increased"
    },
    {
      "Name": "Glycine cleavage enzyme system",
      "Age": "7.41 Year(s)",
      "Specimen": "liver",
      "Quantity": "",
      "Quality": "Decreased"
    },
    {
      "Name": "Glycine",
      "Age": "7.41 Year(s)",
      "Specimen": "spinal fluid",
      "Quantity": "49.5 micro-mol/l",
      "Quality": "Increased"
    },
    {
      "Name": "Glycine",
      "Age": "7.41 Year(s)",
      "Specimen": "serum/plasma",
      "Quantity": "273 micro-mol/l",
      "Quality": "Normal"
    },
    {
      "Name": "Glycine",
      "Age": "7.41 Year(s)",
      "Specimen": "urine",
      "Quantity": "670 mmol/mol Crea",
      "Quality": "Increased"
    },
    {
      "Name": "Homocysteine",
      "Age": "7.41 Year(s)",
      "Specimen": "serum/plasma",
      "Quantity": "41.2 micro-mol/l",
      "Quality": "Increased"
    },
    {
      "Name": "Methionine",
      "Age": "7.41 Year(s)",
      "Specimen": "serum/plasma",
      "Quantity": "18.3 micro-mol/l",
      "Quality": "Normal"
    },
    {
      "Name": "Methylcitric acid",
      "Age": "7.41 Year(s)",
      "Specimen": "urine",
      "Quantity": "",
      "Quality": "Increased"
    },
    {
      "Name": "Methylmalonic acid",
      "Age": "7.41 Year(s)",
      "Specimen": "urine",
      "Quantity": "35.5 mmol/mol Crea",
      "Quality": "Increased"
    },
    {
      "Name": "Methylmalonic acid",
      "Age": "7.67 Year(s)",
      "Specimen": "serum/plasma",
      "Quantity": "99.9 micro-mol/l",
      "Quality": "Increased"
    },
    {
      "Name": "Methylmalonic acid",
      "Age": "9.42 Year(s)",
      "Specimen": "serum/plasma",
      "Quantity": "",
      "Quality": "Normal"
    },
    {
      "Name": "Methylmalonic acid",
      "Age": "11.41 Year(s)",
      "Specimen": "serum/plasma",
      "Quantity": "",
      "Quality": "Normal"
    },
    {
      "Name": "Serine",
      "Age": "8.15 Month(s)",
      "Specimen": "serum/plasma",
      "Quantity": "124 micro-mol/l",
      "Quality": "Normal"
    },
    {
      "Name": "Vitamin B12",
      "Age": "7.41 Year(s)",
      "Specimen": "serum/plasma",
      "Quantity": "1380 pg/ml",
      "Quality": "Increased"
    }
  ],
  "Symptoms": [
    {
      "Name": "anemia",
      "Age": "7.41 Year(s)",
      "Range": "no"
    },
    {
      "Name": "feeding difficulties, poor feeding",
      "Age": "1 Day(s)",
      "Range": "moderate"
    },
    {
      "Name": "hypotonia",
      "Age": "1 Day(s)",
      "Range": "yes"
    },
    {
      "Name": "hypotonia",
      "Age": "7.41 Year(s)",
      "Range": "yes"
    },
    {
      "Name": "mental retardation",
      "Age": "7.41 Year(s)",
      "Range": "+++"
    },
    {
      "Name": "metabolic acidosis",
      "Age": "7.41 Year(s)",
      "Range": "no"
    },
    {
      "Name": "motor retardation",
      "Age": "7.41 Year(s)",
      "Range": "yes"
    },
    {
      "Name": "seizures",
      "Age": "4.43 Week(s)",
      "Range": "yes"
    }
  ],
  "Diet/drugs": [
    {
      "Name": "carbamazepin",
      "Age": "7.41 Year(s)",
      "Dosage": "",
      "Route": "oral"
    },
    {
      "Name": "dextromethorphane",
      "Age": "7.41 Year(s)",
      "Dosage": "15 mg/kg/day",
      "Route": "oral"
    },
    {
      "Name": "sodium benzoate",
      "Age": "7.41 Year(s)",
      "Dosage": "500 mg/kg/day",
      "Route": "oral"
    },
    {
      "Name": "vigabatrin",
      "Age": "7.41 Year(s)",
      "Dosage": "",
      "Route": "oral"
    }
  ],
  "Therapy/development": []
}