{
  "MainData": {
    "Patient ID": "325",
    "Diagnosis": "SMITH-LEMLI-OPITZ SYNDROME (MIM 270400)",
    "Gender": "f",
    "Age of symptoms onset": "15 Month(s)",
    "Age of diagnosis": "4.38 Year(s)",
    "Found in newborn screening": "n",
    "Diagnosis confirmed": "y",
    "Country": "Germany",
    "Ethnic origin": "Mother: Turkish, Father: Turkish",
    "History": "The second child of Turkish parents - the elder brother is healthy - presented with dystrophy, microcephaly and psychomotoric retardation after her first year of life. \nBecause of only rare typical stigmata like syndactyly of 2nd/ 3rd toe bilateral, contol of 7- and 8-Dehydrocholesterol was not done before the age of 4 years. Increased levels of these metabolites revealed diagnosis of a mild form of Smith-Lemli-Opitz-syndrome. Cholesterol supplementation and therapy with Simvastatin are initiated.",
    "Author": "Friedrich Trefz",
    "Hospital": "Childrens Hospital Reutlingen",
    "Coauthor(s)": "",
    "Date of entry": "2001-08-17"
  },
  "Molecular genetics": {
    "Gene name": "",
    "Genotype": "",
    "Allele 1": {
      "Trivial name": "",
      "Systematic name": "",
      "Amino acid change": "",
      "Nucleotide change": "",
      "Exon/Intron Boundary/Promotor": ""
    },
    "Allele 2": {
      "Trivial name": "",
      "Systematic name": "",
      "Amino acid change": "",
      "Nucleotide change": "",
      "Exon/Intron Boundary/Promotor": ""
    }
  },
  "Lab findings": [
    {
      "Name": "7-Dehydrocholesterol",
      "Age": "4.84 Year(s)",
      "Specimen": "serum/plasma",
      "Quantity": "31 micro-mol/l",
      "Quality": "Increased"
    },
    {
      "Name": "8-Dehydrocholesterol",
      "Age": "4.84 Year(s)",
      "Specimen": "serum/plasma",
      "Quantity": "40 micro-mol/l",
      "Quality": "Increased"
    },
    {
      "Name": "Cholesterol",
      "Age": "4.84 Year(s)",
      "Specimen": "serum/plasma",
      "Quantity": "3.9 mmol/l",
      "Quality": "Normal"
    }
  ],
  "Symptoms": [
    {
      "Name": "defect of walking, running, rising or climbing",
      "Age": "3.36 Year(s)",
      "Range": "yes"
    },
    {
      "Name": "dwarfism",
      "Age": "4.84 Year(s)",
      "Range": "yes"
    },
    {
      "Name": "growth retardation",
      "Age": "3.21 Year(s)",
      "Range": "yes"
    },
    {
      "Name": "hearing defect, deafness",
      "Age": "3.36 Year(s)",
      "Range": "yes"
    },
    {
      "Name": "low set ears",
      "Age": "3.21 Year(s)",
      "Range": "yes"
    },
    {
      "Name": "mental retardation",
      "Age": "3.21 Year(s)",
      "Range": "++"
    },
    {
      "Name": "microcephaly [< 2SD for age]",
      "Age": "3.21 Year(s)",
      "Range": "yes"
    },
    {
      "Name": "microcephaly [< 2SD for age]",
      "Age": "4.84 Year(s)",
      "Range": "yes"
    },
    {
      "Name": "motor retardation",
      "Age": "3.21 Year(s)",
      "Range": "yes"
    },
    {
      "Name": "nasal bridge",
      "Age": "4.84 Year(s)",
      "Range": "broad"
    },
    {
      "Name": "speech development, delayed, abnormal",
      "Age": "3.36 Year(s)",
      "Range": "yes"
    },
    {
      "Name": "strabismus",
      "Age": "5.91 Month(s)",
      "Range": "yes"
    },
    {
      "Name": "syndactyly",
      "Age": "1 Day(s)",
      "Range": "yes"
    }
  ],
  "Diet/drugs": [
    {
      "Name": "cholesterol",
      "Age": "4.53 Year(s)",
      "Dosage": "40 mg/kg/day",
      "Route": "oral"
    }
  ],
  "Therapy/development": [
    {
      "Name": "APGAR (10 min)",
      "Age": "1 Day(s)",
      "Quantity": "10",
      "Type": "perinatal"
    },
    {
      "Name": "APGAR (5 min)",
      "Age": "1 Day(s)",
      "Quantity": "10",
      "Type": "perinatal"
    },
    {
      "Name": "head circumference",
      "Age": "3.21 Year(s)",
      "Quantity": "45.5  cm",
      "Type": "development"
    },
    {
      "Name": "head circumference",
      "Age": "4.31 Year(s)",
      "Quantity": "46  cm",
      "Type": "development"
    },
    {
      "Name": "head circumference",
      "Age": "4.84 Year(s)",
      "Quantity": "47.5  cm",
      "Type": "development"
    },
    {
      "Name": "head circumference at birth",
      "Age": "1 Day(s)",
      "Quantity": "33  cm",
      "Type": "perinatal"
    },
    {
      "Name": "length",
      "Age": "3.21 Year(s)",
      "Quantity": "88  cm",
      "Type": "development"
    },
    {
      "Name": "length",
      "Age": "4.31 Year(s)",
      "Quantity": "94  cm",
      "Type": "development"
    },
    {
      "Name": "length",
      "Age": "4.84 Year(s)",
      "Quantity": "100.9  cm",
      "Type": "development"
    },
    {
      "Name": "length at birth",
      "Age": "1 Day(s)",
      "Quantity": "46  cm",
      "Type": "perinatal"
    },
    {
      "Name": "weight",
      "Age": "3.21 Year(s)",
      "Quantity": "10  kg",
      "Type": "development"
    },
    {
      "Name": "weight",
      "Age": "4.31 Year(s)",
      "Quantity": "12.5  kg",
      "Type": "development"
    },
    {
      "Name": "weight",
      "Age": "4.84 Year(s)",
      "Quantity": "13.6  kg",
      "Type": "development"
    },
    {
      "Name": "weight at birth",
      "Age": "1 Day(s)",
      "Quantity": "2.9  kg",
      "Type": "perinatal"
    }
  ]
}