{
  "MainData": {
    "Patient ID": "328",
    "Diagnosis": "HYDROXYACYL-CoA DEHYDROGENASE/3-KETOACYL-CoA THIOLASE/ENOYL-CoA HYDRATASE,ALPHA SUBUNIT (MIM 600890)",
    "Gender": "f",
    "Age of symptoms onset": "4 Day(s)",
    "Age of diagnosis": "2 Day(s)",
    "Found in newborn screening": "n",
    "Diagnosis confirmed": "y",
    "Country": "Germany",
    "Ethnic origin": "Mother: Turkish, Father: Turkish",
    "History": "Because of HELPP-syndrome, the patient had been delivered after 33 weeks of pregnancy. The consanguineous Turkish parents had already lost 2 children in their first days of life. Diagnosis of one of the siblings was: TFP deficiency. Selective screening for metabolic diseases was made at the first day of life (ZFS Reutlingen,Germany). A typical pattern for LCHAD-deficiency was found\nIn spite of intensive therapy, carnitine supplementation and high dosis of glucose, the state of the patient aggravated and she died on her 8th day of severe cardiomyopathy. Diagnosis of TFP-defect was confirmed by Dr.Strauss.",
    "Author": "Friedrich Trefz",
    "Hospital": "Childrens Hospital Reutlingen",
    "Coauthor(s)": "",
    "Date of entry": "2001-08-22"
  },
  "Molecular genetics": {
    "Gene name": "TFP gene, ?-subunit",
    "Genotype": "p.G181T/ p.G181T",
    "Allele 1": {
      "Trivial name": "p.G181T",
      "Systematic name": "",
      "Amino acid change": "Arg>Cys",
      "Nucleotide change": "",
      "Exon/Intron Boundary/Promotor": ""
    },
    "Allele 2": {
      "Trivial name": "p.G181T",
      "Systematic name": "",
      "Amino acid change": "Arg>Cys",
      "Nucleotide change": "",
      "Exon/Intron Boundary/Promotor": ""
    }
  },
  "Lab findings": [
    {
      "Name": "3-Hydroxy-Hexydecenoylcarnitine (C16:1-OH)",
      "Age": "1 Day(s)",
      "Specimen": "serum/plasma",
      "Quantity": "",
      "Quality": "Increased"
    },
    {
      "Name": "3-Hydroxy-Tetradecanoylcarnitine (C14-OH)",
      "Age": "1 Day(s)",
      "Specimen": "serum/plasma",
      "Quantity": "",
      "Quality": "Increased"
    },
    {
      "Name": "3-Hydroxy-Tetradecenoylcarnitine (C14:1-OH)",
      "Age": "1 Day(s)",
      "Specimen": "serum/plasma",
      "Quantity": "",
      "Quality": "Increased"
    },
    {
      "Name": "3-Hydroxyoleoylcarnitine (C18:1-OH)",
      "Age": "1 Day(s)",
      "Specimen": "serum/plasma",
      "Quantity": "",
      "Quality": "Increased"
    },
    {
      "Name": "Acylcarnitine",
      "Age": "5 Day(s)",
      "Specimen": "serum/plasma",
      "Quantity": "",
      "Quality": "Decreased"
    },
    {
      "Name": "Ammonia",
      "Age": "4 Day(s)",
      "Specimen": "serum/plasma",
      "Quantity": "79.4 micro-mol/l",
      "Quality": "Normal"
    },
    {
      "Name": "Ammonia",
      "Age": "6 Day(s)",
      "Specimen": "serum/plasma",
      "Quantity": "71.7 micro-mol/l",
      "Quality": "Normal"
    },
    {
      "Name": "Carnitine, free",
      "Age": "1 Day(s)",
      "Specimen": "blood",
      "Quantity": "",
      "Quality": "Decreased"
    },
    {
      "Name": "Hexadecenoylcarnitine (C16:1)",
      "Age": "1 Day(s)",
      "Specimen": "serum/plasma",
      "Quantity": "",
      "Quality": "Increased"
    },
    {
      "Name": "Lactate",
      "Age": "1 Day(s)",
      "Specimen": "blood",
      "Quantity": "4 mmol/l",
      "Quality": "Increased"
    },
    {
      "Name": "Lactate",
      "Age": "6 Day(s)",
      "Specimen": "blood",
      "Quantity": "22.3 mmol/l",
      "Quality": "Increased"
    },
    {
      "Name": "Linoleoylcarnitine (C18:2)",
      "Age": "1 Day(s)",
      "Specimen": "serum/plasma",
      "Quantity": "",
      "Quality": "Increased"
    }
  ],
  "Symptoms": [
    {
      "Name": "HELLP-syndrome",
      "Age": "1 Day(s)",
      "Range": "yes"
    },
    {
      "Name": "abnormal in neonatal screening",
      "Age": "2 Day(s)",
      "Range": "yes"
    },
    {
      "Name": "cardiomegaly",
      "Age": "1 Day(s)",
      "Range": "yes"
    },
    {
      "Name": "cardiomyopathy",
      "Age": "5 Day(s)",
      "Range": "yes"
    },
    {
      "Name": "death",
      "Age": "7 Day(s)",
      "Range": "yes"
    },
    {
      "Name": "dyspnea",
      "Age": "5 Day(s)",
      "Range": "yes"
    },
    {
      "Name": "gastrointestinal hemorrhage [bleeding]",
      "Age": "5 Day(s)",
      "Range": "yes"
    },
    {
      "Name": "metabolic acidosis",
      "Age": "5 Day(s)",
      "Range": "yes"
    },
    {
      "Name": "microcephaly [< 2SD for age]",
      "Age": "1 Day(s)",
      "Range": "yes"
    },
    {
      "Name": "renal failure, acute/chronic",
      "Age": "5 Day(s)",
      "Range": "yes"
    },
    {
      "Name": "shortened gestation time",
      "Age": "1 Day(s)",
      "Range": "yes"
    }
  ],
  "Diet/drugs": [],
  "Therapy/development": []
}