{
  "MainData": {
    "Patient ID": "332",
    "Diagnosis": "KRABBE DISEASE (MIM 245200)",
    "Gender": "f",
    "Age of symptoms onset": "7 Month(s)",
    "Age of diagnosis": "15.34 Month(s)",
    "Found in newborn screening": "n",
    "Diagnosis confirmed": "y",
    "Country": "Germany",
    "Ethnic origin": "Mother: German, Father: German",
    "History": "The second child of healthy nonconsanguineous parents had normal development in her first 7 months of life. After gastrointestinal infection at the age of 7 months, the parents noticed regression in development, muscular hypertonia and extreme irritability.\nMRI showed the typical signs of leucodystrophia. Protein in cerebrospinal fluid was increased, activity of Cerebrosid-beta-galactosidase in leucocytes and fibroblasts decreased. Thus diagnosis of  Krabbe disease was confirmed.",
    "Author": "Friedrich Trefz",
    "Hospital": "Childrens Hospital Reutlingen",
    "Coauthor(s)": "",
    "Date of entry": "2001-09-11"
  },
  "Molecular genetics": {
    "Gene name": "",
    "Genotype": "",
    "Allele 1": {
      "Trivial name": "",
      "Systematic name": "",
      "Amino acid change": "",
      "Nucleotide change": "",
      "Exon/Intron Boundary/Promotor": ""
    },
    "Allele 2": {
      "Trivial name": "",
      "Systematic name": "",
      "Amino acid change": "",
      "Nucleotide change": "",
      "Exon/Intron Boundary/Promotor": ""
    }
  },
  "Lab findings": [
    {
      "Name": "beta-Galactosidase",
      "Age": "15.28 Month(s)",
      "Specimen": "leucocytes",
      "Quantity": "",
      "Quality": "Decreased"
    },
    {
      "Name": "Protein, total",
      "Age": "15.28 Month(s)",
      "Specimen": "spinal fluid",
      "Quantity": "0.5 mg/l",
      "Quality": "Increased"
    }
  ],
  "Symptoms": [
    {
      "Name": "MRI, brain, white matter abnormalities",
      "Age": "10.22 Month(s)",
      "Range": "yes"
    },
    {
      "Name": "areflexia",
      "Age": "15.28 Month(s)",
      "Range": "yes"
    },
    {
      "Name": "demyelinisation",
      "Age": "10.22 Month(s)",
      "Range": "yes"
    },
    {
      "Name": "diarrhea",
      "Age": "6.93 Month(s)",
      "Range": "moderate"
    },
    {
      "Name": "dyskinesia",
      "Age": "8.61 Month(s)",
      "Range": "yes"
    },
    {
      "Name": "failure to thrive",
      "Age": "11.11 Month(s)",
      "Range": "severe"
    },
    {
      "Name": "feeding difficulties, poor feeding",
      "Age": "11.11 Month(s)",
      "Range": "severe"
    },
    {
      "Name": "hypotonia",
      "Age": "8.61 Month(s)",
      "Range": "yes"
    },
    {
      "Name": "jitterness",
      "Age": "8.61 Month(s)",
      "Range": "yes"
    },
    {
      "Name": "mental retardation",
      "Age": "15.28 Month(s)",
      "Range": "+++"
    },
    {
      "Name": "motor retardation",
      "Age": "8.61 Month(s)",
      "Range": "yes"
    },
    {
      "Name": "normal at birth",
      "Age": "1 Day(s)",
      "Range": "yes"
    },
    {
      "Name": "opisthotonus",
      "Age": "15.28 Month(s)",
      "Range": "yes"
    },
    {
      "Name": "petechiae",
      "Age": "5.83 Year(s)",
      "Range": "yes"
    },
    {
      "Name": "spastic diplegia/quadriplegia",
      "Age": "10.22 Month(s)",
      "Range": "yes"
    },
    {
      "Name": "vomiting",
      "Age": "6.93 Month(s)",
      "Range": "moderate"
    }
  ],
  "Diet/drugs": [],
  "Therapy/development": [
    {
      "Name": "weight",
      "Age": "5.83 Year(s)",
      "Quantity": "12.6  kg",
      "Type": "development"
    }
  ]
}