{
  "MainData": {
    "Patient ID": "333",
    "Diagnosis": "METHYLMALONIC ACIDURIA DUE TO METHYLMALONYL-CoA MUTASE DEFICIENCY (MIM 251000)",
    "Gender": "m",
    "Age of symptoms onset": "19 Month(s)",
    "Age of diagnosis": "19.91 Month(s)",
    "Found in newborn screening": "n",
    "Diagnosis confirmed": "y",
    "Country": "Germany",
    "Ethnic origin": "Mother: German, Father: German",
    "History": "The first child of healthy nonconsanguineous parents developed normally the first 1 1/2 years of  life. After febrile infection of the upper air passage, the infant was admitted to hospital with apathia, severe vomiting and metabolic acidosis in his 19th month of age. Highly elevated excretion of methylmalonic acid in urine led to the diagnosis of methylmalonic aciduria, confirmed by decreased activity of Methylmalonyl CoA mutase in fibroblasts.\nAlthough it is a matter of mut0-type without any residual activity, methylmalonic acid excretion always remained on rather a low level, regardless of doses of vitamin B12.\nThe boy is handicapped by severe ataxia, perhaps a residual of the grave metabolic acidosis and dehydration from the beginning of his disease.",
    "Author": "Friedrich Trefz",
    "Hospital": "Childrens Hospital Reutlingen",
    "Coauthor(s)": "",
    "Date of entry": "2001-09-11"
  },
  "Molecular genetics": {
    "Gene name": "",
    "Genotype": "",
    "Allele 1": {
      "Trivial name": "",
      "Systematic name": "",
      "Amino acid change": "",
      "Nucleotide change": "",
      "Exon/Intron Boundary/Promotor": ""
    },
    "Allele 2": {
      "Trivial name": "",
      "Systematic name": "",
      "Amino acid change": "",
      "Nucleotide change": "",
      "Exon/Intron Boundary/Promotor": ""
    }
  },
  "Lab findings": [
    {
      "Name": "Alanine",
      "Age": "5.49 Year(s)",
      "Specimen": "serum/plasma",
      "Quantity": "956 micro-mol/l",
      "Quality": "Increased"
    },
    {
      "Name": "Ammonia",
      "Age": "2.29 Year(s)",
      "Specimen": "serum/plasma",
      "Quantity": "52 micro-mol/l",
      "Quality": "Normal"
    },
    {
      "Name": "Ammonia",
      "Age": "2.6 Year(s)",
      "Specimen": "serum/plasma",
      "Quantity": "36 micro-mol/l",
      "Quality": "Normal"
    },
    {
      "Name": "Ammonia",
      "Age": "3.25 Year(s)",
      "Specimen": "serum/plasma",
      "Quantity": "26 micro-mol/l",
      "Quality": "Normal"
    },
    {
      "Name": "Ammonia",
      "Age": "4.3 Year(s)",
      "Specimen": "serum/plasma",
      "Quantity": "26 micro-mol/l",
      "Quality": "Normal"
    },
    {
      "Name": "Ammonia",
      "Age": "5.25 Year(s)",
      "Specimen": "serum/plasma",
      "Quantity": "24 micro-mol/l",
      "Quality": "Normal"
    },
    {
      "Name": "Ammonia",
      "Age": "6.23 Year(s)",
      "Specimen": "serum/plasma",
      "Quantity": "32 micro-mol/l",
      "Quality": "Normal"
    },
    {
      "Name": "Ammonia",
      "Age": "8.26 Year(s)",
      "Specimen": "serum/plasma",
      "Quantity": "51 micro-mol/l",
      "Quality": "Normal"
    },
    {
      "Name": "Arginine",
      "Age": "5.07 Year(s)",
      "Specimen": "blood",
      "Quantity": "",
      "Quality": "Increased"
    },
    {
      "Name": "Carnitine, free",
      "Age": "19.91 Month(s)",
      "Specimen": "blood",
      "Quantity": "33 micro-mol/l",
      "Quality": "Normal"
    },
    {
      "Name": "Carnitine, free",
      "Age": "5.07 Year(s)",
      "Specimen": "blood",
      "Quantity": "46 micro-mol/l",
      "Quality": "Normal"
    },
    {
      "Name": "Carnitine, free",
      "Age": "5.14 Year(s)",
      "Specimen": "blood",
      "Quantity": "46 micro-mol/l",
      "Quality": "Normal"
    },
    {
      "Name": "Carnitine, free",
      "Age": "5.24 Year(s)",
      "Specimen": "blood",
      "Quantity": "46 micro-mol/l",
      "Quality": "Normal"
    },
    {
      "Name": "Carnitine, free",
      "Age": "5.25 Year(s)",
      "Specimen": "blood",
      "Quantity": "42 micro-mol/l",
      "Quality": "Normal"
    },
    {
      "Name": "Carnitine, free",
      "Age": "5.32 Year(s)",
      "Specimen": "blood",
      "Quantity": "33 micro-mol/l",
      "Quality": "Normal"
    },
    {
      "Name": "Carnitine, free",
      "Age": "5.37 Year(s)",
      "Specimen": "blood",
      "Quantity": "61 micro-mol/l",
      "Quality": "Normal"
    },
    {
      "Name": "Carnitine, free",
      "Age": "5.49 Year(s)",
      "Specimen": "blood",
      "Quantity": "39 micro-mol/l",
      "Quality": "Normal"
    },
    {
      "Name": "Carnitine, free",
      "Age": "5.57 Year(s)",
      "Specimen": "blood",
      "Quantity": "30 micro-mol/l",
      "Quality": "Normal"
    },
    {
      "Name": "Carnitine, free",
      "Age": "6.14 Year(s)",
      "Specimen": "blood",
      "Quantity": "55 micro-mol/l",
      "Quality": "Normal"
    },
    {
      "Name": "Carnitine, free",
      "Age": "7.09 Year(s)",
      "Specimen": "blood",
      "Quantity": "53 micro-mol/l",
      "Quality": "Normal"
    },
    {
      "Name": "Carnitine, free",
      "Age": "7.27 Year(s)",
      "Specimen": "blood",
      "Quantity": "55 micro-mol/l",
      "Quality": "Normal"
    },
    {
      "Name": "Carnitine, free",
      "Age": "7.9 Year(s)",
      "Specimen": "blood",
      "Quantity": "62 micro-mol/l",
      "Quality": "Normal"
    },
    {
      "Name": "Carnitine, free",
      "Age": "9.03 Year(s)",
      "Specimen": "blood",
      "Quantity": "47 micro-mol/l",
      "Quality": "Normal"
    },
    {
      "Name": "Carnitine, free",
      "Age": "9.84 Year(s)",
      "Specimen": "blood",
      "Quantity": "46 micro-mol/l",
      "Quality": "Normal"
    },
    {
      "Name": "Carnitine, free",
      "Age": "10.28 Year(s)",
      "Specimen": "blood",
      "Quantity": "51 micro-mol/l",
      "Quality": "Normal"
    },
    {
      "Name": "Carnitine, free",
      "Age": "10.47 Year(s)",
      "Specimen": "blood",
      "Quantity": "38 micro-mol/l",
      "Quality": "Normal"
    },
    {
      "Name": "Carnitine, free",
      "Age": "10.81 Year(s)",
      "Specimen": "blood",
      "Quantity": "50 micro-mol/l",
      "Quality": "Normal"
    },
    {
      "Name": "Carnitine, free",
      "Age": "11.06 Year(s)",
      "Specimen": "blood",
      "Quantity": "24 micro-mol/l",
      "Quality": "Normal"
    },
    {
      "Name": "Carnitine, free",
      "Age": "11.26 Year(s)",
      "Specimen": "blood",
      "Quantity": "29 micro-mol/l",
      "Quality": "Normal"
    },
    {
      "Name": "Carnitine, free",
      "Age": "11.67 Year(s)",
      "Specimen": "blood",
      "Quantity": "35 micro-mol/l",
      "Quality": "Normal"
    },
    {
      "Name": "Carnitine, free",
      "Age": "12.33 Year(s)",
      "Specimen": "blood",
      "Quantity": "36 micro-mol/l",
      "Quality": "Normal"
    },
    {
      "Name": "Carnitine, free",
      "Age": "12.63 Year(s)",
      "Specimen": "blood",
      "Quantity": "35 micro-mol/l",
      "Quality": "Normal"
    },
    {
      "Name": "Carnitine, free",
      "Age": "13.27 Year(s)",
      "Specimen": "blood",
      "Quantity": "42 micro-mol/l",
      "Quality": "Normal"
    },
    {
      "Name": "Carnitine, free",
      "Age": "13.65 Year(s)",
      "Specimen": "blood",
      "Quantity": "59 micro-mol/l",
      "Quality": "Normal"
    },
    {
      "Name": "Carnitine, free",
      "Age": "14.05 Year(s)",
      "Specimen": "blood",
      "Quantity": "65 micro-mol/l",
      "Quality": "Normal"
    },
    {
      "Name": "Carnitine, free",
      "Age": "14.26 Year(s)",
      "Specimen": "blood",
      "Quantity": "27 micro-mol/l",
      "Quality": "Normal"
    },
    {
      "Name": "Carnitine, free",
      "Age": "14.48 Year(s)",
      "Specimen": "blood",
      "Quantity": "23 micro-mol/l",
      "Quality": "Normal"
    },
    {
      "Name": "Carnitine, free",
      "Age": "14.59 Year(s)",
      "Specimen": "blood",
      "Quantity": "24 micro-mol/l",
      "Quality": "Normal"
    },
    {
      "Name": "Carnitine, free",
      "Age": "14.82 Year(s)",
      "Specimen": "blood",
      "Quantity": "31 micro-mol/l",
      "Quality": "Normal"
    },
    {
      "Name": "Carnitine, free",
      "Age": "15.11 Year(s)",
      "Specimen": "blood",
      "Quantity": "26 micro-mol/l",
      "Quality": "Normal"
    },
    {
      "Name": "Carnitine, free",
      "Age": "15.28 Year(s)",
      "Specimen": "blood",
      "Quantity": "24 micro-mol/l",
      "Quality": "Normal"
    },
    {
      "Name": "Citrulline",
      "Age": "5.07 Year(s)",
      "Specimen": "serum/plasma",
      "Quantity": "",
      "Quality": "Increased"
    },
    {
      "Name": "Creatinine",
      "Age": "2.29 Year(s)",
      "Specimen": "serum/plasma",
      "Quantity": "58 micro-mol/l",
      "Quality": "Normal"
    },
    {
      "Name": "Creatinine",
      "Age": "2.6 Year(s)",
      "Specimen": "serum/plasma",
      "Quantity": "57 micro-mol/l",
      "Quality": "Normal"
    },
    {
      "Name": "Creatinine",
      "Age": "3.25 Year(s)",
      "Specimen": "serum/plasma",
      "Quantity": "59 micro-mol/l",
      "Quality": "Normal"
    },
    {
      "Name": "Creatinine",
      "Age": "4.3 Year(s)",
      "Specimen": "serum/plasma",
      "Quantity": "62 micro-mol/l",
      "Quality": "Normal"
    },
    {
      "Name": "Creatinine",
      "Age": "5.25 Year(s)",
      "Specimen": "serum/plasma",
      "Quantity": "58 micro-mol/l",
      "Quality": "Normal"
    },
    {
      "Name": "Creatinine",
      "Age": "6.23 Year(s)",
      "Specimen": "serum/plasma",
      "Quantity": "49 micro-mol/l",
      "Quality": "Normal"
    },
    {
      "Name": "Creatinine",
      "Age": "10.28 Year(s)",
      "Specimen": "serum/plasma",
      "Quantity": "72 micro-mol/l",
      "Quality": "Normal"
    },
    {
      "Name": "Erythrocytes",
      "Age": "2.29 Year(s)",
      "Specimen": "blood",
      "Quantity": "4400000 /micro-l",
      "Quality": "Normal"
    },
    {
      "Name": "Erythrocytes",
      "Age": "2.6 Year(s)",
      "Specimen": "blood",
      "Quantity": "4299994 /micro-l",
      "Quality": "Normal"
    },
    {
      "Name": "Erythrocytes",
      "Age": "3.25 Year(s)",
      "Specimen": "blood",
      "Quantity": "4500000 /micro-l",
      "Quality": "Normal"
    },
    {
      "Name": "Erythrocytes",
      "Age": "4.3 Year(s)",
      "Specimen": "blood",
      "Quantity": "4299994 /micro-l",
      "Quality": "Normal"
    },
    {
      "Name": "Erythrocytes",
      "Age": "5.25 Year(s)",
      "Specimen": "blood",
      "Quantity": "4500000 /micro-l",
      "Quality": "Normal"
    },
    {
      "Name": "Erythrocytes",
      "Age": "6.23 Year(s)",
      "Specimen": "blood",
      "Quantity": "4699996 /micro-l",
      "Quality": "Normal"
    },
    {
      "Name": "Ferritin",
      "Age": "2.29 Year(s)",
      "Specimen": "serum/plasma",
      "Quantity": "12 micro-g/l",
      "Quality": "Decreased"
    },
    {
      "Name": "Ferritin",
      "Age": "2.6 Year(s)",
      "Specimen": "serum/plasma",
      "Quantity": "11 micro-g/l",
      "Quality": "Decreased"
    },
    {
      "Name": "Ferritin",
      "Age": "3.25 Year(s)",
      "Specimen": "serum/plasma",
      "Quantity": "16 micro-g/l",
      "Quality": "Normal"
    },
    {
      "Name": "Ferritin",
      "Age": "4.3 Year(s)",
      "Specimen": "serum/plasma",
      "Quantity": "17 micro-g/l",
      "Quality": "Normal"
    },
    {
      "Name": "Glucose",
      "Age": "19.65 Month(s)",
      "Specimen": "serum/plasma",
      "Quantity": "3 mmol/l",
      "Quality": "Decreased"
    },
    {
      "Name": "Glycine",
      "Age": "5.07 Year(s)",
      "Specimen": "blood",
      "Quantity": "",
      "Quality": "Normal"
    },
    {
      "Name": "Glycine",
      "Age": "5.25 Year(s)",
      "Specimen": "blood",
      "Quantity": "538 micro-mol/l",
      "Quality": "Normal"
    },
    {
      "Name": "Glycine",
      "Age": "5.49 Year(s)",
      "Specimen": "blood",
      "Quantity": "260 micro-mol/l",
      "Quality": "Normal"
    },
    {
      "Name": "Glycine",
      "Age": "5.57 Year(s)",
      "Specimen": "blood",
      "Quantity": "208 micro-mol/l",
      "Quality": "Normal"
    },
    {
      "Name": "Glycine",
      "Age": "7.27 Year(s)",
      "Specimen": "blood",
      "Quantity": "473 micro-mol/l",
      "Quality": "Normal"
    },
    {
      "Name": "Glycine",
      "Age": "9.84 Year(s)",
      "Specimen": "blood",
      "Quantity": "907 micro-mol/l",
      "Quality": "Increased"
    },
    {
      "Name": "Hemoglobine",
      "Age": "2.29 Year(s)",
      "Specimen": "blood",
      "Quantity": "12 g/dl",
      "Quality": "Normal"
    },
    {
      "Name": "Hemoglobine",
      "Age": "2.6 Year(s)",
      "Specimen": "blood",
      "Quantity": "11.8 g/dl",
      "Quality": "Normal"
    },
    {
      "Name": "Hemoglobine",
      "Age": "3.25 Year(s)",
      "Specimen": "blood",
      "Quantity": "11.6 g/dl",
      "Quality": "Normal"
    },
    {
      "Name": "Hemoglobine",
      "Age": "4.3 Year(s)",
      "Specimen": "blood",
      "Quantity": "11.5 g/dl",
      "Quality": "Normal"
    },
    {
      "Name": "Hemoglobine",
      "Age": "5.25 Year(s)",
      "Specimen": "blood",
      "Quantity": "12.2 g/dl",
      "Quality": "Normal"
    },
    {
      "Name": "Hemoglobine",
      "Age": "6.23 Year(s)",
      "Specimen": "blood",
      "Quantity": "12.5 g/dl",
      "Quality": "Normal"
    },
    {
      "Name": "Homocystine",
      "Age": "19.91 Month(s)",
      "Specimen": "urine",
      "Quantity": "",
      "Quality": "Normal"
    },
    {
      "Name": "Homocystine",
      "Age": "11.02 Year(s)",
      "Specimen": "urine",
      "Quantity": "2 mmol/mol Crea",
      "Quality": "Normal"
    },
    {
      "Name": "Leucocytes",
      "Age": "2.29 Year(s)",
      "Specimen": "blood",
      "Quantity": "7600 /micro-l",
      "Quality": "Normal"
    },
    {
      "Name": "Leucocytes",
      "Age": "2.6 Year(s)",
      "Specimen": "blood",
      "Quantity": "5400 /micro-l",
      "Quality": "Normal"
    },
    {
      "Name": "Leucocytes",
      "Age": "3.25 Year(s)",
      "Specimen": "blood",
      "Quantity": "7700 /micro-l",
      "Quality": "Normal"
    },
    {
      "Name": "Leucocytes",
      "Age": "4.3 Year(s)",
      "Specimen": "blood",
      "Quantity": "5700 /micro-l",
      "Quality": "Normal"
    },
    {
      "Name": "Leucocytes",
      "Age": "5.25 Year(s)",
      "Specimen": "blood",
      "Quantity": "6600 /micro-l",
      "Quality": "Normal"
    },
    {
      "Name": "Leucocytes",
      "Age": "6.23 Year(s)",
      "Specimen": "blood",
      "Quantity": "8100 /micro-l",
      "Quality": "Normal"
    },
    {
      "Name": "Methylmalonic acid",
      "Age": "19.91 Month(s)",
      "Specimen": "urine",
      "Quantity": "3000 mmol/mol Crea",
      "Quality": "Increased"
    },
    {
      "Name": "Methylmalonic acid",
      "Age": "23.36 Month(s)",
      "Specimen": "urine",
      "Quantity": "2784 mmol/mol Crea",
      "Quality": "Increased"
    },
    {
      "Name": "Methylmalonic acid",
      "Age": "23.59 Month(s)",
      "Specimen": "urine",
      "Quantity": "338 mmol/mol Crea",
      "Quality": "Increased"
    },
    {
      "Name": "Methylmalonic acid",
      "Age": "2 Year(s)",
      "Specimen": "urine",
      "Quantity": "141 mmol/mol Crea",
      "Quality": "Increased"
    },
    {
      "Name": "Methylmalonic acid",
      "Age": "2.02 Year(s)",
      "Specimen": "urine",
      "Quantity": "410 mmol/mol Crea",
      "Quality": "Increased"
    },
    {
      "Name": "Methylmalonic acid",
      "Age": "2.08 Year(s)",
      "Specimen": "urine",
      "Quantity": "425 mmol/mol Crea",
      "Quality": "Increased"
    },
    {
      "Name": "Methylmalonic acid",
      "Age": "2.11 Year(s)",
      "Specimen": "urine",
      "Quantity": "115 mmol/mol Crea",
      "Quality": "Increased"
    },
    {
      "Name": "Methylmalonic acid",
      "Age": "2.16 Year(s)",
      "Specimen": "urine",
      "Quantity": "455 mmol/mol Crea",
      "Quality": "Increased"
    },
    {
      "Name": "Methylmalonic acid",
      "Age": "2.19 Year(s)",
      "Specimen": "urine",
      "Quantity": "508 mmol/mol Crea",
      "Quality": "Increased"
    },
    {
      "Name": "Methylmalonic acid",
      "Age": "4.3 Year(s)",
      "Specimen": "urine",
      "Quantity": "1100 mmol/mol Crea",
      "Quality": "Increased"
    },
    {
      "Name": "Methylmalonic acid",
      "Age": "4.66 Year(s)",
      "Specimen": "urine",
      "Quantity": "180 mmol/mol Crea",
      "Quality": "Increased"
    },
    {
      "Name": "Methylmalonic acid",
      "Age": "4.97 Year(s)",
      "Specimen": "urine",
      "Quantity": "328 mmol/mol Crea",
      "Quality": "Increased"
    },
    {
      "Name": "Methylmalonic acid",
      "Age": "5.07 Year(s)",
      "Specimen": "urine",
      "Quantity": "685 mmol/mol Crea",
      "Quality": "Increased"
    },
    {
      "Name": "Methylmalonic acid",
      "Age": "5.14 Year(s)",
      "Specimen": "urine",
      "Quantity": "616 mmol/mol Crea",
      "Quality": "Increased"
    },
    {
      "Name": "Methylmalonic acid",
      "Age": "5.24 Year(s)",
      "Specimen": "urine",
      "Quantity": "469 mmol/mol Crea",
      "Quality": "Increased"
    },
    {
      "Name": "Methylmalonic acid",
      "Age": "5.32 Year(s)",
      "Specimen": "urine",
      "Quantity": "782 mmol/mol Crea",
      "Quality": "Increased"
    },
    {
      "Name": "Methylmalonic acid",
      "Age": "5.49 Year(s)",
      "Specimen": "urine",
      "Quantity": "511 mmol/mol Crea",
      "Quality": "Increased"
    },
    {
      "Name": "Methylmalonic acid",
      "Age": "5.57 Year(s)",
      "Specimen": "urine",
      "Quantity": "568 mmol/mol Crea",
      "Quality": "Increased"
    },
    {
      "Name": "Methylmalonic acid",
      "Age": "6.14 Year(s)",
      "Specimen": "urine",
      "Quantity": "606 mmol/mol Crea",
      "Quality": "Increased"
    },
    {
      "Name": "Methylmalonic acid",
      "Age": "7.09 Year(s)",
      "Specimen": "urine",
      "Quantity": "221 mmol/mol Crea",
      "Quality": "Increased"
    },
    {
      "Name": "Methylmalonic acid",
      "Age": "7.27 Year(s)",
      "Specimen": "urine",
      "Quantity": "597 mmol/mol Crea",
      "Quality": "Increased"
    },
    {
      "Name": "Methylmalonic acid",
      "Age": "7.9 Year(s)",
      "Specimen": "urine",
      "Quantity": "443 mmol/mol Crea",
      "Quality": "Increased"
    },
    {
      "Name": "Methylmalonic acid",
      "Age": "9.03 Year(s)",
      "Specimen": "urine",
      "Quantity": "431 mmol/mol Crea",
      "Quality": "Increased"
    },
    {
      "Name": "Methylmalonic acid",
      "Age": "9.84 Year(s)",
      "Specimen": "urine",
      "Quantity": "373 mmol/mol Crea",
      "Quality": "Increased"
    },
    {
      "Name": "Methylmalonic acid",
      "Age": "10.28 Year(s)",
      "Specimen": "urine",
      "Quantity": "547 mmol/mol Crea",
      "Quality": "Increased"
    },
    {
      "Name": "Methylmalonic acid",
      "Age": "10.47 Year(s)",
      "Specimen": "urine",
      "Quantity": "158 mmol/mol Crea",
      "Quality": "Increased"
    },
    {
      "Name": "Methylmalonic acid",
      "Age": "10.81 Year(s)",
      "Specimen": "urine",
      "Quantity": "363 mmol/mol Crea",
      "Quality": "Increased"
    },
    {
      "Name": "Methylmalonic acid",
      "Age": "11.02 Year(s)",
      "Specimen": "urine",
      "Quantity": "1260 mmol/mol Crea",
      "Quality": "Increased"
    },
    {
      "Name": "Methylmalonic acid",
      "Age": "11.06 Year(s)",
      "Specimen": "urine",
      "Quantity": "326 mmol/mol Crea",
      "Quality": "Increased"
    },
    {
      "Name": "Methylmalonic acid",
      "Age": "11.26 Year(s)",
      "Specimen": "urine",
      "Quantity": "366 mmol/mol Crea",
      "Quality": "Increased"
    },
    {
      "Name": "Methylmalonic acid",
      "Age": "11.26 Year(s)",
      "Specimen": "serum/plasma",
      "Quantity": "59 micro-mol/l",
      "Quality": "Increased"
    },
    {
      "Name": "Methylmalonic acid",
      "Age": "11.67 Year(s)",
      "Specimen": "urine",
      "Quantity": "394 mmol/mol Crea",
      "Quality": "Increased"
    },
    {
      "Name": "Methylmalonic acid",
      "Age": "12.33 Year(s)",
      "Specimen": "urine",
      "Quantity": "574 mmol/mol Crea",
      "Quality": "Increased"
    },
    {
      "Name": "Methylmalonic acid",
      "Age": "12.63 Year(s)",
      "Specimen": "urine",
      "Quantity": "396 mmol/mol Crea",
      "Quality": "Increased"
    },
    {
      "Name": "Methylmalonic acid",
      "Age": "13.27 Year(s)",
      "Specimen": "urine",
      "Quantity": "580 mmol/mol Crea",
      "Quality": "Increased"
    },
    {
      "Name": "Methylmalonic acid",
      "Age": "13.65 Year(s)",
      "Specimen": "urine",
      "Quantity": "579 mmol/mol Crea",
      "Quality": "Increased"
    },
    {
      "Name": "Methylmalonic acid",
      "Age": "14.05 Year(s)",
      "Specimen": "urine",
      "Quantity": "206 mmol/mol Crea",
      "Quality": "Increased"
    },
    {
      "Name": "Methylmalonic acid",
      "Age": "14.26 Year(s)",
      "Specimen": "urine",
      "Quantity": "318 mmol/mol Crea",
      "Quality": "Increased"
    },
    {
      "Name": "Methylmalonic acid",
      "Age": "14.59 Year(s)",
      "Specimen": "urine",
      "Quantity": "397 mmol/mol Crea",
      "Quality": "Increased"
    },
    {
      "Name": "Methylmalonic acid",
      "Age": "14.82 Year(s)",
      "Specimen": "urine",
      "Quantity": "398 mmol/mol Crea",
      "Quality": "Increased"
    },
    {
      "Name": "Methylmalonic acid",
      "Age": "15.11 Year(s)",
      "Specimen": "urine",
      "Quantity": "476 mmol/mol Crea",
      "Quality": "Increased"
    },
    {
      "Name": "Methylmalonyl CoA mutase",
      "Age": "2.14 Year(s)",
      "Specimen": "fibroblasts",
      "Quantity": "0 % activity",
      "Quality": "Decreased"
    },
    {
      "Name": "Ornithine",
      "Age": "5.07 Year(s)",
      "Specimen": "serum/plasma",
      "Quantity": "",
      "Quality": "Increased"
    },
    {
      "Name": "Propionylcarnitine (C3)",
      "Age": "19.91 Month(s)",
      "Specimen": "blood",
      "Quantity": "8.4 micro-mol/l",
      "Quality": "Increased"
    },
    {
      "Name": "Propionylcarnitine (C3)",
      "Age": "4.66 Year(s)",
      "Specimen": "blood",
      "Quantity": "5 micro-mol/l",
      "Quality": "Increased"
    },
    {
      "Name": "Propionylcarnitine (C3)",
      "Age": "4.74 Year(s)",
      "Specimen": "blood",
      "Quantity": "6.2 micro-mol/l",
      "Quality": "Increased"
    },
    {
      "Name": "Propionylcarnitine (C3)",
      "Age": "4.97 Year(s)",
      "Specimen": "blood",
      "Quantity": "6.3 micro-mol/l",
      "Quality": "Increased"
    },
    {
      "Name": "Propionylcarnitine (C3)",
      "Age": "5.07 Year(s)",
      "Specimen": "blood",
      "Quantity": "9.5 micro-mol/l",
      "Quality": "Increased"
    },
    {
      "Name": "Propionylcarnitine (C3)",
      "Age": "5.14 Year(s)",
      "Specimen": "blood",
      "Quantity": "7.6 micro-mol/l",
      "Quality": "Increased"
    },
    {
      "Name": "Propionylcarnitine (C3)",
      "Age": "5.24 Year(s)",
      "Specimen": "blood",
      "Quantity": "6 micro-mol/l",
      "Quality": "Increased"
    },
    {
      "Name": "Propionylcarnitine (C3)",
      "Age": "5.25 Year(s)",
      "Specimen": "blood",
      "Quantity": "9.9 micro-mol/l",
      "Quality": "Increased"
    },
    {
      "Name": "Propionylcarnitine (C3)",
      "Age": "5.32 Year(s)",
      "Specimen": "blood",
      "Quantity": "7.9 micro-mol/l",
      "Quality": "Increased"
    },
    {
      "Name": "Propionylcarnitine (C3)",
      "Age": "5.37 Year(s)",
      "Specimen": "blood",
      "Quantity": "8 micro-mol/l",
      "Quality": "Increased"
    },
    {
      "Name": "Propionylcarnitine (C3)",
      "Age": "5.49 Year(s)",
      "Specimen": "blood",
      "Quantity": "7.9 micro-mol/l",
      "Quality": "Increased"
    },
    {
      "Name": "Propionylcarnitine (C3)",
      "Age": "5.57 Year(s)",
      "Specimen": "blood",
      "Quantity": "6.5 micro-mol/l",
      "Quality": "Increased"
    },
    {
      "Name": "Propionylcarnitine (C3)",
      "Age": "6.14 Year(s)",
      "Specimen": "blood",
      "Quantity": "12.3 micro-mol/l",
      "Quality": "Increased"
    },
    {
      "Name": "Propionylcarnitine (C3)",
      "Age": "7.09 Year(s)",
      "Specimen": "blood",
      "Quantity": "7.5 micro-mol/l",
      "Quality": "Increased"
    },
    {
      "Name": "Propionylcarnitine (C3)",
      "Age": "7.27 Year(s)",
      "Specimen": "blood",
      "Quantity": "12 micro-mol/l",
      "Quality": "Increased"
    },
    {
      "Name": "Propionylcarnitine (C3)",
      "Age": "7.9 Year(s)",
      "Specimen": "blood",
      "Quantity": "10.9 micro-mol/l",
      "Quality": "Increased"
    },
    {
      "Name": "Propionylcarnitine (C3)",
      "Age": "9.03 Year(s)",
      "Specimen": "blood",
      "Quantity": "8.5 micro-mol/l",
      "Quality": "Increased"
    },
    {
      "Name": "Propionylcarnitine (C3)",
      "Age": "9.84 Year(s)",
      "Specimen": "blood",
      "Quantity": "7.3 micro-mol/l",
      "Quality": "Increased"
    },
    {
      "Name": "Propionylcarnitine (C3)",
      "Age": "10.28 Year(s)",
      "Specimen": "blood",
      "Quantity": "14 micro-mol/l",
      "Quality": "Increased"
    },
    {
      "Name": "Propionylcarnitine (C3)",
      "Age": "10.47 Year(s)",
      "Specimen": "blood",
      "Quantity": "7 micro-mol/l",
      "Quality": "Increased"
    },
    {
      "Name": "Propionylcarnitine (C3)",
      "Age": "10.81 Year(s)",
      "Specimen": "blood",
      "Quantity": "5.6 micro-mol/l",
      "Quality": "Normal"
    },
    {
      "Name": "Propionylcarnitine (C3)",
      "Age": "11.06 Year(s)",
      "Specimen": "blood",
      "Quantity": "4.8 micro-mol/l",
      "Quality": "Normal"
    },
    {
      "Name": "Propionylcarnitine (C3)",
      "Age": "11.26 Year(s)",
      "Specimen": "blood",
      "Quantity": "5.3 micro-mol/l",
      "Quality": "Normal"
    },
    {
      "Name": "Propionylcarnitine (C3)",
      "Age": "11.67 Year(s)",
      "Specimen": "blood",
      "Quantity": "7.1 micro-mol/l",
      "Quality": "Increased"
    },
    {
      "Name": "Propionylcarnitine (C3)",
      "Age": "12.33 Year(s)",
      "Specimen": "blood",
      "Quantity": "7.7 micro-mol/l",
      "Quality": "Increased"
    },
    {
      "Name": "Propionylcarnitine (C3)",
      "Age": "12.63 Year(s)",
      "Specimen": "blood",
      "Quantity": "6.8 micro-mol/l",
      "Quality": "Increased"
    },
    {
      "Name": "Propionylcarnitine (C3)",
      "Age": "13.27 Year(s)",
      "Specimen": "blood",
      "Quantity": "6.6 micro-mol/l",
      "Quality": "Increased"
    },
    {
      "Name": "Propionylcarnitine (C3)",
      "Age": "13.65 Year(s)",
      "Specimen": "blood",
      "Quantity": "9.4 micro-mol/l",
      "Quality": "Increased"
    },
    {
      "Name": "Propionylcarnitine (C3)",
      "Age": "14.05 Year(s)",
      "Specimen": "blood",
      "Quantity": "4.2 micro-mol/l",
      "Quality": "Normal"
    },
    {
      "Name": "Propionylcarnitine (C3)",
      "Age": "14.26 Year(s)",
      "Specimen": "blood",
      "Quantity": "6.7 micro-mol/l",
      "Quality": "Increased"
    },
    {
      "Name": "Propionylcarnitine (C3)",
      "Age": "14.48 Year(s)",
      "Specimen": "blood",
      "Quantity": "7.1 micro-mol/l",
      "Quality": "Increased"
    },
    {
      "Name": "Propionylcarnitine (C3)",
      "Age": "14.59 Year(s)",
      "Specimen": "blood",
      "Quantity": "5.7 micro-mol/l",
      "Quality": "Increased"
    },
    {
      "Name": "Propionylcarnitine (C3)",
      "Age": "14.82 Year(s)",
      "Specimen": "blood",
      "Quantity": "6.2 micro-mol/l",
      "Quality": "Increased"
    },
    {
      "Name": "Propionylcarnitine (C3)",
      "Age": "15.11 Year(s)",
      "Specimen": "blood",
      "Quantity": "3.4 micro-mol/l",
      "Quality": "Normal"
    },
    {
      "Name": "Propionylcarnitine (C3)",
      "Age": "15.28 Year(s)",
      "Specimen": "blood",
      "Quantity": "3.4 micro-mol/l",
      "Quality": "Normal"
    },
    {
      "Name": "Protein, total",
      "Age": "2.29 Year(s)",
      "Specimen": "serum/plasma",
      "Quantity": "67 g/l",
      "Quality": "Normal"
    },
    {
      "Name": "Protein, total",
      "Age": "2.6 Year(s)",
      "Specimen": "serum/plasma",
      "Quantity": "60 g/l",
      "Quality": "Normal"
    },
    {
      "Name": "Protein, total",
      "Age": "3.25 Year(s)",
      "Specimen": "serum/plasma",
      "Quantity": "65 g/l",
      "Quality": "Normal"
    },
    {
      "Name": "Protein, total",
      "Age": "4.3 Year(s)",
      "Specimen": "serum/plasma",
      "Quantity": "64 g/l",
      "Quality": "Normal"
    },
    {
      "Name": "Protein, total",
      "Age": "5.25 Year(s)",
      "Specimen": "serum/plasma",
      "Quantity": "65 g/l",
      "Quality": "Normal"
    },
    {
      "Name": "Protein, total",
      "Age": "6.23 Year(s)",
      "Specimen": "serum/plasma",
      "Quantity": "64 g/l",
      "Quality": "Normal"
    },
    {
      "Name": "Urea nitrogen",
      "Age": "2.29 Year(s)",
      "Specimen": "serum/plasma",
      "Quantity": "3.5 mmol/l",
      "Quality": "Normal"
    },
    {
      "Name": "Urea nitrogen",
      "Age": "2.6 Year(s)",
      "Specimen": "serum/plasma",
      "Quantity": "3 mmol/l",
      "Quality": "Normal"
    },
    {
      "Name": "Urea nitrogen",
      "Age": "3.25 Year(s)",
      "Specimen": "serum/plasma",
      "Quantity": "3.4 mmol/l",
      "Quality": "Normal"
    },
    {
      "Name": "Urea nitrogen",
      "Age": "4.3 Year(s)",
      "Specimen": "serum/plasma",
      "Quantity": "3.7 mmol/l",
      "Quality": "Normal"
    },
    {
      "Name": "Urea nitrogen",
      "Age": "5.25 Year(s)",
      "Specimen": "serum/plasma",
      "Quantity": "4 mmol/l",
      "Quality": "Normal"
    },
    {
      "Name": "Urea nitrogen",
      "Age": "6.23 Year(s)",
      "Specimen": "serum/plasma",
      "Quantity": "4.4 mmol/l",
      "Quality": "Normal"
    },
    {
      "Name": "Urea nitrogen",
      "Age": "10.28 Year(s)",
      "Specimen": "serum/plasma",
      "Quantity": "4.1 mmol/l",
      "Quality": "Normal"
    },
    {
      "Name": "Uric acid",
      "Age": "2.29 Year(s)",
      "Specimen": "serum/plasma",
      "Quantity": "3.6 mg/dl",
      "Quality": "Normal"
    },
    {
      "Name": "Uric acid",
      "Age": "2.6 Year(s)",
      "Specimen": "serum/plasma",
      "Quantity": "2.7 mg/dl",
      "Quality": "Normal"
    },
    {
      "Name": "Uric acid",
      "Age": "3.25 Year(s)",
      "Specimen": "serum/plasma",
      "Quantity": "2.7 mg/dl",
      "Quality": "Normal"
    },
    {
      "Name": "Uric acid",
      "Age": "4.3 Year(s)",
      "Specimen": "serum/plasma",
      "Quantity": "3.5 mg/dl",
      "Quality": "Normal"
    },
    {
      "Name": "Uric acid",
      "Age": "5.25 Year(s)",
      "Specimen": "serum/plasma",
      "Quantity": "3.6 mg/dl",
      "Quality": "Normal"
    },
    {
      "Name": "Uric acid",
      "Age": "6.23 Year(s)",
      "Specimen": "serum/plasma",
      "Quantity": "3.7 mg/dl",
      "Quality": "Normal"
    },
    {
      "Name": "Uric acid",
      "Age": "10.28 Year(s)",
      "Specimen": "serum/plasma",
      "Quantity": "2.9 mg/dl",
      "Quality": "Normal"
    },
    {
      "Name": "Valine",
      "Age": "5.37 Year(s)",
      "Specimen": "blood",
      "Quantity": "861 micro-mol/l",
      "Quality": "Increased"
    },
    {
      "Name": "Propionylcarnitine/Palmitoylcarnitine (C3/C16)",
      "Age": "4.74 Year(s)",
      "Specimen": "blood",
      "Quantity": "5.2 (ratio)",
      "Quality": "Increased"
    },
    {
      "Name": "Propionylcarnitine/Palmitoylcarnitine (C3/C16)",
      "Age": "4.97 Year(s)",
      "Specimen": "blood",
      "Quantity": "6.1 (ratio)",
      "Quality": "Increased"
    },
    {
      "Name": "Propionylcarnitine/Palmitoylcarnitine (C3/C16)",
      "Age": "5.07 Year(s)",
      "Specimen": "blood",
      "Quantity": "6.1 (ratio)",
      "Quality": "Increased"
    },
    {
      "Name": "Propionylcarnitine/Palmitoylcarnitine (C3/C16)",
      "Age": "5.14 Year(s)",
      "Specimen": "blood",
      "Quantity": "6.3 (ratio)",
      "Quality": "Increased"
    },
    {
      "Name": "Propionylcarnitine/Palmitoylcarnitine (C3/C16)",
      "Age": "5.24 Year(s)",
      "Specimen": "blood",
      "Quantity": "6 (ratio)",
      "Quality": "Increased"
    },
    {
      "Name": "Propionylcarnitine/Palmitoylcarnitine (C3/C16)",
      "Age": "5.25 Year(s)",
      "Specimen": "blood",
      "Quantity": "8.1 (ratio)",
      "Quality": "Increased"
    },
    {
      "Name": "Propionylcarnitine/Palmitoylcarnitine (C3/C16)",
      "Age": "5.32 Year(s)",
      "Specimen": "blood",
      "Quantity": "8.9 (ratio)",
      "Quality": "Increased"
    },
    {
      "Name": "Propionylcarnitine/Palmitoylcarnitine (C3/C16)",
      "Age": "5.37 Year(s)",
      "Specimen": "blood",
      "Quantity": "7.4 (ratio)",
      "Quality": "Increased"
    },
    {
      "Name": "Propionylcarnitine/Palmitoylcarnitine (C3/C16)",
      "Age": "5.49 Year(s)",
      "Specimen": "blood",
      "Quantity": "10.8 (ratio)",
      "Quality": "Increased"
    },
    {
      "Name": "Propionylcarnitine/Palmitoylcarnitine (C3/C16)",
      "Age": "5.57 Year(s)",
      "Specimen": "blood",
      "Quantity": "8.5 (ratio)",
      "Quality": "Normal"
    },
    {
      "Name": "Propionylcarnitine/Palmitoylcarnitine (C3/C16)",
      "Age": "6.14 Year(s)",
      "Specimen": "blood",
      "Quantity": "8.3 (ratio)",
      "Quality": "Increased"
    },
    {
      "Name": "Propionylcarnitine/Palmitoylcarnitine (C3/C16)",
      "Age": "7.09 Year(s)",
      "Specimen": "blood",
      "Quantity": "6.2 (ratio)",
      "Quality": "Increased"
    },
    {
      "Name": "Propionylcarnitine/Palmitoylcarnitine (C3/C16)",
      "Age": "7.27 Year(s)",
      "Specimen": "blood",
      "Quantity": "8.1 (ratio)",
      "Quality": "Increased"
    },
    {
      "Name": "Propionylcarnitine/Palmitoylcarnitine (C3/C16)",
      "Age": "7.9 Year(s)",
      "Specimen": "blood",
      "Quantity": "5.3 (ratio)",
      "Quality": "Increased"
    },
    {
      "Name": "Propionylcarnitine/Palmitoylcarnitine (C3/C16)",
      "Age": "9.03 Year(s)",
      "Specimen": "blood",
      "Quantity": "6.7 (ratio)",
      "Quality": "Increased"
    },
    {
      "Name": "Propionylcarnitine/Palmitoylcarnitine (C3/C16)",
      "Age": "9.84 Year(s)",
      "Specimen": "blood",
      "Quantity": "5.9 (ratio)",
      "Quality": "Increased"
    },
    {
      "Name": "Propionylcarnitine/Palmitoylcarnitine (C3/C16)",
      "Age": "10.28 Year(s)",
      "Specimen": "blood",
      "Quantity": "10.8 (ratio)",
      "Quality": "Increased"
    },
    {
      "Name": "Propionylcarnitine/Palmitoylcarnitine (C3/C16)",
      "Age": "10.47 Year(s)",
      "Specimen": "blood",
      "Quantity": "7.3 (ratio)",
      "Quality": "Increased"
    },
    {
      "Name": "Propionylcarnitine/Palmitoylcarnitine (C3/C16)",
      "Age": "10.81 Year(s)",
      "Specimen": "blood",
      "Quantity": "4.3 (ratio)",
      "Quality": "Normal"
    },
    {
      "Name": "Propionylcarnitine/Palmitoylcarnitine (C3/C16)",
      "Age": "11.06 Year(s)",
      "Specimen": "blood",
      "Quantity": "6.9 (ratio)",
      "Quality": "Increased"
    },
    {
      "Name": "Propionylcarnitine/Palmitoylcarnitine (C3/C16)",
      "Age": "11.26 Year(s)",
      "Specimen": "blood",
      "Quantity": "5.5 (ratio)",
      "Quality": "Increased"
    },
    {
      "Name": "Propionylcarnitine/Palmitoylcarnitine (C3/C16)",
      "Age": "11.67 Year(s)",
      "Specimen": "blood",
      "Quantity": "8 (ratio)",
      "Quality": "Increased"
    },
    {
      "Name": "Propionylcarnitine/Palmitoylcarnitine (C3/C16)",
      "Age": "12.33 Year(s)",
      "Specimen": "blood",
      "Quantity": "7.7 (ratio)",
      "Quality": "Increased"
    },
    {
      "Name": "Propionylcarnitine/Palmitoylcarnitine (C3/C16)",
      "Age": "12.63 Year(s)",
      "Specimen": "blood",
      "Quantity": "7 (ratio)",
      "Quality": "Increased"
    },
    {
      "Name": "Propionylcarnitine/Palmitoylcarnitine (C3/C16)",
      "Age": "13.27 Year(s)",
      "Specimen": "blood",
      "Quantity": "8 (ratio)",
      "Quality": "Increased"
    },
    {
      "Name": "Propionylcarnitine/Palmitoylcarnitine (C3/C16)",
      "Age": "13.65 Year(s)",
      "Specimen": "blood",
      "Quantity": "8.2 (ratio)",
      "Quality": "Increased"
    },
    {
      "Name": "Propionylcarnitine/Palmitoylcarnitine (C3/C16)",
      "Age": "14.05 Year(s)",
      "Specimen": "blood",
      "Quantity": "5.1 (ratio)",
      "Quality": "Increased"
    },
    {
      "Name": "Propionylcarnitine/Palmitoylcarnitine (C3/C16)",
      "Age": "14.26 Year(s)",
      "Specimen": "blood",
      "Quantity": "9.3 (ratio)",
      "Quality": "Increased"
    },
    {
      "Name": "Propionylcarnitine/Palmitoylcarnitine (C3/C16)",
      "Age": "14.48 Year(s)",
      "Specimen": "blood",
      "Quantity": "9.2 (ratio)",
      "Quality": "Increased"
    },
    {
      "Name": "Propionylcarnitine/Palmitoylcarnitine (C3/C16)",
      "Age": "14.59 Year(s)",
      "Specimen": "blood",
      "Quantity": "6.6 (ratio)",
      "Quality": "Increased"
    },
    {
      "Name": "Propionylcarnitine/Palmitoylcarnitine (C3/C16)",
      "Age": "14.82 Year(s)",
      "Specimen": "blood",
      "Quantity": "7.1 (ratio)",
      "Quality": "Increased"
    },
    {
      "Name": "Propionylcarnitine/Palmitoylcarnitine (C3/C16)",
      "Age": "15.11 Year(s)",
      "Specimen": "blood",
      "Quantity": "4 (ratio)",
      "Quality": "Normal"
    },
    {
      "Name": "Propionylcarnitine/Palmitoylcarnitine (C3/C16)",
      "Age": "15.28 Year(s)",
      "Specimen": "blood",
      "Quantity": "3.7 (ratio)",
      "Quality": "Normal"
    }
  ],
  "Symptoms": [
    {
      "Name": "Hospitalization",
      "Age": "19.65 Month(s)",
      "Range": "yes"
    },
    {
      "Name": "apathia",
      "Age": "19.65 Month(s)",
      "Range": "yes"
    },
    {
      "Name": "ataxia",
      "Age": "2.29 Year(s)",
      "Range": "yes"
    },
    {
      "Name": "cyanosis",
      "Age": "19.65 Month(s)",
      "Range": "yes"
    },
    {
      "Name": "dyskinesia",
      "Age": "6.23 Year(s)",
      "Range": "yes"
    },
    {
      "Name": "hyperreflexia",
      "Age": "6.23 Year(s)",
      "Range": "yes"
    },
    {
      "Name": "hypoglycemia",
      "Age": "19.65 Month(s)",
      "Range": "yes"
    },
    {
      "Name": "hypothermia",
      "Age": "19.65 Month(s)",
      "Range": "yes"
    },
    {
      "Name": "infections [severe or recurrent]",
      "Age": "19.25 Month(s)",
      "Range": "yes"
    },
    {
      "Name": "metabolic acidosis",
      "Age": "19.65 Month(s)",
      "Range": "yes"
    },
    {
      "Name": "metabolic decompensation",
      "Age": "19.65 Month(s)",
      "Range": "yes"
    },
    {
      "Name": "vomiting",
      "Age": "19.48 Month(s)",
      "Range": "severe"
    }
  ],
  "Diet/drugs": [
    {
      "Name": "L-carnitine",
      "Age": "3.25 Year(s)",
      "Dosage": "250 mg/day",
      "Route": "oral"
    },
    {
      "Name": "L-carnitine",
      "Age": "3.6 Year(s)",
      "Dosage": "400 mg/day",
      "Route": "oral"
    },
    {
      "Name": "L-carnitine",
      "Age": "4.3 Year(s)",
      "Dosage": "500 mg/day",
      "Route": "oral"
    },
    {
      "Name": "L-carnitine",
      "Age": "6.23 Year(s)",
      "Dosage": "1.2 g/day",
      "Route": "oral"
    },
    {
      "Name": "hydroxycobalamine",
      "Age": "2.11 Year(s)",
      "Dosage": "2 mg/week",
      "Route": "intramuscular"
    },
    {
      "Name": "hydroxycobalamine",
      "Age": "2.37 Year(s)",
      "Dosage": "0 mg/week",
      "Route": "intramuscular"
    },
    {
      "Name": "protein (natural)",
      "Age": "2.11 Year(s)",
      "Dosage": "17 g/day",
      "Route": "oral"
    },
    {
      "Name": "protein (natural)",
      "Age": "4.3 Year(s)",
      "Dosage": "20 g/day",
      "Route": "oral"
    },
    {
      "Name": "protein (natural)",
      "Age": "6.23 Year(s)",
      "Dosage": "25 g/day",
      "Route": "oral"
    }
  ],
  "Therapy/development": [
    {
      "Name": "blood pressure, diastolic",
      "Age": "13.27 Year(s)",
      "Quantity": "73 mmHG",
      "Type": ""
    },
    {
      "Name": "blood pressure, systolic",
      "Age": "13.27 Year(s)",
      "Quantity": "132 mmHG",
      "Type": ""
    },
    {
      "Name": "head circumference",
      "Age": "19.65 Month(s)",
      "Quantity": "48.5  cm",
      "Type": "development"
    },
    {
      "Name": "head circumference",
      "Age": "2.25 Year(s)",
      "Quantity": "50.7  cm",
      "Type": "development"
    },
    {
      "Name": "length",
      "Age": "19.65 Month(s)",
      "Quantity": "85  cm",
      "Type": "development"
    },
    {
      "Name": "length",
      "Age": "2.25 Year(s)",
      "Quantity": "101.7  cm",
      "Type": "development"
    },
    {
      "Name": "length",
      "Age": "2.6 Year(s)",
      "Quantity": "93.4  cm",
      "Type": "development"
    },
    {
      "Name": "length",
      "Age": "4.3 Year(s)",
      "Quantity": "105  cm",
      "Type": "development"
    },
    {
      "Name": "length",
      "Age": "5.25 Year(s)",
      "Quantity": "111  cm",
      "Type": "development"
    },
    {
      "Name": "length",
      "Age": "6.23 Year(s)",
      "Quantity": "117.2  cm",
      "Type": "development"
    },
    {
      "Name": "length",
      "Age": "7.27 Year(s)",
      "Quantity": "122  cm",
      "Type": "development"
    },
    {
      "Name": "length",
      "Age": "8.26 Year(s)",
      "Quantity": "129.2  cm",
      "Type": "development"
    },
    {
      "Name": "length",
      "Age": "9.23 Year(s)",
      "Quantity": "134.3  cm",
      "Type": "development"
    },
    {
      "Name": "length",
      "Age": "10.28 Year(s)",
      "Quantity": "139.3  cm",
      "Type": "development"
    },
    {
      "Name": "length",
      "Age": "11.26 Year(s)",
      "Quantity": "144.7  cm",
      "Type": "development"
    },
    {
      "Name": "length",
      "Age": "13.27 Year(s)",
      "Quantity": "155.5  cm",
      "Type": "development"
    },
    {
      "Name": "length",
      "Age": "15.28 Year(s)",
      "Quantity": "174  cm",
      "Type": "development"
    },
    {
      "Name": "weight",
      "Age": "19.65 Month(s)",
      "Quantity": "11  kg",
      "Type": "development"
    },
    {
      "Name": "weight",
      "Age": "2.29 Year(s)",
      "Quantity": "13  kg",
      "Type": "development"
    },
    {
      "Name": "weight",
      "Age": "2.6 Year(s)",
      "Quantity": "13.8  kg",
      "Type": "development"
    },
    {
      "Name": "weight",
      "Age": "3.68 Year(s)",
      "Quantity": "15.9  kg",
      "Type": "development"
    },
    {
      "Name": "weight",
      "Age": "4.3 Year(s)",
      "Quantity": "17.3  kg",
      "Type": "development"
    },
    {
      "Name": "weight",
      "Age": "5.25 Year(s)",
      "Quantity": "19.5  kg",
      "Type": "development"
    },
    {
      "Name": "weight",
      "Age": "6.23 Year(s)",
      "Quantity": "21.4  kg",
      "Type": "development"
    },
    {
      "Name": "weight",
      "Age": "7.27 Year(s)",
      "Quantity": "24.7  kg",
      "Type": "development"
    },
    {
      "Name": "weight",
      "Age": "8.26 Year(s)",
      "Quantity": "28.6  kg",
      "Type": "development"
    },
    {
      "Name": "weight",
      "Age": "9.23 Year(s)",
      "Quantity": "29.9  kg",
      "Type": "development"
    },
    {
      "Name": "weight",
      "Age": "10.28 Year(s)",
      "Quantity": "33.9  kg",
      "Type": "development"
    },
    {
      "Name": "weight",
      "Age": "11.26 Year(s)",
      "Quantity": "39.1  kg",
      "Type": "development"
    },
    {
      "Name": "weight",
      "Age": "13.27 Year(s)",
      "Quantity": "47.5  kg",
      "Type": "development"
    },
    {
      "Name": "weight",
      "Age": "15.28 Year(s)",
      "Quantity": "62.5  kg",
      "Type": "development"
    }
  ]
}