{
  "MainData": {
    "Patient ID": "344",
    "Diagnosis": "SUCCINIC SEMIALDEHYDE DEHYDROGENASE DEFICIENCY (MIM 271980)",
    "Gender": "f",
    "Age of symptoms onset": "0 Day(s)",
    "Age of diagnosis": "0 Day(s)",
    "Found in newborn screening": "n",
    "Diagnosis confirmed": "y",
    "Country": "Germany",
    "Ethnic origin": "Mother: German, Father: German",
    "History": "The patient with severe mental retardation and epileptic seizures presented with elevated levels of 4-OH-butyric acid, which led to diagnosis of succinic semialdehyde dehydrogenase deficiency.",
    "Author": "Herbert Korall",
    "Hospital": "Zentrum fuer Stoffwechseldiagnostik Reutlingen",
    "Coauthor(s)": "",
    "Date of entry": "2001-09-19"
  },
  "Molecular genetics": {
    "Gene name": "",
    "Genotype": "",
    "Allele 1": {
      "Trivial name": "",
      "Systematic name": "",
      "Amino acid change": "",
      "Nucleotide change": "",
      "Exon/Intron Boundary/Promotor": ""
    },
    "Allele 2": {
      "Trivial name": "",
      "Systematic name": "",
      "Amino acid change": "",
      "Nucleotide change": "",
      "Exon/Intron Boundary/Promotor": ""
    }
  },
  "Lab findings": [
    {
      "Name": "4-Hydroxybutyric acid",
      "Age": "4.84 Year(s)",
      "Specimen": "urine",
      "Quantity": "550 mmol/mol Crea",
      "Quality": "Increased"
    },
    {
      "Name": "4-Hydroxybutyric acid",
      "Age": "4.85 Year(s)",
      "Specimen": "spinal fluid",
      "Quantity": "594 micro-mol/l",
      "Quality": "Increased"
    },
    {
      "Name": "4-Hydroxybutyric acid",
      "Age": "4.85 Year(s)",
      "Specimen": "serum/plasma",
      "Quantity": "264 micro-mol/l",
      "Quality": "Increased"
    },
    {
      "Name": "4-Hydroxybutyric acid",
      "Age": "5.04 Year(s)",
      "Specimen": "urine",
      "Quantity": "479 mmol/mol Crea",
      "Quality": "Increased"
    },
    {
      "Name": "4-Hydroxybutyric acid",
      "Age": "5.1 Year(s)",
      "Specimen": "serum/plasma",
      "Quantity": "264 micro-mol/l",
      "Quality": "Increased"
    },
    {
      "Name": "4-Hydroxybutyric acid",
      "Age": "5.1 Year(s)",
      "Specimen": "spinal fluid",
      "Quantity": "594 micro-mol/l",
      "Quality": "Increased"
    },
    {
      "Name": "4-Hydroxybutyric acid",
      "Age": "5.1 Year(s)",
      "Specimen": "urine",
      "Quantity": "203 mmol/mol Crea",
      "Quality": "Increased"
    },
    {
      "Name": "4-Hydroxybutyric acid",
      "Age": "5.29 Year(s)",
      "Specimen": "serum/plasma",
      "Quantity": "53 micro-mol/l",
      "Quality": "Increased"
    },
    {
      "Name": "4-Hydroxybutyric acid",
      "Age": "5.29 Year(s)",
      "Specimen": "urine",
      "Quantity": "170 mmol/mol Crea",
      "Quality": "Increased"
    },
    {
      "Name": "4-Hydroxybutyric acid",
      "Age": "6.29 Year(s)",
      "Specimen": "serum/plasma",
      "Quantity": "47 micro-mol/l",
      "Quality": "Increased"
    },
    {
      "Name": "4-Hydroxybutyric acid",
      "Age": "6.29 Year(s)",
      "Specimen": "urine",
      "Quantity": "71 mmol/mol Crea",
      "Quality": "Increased"
    },
    {
      "Name": "Glycine",
      "Age": "5.1 Year(s)",
      "Specimen": "serum/plasma",
      "Quantity": "246 micro-mol/l",
      "Quality": "Normal"
    },
    {
      "Name": "Glycine",
      "Age": "5.1 Year(s)",
      "Specimen": "spinal fluid",
      "Quantity": "6.5 micro-mol/l",
      "Quality": "Normal"
    },
    {
      "Name": "Succinic semialdehyde dehydrogenase",
      "Age": "4.85 Year(s)",
      "Specimen": "leucocytes",
      "Quantity": "0 % activity",
      "Quality": "Decreased"
    }
  ],
  "Symptoms": [
    {
      "Name": "dysmorphism",
      "Age": "4.85 Year(s)",
      "Range": "yes"
    },
    {
      "Name": "mental retardation",
      "Age": "4.85 Year(s)",
      "Range": "+++"
    },
    {
      "Name": "motor retardation",
      "Age": "4.85 Year(s)",
      "Range": "yes"
    }
  ],
  "Diet/drugs": [
    {
      "Name": "vigabatrin",
      "Age": "4.85 Year(s)",
      "Dosage": "50 mg/kg/day",
      "Route": "oral"
    }
  ],
  "Therapy/development": []
}