{
  "MainData": {
    "Patient ID": "358",
    "Diagnosis": "ACYL-CoA DEHYDROGENASE, MEDIUM-CHAIN, DEFICIENCY OF (MIM 201450)",
    "Gender": "f",
    "Age of symptoms onset": "0 Day(s)",
    "Age of diagnosis": "0 Day(s)",
    "Found in newborn screening": "y",
    "Diagnosis confirmed": "y",
    "Country": "Australia",
    "Ethnic origin": "Mother: unknown, Father: unknown",
    "History": "Patient 7 of Table 1 in Publication.\nSex not mentioned in the text.\n\nArch Dis Child Fetal Neonatal Ed 2001;\n85:F105-F10911517203",
    "Author": "Published Cases",
    "Hospital": "Published Case",
    "Coauthor(s)": "Carpenter K, Wiley V, Sim KG, Heath D, Wilcken B",
    "Date of entry": "2001-09-24"
  },
  "Molecular genetics": {
    "Gene name": "MCAD gene",
    "Genotype": "K329E/ K329E",
    "Allele 1": {
      "Trivial name": "K329E",
      "Systematic name": "c.985A>G",
      "Amino acid change": "Lys->Glu",
      "Nucleotide change": "AAA->GAA",
      "Exon/Intron Boundary/Promotor": "11"
    },
    "Allele 2": {
      "Trivial name": "K329E",
      "Systematic name": "c.985A>G",
      "Amino acid change": "Lys->Glu",
      "Nucleotide change": "AAA->GAA",
      "Exon/Intron Boundary/Promotor": "11"
    }
  },
  "Lab findings": [
    {
      "Name": "Decenoylcarnitine (C10:1)",
      "Age": "8.57 Week(s)",
      "Specimen": "serum/plasma",
      "Quantity": "0.7 micro-mol/l",
      "Quality": "Increased"
    },
    {
      "Name": "Hexanoylcarnitine (C6)",
      "Age": "1 Day(s)",
      "Specimen": "serum/plasma",
      "Quantity": "1.1 micro-mol/l",
      "Quality": "Increased"
    },
    {
      "Name": "Octanoylcarnitine (C8)",
      "Age": "1 Day(s)",
      "Specimen": "blood",
      "Quantity": "8 micro-mol/l",
      "Quality": "Increased"
    },
    {
      "Name": "Octanoylcarnitine (C8)",
      "Age": "8.57 Week(s)",
      "Specimen": "serum/plasma",
      "Quantity": "5.7 micro-mol/l",
      "Quality": "Increased"
    }
  ],
  "Symptoms": [],
  "Diet/drugs": [],
  "Therapy/development": []
}