{
  "MainData": {
    "Patient ID": "365",
    "Diagnosis": "MAPLE SYRUP URINE DISEASE (MIM 248600)",
    "Gender": "m",
    "Age of symptoms onset": "4 Day(s)",
    "Age of diagnosis": "6.42 Week(s)",
    "Found in newborn screening": "n",
    "Diagnosis confirmed": "y",
    "Country": "Germany",
    "Ethnic origin": "Mother: German, Father: German",
    "History": "The first child of healthy parents was born spontaneously after uncomplicated pregnancy. \nOn his 4th day of life he presented with seizures and one day later with severe feeding difficulties.Admitted to hospital, an unusual urine odor was noticed.\nDiagnose was made because of increased loads of valine, leucine and isoleucine in serum.\nThe patient is suffering from  strong cerebral defect with tetraplegia.",
    "Author": "Willy Lehnert",
    "Hospital": "University Childrens Hospital Freiburg",
    "Coauthor(s)": "",
    "Date of entry": "2001-09-24"
  },
  "Molecular genetics": {
    "Gene name": "",
    "Genotype": "",
    "Allele 1": {
      "Trivial name": "",
      "Systematic name": "",
      "Amino acid change": "",
      "Nucleotide change": "",
      "Exon/Intron Boundary/Promotor": ""
    },
    "Allele 2": {
      "Trivial name": "",
      "Systematic name": "",
      "Amino acid change": "",
      "Nucleotide change": "",
      "Exon/Intron Boundary/Promotor": ""
    }
  },
  "Lab findings": [
    {
      "Name": "Isoleucine",
      "Age": "6.14 Week(s)",
      "Specimen": "serum/plasma",
      "Quantity": "",
      "Quality": "Increased"
    },
    {
      "Name": "Isoleucine",
      "Age": "8.86 Week(s)",
      "Specimen": "serum/plasma",
      "Quantity": "1290 micro-mol/l",
      "Quality": "Increased"
    },
    {
      "Name": "Isoleucine",
      "Age": "3.43 Year(s)",
      "Specimen": "serum/plasma",
      "Quantity": "147 micro-mol/l",
      "Quality": "Increased"
    },
    {
      "Name": "Leucine",
      "Age": "6.14 Week(s)",
      "Specimen": "serum/plasma",
      "Quantity": "",
      "Quality": "Increased"
    },
    {
      "Name": "Leucine",
      "Age": "8.86 Week(s)",
      "Specimen": "serum/plasma",
      "Quantity": "1550 micro-mol/l",
      "Quality": "Increased"
    },
    {
      "Name": "Leucine",
      "Age": "3.43 Year(s)",
      "Specimen": "serum/plasma",
      "Quantity": "636 micro-mol/l",
      "Quality": "Increased"
    },
    {
      "Name": "Valine",
      "Age": "6.14 Week(s)",
      "Specimen": "serum/plasma",
      "Quantity": "",
      "Quality": "Increased"
    },
    {
      "Name": "Valine",
      "Age": "8.86 Week(s)",
      "Specimen": "serum/plasma",
      "Quantity": "1390 micro-mol/l",
      "Quality": "Increased"
    },
    {
      "Name": "Valine",
      "Age": "3.43 Year(s)",
      "Specimen": "serum/plasma",
      "Quantity": "99 micro-mol/l",
      "Quality": "Increased"
    }
  ],
  "Symptoms": [
    {
      "Name": "apnea",
      "Age": "11 Day(s)",
      "Range": "yes"
    },
    {
      "Name": "dyspnea",
      "Age": "6 Day(s)",
      "Range": "yes"
    },
    {
      "Name": "feeding difficulties, poor feeding",
      "Age": "4 Day(s)",
      "Range": "moderate"
    },
    {
      "Name": "hypotonia",
      "Age": "8.86 Week(s)",
      "Range": "yes"
    },
    {
      "Name": "metabolic acidosis",
      "Age": "6 Day(s)",
      "Range": "yes"
    },
    {
      "Name": "motor retardation",
      "Age": "8.86 Week(s)",
      "Range": "yes"
    },
    {
      "Name": "odor unusual",
      "Age": "6 Day(s)",
      "Range": "maple sirup or caramel"
    },
    {
      "Name": "opisthotonus",
      "Age": "8.86 Week(s)",
      "Range": "yes"
    },
    {
      "Name": "seizures",
      "Age": "3 Day(s)",
      "Range": "yes"
    },
    {
      "Name": "seizures",
      "Age": "6 Day(s)",
      "Range": "yes"
    },
    {
      "Name": "spastic diplegia/quadriplegia",
      "Age": "8.86 Week(s)",
      "Range": "yes"
    }
  ],
  "Diet/drugs": [],
  "Therapy/development": []
}