{
  "MainData": {
    "Patient ID": "371",
    "Diagnosis": "BIOTINIDASE DEFICIENCYMULTIPLE CARBOXYLASE DEFICIENCY, LATE-ONSET (MIM 253260)",
    "Gender": "f",
    "Age of symptoms onset": "4 Month(s)",
    "Age of diagnosis": "4.4 Month(s)",
    "Found in newborn screening": "n",
    "Diagnosis confirmed": "y",
    "Country": "Germany",
    "Ethnic origin": "Mother: Turkish, Father: Turkish",
    "History": "9th child of healthy Turkish parents. No problems under pregnancy. Birth without any complications. 4 elder siblings had died in early infancy in Turkey.\nFirst symptoms appeared at the age of 4 months. The patient was remarkable for severe seizures.\nDecreased levels of biotine in plasma and urine were found and led to the diagnosis of biotinidase deficiency, which was confirmed by decreased activity of biotinidase in lymphocytes.\nSince biotine therapy was initiated, the girl developed well.",
    "Author": "Willy Lehnert",
    "Hospital": "University Childrens Hospital Freiburg",
    "Coauthor(s)": "",
    "Date of entry": "2001-09-26"
  },
  "Molecular genetics": {
    "Gene name": "",
    "Genotype": "",
    "Allele 1": {
      "Trivial name": "",
      "Systematic name": "",
      "Amino acid change": "",
      "Nucleotide change": "",
      "Exon/Intron Boundary/Promotor": ""
    },
    "Allele 2": {
      "Trivial name": "",
      "Systematic name": "",
      "Amino acid change": "",
      "Nucleotide change": "",
      "Exon/Intron Boundary/Promotor": ""
    }
  },
  "Lab findings": [
    {
      "Name": "3-Hydroxyisovaleric acid",
      "Age": "4.47 Month(s)",
      "Specimen": "urine",
      "Quantity": "",
      "Quality": "Increased"
    },
    {
      "Name": "Lactate",
      "Age": "4.47 Month(s)",
      "Specimen": "blood",
      "Quantity": "2.3 mmol/l",
      "Quality": "Normal"
    },
    {
      "Name": "Biotinidase",
      "Age": "4.4 Month(s)",
      "Specimen": "leucocytes",
      "Quantity": "",
      "Quality": "Decreased"
    }
  ],
  "Symptoms": [
    {
      "Name": "hair loss",
      "Age": "7.29 Year(s)",
      "Range": "yes"
    },
    {
      "Name": "seizures",
      "Age": "4.27 Month(s)",
      "Range": "yes"
    },
    {
      "Name": "seizures",
      "Age": "4.47 Month(s)",
      "Range": "yes"
    },
    {
      "Name": "seizures",
      "Age": "4.5 Month(s)",
      "Range": "yes"
    },
    {
      "Name": "seizures",
      "Age": "4.54 Month(s)",
      "Range": "yes"
    },
    {
      "Name": "seizures",
      "Age": "4.57 Month(s)",
      "Range": "yes"
    }
  ],
  "Diet/drugs": [],
  "Therapy/development": []
}