{
  "MainData": {
    "Patient ID": "372",
    "Diagnosis": "BIOTINIDASE DEFICIENCYMULTIPLE CARBOXYLASE DEFICIENCY, LATE-ONSET (MIM 253260)",
    "Gender": "f",
    "Age of symptoms onset": "5 Week(s)",
    "Age of diagnosis": "2.73 Month(s)",
    "Found in newborn screening": "n",
    "Diagnosis confirmed": "y",
    "Country": "Germany",
    "Ethnic origin": "Mother: Turkish, Father: Turkish",
    "History": "The 8th child of healthy Turkish parents was admitted to hospital at the age of 5 weeks with abdominal distension. Four weeks later, the parents noticed jitterness and muscular hypotonia. In hospital, seizures occured.\nElevated excretion of lactate, 3-OH-valeric acid, methylcitric acid and N-3-Methylcrotonylglycine was typical for biotinidase deficiency. Diagnosis was confirmed by decreased activity of biotinidase in lymphocytes.\nTherapy with daily doses of biotine normalized psychmotoric development and stopped seizures, alopecia and abdominal distension.\nAt the age of 4 1/2 years, severe hearing defect was diagnosed.",
    "Author": "Willy Lehnert",
    "Hospital": "University Childrens Hospital Freiburg",
    "Coauthor(s)": "",
    "Date of entry": "2001-09-27"
  },
  "Molecular genetics": {
    "Gene name": "",
    "Genotype": "",
    "Allele 1": {
      "Trivial name": "",
      "Systematic name": "",
      "Amino acid change": "",
      "Nucleotide change": "",
      "Exon/Intron Boundary/Promotor": ""
    },
    "Allele 2": {
      "Trivial name": "",
      "Systematic name": "",
      "Amino acid change": "",
      "Nucleotide change": "",
      "Exon/Intron Boundary/Promotor": ""
    }
  },
  "Lab findings": [
    {
      "Name": "3-Hydroxypropionic acid",
      "Age": "2.1 Month(s)",
      "Specimen": "urine",
      "Quantity": "",
      "Quality": "Increased"
    },
    {
      "Name": "3-Hydroxyvaleric acid",
      "Age": "2.1 Month(s)",
      "Specimen": "urine",
      "Quantity": "",
      "Quality": "Increased"
    },
    {
      "Name": "ALAT (GPT)",
      "Age": "8.86 Week(s)",
      "Specimen": "serum/plasma",
      "Quantity": "106 U/l",
      "Quality": "Increased"
    },
    {
      "Name": "ALAT (GPT)",
      "Age": "3.94 Month(s)",
      "Specimen": "serum/plasma",
      "Quantity": "36 U/l",
      "Quality": "Increased"
    },
    {
      "Name": "ASAT (GOT)",
      "Age": "8.86 Week(s)",
      "Specimen": "serum/plasma",
      "Quantity": "81 U/l",
      "Quality": "Increased"
    },
    {
      "Name": "ASAT (GOT)",
      "Age": "3.94 Month(s)",
      "Specimen": "serum/plasma",
      "Quantity": "25 U/l",
      "Quality": "Normal"
    },
    {
      "Name": "gamma-Glutamyl transpeptidase",
      "Age": "8.86 Week(s)",
      "Specimen": "serum/plasma",
      "Quantity": "74 U/l",
      "Quality": "Increased"
    },
    {
      "Name": "Lactate",
      "Age": "2.1 Month(s)",
      "Specimen": "urine",
      "Quantity": "",
      "Quality": "Increased"
    },
    {
      "Name": "Methylcitric acid",
      "Age": "2.1 Month(s)",
      "Specimen": "urine",
      "Quantity": "",
      "Quality": "Increased"
    },
    {
      "Name": "Propionyl CoA carboxylase",
      "Age": "4.04 Month(s)",
      "Specimen": "leucocytes",
      "Quantity": "20 % activity",
      "Quality": "Decreased"
    },
    {
      "Name": "Biotinidase",
      "Age": "4.04 Month(s)",
      "Specimen": "leucocytes",
      "Quantity": "",
      "Quality": "Decreased"
    }
  ],
  "Symptoms": [
    {
      "Name": "abdominal distension",
      "Age": "5 Week(s)",
      "Range": "yes"
    },
    {
      "Name": "abdominal distension",
      "Age": "8.86 Week(s)",
      "Range": "yes"
    },
    {
      "Name": "alopecia",
      "Age": "2.33 Month(s)",
      "Range": "yes"
    },
    {
      "Name": "apathia",
      "Age": "8.86 Week(s)",
      "Range": "yes"
    },
    {
      "Name": "hearing defect, deafness",
      "Age": "3.6 Year(s)",
      "Range": "yes"
    },
    {
      "Name": "hypotonia",
      "Age": "8.86 Week(s)",
      "Range": "yes"
    },
    {
      "Name": "infections [severe or recurrent]",
      "Age": "7.33 Year(s)",
      "Range": "yes"
    },
    {
      "Name": "jitterness",
      "Age": "8.86 Week(s)",
      "Range": "yes"
    },
    {
      "Name": "motor retardation",
      "Age": "8.86 Week(s)",
      "Range": "yes"
    },
    {
      "Name": "seizures",
      "Age": "2.33 Month(s)",
      "Range": "yes"
    },
    {
      "Name": "speech development, delayed, abnormal",
      "Age": "3.6 Year(s)",
      "Range": "yes"
    },
    {
      "Name": "strabismus",
      "Age": "3.6 Year(s)",
      "Range": "yes"
    }
  ],
  "Diet/drugs": [],
  "Therapy/development": []
}