{
  "MainData": {
    "Patient ID": "374",
    "Diagnosis": "REFSUM DISEASE (MIM 266500)",
    "Gender": "m",
    "Age of symptoms onset": "10 Month(s)",
    "Age of diagnosis": "4.93 Year(s)",
    "Found in newborn screening": "n",
    "Diagnosis confirmed": "y",
    "Country": "Germany",
    "Ethnic origin": "Mother: German, Father: German",
    "History": "The patient is born by a 15 years old mother, his father is identical with his grandfather. Father, grandmother and siblings of mother suffer from mental retardation.\nThe infant was admitted to hospital for the first time in his 10th month of life with motor retardation and hypotonia.\nIchthyosis of skin, areflexia and ataxia made think of REFSUM disease. Diagnosis was made because of elevated level of phytanic acid in serum.\nTherapy with phytanic acid restricted diet was initiated, but could not prevent severe hearing defect and skeletal deformities. Cardiomyopathia and retinitis pigmentosa do not exist in this patient.",
    "Author": "Willy Lehnert",
    "Hospital": "University Childrens Hospital Freiburg",
    "Coauthor(s)": "Erik Harms",
    "Date of entry": "2001-09-27"
  },
  "Molecular genetics": {
    "Gene name": "",
    "Genotype": "",
    "Allele 1": {
      "Trivial name": "",
      "Systematic name": "",
      "Amino acid change": "",
      "Nucleotide change": "",
      "Exon/Intron Boundary/Promotor": ""
    },
    "Allele 2": {
      "Trivial name": "",
      "Systematic name": "",
      "Amino acid change": "",
      "Nucleotide change": "",
      "Exon/Intron Boundary/Promotor": ""
    }
  },
  "Lab findings": [
    {
      "Name": "Phytanic acid",
      "Age": "4.93 Year(s)",
      "Specimen": "serum/plasma",
      "Quantity": "",
      "Quality": "Increased"
    },
    {
      "Name": "Phytanic acid",
      "Age": "6.49 Year(s)",
      "Specimen": "serum/plasma",
      "Quantity": "",
      "Quality": "Normal"
    },
    {
      "Name": "Phytanic acid",
      "Age": "12.64 Year(s)",
      "Specimen": "serum/plasma",
      "Quantity": "",
      "Quality": "Increased"
    },
    {
      "Name": "Phytanic acid",
      "Age": "13.78 Year(s)",
      "Specimen": "serum/plasma",
      "Quantity": "",
      "Quality": "Normal"
    },
    {
      "Name": "Phytanic acid",
      "Age": "13.99 Year(s)",
      "Specimen": "serum/plasma",
      "Quantity": "",
      "Quality": "Normal"
    },
    {
      "Name": "Phytanic acid",
      "Age": "14.32 Year(s)",
      "Specimen": "serum/plasma",
      "Quantity": "",
      "Quality": "Normal"
    },
    {
      "Name": "Phytanic acid",
      "Age": "14.74 Year(s)",
      "Specimen": "serum/plasma",
      "Quantity": "",
      "Quality": "Normal"
    },
    {
      "Name": "Phytanic acid",
      "Age": "15.34 Year(s)",
      "Specimen": "serum/plasma",
      "Quantity": "",
      "Quality": "Normal"
    }
  ],
  "Symptoms": [
    {
      "Name": "abdominal distension",
      "Age": "16.46 Month(s)",
      "Range": "yes"
    },
    {
      "Name": "areflexia",
      "Age": "3.03 Year(s)",
      "Range": "yes"
    },
    {
      "Name": "ataxia",
      "Age": "3.03 Year(s)",
      "Range": "yes"
    },
    {
      "Name": "decreased muscle volume, atrophy or hypoplasia",
      "Age": "12.64 Year(s)",
      "Range": "yes"
    },
    {
      "Name": "defect of walking, running, rising or climbing",
      "Age": "2.77 Year(s)",
      "Range": "yes"
    },
    {
      "Name": "foot deformities",
      "Age": "12.64 Year(s)",
      "Range": "yes"
    },
    {
      "Name": "hearing defect, deafness",
      "Age": "8.88 Year(s)",
      "Range": "yes"
    },
    {
      "Name": "hypotonia",
      "Age": "10.41 Month(s)",
      "Range": "yes"
    },
    {
      "Name": "ichthyosis",
      "Age": "2.34 Year(s)",
      "Range": "yes"
    },
    {
      "Name": "kyphoskoliosis",
      "Age": "12.64 Year(s)",
      "Range": "yes"
    },
    {
      "Name": "macroglossia, [large/protruding tongue]",
      "Age": "16.46 Month(s)",
      "Range": "yes"
    },
    {
      "Name": "mental retardation",
      "Age": "3.03 Year(s)",
      "Range": "++"
    },
    {
      "Name": "motor retardation",
      "Age": "10.41 Month(s)",
      "Range": "yes"
    },
    {
      "Name": "nasal bridge",
      "Age": "16.46 Month(s)",
      "Range": "broad"
    },
    {
      "Name": "pneumonia",
      "Age": "9.43 Year(s)",
      "Range": "yes"
    }
  ],
  "Diet/drugs": [],
  "Therapy/development": []
}