{
  "MainData": {
    "Patient ID": "378",
    "Diagnosis": "MAPLE SYRUP URINE DISEASE (MIM 248600)",
    "Gender": "f",
    "Age of symptoms onset": "10 Day(s)",
    "Age of diagnosis": "0 Day(s)",
    "Found in newborn screening": "n",
    "Diagnosis confirmed": "y",
    "Country": "Germany",
    "Ethnic origin": "Mother: Arabian, Father: Arabian",
    "History": "At the age of ten days, the patient presented with sepsis, hypotonia, lethargy, alkalosis, raised plasma ammonia.\nIncreased loads of valine and leucine in serum were remarkable.\nThere is a family history of more than two perinatal deaths and brain damage.",
    "Author": "Willy Lehnert",
    "Hospital": "University Childrens Hospital Freiburg",
    "Coauthor(s)": "",
    "Date of entry": "2001-10-06"
  },
  "Molecular genetics": {
    "Gene name": "",
    "Genotype": "",
    "Allele 1": {
      "Trivial name": "",
      "Systematic name": "",
      "Amino acid change": "",
      "Nucleotide change": "",
      "Exon/Intron Boundary/Promotor": ""
    },
    "Allele 2": {
      "Trivial name": "",
      "Systematic name": "",
      "Amino acid change": "",
      "Nucleotide change": "",
      "Exon/Intron Boundary/Promotor": ""
    }
  },
  "Lab findings": [
    {
      "Name": "Ammonia",
      "Age": "10 Day(s)",
      "Specimen": "serum/plasma",
      "Quantity": "",
      "Quality": "Increased"
    },
    {
      "Name": "Cystine",
      "Age": "4.57 Week(s)",
      "Specimen": "serum/plasma",
      "Quantity": "",
      "Quality": "Increased"
    },
    {
      "Name": "Leucine",
      "Age": "4.57 Week(s)",
      "Specimen": "serum/plasma",
      "Quantity": "",
      "Quality": "Increased"
    },
    {
      "Name": "Valine",
      "Age": "4.57 Week(s)",
      "Specimen": "serum/plasma",
      "Quantity": "",
      "Quality": "Increased"
    }
  ],
  "Symptoms": [
    {
      "Name": "hypotonia",
      "Age": "10 Day(s)",
      "Range": "yes"
    },
    {
      "Name": "lethargy, drowsiness, malaise or sleep disorder",
      "Age": "10 Day(s)",
      "Range": "yes"
    },
    {
      "Name": "metabolic alkalosis",
      "Age": "10 Day(s)",
      "Range": "yes"
    },
    {
      "Name": "sepsis",
      "Age": "10 Day(s)",
      "Range": "yes"
    }
  ],
  "Diet/drugs": [],
  "Therapy/development": []
}