{
  "MainData": {
    "Patient ID": "379",
    "Diagnosis": "MAPLE SYRUP URINE DISEASE (MIM 248600)",
    "Gender": "f",
    "Age of symptoms onset": "0 Day(s)",
    "Age of diagnosis": "2 Day(s)",
    "Found in newborn screening": "n",
    "Diagnosis confirmed": "y",
    "Country": "Germany",
    "Ethnic origin": "Mother: German, Father: German",
    "History": "",
    "Author": "Willy Lehnert",
    "Hospital": "University Childrens Hospital Freiburg",
    "Coauthor(s)": "",
    "Date of entry": "2001-10-06"
  },
  "Molecular genetics": {
    "Gene name": "",
    "Genotype": "",
    "Allele 1": {
      "Trivial name": "",
      "Systematic name": "",
      "Amino acid change": "",
      "Nucleotide change": "",
      "Exon/Intron Boundary/Promotor": ""
    },
    "Allele 2": {
      "Trivial name": "",
      "Systematic name": "",
      "Amino acid change": "",
      "Nucleotide change": "",
      "Exon/Intron Boundary/Promotor": ""
    }
  },
  "Lab findings": [
    {
      "Name": "allo-Isoleucine",
      "Age": "2.54 Year(s)",
      "Specimen": "serum/plasma",
      "Quantity": "70 micro-mol/l",
      "Quality": "Increased"
    },
    {
      "Name": "allo-Isoleucine",
      "Age": "2.56 Year(s)",
      "Specimen": "serum/plasma",
      "Quantity": "80 micro-mol/l",
      "Quality": "Increased"
    },
    {
      "Name": "allo-Isoleucine",
      "Age": "2.58 Year(s)",
      "Specimen": "serum/plasma",
      "Quantity": "106 micro-mol/l",
      "Quality": "Increased"
    },
    {
      "Name": "allo-Isoleucine",
      "Age": "2.6 Year(s)",
      "Specimen": "serum/plasma",
      "Quantity": "130 micro-mol/l",
      "Quality": "Increased"
    },
    {
      "Name": "allo-Isoleucine",
      "Age": "2.63 Year(s)",
      "Specimen": "serum/plasma",
      "Quantity": "125 micro-mol/l",
      "Quality": "Increased"
    },
    {
      "Name": "Isoleucine",
      "Age": "2.54 Year(s)",
      "Specimen": "serum/plasma",
      "Quantity": "200 micro-mol/l",
      "Quality": "Increased"
    },
    {
      "Name": "Isoleucine",
      "Age": "2.56 Year(s)",
      "Specimen": "serum/plasma",
      "Quantity": "100 micro-mol/l",
      "Quality": "Increased"
    },
    {
      "Name": "Isoleucine",
      "Age": "2.58 Year(s)",
      "Specimen": "serum/plasma",
      "Quantity": "70 micro-mol/l",
      "Quality": "Normal"
    },
    {
      "Name": "Isoleucine",
      "Age": "2.6 Year(s)",
      "Specimen": "serum/plasma",
      "Quantity": "50 micro-mol/l",
      "Quality": "Normal"
    },
    {
      "Name": "Isoleucine",
      "Age": "2.63 Year(s)",
      "Specimen": "serum/plasma",
      "Quantity": "130 micro-mol/l",
      "Quality": "Increased"
    },
    {
      "Name": "Leucine",
      "Age": "2.54 Year(s)",
      "Specimen": "serum/plasma",
      "Quantity": "120 micro-mol/l",
      "Quality": "Normal"
    },
    {
      "Name": "Leucine",
      "Age": "2.56 Year(s)",
      "Specimen": "serum/plasma",
      "Quantity": "160 micro-mol/l",
      "Quality": "Normal"
    },
    {
      "Name": "Leucine",
      "Age": "2.58 Year(s)",
      "Specimen": "serum/plasma",
      "Quantity": "270 micro-mol/l",
      "Quality": "Increased"
    },
    {
      "Name": "Leucine",
      "Age": "2.6 Year(s)",
      "Specimen": "serum/plasma",
      "Quantity": "160 micro-mol/l",
      "Quality": "Normal"
    },
    {
      "Name": "Leucine",
      "Age": "2.63 Year(s)",
      "Specimen": "serum/plasma",
      "Quantity": "100 micro-mol/l",
      "Quality": "Normal"
    },
    {
      "Name": "Valine",
      "Age": "2.54 Year(s)",
      "Specimen": "serum/plasma",
      "Quantity": "110 micro-mol/l",
      "Quality": "Normal"
    },
    {
      "Name": "Valine",
      "Age": "2.56 Year(s)",
      "Specimen": "serum/plasma",
      "Quantity": "80 micro-mol/l",
      "Quality": "Normal"
    },
    {
      "Name": "Valine",
      "Age": "2.58 Year(s)",
      "Specimen": "serum/plasma",
      "Quantity": "60 micro-mol/l",
      "Quality": "Normal"
    },
    {
      "Name": "Valine",
      "Age": "2.6 Year(s)",
      "Specimen": "serum/plasma",
      "Quantity": "110 micro-mol/l",
      "Quality": "Normal"
    },
    {
      "Name": "Valine",
      "Age": "2.63 Year(s)",
      "Specimen": "serum/plasma",
      "Quantity": "80 micro-mol/l",
      "Quality": "Normal"
    }
  ],
  "Symptoms": [],
  "Diet/drugs": [],
  "Therapy/development": []
}