{
  "MainData": {
    "Patient ID": "388",
    "Diagnosis": "MAPLE SYRUP URINE DISEASE (MIM 248600)",
    "Gender": "f",
    "Age of symptoms onset": "2 Month(s)",
    "Age of diagnosis": "8.8 Month(s)",
    "Found in newborn screening": "n",
    "Diagnosis confirmed": "y",
    "Country": "Germany",
    "Ethnic origin": "Mother: Arabian, Father: Arabian",
    "History": "First child of consanguineous Arabian parents. The girl was born spontaneously after uncomplicated pregnancy.\nAt the age of two months she presented with seizures and feeding difficulties.\nAt the age of 8 months, the girl was admitted to hospital. Growth retardation and hearing problems were noticed. Increased levels of valine, leucine and isoleucinein in serum and spinal fluid led to the diagnosis of MSUD.",
    "Author": "Willy Lehnert",
    "Hospital": "University Childrens Hospital Freiburg",
    "Coauthor(s)": "",
    "Date of entry": "2001-10-21"
  },
  "Molecular genetics": {
    "Gene name": "",
    "Genotype": "",
    "Allele 1": {
      "Trivial name": "",
      "Systematic name": "",
      "Amino acid change": "",
      "Nucleotide change": "",
      "Exon/Intron Boundary/Promotor": ""
    },
    "Allele 2": {
      "Trivial name": "",
      "Systematic name": "",
      "Amino acid change": "",
      "Nucleotide change": "",
      "Exon/Intron Boundary/Promotor": ""
    }
  },
  "Lab findings": [
    {
      "Name": "2-Oxoisocaproic acid",
      "Age": "8.8 Month(s)",
      "Specimen": "urine",
      "Quantity": "",
      "Quality": "Abnormal"
    },
    {
      "Name": "2-Oxoisovaleric acid",
      "Age": "8.8 Month(s)",
      "Specimen": "urine",
      "Quantity": "",
      "Quality": "Abnormal"
    },
    {
      "Name": "Ammonia",
      "Age": "8.8 Month(s)",
      "Specimen": "serum/plasma",
      "Quantity": "",
      "Quality": "Increased"
    },
    {
      "Name": "Isoleucine",
      "Age": "8.8 Month(s)",
      "Specimen": "serum/plasma",
      "Quantity": "623 micro-mol/l",
      "Quality": "Increased"
    },
    {
      "Name": "Isoleucine",
      "Age": "8.8 Month(s)",
      "Specimen": "spinal fluid",
      "Quantity": "",
      "Quality": "Increased"
    },
    {
      "Name": "Leucine",
      "Age": "8.8 Month(s)",
      "Specimen": "serum/plasma",
      "Quantity": "3306 micro-mol/l",
      "Quality": "Increased"
    },
    {
      "Name": "Leucine",
      "Age": "8.8 Month(s)",
      "Specimen": "spinal fluid",
      "Quantity": "",
      "Quality": "Increased"
    },
    {
      "Name": "Valine",
      "Age": "8.8 Month(s)",
      "Specimen": "serum/plasma",
      "Quantity": "875 micro-mol/l",
      "Quality": "Increased"
    },
    {
      "Name": "Valine",
      "Age": "8.8 Month(s)",
      "Specimen": "spinal fluid",
      "Quantity": "",
      "Quality": "Increased"
    }
  ],
  "Symptoms": [
    {
      "Name": "feeding difficulties, poor feeding",
      "Age": "8.8 Month(s)",
      "Range": "severe"
    },
    {
      "Name": "growth retardation",
      "Age": "8.8 Month(s)",
      "Range": "yes"
    },
    {
      "Name": "hearing defect, deafness",
      "Age": "8.8 Month(s)",
      "Range": "yes"
    },
    {
      "Name": "lethargy, drowsiness, malaise or sleep disorder",
      "Age": "8.8 Month(s)",
      "Range": "yes"
    },
    {
      "Name": "metabolic acidosis",
      "Age": "8.8 Month(s)",
      "Range": "yes"
    },
    {
      "Name": "seizures",
      "Age": "8.57 Week(s)",
      "Range": "yes"
    }
  ],
  "Diet/drugs": [],
  "Therapy/development": []
}