{
  "MainData": {
    "Patient ID": "391",
    "Diagnosis": "SMITH-LEMLI-OPITZ SYNDROME (MIM 270400)",
    "Gender": "m",
    "Age of symptoms onset": "1 Day(s)",
    "Age of diagnosis": "8.71 Week(s)",
    "Found in newborn screening": "n",
    "Diagnosis confirmed": "n",
    "Country": "Germany",
    "Ethnic origin": "Mother: German, Father: German",
    "History": "Pregnancy: small for date, amniocentesis: no abnormalities detected (chromosomal analysis only).\nBirth at term, weigth 2650 g, length 46 cm, head circumference 33 cm.\nCraniofacial stigmata: Retromicrognathia, anteverted nares.\nSkeletal malformations: proximally placed, short thumbs, simian crease.\nFeeding difficulties, but tube feeding was not necessary. \nSurgical correction of bilateral inguinal hernias with 2 weeks and with 1 year (right side).\nSurgical correction of cleft palate with 14 months.\nModerate delay of psychomotor development. \nMain problems: excessive screaming, tantrum spells, autoaggressive behaviour, sleeping problems.",
    "Author": "Dorothea Haas",
    "Hospital": "University Childrens Hospital Heidelberg",
    "Coauthor(s)": "",
    "Date of entry": "2001-10-22"
  },
  "Molecular genetics": {
    "Gene name": "",
    "Genotype": "",
    "Allele 1": {
      "Trivial name": "",
      "Systematic name": "",
      "Amino acid change": "",
      "Nucleotide change": "",
      "Exon/Intron Boundary/Promotor": ""
    },
    "Allele 2": {
      "Trivial name": "",
      "Systematic name": "",
      "Amino acid change": "",
      "Nucleotide change": "",
      "Exon/Intron Boundary/Promotor": ""
    }
  },
  "Lab findings": [
    {
      "Name": "7-Dehydrocholesterol",
      "Age": "8.71 Week(s)",
      "Specimen": "serum/plasma",
      "Quantity": "",
      "Quality": "Increased"
    },
    {
      "Name": "7-Dehydrocholesterol",
      "Age": "5.09 Month(s)",
      "Specimen": "serum/plasma",
      "Quantity": "364 micro-mol/l",
      "Quality": "Increased"
    },
    {
      "Name": "7-Dehydrocholesterol",
      "Age": "14.29 Month(s)",
      "Specimen": "serum/plasma",
      "Quantity": "494 micro-mol/l",
      "Quality": "Increased"
    },
    {
      "Name": "7-Dehydrocholesterol",
      "Age": "16.03 Month(s)",
      "Specimen": "serum/plasma",
      "Quantity": "402 micro-mol/l",
      "Quality": "Increased"
    },
    {
      "Name": "7-Dehydrocholesterol",
      "Age": "21.46 Month(s)",
      "Specimen": "serum/plasma",
      "Quantity": "785 micro-mol/l",
      "Quality": "Increased"
    },
    {
      "Name": "7-Dehydrocholesterol",
      "Age": "2.03 Year(s)",
      "Specimen": "serum/plasma",
      "Quantity": "304 micro-mol/l",
      "Quality": "Increased"
    },
    {
      "Name": "7-Dehydrocholesterol",
      "Age": "2.31 Year(s)",
      "Specimen": "serum/plasma",
      "Quantity": "356 micro-mol/l",
      "Quality": "Increased"
    },
    {
      "Name": "7-Dehydrocholesterol",
      "Age": "2.53 Year(s)",
      "Specimen": "serum/plasma",
      "Quantity": "470 micro-mol/l",
      "Quality": "Increased"
    },
    {
      "Name": "7-Dehydrocholesterol",
      "Age": "2.69 Year(s)",
      "Specimen": "serum/plasma",
      "Quantity": "791 micro-mol/l",
      "Quality": "Increased"
    },
    {
      "Name": "7-Dehydrocholesterol",
      "Age": "2.97 Year(s)",
      "Specimen": "serum/plasma",
      "Quantity": "868 micro-mol/l",
      "Quality": "Increased"
    },
    {
      "Name": "7-Dehydrocholesterol",
      "Age": "3.19 Year(s)",
      "Specimen": "serum/plasma",
      "Quantity": "652 micro-mol/l",
      "Quality": "Increased"
    },
    {
      "Name": "7-Dehydrocholesterol",
      "Age": "3.37 Year(s)",
      "Specimen": "serum/plasma",
      "Quantity": "348 micro-mol/l",
      "Quality": "Increased"
    },
    {
      "Name": "8-Dehydrocholesterol",
      "Age": "8.71 Week(s)",
      "Specimen": "serum/plasma",
      "Quantity": "",
      "Quality": "Increased"
    },
    {
      "Name": "8-Dehydrocholesterol",
      "Age": "5.09 Month(s)",
      "Specimen": "serum/plasma",
      "Quantity": "499 micro-mol/l",
      "Quality": "Increased"
    },
    {
      "Name": "8-Dehydrocholesterol",
      "Age": "14.29 Month(s)",
      "Specimen": "serum/plasma",
      "Quantity": "343 micro-mol/l",
      "Quality": "Increased"
    },
    {
      "Name": "8-Dehydrocholesterol",
      "Age": "16.03 Month(s)",
      "Specimen": "serum/plasma",
      "Quantity": "439 micro-mol/l",
      "Quality": "Increased"
    },
    {
      "Name": "8-Dehydrocholesterol",
      "Age": "21.46 Month(s)",
      "Specimen": "serum/plasma",
      "Quantity": "468 micro-mol/l",
      "Quality": "Increased"
    },
    {
      "Name": "8-Dehydrocholesterol",
      "Age": "2.03 Year(s)",
      "Specimen": "serum/plasma",
      "Quantity": "230 micro-mol/l",
      "Quality": "Increased"
    },
    {
      "Name": "8-Dehydrocholesterol",
      "Age": "2.31 Year(s)",
      "Specimen": "serum/plasma",
      "Quantity": "340 micro-mol/l",
      "Quality": "Increased"
    },
    {
      "Name": "8-Dehydrocholesterol",
      "Age": "2.53 Year(s)",
      "Specimen": "serum/plasma",
      "Quantity": "359 micro-mol/l",
      "Quality": "Increased"
    },
    {
      "Name": "8-Dehydrocholesterol",
      "Age": "2.69 Year(s)",
      "Specimen": "serum/plasma",
      "Quantity": "224 micro-mol/l",
      "Quality": "Increased"
    },
    {
      "Name": "8-Dehydrocholesterol",
      "Age": "2.97 Year(s)",
      "Specimen": "serum/plasma",
      "Quantity": "754 micro-mol/l",
      "Quality": "Increased"
    },
    {
      "Name": "8-Dehydrocholesterol",
      "Age": "3.19 Year(s)",
      "Specimen": "serum/plasma",
      "Quantity": "311 micro-mol/l",
      "Quality": "Increased"
    },
    {
      "Name": "8-Dehydrocholesterol",
      "Age": "3.37 Year(s)",
      "Specimen": "serum/plasma",
      "Quantity": "372 micro-mol/l",
      "Quality": "Increased"
    },
    {
      "Name": "Cholesterol",
      "Age": "8.71 Week(s)",
      "Specimen": "serum/plasma",
      "Quantity": "1.5 mmol/l",
      "Quality": "Decreased"
    },
    {
      "Name": "Cholesterol",
      "Age": "5.09 Month(s)",
      "Specimen": "serum/plasma",
      "Quantity": "0.6 mmol/l",
      "Quality": "Decreased"
    },
    {
      "Name": "Cholesterol",
      "Age": "14.29 Month(s)",
      "Specimen": "serum/plasma",
      "Quantity": "1.8 mmol/l",
      "Quality": "Decreased"
    },
    {
      "Name": "Cholesterol",
      "Age": "16.03 Month(s)",
      "Specimen": "serum/plasma",
      "Quantity": "1.5 mmol/l",
      "Quality": "Decreased"
    },
    {
      "Name": "Cholesterol",
      "Age": "21.46 Month(s)",
      "Specimen": "serum/plasma",
      "Quantity": "4.2 mmol/l",
      "Quality": "Decreased"
    },
    {
      "Name": "Cholesterol",
      "Age": "2.03 Year(s)",
      "Specimen": "serum/plasma",
      "Quantity": "2.9 mmol/l",
      "Quality": "Decreased"
    },
    {
      "Name": "Cholesterol",
      "Age": "2.31 Year(s)",
      "Specimen": "serum/plasma",
      "Quantity": "3.4 mmol/l",
      "Quality": "Decreased"
    },
    {
      "Name": "Cholesterol",
      "Age": "2.53 Year(s)",
      "Specimen": "serum/plasma",
      "Quantity": "3.8 mmol/l",
      "Quality": "Decreased"
    },
    {
      "Name": "Cholesterol",
      "Age": "2.69 Year(s)",
      "Specimen": "serum/plasma",
      "Quantity": "4 mmol/l",
      "Quality": "Decreased"
    },
    {
      "Name": "Cholesterol",
      "Age": "2.97 Year(s)",
      "Specimen": "serum/plasma",
      "Quantity": "3.9 mmol/l",
      "Quality": "Decreased"
    },
    {
      "Name": "Cholesterol",
      "Age": "3.19 Year(s)",
      "Specimen": "serum/plasma",
      "Quantity": "4 mmol/l",
      "Quality": "Decreased"
    },
    {
      "Name": "Cholesterol",
      "Age": "3.37 Year(s)",
      "Specimen": "serum/plasma",
      "Quantity": "3.2 mmol/l",
      "Quality": "Decreased"
    }
  ],
  "Symptoms": [
    {
      "Name": "behaviour, self-mutilating or destructive",
      "Age": "16.03 Month(s)",
      "Range": "yes"
    },
    {
      "Name": "birthweight",
      "Age": "1 Day(s)",
      "Range": "low [small for gestational age]"
    },
    {
      "Name": "cleft palate",
      "Age": "1 Day(s)",
      "Range": "yes"
    },
    {
      "Name": "failure to thrive",
      "Age": "5.03 Month(s)",
      "Range": "moderate"
    },
    {
      "Name": "feeding difficulties, poor feeding",
      "Age": "1 Day(s)",
      "Range": "moderate"
    },
    {
      "Name": "hernia",
      "Age": "4.43 Week(s)",
      "Range": "yes"
    },
    {
      "Name": "high arched palate",
      "Age": "1 Day(s)",
      "Range": "yes"
    },
    {
      "Name": "hypospadia",
      "Age": "1 Day(s)",
      "Range": "yes"
    },
    {
      "Name": "hypotonia",
      "Age": "1 Day(s)",
      "Range": "yes"
    },
    {
      "Name": "lethargy, drowsiness, malaise or sleep disorder",
      "Age": "16.03 Month(s)",
      "Range": "yes"
    },
    {
      "Name": "limb abnormalities, limb deformities",
      "Age": "3.38 Year(s)",
      "Range": "yes"
    },
    {
      "Name": "low set ears",
      "Age": "1 Day(s)",
      "Range": "yes"
    },
    {
      "Name": "mental retardation",
      "Age": "5.03 Month(s)",
      "Range": "++"
    },
    {
      "Name": "microcephaly [< 2SD for age]",
      "Age": "1 Day(s)",
      "Range": "yes"
    },
    {
      "Name": "motor retardation",
      "Age": "5.03 Month(s)",
      "Range": "yes"
    },
    {
      "Name": "syndactyly",
      "Age": "1 Day(s)",
      "Range": "yes"
    }
  ],
  "Diet/drugs": [],
  "Therapy/development": []
}