{
  "MainData": {
    "Patient ID": "396",
    "Diagnosis": "SMITH-LEMLI-OPITZ SYNDROME (MIM 270400)",
    "Gender": "f",
    "Age of symptoms onset": "1 Day(s)",
    "Age of diagnosis": "19.52 Month(s)",
    "Found in newborn screening": "n",
    "Diagnosis confirmed": "y",
    "Country": "Germany",
    "Ethnic origin": "Mother: German, Father: German",
    "History": "",
    "Author": "Dorothea Haas",
    "Hospital": "University Childrens Hospital Heidelberg",
    "Coauthor(s)": "",
    "Date of entry": "2001-10-24"
  },
  "Molecular genetics": {
    "Gene name": "",
    "Genotype": "",
    "Allele 1": {
      "Trivial name": "",
      "Systematic name": "",
      "Amino acid change": "",
      "Nucleotide change": "",
      "Exon/Intron Boundary/Promotor": ""
    },
    "Allele 2": {
      "Trivial name": "",
      "Systematic name": "",
      "Amino acid change": "",
      "Nucleotide change": "",
      "Exon/Intron Boundary/Promotor": ""
    }
  },
  "Lab findings": [
    {
      "Name": "7-Dehydrocholesterol",
      "Age": "19.51 Month(s)",
      "Specimen": "serum/plasma",
      "Quantity": "406 micro-mol/l",
      "Quality": "Increased"
    },
    {
      "Name": "7-Dehydrocholesterol",
      "Age": "20.63 Month(s)",
      "Specimen": "serum/plasma",
      "Quantity": "256 micro-mol/l",
      "Quality": "Increased"
    },
    {
      "Name": "7-Dehydrocholesterol",
      "Age": "22.44 Month(s)",
      "Specimen": "serum/plasma",
      "Quantity": "561 micro-mol/l",
      "Quality": "Increased"
    },
    {
      "Name": "7-Dehydrocholesterol",
      "Age": "2.02 Year(s)",
      "Specimen": "serum/plasma",
      "Quantity": "114 micro-mol/l",
      "Quality": "Increased"
    },
    {
      "Name": "7-Dehydrocholesterol",
      "Age": "2.55 Year(s)",
      "Specimen": "serum/plasma",
      "Quantity": "125 micro-mol/l",
      "Quality": "Increased"
    },
    {
      "Name": "8-Dehydrocholesterol",
      "Age": "19.51 Month(s)",
      "Specimen": "serum/plasma",
      "Quantity": "119 micro-mol/l",
      "Quality": "Increased"
    },
    {
      "Name": "8-Dehydrocholesterol",
      "Age": "20.63 Month(s)",
      "Specimen": "serum/plasma",
      "Quantity": "457 micro-mol/l",
      "Quality": "Increased"
    },
    {
      "Name": "8-Dehydrocholesterol",
      "Age": "22.44 Month(s)",
      "Specimen": "serum/plasma",
      "Quantity": "346 micro-mol/l",
      "Quality": "Increased"
    },
    {
      "Name": "8-Dehydrocholesterol",
      "Age": "2.02 Year(s)",
      "Specimen": "serum/plasma",
      "Quantity": "67 micro-mol/l",
      "Quality": "Increased"
    },
    {
      "Name": "8-Dehydrocholesterol",
      "Age": "2.55 Year(s)",
      "Specimen": "serum/plasma",
      "Quantity": "85 micro-mol/l",
      "Quality": "Increased"
    },
    {
      "Name": "Cholesterol",
      "Age": "19.51 Month(s)",
      "Specimen": "serum/plasma",
      "Quantity": "1.7 mmol/l",
      "Quality": "Decreased"
    },
    {
      "Name": "Cholesterol",
      "Age": "4.96 Year(s)",
      "Specimen": "serum/plasma",
      "Quantity": "2.1 mmol/l",
      "Quality": "Decreased"
    }
  ],
  "Symptoms": [
    {
      "Name": "anteverted nostril",
      "Age": "1 Day(s)",
      "Range": "yes"
    },
    {
      "Name": "epicanthus or medial eyelid fold",
      "Age": "1 Day(s)",
      "Range": "yes"
    },
    {
      "Name": "failure to thrive",
      "Age": "6.43 Week(s)",
      "Range": "moderate"
    },
    {
      "Name": "feeding difficulties, poor feeding",
      "Age": "6.43 Week(s)",
      "Range": "severe"
    },
    {
      "Name": "hypotonia",
      "Age": "6.43 Week(s)",
      "Range": "yes"
    },
    {
      "Name": "limb abnormalities, limb deformities",
      "Age": "1 Day(s)",
      "Range": "yes"
    },
    {
      "Name": "low set ears",
      "Age": "1 Day(s)",
      "Range": "yes"
    },
    {
      "Name": "mental retardation",
      "Age": "19.45 Month(s)",
      "Range": "+++"
    },
    {
      "Name": "microcephaly [< 2SD for age]",
      "Age": "3.75 Year(s)",
      "Range": "yes"
    },
    {
      "Name": "motor retardation",
      "Age": "19.45 Month(s)",
      "Range": "yes"
    },
    {
      "Name": "nasal bridge",
      "Age": "1 Day(s)",
      "Range": "broad"
    },
    {
      "Name": "polydactyly",
      "Age": "1 Day(s)",
      "Range": "yes"
    },
    {
      "Name": "ptosis [dropping eyelid]",
      "Age": "1 Day(s)",
      "Range": "yes"
    },
    {
      "Name": "syndactyly",
      "Age": "1 Day(s)",
      "Range": "yes"
    },
    {
      "Name": "vomiting",
      "Age": "6.43 Week(s)",
      "Range": "moderate"
    }
  ],
  "Diet/drugs": [],
  "Therapy/development": []
}