{
  "MainData": {
    "Patient ID": "406",
    "Diagnosis": "PHENYLKETONURIA (MIM 261600)",
    "Gender": "m",
    "Age of symptoms onset": "",
    "Age of diagnosis": "6 Day(s)",
    "Found in newborn screening": "y",
    "Diagnosis confirmed": "y",
    "Country": "Germany",
    "Ethnic origin": "Mother: German, Father: German",
    "History": "Diagnosis of PKU was made already prenataly for second child (brother of  ID 405) of healthy German parents. After birth, diagnosis was confirmed by elevated phe-levels. Therapy with phe-restricted diet led to quite normal development.",
    "Author": "Friedrich Trefz",
    "Hospital": "Childrens Hospital Reutlingen",
    "Coauthor(s)": "",
    "Date of entry": "2001-10-31"
  },
  "Molecular genetics": {
    "Gene name": "PAH gene",
    "Genotype": "IVS12nt1g>a/ IVS10nt-11g>a",
    "Allele 1": {
      "Trivial name": "IVS12nt1g>a",
      "Systematic name": "c.1315+1g>a",
      "Amino acid change": "Gly>Ala",
      "Nucleotide change": "",
      "Exon/Intron Boundary/Promotor": ""
    },
    "Allele 2": {
      "Trivial name": "IVS10nt-11g>a",
      "Systematic name": "c.1066-11g>a",
      "Amino acid change": "Gly>Ala",
      "Nucleotide change": "",
      "Exon/Intron Boundary/Promotor": ""
    }
  },
  "Lab findings": [
    {
      "Name": "Phenylalanine",
      "Age": "9 Day(s)",
      "Specimen": "serum/plasma",
      "Quantity": "696.8 micro-mol/l",
      "Quality": "Increased"
    },
    {
      "Name": "Phenylalanine",
      "Age": "12 Day(s)",
      "Specimen": "serum/plasma",
      "Quantity": "357.3 micro-mol/l",
      "Quality": "Increased"
    },
    {
      "Name": "Phenylalanine",
      "Age": "16 Day(s)",
      "Specimen": "serum/plasma",
      "Quantity": "90 micro-mol/l",
      "Quality": "Normal"
    },
    {
      "Name": "Phenylalanine",
      "Age": "3 Week(s)",
      "Specimen": "serum/plasma",
      "Quantity": "41.9 micro-mol/l",
      "Quality": "Normal"
    },
    {
      "Name": "Phenylalanine",
      "Age": "3.57 Week(s)",
      "Specimen": "serum/plasma",
      "Quantity": "83.1 micro-mol/l",
      "Quality": "Normal"
    },
    {
      "Name": "Phenylalanine",
      "Age": "4.43 Week(s)",
      "Specimen": "serum/plasma",
      "Quantity": "67.1 micro-mol/l",
      "Quality": "Normal"
    },
    {
      "Name": "Phenylalanine",
      "Age": "5.43 Week(s)",
      "Specimen": "serum/plasma",
      "Quantity": "139 micro-mol/l",
      "Quality": "Increased"
    },
    {
      "Name": "Phenylalanine",
      "Age": "7 Week(s)",
      "Specimen": "serum/plasma",
      "Quantity": "195 micro-mol/l",
      "Quality": "Increased"
    },
    {
      "Name": "Phenylalanine",
      "Age": "8.57 Week(s)",
      "Specimen": "serum/plasma",
      "Quantity": "140 micro-mol/l",
      "Quality": "Increased"
    },
    {
      "Name": "Phenylalanine",
      "Age": "2.79 Month(s)",
      "Specimen": "serum/plasma",
      "Quantity": "38 micro-mol/l",
      "Quality": "Normal"
    },
    {
      "Name": "Phenylalanine",
      "Age": "3.71 Month(s)",
      "Specimen": "serum/plasma",
      "Quantity": "219 micro-mol/l",
      "Quality": "Increased"
    },
    {
      "Name": "Phenylalanine",
      "Age": "4.7 Month(s)",
      "Specimen": "serum/plasma",
      "Quantity": "123 micro-mol/l",
      "Quality": "Normal"
    },
    {
      "Name": "Phenylalanine",
      "Age": "5.68 Month(s)",
      "Specimen": "serum/plasma",
      "Quantity": "34 micro-mol/l",
      "Quality": "Normal"
    },
    {
      "Name": "Phenylalanine",
      "Age": "6.93 Month(s)",
      "Specimen": "serum/plasma",
      "Quantity": "46.7 micro-mol/l",
      "Quality": "Normal"
    },
    {
      "Name": "Phenylalanine",
      "Age": "8.84 Month(s)",
      "Specimen": "serum/plasma",
      "Quantity": "157 micro-mol/l",
      "Quality": "Increased"
    },
    {
      "Name": "Phenylalanine",
      "Age": "9.53 Month(s)",
      "Specimen": "serum/plasma",
      "Quantity": "212 micro-mol/l",
      "Quality": "Increased"
    },
    {
      "Name": "Phenylalanine",
      "Age": "10.45 Month(s)",
      "Specimen": "serum/plasma",
      "Quantity": "209 micro-mol/l",
      "Quality": "Increased"
    },
    {
      "Name": "Phenylalanine",
      "Age": "11.99 Month(s)",
      "Specimen": "serum/plasma",
      "Quantity": "49 micro-mol/l",
      "Quality": "Normal"
    },
    {
      "Name": "Phenylalanine",
      "Age": "13.67 Month(s)",
      "Specimen": "serum/plasma",
      "Quantity": "155 micro-mol/l",
      "Quality": "Increased"
    },
    {
      "Name": "Phenylalanine",
      "Age": "15.01 Month(s)",
      "Specimen": "serum/plasma",
      "Quantity": "216 micro-mol/l",
      "Quality": "Increased"
    },
    {
      "Name": "Phenylalanine",
      "Age": "16.39 Month(s)",
      "Specimen": "serum/plasma",
      "Quantity": "407 micro-mol/l",
      "Quality": "Increased"
    },
    {
      "Name": "Phenylalanine",
      "Age": "17.48 Month(s)",
      "Specimen": "serum/plasma",
      "Quantity": "300 micro-mol/l",
      "Quality": "Increased"
    },
    {
      "Name": "Phenylalanine",
      "Age": "18.53 Month(s)",
      "Specimen": "serum/plasma",
      "Quantity": "159 micro-mol/l",
      "Quality": "Increased"
    },
    {
      "Name": "Phenylalanine",
      "Age": "20.24 Month(s)",
      "Specimen": "serum/plasma",
      "Quantity": "78 micro-mol/l",
      "Quality": "Normal"
    },
    {
      "Name": "Phenylalanine",
      "Age": "21.72 Month(s)",
      "Specimen": "serum/plasma",
      "Quantity": "822 micro-mol/l",
      "Quality": "Increased"
    },
    {
      "Name": "Phenylalanine",
      "Age": "23.66 Month(s)",
      "Specimen": "serum/plasma",
      "Quantity": "75 micro-mol/l",
      "Quality": "Normal"
    },
    {
      "Name": "Phenylalanine",
      "Age": "2.05 Year(s)",
      "Specimen": "serum/plasma",
      "Quantity": "66 micro-mol/l",
      "Quality": "Normal"
    },
    {
      "Name": "Phenylalanine",
      "Age": "2.15 Year(s)",
      "Specimen": "serum/plasma",
      "Quantity": "88 micro-mol/l",
      "Quality": "Normal"
    },
    {
      "Name": "Phenylalanine",
      "Age": "2.27 Year(s)",
      "Specimen": "serum/plasma",
      "Quantity": "48 micro-mol/l",
      "Quality": "Normal"
    },
    {
      "Name": "Phenylalanine",
      "Age": "2.37 Year(s)",
      "Specimen": "serum/plasma",
      "Quantity": "139 micro-mol/l",
      "Quality": "Increased"
    },
    {
      "Name": "Phenylalanine",
      "Age": "2.48 Year(s)",
      "Specimen": "serum/plasma",
      "Quantity": "30 micro-mol/l",
      "Quality": "Decreased"
    },
    {
      "Name": "Phenylalanine",
      "Age": "2.57 Year(s)",
      "Specimen": "blood",
      "Quantity": "150 micro-mol/l",
      "Quality": "Increased"
    },
    {
      "Name": "Phenylalanine",
      "Age": "2.69 Year(s)",
      "Specimen": "blood",
      "Quantity": "21 micro-mol/l",
      "Quality": "Decreased"
    },
    {
      "Name": "Phenylalanine",
      "Age": "2.81 Year(s)",
      "Specimen": "blood",
      "Quantity": "188 micro-mol/l",
      "Quality": "Increased"
    },
    {
      "Name": "Phenylalanine",
      "Age": "2.87 Year(s)",
      "Specimen": "blood",
      "Quantity": "57 micro-mol/l",
      "Quality": "Normal"
    },
    {
      "Name": "Phenylalanine",
      "Age": "3.21 Year(s)",
      "Specimen": "blood",
      "Quantity": "166 micro-mol/l",
      "Quality": "Increased"
    },
    {
      "Name": "Phenylalanine",
      "Age": "3.3 Year(s)",
      "Specimen": "blood",
      "Quantity": "228 micro-mol/l",
      "Quality": "Increased"
    },
    {
      "Name": "Phenylalanine",
      "Age": "3.38 Year(s)",
      "Specimen": "blood",
      "Quantity": "257 micro-mol/l",
      "Quality": "Increased"
    },
    {
      "Name": "Phenylalanine",
      "Age": "3.46 Year(s)",
      "Specimen": "blood",
      "Quantity": "46 micro-mol/l",
      "Quality": "Normal"
    },
    {
      "Name": "Phenylalanine",
      "Age": "3.53 Year(s)",
      "Specimen": "blood",
      "Quantity": "41 micro-mol/l",
      "Quality": "Normal"
    },
    {
      "Name": "Phenylalanine",
      "Age": "3.67 Year(s)",
      "Specimen": "blood",
      "Quantity": "25 micro-mol/l",
      "Quality": "Decreased"
    },
    {
      "Name": "Phenylalanine",
      "Age": "3.78 Year(s)",
      "Specimen": "blood",
      "Quantity": "6 micro-mol/l",
      "Quality": "Decreased"
    },
    {
      "Name": "Phenylalanine",
      "Age": "3.86 Year(s)",
      "Specimen": "blood",
      "Quantity": "111 micro-mol/l",
      "Quality": "Normal"
    },
    {
      "Name": "Phenylalanine",
      "Age": "3.97 Year(s)",
      "Specimen": "blood",
      "Quantity": "288 micro-mol/l",
      "Quality": "Increased"
    },
    {
      "Name": "Phenylalanine",
      "Age": "4.09 Year(s)",
      "Specimen": "blood",
      "Quantity": "110 micro-mol/l",
      "Quality": "Normal"
    },
    {
      "Name": "Phenylalanine",
      "Age": "4.31 Year(s)",
      "Specimen": "blood",
      "Quantity": "85 micro-mol/l",
      "Quality": "Normal"
    },
    {
      "Name": "Phenylalanine",
      "Age": "4.38 Year(s)",
      "Specimen": "blood",
      "Quantity": "182 micro-mol/l",
      "Quality": "Increased"
    },
    {
      "Name": "Phenylalanine",
      "Age": "5 Year(s)",
      "Specimen": "blood",
      "Quantity": "10 micro-mol/l",
      "Quality": "Decreased"
    },
    {
      "Name": "Phenylalanine",
      "Age": "5.1 Year(s)",
      "Specimen": "blood",
      "Quantity": "190 micro-mol/l",
      "Quality": "Increased"
    },
    {
      "Name": "Phenylalanine",
      "Age": "5.22 Year(s)",
      "Specimen": "blood",
      "Quantity": "333 micro-mol/l",
      "Quality": "Increased"
    },
    {
      "Name": "Phenylalanine",
      "Age": "5.24 Year(s)",
      "Specimen": "blood",
      "Quantity": "64 micro-mol/l",
      "Quality": "Normal"
    },
    {
      "Name": "Phenylalanine",
      "Age": "5.43 Year(s)",
      "Specimen": "blood",
      "Quantity": "418 micro-mol/l",
      "Quality": "Increased"
    },
    {
      "Name": "Phenylalanine",
      "Age": "5.46 Year(s)",
      "Specimen": "blood",
      "Quantity": "376 micro-mol/l",
      "Quality": "Increased"
    },
    {
      "Name": "Phenylalanine",
      "Age": "5.5 Year(s)",
      "Specimen": "blood",
      "Quantity": "327 micro-mol/l",
      "Quality": "Increased"
    },
    {
      "Name": "Phenylalanine",
      "Age": "5.53 Year(s)",
      "Specimen": "blood",
      "Quantity": "282 micro-mol/l",
      "Quality": "Increased"
    },
    {
      "Name": "Phenylalanine",
      "Age": "5.68 Year(s)",
      "Specimen": "blood",
      "Quantity": "99 micro-mol/l",
      "Quality": "Normal"
    },
    {
      "Name": "Phenylalanine",
      "Age": "5.77 Year(s)",
      "Specimen": "blood",
      "Quantity": "137 micro-mol/l",
      "Quality": "Increased"
    },
    {
      "Name": "Phenylalanine",
      "Age": "6.01 Year(s)",
      "Specimen": "blood",
      "Quantity": "109 micro-mol/l",
      "Quality": "Normal"
    },
    {
      "Name": "Phenylalanine",
      "Age": "6.06 Year(s)",
      "Specimen": "blood",
      "Quantity": "290 micro-mol/l",
      "Quality": "Increased"
    },
    {
      "Name": "Phenylalanine",
      "Age": "6.18 Year(s)",
      "Specimen": "blood",
      "Quantity": "122 micro-mol/l",
      "Quality": "Normal"
    },
    {
      "Name": "Phenylalanine",
      "Age": "6.26 Year(s)",
      "Specimen": "blood",
      "Quantity": "470 micro-mol/l",
      "Quality": "Increased"
    },
    {
      "Name": "Phenylalanine",
      "Age": "6.27 Year(s)",
      "Specimen": "blood",
      "Quantity": "444 micro-mol/l",
      "Quality": "Increased"
    },
    {
      "Name": "Phenylalanine",
      "Age": "6.29 Year(s)",
      "Specimen": "blood",
      "Quantity": "372 micro-mol/l",
      "Quality": "Increased"
    },
    {
      "Name": "Phenylalanine",
      "Age": "6.32 Year(s)",
      "Specimen": "blood",
      "Quantity": "164 micro-mol/l",
      "Quality": "Increased"
    },
    {
      "Name": "Phenylalanine",
      "Age": "6.41 Year(s)",
      "Specimen": "blood",
      "Quantity": "96 micro-mol/l",
      "Quality": "Normal"
    },
    {
      "Name": "Phenylalanine",
      "Age": "6.48 Year(s)",
      "Specimen": "blood",
      "Quantity": "131 micro-mol/l",
      "Quality": "Increased"
    },
    {
      "Name": "Phenylalanine",
      "Age": "6.56 Year(s)",
      "Specimen": "blood",
      "Quantity": "235 micro-mol/l",
      "Quality": "Increased"
    },
    {
      "Name": "Phenylalanine",
      "Age": "6.67 Year(s)",
      "Specimen": "blood",
      "Quantity": "554 micro-mol/l",
      "Quality": "Increased"
    },
    {
      "Name": "Phenylalanine",
      "Age": "6.7 Year(s)",
      "Specimen": "blood",
      "Quantity": "156 micro-mol/l",
      "Quality": "Increased"
    },
    {
      "Name": "Phenylalanine",
      "Age": "6.79 Year(s)",
      "Specimen": "blood",
      "Quantity": "307 micro-mol/l",
      "Quality": "Increased"
    },
    {
      "Name": "Phenylalanine",
      "Age": "6.87 Year(s)",
      "Specimen": "blood",
      "Quantity": "111 micro-mol/l",
      "Quality": "Normal"
    },
    {
      "Name": "Phenylalanine",
      "Age": "6.98 Year(s)",
      "Specimen": "blood",
      "Quantity": "78 micro-mol/l",
      "Quality": "Normal"
    },
    {
      "Name": "Phenylalanine",
      "Age": "7.06 Year(s)",
      "Specimen": "blood",
      "Quantity": "159 micro-mol/l",
      "Quality": "Increased"
    },
    {
      "Name": "Phenylalanine",
      "Age": "7.15 Year(s)",
      "Specimen": "blood",
      "Quantity": "326 micro-mol/l",
      "Quality": "Increased"
    },
    {
      "Name": "Phenylalanine",
      "Age": "7.19 Year(s)",
      "Specimen": "blood",
      "Quantity": "300 micro-mol/l",
      "Quality": "Increased"
    },
    {
      "Name": "Phenylalanine",
      "Age": "7.28 Year(s)",
      "Specimen": "blood",
      "Quantity": "357 micro-mol/l",
      "Quality": "Increased"
    },
    {
      "Name": "Phenylalanine",
      "Age": "7.38 Year(s)",
      "Specimen": "blood",
      "Quantity": "126 micro-mol/l",
      "Quality": "Increased"
    },
    {
      "Name": "Phenylalanine",
      "Age": "7.46 Year(s)",
      "Specimen": "blood",
      "Quantity": "10 micro-mol/l",
      "Quality": "Decreased"
    },
    {
      "Name": "Phenylalanine",
      "Age": "7.63 Year(s)",
      "Specimen": "blood",
      "Quantity": "695 micro-mol/l",
      "Quality": "Increased"
    },
    {
      "Name": "Phenylalanine",
      "Age": "7.67 Year(s)",
      "Specimen": "blood",
      "Quantity": "671 micro-mol/l",
      "Quality": "Increased"
    },
    {
      "Name": "Phenylalanine",
      "Age": "7.69 Year(s)",
      "Specimen": "blood",
      "Quantity": "645 micro-mol/l",
      "Quality": "Increased"
    },
    {
      "Name": "Phenylalanine",
      "Age": "7.7 Year(s)",
      "Specimen": "blood",
      "Quantity": "411 micro-mol/l",
      "Quality": "Increased"
    },
    {
      "Name": "Phenylalanine",
      "Age": "7.8 Year(s)",
      "Specimen": "blood",
      "Quantity": "80 micro-mol/l",
      "Quality": "Normal"
    },
    {
      "Name": "Phenylalanine",
      "Age": "7.92 Year(s)",
      "Specimen": "blood",
      "Quantity": "455 micro-mol/l",
      "Quality": "Increased"
    },
    {
      "Name": "Phenylalanine",
      "Age": "7.98 Year(s)",
      "Specimen": "blood",
      "Quantity": "74 micro-mol/l",
      "Quality": "Normal"
    },
    {
      "Name": "Phenylalanine",
      "Age": "8.07 Year(s)",
      "Specimen": "blood",
      "Quantity": "269 micro-mol/l",
      "Quality": "Increased"
    },
    {
      "Name": "Phenylalanine",
      "Age": "8.11 Year(s)",
      "Specimen": "blood",
      "Quantity": "555 micro-mol/l",
      "Quality": "Increased"
    },
    {
      "Name": "Phenylalanine",
      "Age": "8.15 Year(s)",
      "Specimen": "blood",
      "Quantity": "96 micro-mol/l",
      "Quality": "Normal"
    },
    {
      "Name": "Phenylalanine",
      "Age": "8.38 Year(s)",
      "Specimen": "blood",
      "Quantity": "397 micro-mol/l",
      "Quality": "Increased"
    },
    {
      "Name": "Phenylalanine",
      "Age": "8.42 Year(s)",
      "Specimen": "blood",
      "Quantity": "62 micro-mol/l",
      "Quality": "Normal"
    },
    {
      "Name": "Phenylalanine",
      "Age": "8.52 Year(s)",
      "Specimen": "blood",
      "Quantity": "32 micro-mol/l",
      "Quality": "Normal"
    },
    {
      "Name": "Phenylalanine",
      "Age": "8.63 Year(s)",
      "Specimen": "blood",
      "Quantity": "238 micro-mol/l",
      "Quality": "Increased"
    },
    {
      "Name": "Phenylalanine",
      "Age": "8.73 Year(s)",
      "Specimen": "blood",
      "Quantity": "114 micro-mol/l",
      "Quality": "Normal"
    },
    {
      "Name": "Phenylalanine",
      "Age": "8.81 Year(s)",
      "Specimen": "blood",
      "Quantity": "768 micro-mol/l",
      "Quality": "Increased"
    },
    {
      "Name": "Phenylalanine",
      "Age": "8.86 Year(s)",
      "Specimen": "blood",
      "Quantity": "485 micro-mol/l",
      "Quality": "Increased"
    },
    {
      "Name": "Phenylalanine",
      "Age": "8.99 Year(s)",
      "Specimen": "blood",
      "Quantity": "199 micro-mol/l",
      "Quality": "Increased"
    },
    {
      "Name": "Phenylalanine",
      "Age": "9.06 Year(s)",
      "Specimen": "blood",
      "Quantity": "209 micro-mol/l",
      "Quality": "Increased"
    },
    {
      "Name": "Phenylalanine",
      "Age": "9.17 Year(s)",
      "Specimen": "blood",
      "Quantity": "674 micro-mol/l",
      "Quality": "Increased"
    },
    {
      "Name": "Phenylalanine",
      "Age": "9.22 Year(s)",
      "Specimen": "blood",
      "Quantity": "195 micro-mol/l",
      "Quality": "Increased"
    },
    {
      "Name": "Phenylalanine",
      "Age": "9.3 Year(s)",
      "Specimen": "blood",
      "Quantity": "618 micro-mol/l",
      "Quality": "Increased"
    },
    {
      "Name": "Phenylalanine",
      "Age": "9.32 Year(s)",
      "Specimen": "blood",
      "Quantity": "575 micro-mol/l",
      "Quality": "Increased"
    },
    {
      "Name": "Phenylalanine",
      "Age": "9.43 Year(s)",
      "Specimen": "blood",
      "Quantity": "270 micro-mol/l",
      "Quality": "Increased"
    },
    {
      "Name": "Phenylalanine",
      "Age": "9.69 Year(s)",
      "Specimen": "blood",
      "Quantity": "565 micro-mol/l",
      "Quality": "Increased"
    },
    {
      "Name": "Phenylalanine",
      "Age": "9.82 Year(s)",
      "Specimen": "blood",
      "Quantity": "393 micro-mol/l",
      "Quality": "Increased"
    },
    {
      "Name": "Phenylalanine",
      "Age": "9.91 Year(s)",
      "Specimen": "blood",
      "Quantity": "65 micro-mol/l",
      "Quality": "Normal"
    },
    {
      "Name": "Phenylalanine",
      "Age": "10.13 Year(s)",
      "Specimen": "blood",
      "Quantity": "156 micro-mol/l",
      "Quality": "Increased"
    },
    {
      "Name": "Phenylalanine",
      "Age": "10.2 Year(s)",
      "Specimen": "blood",
      "Quantity": "544 micro-mol/l",
      "Quality": "Increased"
    },
    {
      "Name": "Phenylalanine",
      "Age": "10.23 Year(s)",
      "Specimen": "blood",
      "Quantity": "365 micro-mol/l",
      "Quality": "Increased"
    },
    {
      "Name": "Phenylalanine",
      "Age": "10.28 Year(s)",
      "Specimen": "blood",
      "Quantity": "514 micro-mol/l",
      "Quality": "Increased"
    },
    {
      "Name": "Phenylalanine",
      "Age": "10.35 Year(s)",
      "Specimen": "blood",
      "Quantity": "392 micro-mol/l",
      "Quality": "Increased"
    },
    {
      "Name": "Phenylalanine",
      "Age": "10.39 Year(s)",
      "Specimen": "blood",
      "Quantity": "191 micro-mol/l",
      "Quality": "Increased"
    },
    {
      "Name": "Phenylalanine",
      "Age": "10.43 Year(s)",
      "Specimen": "blood",
      "Quantity": "428 micro-mol/l",
      "Quality": "Increased"
    },
    {
      "Name": "Phenylalanine",
      "Age": "10.5 Year(s)",
      "Specimen": "blood",
      "Quantity": "319 micro-mol/l",
      "Quality": "Increased"
    },
    {
      "Name": "Phenylalanine",
      "Age": "10.6 Year(s)",
      "Specimen": "blood",
      "Quantity": "522 micro-mol/l",
      "Quality": "Increased"
    },
    {
      "Name": "Phenylalanine",
      "Age": "10.73 Year(s)",
      "Specimen": "blood",
      "Quantity": "184 micro-mol/l",
      "Quality": "Increased"
    },
    {
      "Name": "Phenylalanine",
      "Age": "10.81 Year(s)",
      "Specimen": "blood",
      "Quantity": "762 micro-mol/l",
      "Quality": "Increased"
    },
    {
      "Name": "Phenylalanine",
      "Age": "10.85 Year(s)",
      "Specimen": "blood",
      "Quantity": "548 micro-mol/l",
      "Quality": "Increased"
    },
    {
      "Name": "Phenylalanine",
      "Age": "10.89 Year(s)",
      "Specimen": "blood",
      "Quantity": "694 micro-mol/l",
      "Quality": "Increased"
    },
    {
      "Name": "Phenylalanine",
      "Age": "10.92 Year(s)",
      "Specimen": "blood",
      "Quantity": "452 micro-mol/l",
      "Quality": "Increased"
    },
    {
      "Name": "Phenylalanine",
      "Age": "11.1 Year(s)",
      "Specimen": "blood",
      "Quantity": "383 micro-mol/l",
      "Quality": "Increased"
    },
    {
      "Name": "Phenylalanine",
      "Age": "11.18 Year(s)",
      "Specimen": "blood",
      "Quantity": "672 micro-mol/l",
      "Quality": "Increased"
    },
    {
      "Name": "Phenylalanine",
      "Age": "11.2 Year(s)",
      "Specimen": "blood",
      "Quantity": "800 micro-mol/l",
      "Quality": "Increased"
    },
    {
      "Name": "Phenylalanine",
      "Age": "11.26 Year(s)",
      "Specimen": "blood",
      "Quantity": "230 micro-mol/l",
      "Quality": "Increased"
    },
    {
      "Name": "Phenylalanine",
      "Age": "11.3 Year(s)",
      "Specimen": "blood",
      "Quantity": "613 micro-mol/l",
      "Quality": "Increased"
    },
    {
      "Name": "Phenylalanine",
      "Age": "11.36 Year(s)",
      "Specimen": "blood",
      "Quantity": "336 micro-mol/l",
      "Quality": "Increased"
    },
    {
      "Name": "Phenylalanine",
      "Age": "11.45 Year(s)",
      "Specimen": "blood",
      "Quantity": "171 micro-mol/l",
      "Quality": "Increased"
    },
    {
      "Name": "Phenylalanine",
      "Age": "11.5 Year(s)",
      "Specimen": "blood",
      "Quantity": "266 micro-mol/l",
      "Quality": "Increased"
    },
    {
      "Name": "Phenylalanine",
      "Age": "11.6 Year(s)",
      "Specimen": "blood",
      "Quantity": "290 micro-mol/l",
      "Quality": "Increased"
    },
    {
      "Name": "Phenylalanine",
      "Age": "11.7 Year(s)",
      "Specimen": "blood",
      "Quantity": "497 micro-mol/l",
      "Quality": "Increased"
    },
    {
      "Name": "Phenylalanine",
      "Age": "11.83 Year(s)",
      "Specimen": "blood",
      "Quantity": "355 micro-mol/l",
      "Quality": "Increased"
    },
    {
      "Name": "Phenylalanine",
      "Age": "11.93 Year(s)",
      "Specimen": "blood",
      "Quantity": "507 micro-mol/l",
      "Quality": "Increased"
    },
    {
      "Name": "Phenylalanine",
      "Age": "12 Year(s)",
      "Specimen": "blood",
      "Quantity": "658 micro-mol/l",
      "Quality": "Increased"
    },
    {
      "Name": "Phenylalanine",
      "Age": "12.01 Year(s)",
      "Specimen": "blood",
      "Quantity": "690 micro-mol/l",
      "Quality": "Increased"
    },
    {
      "Name": "Phenylalanine",
      "Age": "12.04 Year(s)",
      "Specimen": "blood",
      "Quantity": "196 micro-mol/l",
      "Quality": "Increased"
    },
    {
      "Name": "Phenylalanine",
      "Age": "12.11 Year(s)",
      "Specimen": "blood",
      "Quantity": "637 micro-mol/l",
      "Quality": "Increased"
    },
    {
      "Name": "Phenylalanine",
      "Age": "12.22 Year(s)",
      "Specimen": "blood",
      "Quantity": "489 micro-mol/l",
      "Quality": "Increased"
    },
    {
      "Name": "Phenylalanine",
      "Age": "12.31 Year(s)",
      "Specimen": "blood",
      "Quantity": "450 micro-mol/l",
      "Quality": "Increased"
    },
    {
      "Name": "Phenylalanine",
      "Age": "12.49 Year(s)",
      "Specimen": "blood",
      "Quantity": "502 micro-mol/l",
      "Quality": "Increased"
    },
    {
      "Name": "Phenylalanine",
      "Age": "12.55 Year(s)",
      "Specimen": "blood",
      "Quantity": "749 micro-mol/l",
      "Quality": "Increased"
    },
    {
      "Name": "Phenylalanine",
      "Age": "12.58 Year(s)",
      "Specimen": "blood",
      "Quantity": "639 micro-mol/l",
      "Quality": "Increased"
    },
    {
      "Name": "Phenylalanine",
      "Age": "12.61 Year(s)",
      "Specimen": "blood",
      "Quantity": "407 micro-mol/l",
      "Quality": "Increased"
    },
    {
      "Name": "Phenylalanine",
      "Age": "12.74 Year(s)",
      "Specimen": "blood",
      "Quantity": "375 micro-mol/l",
      "Quality": "Increased"
    },
    {
      "Name": "Phenylalanine",
      "Age": "12.88 Year(s)",
      "Specimen": "blood",
      "Quantity": "123 micro-mol/l",
      "Quality": "Normal"
    },
    {
      "Name": "Phenylalanine",
      "Age": "12.94 Year(s)",
      "Specimen": "blood",
      "Quantity": "500 micro-mol/l",
      "Quality": "Increased"
    },
    {
      "Name": "Phenylalanine",
      "Age": "13.02 Year(s)",
      "Specimen": "blood",
      "Quantity": "535 micro-mol/l",
      "Quality": "Increased"
    },
    {
      "Name": "Phenylalanine",
      "Age": "13.19 Year(s)",
      "Specimen": "blood",
      "Quantity": "506 micro-mol/l",
      "Quality": "Increased"
    },
    {
      "Name": "Phenylalanine",
      "Age": "13.27 Year(s)",
      "Specimen": "blood",
      "Quantity": "334 micro-mol/l",
      "Quality": "Increased"
    },
    {
      "Name": "Phenylalanine",
      "Age": "13.39 Year(s)",
      "Specimen": "blood",
      "Quantity": "494 micro-mol/l",
      "Quality": "Increased"
    },
    {
      "Name": "Phenylalanine",
      "Age": "13.5 Year(s)",
      "Specimen": "blood",
      "Quantity": "345 micro-mol/l",
      "Quality": "Increased"
    },
    {
      "Name": "Phenylalanine",
      "Age": "13.61 Year(s)",
      "Specimen": "blood",
      "Quantity": "666 micro-mol/l",
      "Quality": "Increased"
    },
    {
      "Name": "Phenylalanine",
      "Age": "13.74 Year(s)",
      "Specimen": "blood",
      "Quantity": "370 micro-mol/l",
      "Quality": "Increased"
    },
    {
      "Name": "Phenylalanine",
      "Age": "13.82 Year(s)",
      "Specimen": "blood",
      "Quantity": "577 micro-mol/l",
      "Quality": "Increased"
    },
    {
      "Name": "Phenylalanine",
      "Age": "13.89 Year(s)",
      "Specimen": "blood",
      "Quantity": "602 micro-mol/l",
      "Quality": "Increased"
    },
    {
      "Name": "Phenylalanine",
      "Age": "14.06 Year(s)",
      "Specimen": "blood",
      "Quantity": "75 micro-mol/l",
      "Quality": "Normal"
    },
    {
      "Name": "Phenylalanine",
      "Age": "14.12 Year(s)",
      "Specimen": "blood",
      "Quantity": "423 micro-mol/l",
      "Quality": "Increased"
    },
    {
      "Name": "Phenylalanine",
      "Age": "14.23 Year(s)",
      "Specimen": "blood",
      "Quantity": "647 micro-mol/l",
      "Quality": "Increased"
    },
    {
      "Name": "Phenylalanine",
      "Age": "14.31 Year(s)",
      "Specimen": "blood",
      "Quantity": "475 micro-mol/l",
      "Quality": "Increased"
    },
    {
      "Name": "Phenylalanine",
      "Age": "14.41 Year(s)",
      "Specimen": "blood",
      "Quantity": "318 micro-mol/l",
      "Quality": "Increased"
    },
    {
      "Name": "Phenylalanine",
      "Age": "14.57 Year(s)",
      "Specimen": "blood",
      "Quantity": "358 micro-mol/l",
      "Quality": "Increased"
    },
    {
      "Name": "Phenylalanine",
      "Age": "14.61 Year(s)",
      "Specimen": "blood",
      "Quantity": "646 micro-mol/l",
      "Quality": "Abnormal"
    },
    {
      "Name": "Phenylalanine",
      "Age": "14.65 Year(s)",
      "Specimen": "blood",
      "Quantity": "609 micro-mol/l",
      "Quality": "Increased"
    },
    {
      "Name": "Phenylalanine",
      "Age": "14.73 Year(s)",
      "Specimen": "blood",
      "Quantity": "556 micro-mol/l",
      "Quality": "Increased"
    },
    {
      "Name": "Phenylalanine",
      "Age": "14.86 Year(s)",
      "Specimen": "blood",
      "Quantity": "532 micro-mol/l",
      "Quality": "Increased"
    },
    {
      "Name": "Phenylalanine",
      "Age": "14.97 Year(s)",
      "Specimen": "blood",
      "Quantity": "644 micro-mol/l",
      "Quality": "Increased"
    },
    {
      "Name": "Phenylalanine",
      "Age": "15.13 Year(s)",
      "Specimen": "blood",
      "Quantity": "734 micro-mol/l",
      "Quality": "Increased"
    },
    {
      "Name": "Phenylalanine",
      "Age": "15.31 Year(s)",
      "Specimen": "blood",
      "Quantity": "528 micro-mol/l",
      "Quality": "Increased"
    },
    {
      "Name": "Phenylalanine",
      "Age": "15.46 Year(s)",
      "Specimen": "blood",
      "Quantity": "778 micro-mol/l",
      "Quality": "Increased"
    },
    {
      "Name": "Phenylalanine",
      "Age": "15.55 Year(s)",
      "Specimen": "blood",
      "Quantity": "662 micro-mol/l",
      "Quality": "Increased"
    },
    {
      "Name": "Phenylalanine",
      "Age": "15.85 Year(s)",
      "Specimen": "blood",
      "Quantity": "640 micro-mol/l",
      "Quality": "Increased"
    },
    {
      "Name": "Phenylalanine",
      "Age": "15.98 Year(s)",
      "Specimen": "blood",
      "Quantity": "671 micro-mol/l",
      "Quality": "Increased"
    },
    {
      "Name": "Phenylalanine",
      "Age": "16.03 Year(s)",
      "Specimen": "blood",
      "Quantity": "873 micro-mol/l",
      "Quality": "Increased"
    },
    {
      "Name": "Tyrosine",
      "Age": "9 Day(s)",
      "Specimen": "serum/plasma",
      "Quantity": "153.1 micro-mol/l",
      "Quality": "Increased"
    },
    {
      "Name": "Tyrosine",
      "Age": "12 Day(s)",
      "Specimen": "serum/plasma",
      "Quantity": "85 micro-mol/l",
      "Quality": "Normal"
    },
    {
      "Name": "Tyrosine",
      "Age": "16 Day(s)",
      "Specimen": "serum/plasma",
      "Quantity": "76 micro-mol/l",
      "Quality": "Normal"
    },
    {
      "Name": "Tyrosine",
      "Age": "3 Week(s)",
      "Specimen": "serum/plasma",
      "Quantity": "59.9 micro-mol/l",
      "Quality": "Normal"
    },
    {
      "Name": "Tyrosine",
      "Age": "3.57 Week(s)",
      "Specimen": "serum/plasma",
      "Quantity": "86.2 micro-mol/l",
      "Quality": "Normal"
    },
    {
      "Name": "Tyrosine",
      "Age": "4.43 Week(s)",
      "Specimen": "serum/plasma",
      "Quantity": "89.8 micro-mol/l",
      "Quality": "Normal"
    },
    {
      "Name": "Tyrosine",
      "Age": "5.43 Week(s)",
      "Specimen": "serum/plasma",
      "Quantity": "76 micro-mol/l",
      "Quality": "Normal"
    },
    {
      "Name": "Tyrosine",
      "Age": "7 Week(s)",
      "Specimen": "serum/plasma",
      "Quantity": "68 micro-mol/l",
      "Quality": "Normal"
    },
    {
      "Name": "Tyrosine",
      "Age": "8.57 Week(s)",
      "Specimen": "serum/plasma",
      "Quantity": "72 micro-mol/l",
      "Quality": "Normal"
    },
    {
      "Name": "Tyrosine",
      "Age": "2.79 Month(s)",
      "Specimen": "serum/plasma",
      "Quantity": "86 micro-mol/l",
      "Quality": "Normal"
    },
    {
      "Name": "Tyrosine",
      "Age": "8.84 Month(s)",
      "Specimen": "serum/plasma",
      "Quantity": "255 micro-mol/l",
      "Quality": "Increased"
    },
    {
      "Name": "Tyrosine",
      "Age": "13.67 Month(s)",
      "Specimen": "serum/plasma",
      "Quantity": "50.6 micro-mol/l",
      "Quality": "Normal"
    },
    {
      "Name": "Tyrosine",
      "Age": "20.24 Month(s)",
      "Specimen": "serum/plasma",
      "Quantity": "86 micro-mol/l",
      "Quality": "Normal"
    },
    {
      "Name": "Tyrosine",
      "Age": "2.15 Year(s)",
      "Specimen": "serum/plasma",
      "Quantity": "55 micro-mol/l",
      "Quality": "Normal"
    },
    {
      "Name": "Tyrosine",
      "Age": "2.69 Year(s)",
      "Specimen": "blood",
      "Quantity": "65 micro-mol/l",
      "Quality": "Normal"
    },
    {
      "Name": "Tyrosine",
      "Age": "3.21 Year(s)",
      "Specimen": "blood",
      "Quantity": "79 micro-mol/l",
      "Quality": "Normal"
    },
    {
      "Name": "Tyrosine",
      "Age": "3.67 Year(s)",
      "Specimen": "blood",
      "Quantity": "51 micro-mol/l",
      "Quality": "Normal"
    },
    {
      "Name": "Tyrosine",
      "Age": "4.09 Year(s)",
      "Specimen": "blood",
      "Quantity": "66 micro-mol/l",
      "Quality": "Normal"
    },
    {
      "Name": "Tyrosine",
      "Age": "5 Year(s)",
      "Specimen": "blood",
      "Quantity": "54 micro-mol/l",
      "Quality": "Normal"
    },
    {
      "Name": "Tyrosine",
      "Age": "5.1 Year(s)",
      "Specimen": "blood",
      "Quantity": "48 micro-mol/l",
      "Quality": "Normal"
    },
    {
      "Name": "Tyrosine",
      "Age": "5.22 Year(s)",
      "Specimen": "blood",
      "Quantity": "30 micro-mol/l",
      "Quality": "Normal"
    },
    {
      "Name": "Tyrosine",
      "Age": "5.24 Year(s)",
      "Specimen": "blood",
      "Quantity": "85 micro-mol/l",
      "Quality": "Normal"
    },
    {
      "Name": "Tyrosine",
      "Age": "5.43 Year(s)",
      "Specimen": "blood",
      "Quantity": "87 micro-mol/l",
      "Quality": "Normal"
    },
    {
      "Name": "Tyrosine",
      "Age": "5.46 Year(s)",
      "Specimen": "blood",
      "Quantity": "57 micro-mol/l",
      "Quality": "Normal"
    },
    {
      "Name": "Tyrosine",
      "Age": "5.5 Year(s)",
      "Specimen": "blood",
      "Quantity": "66 micro-mol/l",
      "Quality": "Normal"
    },
    {
      "Name": "Tyrosine",
      "Age": "5.53 Year(s)",
      "Specimen": "blood",
      "Quantity": "48 micro-mol/l",
      "Quality": "Increased"
    },
    {
      "Name": "Tyrosine",
      "Age": "5.68 Year(s)",
      "Specimen": "blood",
      "Quantity": "61 micro-mol/l",
      "Quality": "Normal"
    },
    {
      "Name": "Tyrosine",
      "Age": "5.77 Year(s)",
      "Specimen": "blood",
      "Quantity": "61 micro-mol/l",
      "Quality": "Normal"
    },
    {
      "Name": "Tyrosine",
      "Age": "6.01 Year(s)",
      "Specimen": "blood",
      "Quantity": "73 micro-mol/l",
      "Quality": "Normal"
    },
    {
      "Name": "Tyrosine",
      "Age": "6.06 Year(s)",
      "Specimen": "blood",
      "Quantity": "69 micro-mol/l",
      "Quality": "Normal"
    },
    {
      "Name": "Tyrosine",
      "Age": "6.18 Year(s)",
      "Specimen": "blood",
      "Quantity": "89 micro-mol/l",
      "Quality": "Normal"
    },
    {
      "Name": "Tyrosine",
      "Age": "6.26 Year(s)",
      "Specimen": "blood",
      "Quantity": "105 micro-mol/l",
      "Quality": "Normal"
    },
    {
      "Name": "Tyrosine",
      "Age": "6.27 Year(s)",
      "Specimen": "blood",
      "Quantity": "54 micro-mol/l",
      "Quality": "Normal"
    },
    {
      "Name": "Tyrosine",
      "Age": "6.29 Year(s)",
      "Specimen": "blood",
      "Quantity": "54 micro-mol/l",
      "Quality": "Normal"
    },
    {
      "Name": "Tyrosine",
      "Age": "6.32 Year(s)",
      "Specimen": "blood",
      "Quantity": "62 micro-mol/l",
      "Quality": "Normal"
    },
    {
      "Name": "Tyrosine",
      "Age": "6.41 Year(s)",
      "Specimen": "blood",
      "Quantity": "72 micro-mol/l",
      "Quality": "Normal"
    },
    {
      "Name": "Tyrosine",
      "Age": "6.48 Year(s)",
      "Specimen": "blood",
      "Quantity": "45 micro-mol/l",
      "Quality": "Normal"
    },
    {
      "Name": "Tyrosine",
      "Age": "6.56 Year(s)",
      "Specimen": "blood",
      "Quantity": "53 micro-mol/l",
      "Quality": "Normal"
    },
    {
      "Name": "Tyrosine",
      "Age": "6.67 Year(s)",
      "Specimen": "blood",
      "Quantity": "41 micro-mol/l",
      "Quality": "Normal"
    },
    {
      "Name": "Tyrosine",
      "Age": "6.7 Year(s)",
      "Specimen": "blood",
      "Quantity": "82 micro-mol/l",
      "Quality": "Normal"
    },
    {
      "Name": "Tyrosine",
      "Age": "6.79 Year(s)",
      "Specimen": "blood",
      "Quantity": "76 micro-mol/l",
      "Quality": "Normal"
    },
    {
      "Name": "Tyrosine",
      "Age": "6.87 Year(s)",
      "Specimen": "blood",
      "Quantity": "74 micro-mol/l",
      "Quality": "Normal"
    },
    {
      "Name": "Tyrosine",
      "Age": "6.98 Year(s)",
      "Specimen": "blood",
      "Quantity": "59 micro-mol/l",
      "Quality": "Normal"
    },
    {
      "Name": "Tyrosine",
      "Age": "7.06 Year(s)",
      "Specimen": "blood",
      "Quantity": "93 micro-mol/l",
      "Quality": "Normal"
    },
    {
      "Name": "Tyrosine",
      "Age": "7.15 Year(s)",
      "Specimen": "blood",
      "Quantity": "90 micro-mol/l",
      "Quality": "Normal"
    },
    {
      "Name": "Tyrosine",
      "Age": "7.19 Year(s)",
      "Specimen": "blood",
      "Quantity": "99 micro-mol/l",
      "Quality": "Normal"
    },
    {
      "Name": "Tyrosine",
      "Age": "7.28 Year(s)",
      "Specimen": "blood",
      "Quantity": "102 micro-mol/l",
      "Quality": "Normal"
    },
    {
      "Name": "Tyrosine",
      "Age": "7.38 Year(s)",
      "Specimen": "blood",
      "Quantity": "130 micro-mol/l",
      "Quality": "Normal"
    },
    {
      "Name": "Tyrosine",
      "Age": "7.46 Year(s)",
      "Specimen": "blood",
      "Quantity": "68 micro-mol/l",
      "Quality": "Normal"
    },
    {
      "Name": "Tyrosine",
      "Age": "7.63 Year(s)",
      "Specimen": "blood",
      "Quantity": "194 micro-mol/l",
      "Quality": "Increased"
    },
    {
      "Name": "Tyrosine",
      "Age": "7.67 Year(s)",
      "Specimen": "blood",
      "Quantity": "93 micro-mol/l",
      "Quality": "Normal"
    },
    {
      "Name": "Tyrosine",
      "Age": "7.69 Year(s)",
      "Specimen": "blood",
      "Quantity": "166 micro-mol/l",
      "Quality": "Increased"
    },
    {
      "Name": "Tyrosine",
      "Age": "7.7 Year(s)",
      "Specimen": "blood",
      "Quantity": "109 micro-mol/l",
      "Quality": "Normal"
    },
    {
      "Name": "Tyrosine",
      "Age": "7.8 Year(s)",
      "Specimen": "blood",
      "Quantity": "90 micro-mol/l",
      "Quality": "Normal"
    },
    {
      "Name": "Tyrosine",
      "Age": "7.92 Year(s)",
      "Specimen": "blood",
      "Quantity": "103 micro-mol/l",
      "Quality": "Normal"
    },
    {
      "Name": "Tyrosine",
      "Age": "7.98 Year(s)",
      "Specimen": "blood",
      "Quantity": "115 micro-mol/l",
      "Quality": "Normal"
    },
    {
      "Name": "Tyrosine",
      "Age": "8.07 Year(s)",
      "Specimen": "blood",
      "Quantity": "159 micro-mol/l",
      "Quality": "Increased"
    },
    {
      "Name": "Tyrosine",
      "Age": "8.11 Year(s)",
      "Specimen": "blood",
      "Quantity": "86 micro-mol/l",
      "Quality": "Normal"
    },
    {
      "Name": "Tyrosine",
      "Age": "8.15 Year(s)",
      "Specimen": "blood",
      "Quantity": "69 micro-mol/l",
      "Quality": "Normal"
    },
    {
      "Name": "Tyrosine",
      "Age": "8.38 Year(s)",
      "Specimen": "blood",
      "Quantity": "55 micro-mol/l",
      "Quality": "Normal"
    },
    {
      "Name": "Tyrosine",
      "Age": "8.42 Year(s)",
      "Specimen": "blood",
      "Quantity": "113 micro-mol/l",
      "Quality": "Normal"
    },
    {
      "Name": "Tyrosine",
      "Age": "8.52 Year(s)",
      "Specimen": "blood",
      "Quantity": "127 micro-mol/l",
      "Quality": "Normal"
    },
    {
      "Name": "Tyrosine",
      "Age": "8.63 Year(s)",
      "Specimen": "blood",
      "Quantity": "109 micro-mol/l",
      "Quality": "Normal"
    },
    {
      "Name": "Tyrosine",
      "Age": "8.73 Year(s)",
      "Specimen": "blood",
      "Quantity": "184 micro-mol/l",
      "Quality": "Increased"
    },
    {
      "Name": "Tyrosine",
      "Age": "8.81 Year(s)",
      "Specimen": "blood",
      "Quantity": "83 micro-mol/l",
      "Quality": "Normal"
    },
    {
      "Name": "Tyrosine",
      "Age": "8.86 Year(s)",
      "Specimen": "blood",
      "Quantity": "144 micro-mol/l",
      "Quality": "Normal"
    },
    {
      "Name": "Tyrosine",
      "Age": "8.99 Year(s)",
      "Specimen": "blood",
      "Quantity": "77 micro-mol/l",
      "Quality": "Normal"
    },
    {
      "Name": "Tyrosine",
      "Age": "9.06 Year(s)",
      "Specimen": "blood",
      "Quantity": "59 micro-mol/l",
      "Quality": "Normal"
    },
    {
      "Name": "Tyrosine",
      "Age": "9.17 Year(s)",
      "Specimen": "blood",
      "Quantity": "37 micro-mol/l",
      "Quality": "Normal"
    },
    {
      "Name": "Tyrosine",
      "Age": "9.22 Year(s)",
      "Specimen": "blood",
      "Quantity": "136 micro-mol/l",
      "Quality": "Normal"
    },
    {
      "Name": "Tyrosine",
      "Age": "9.3 Year(s)",
      "Specimen": "blood",
      "Quantity": "103 micro-mol/l",
      "Quality": "Normal"
    },
    {
      "Name": "Tyrosine",
      "Age": "9.32 Year(s)",
      "Specimen": "blood",
      "Quantity": "81 micro-mol/l",
      "Quality": "Normal"
    },
    {
      "Name": "Tyrosine",
      "Age": "9.43 Year(s)",
      "Specimen": "blood",
      "Quantity": "82 micro-mol/l",
      "Quality": "Normal"
    },
    {
      "Name": "Tyrosine",
      "Age": "9.69 Year(s)",
      "Specimen": "blood",
      "Quantity": "29 micro-mol/l",
      "Quality": "Normal"
    },
    {
      "Name": "Tyrosine",
      "Age": "9.82 Year(s)",
      "Specimen": "blood",
      "Quantity": "75 micro-mol/l",
      "Quality": "Normal"
    },
    {
      "Name": "Tyrosine",
      "Age": "9.91 Year(s)",
      "Specimen": "blood",
      "Quantity": "74 micro-mol/l",
      "Quality": "Normal"
    },
    {
      "Name": "Tyrosine",
      "Age": "10.13 Year(s)",
      "Specimen": "blood",
      "Quantity": "70 micro-mol/l",
      "Quality": "Normal"
    },
    {
      "Name": "Tyrosine",
      "Age": "10.2 Year(s)",
      "Specimen": "blood",
      "Quantity": "87 micro-mol/l",
      "Quality": "Normal"
    },
    {
      "Name": "Tyrosine",
      "Age": "10.23 Year(s)",
      "Specimen": "blood",
      "Quantity": "62 micro-mol/l",
      "Quality": "Normal"
    },
    {
      "Name": "Tyrosine",
      "Age": "10.28 Year(s)",
      "Specimen": "blood",
      "Quantity": "106 micro-mol/l",
      "Quality": "Normal"
    },
    {
      "Name": "Tyrosine",
      "Age": "10.35 Year(s)",
      "Specimen": "blood",
      "Quantity": "52 micro-mol/l",
      "Quality": "Normal"
    },
    {
      "Name": "Tyrosine",
      "Age": "10.39 Year(s)",
      "Specimen": "blood",
      "Quantity": "179 micro-mol/l",
      "Quality": "Increased"
    },
    {
      "Name": "Tyrosine",
      "Age": "10.43 Year(s)",
      "Specimen": "blood",
      "Quantity": "101 micro-mol/l",
      "Quality": "Normal"
    },
    {
      "Name": "Tyrosine",
      "Age": "10.5 Year(s)",
      "Specimen": "blood",
      "Quantity": "45 micro-mol/l",
      "Quality": "Normal"
    },
    {
      "Name": "Tyrosine",
      "Age": "10.6 Year(s)",
      "Specimen": "blood",
      "Quantity": "55 micro-mol/l",
      "Quality": "Normal"
    },
    {
      "Name": "Tyrosine",
      "Age": "10.73 Year(s)",
      "Specimen": "blood",
      "Quantity": "38 micro-mol/l",
      "Quality": "Normal"
    },
    {
      "Name": "Tyrosine",
      "Age": "10.81 Year(s)",
      "Specimen": "blood",
      "Quantity": "90 micro-mol/l",
      "Quality": "Normal"
    },
    {
      "Name": "Tyrosine",
      "Age": "10.85 Year(s)",
      "Specimen": "blood",
      "Quantity": "72 micro-mol/l",
      "Quality": "Normal"
    },
    {
      "Name": "Tyrosine",
      "Age": "10.89 Year(s)",
      "Specimen": "blood",
      "Quantity": "160 micro-mol/l",
      "Quality": "Increased"
    },
    {
      "Name": "Tyrosine",
      "Age": "10.92 Year(s)",
      "Specimen": "blood",
      "Quantity": "71 micro-mol/l",
      "Quality": "Normal"
    },
    {
      "Name": "Tyrosine",
      "Age": "11.1 Year(s)",
      "Specimen": "blood",
      "Quantity": "98 micro-mol/l",
      "Quality": "Normal"
    },
    {
      "Name": "Tyrosine",
      "Age": "11.18 Year(s)",
      "Specimen": "blood",
      "Quantity": "33 micro-mol/l",
      "Quality": "Normal"
    },
    {
      "Name": "Tyrosine",
      "Age": "11.2 Year(s)",
      "Specimen": "blood",
      "Quantity": "30 micro-mol/l",
      "Quality": "Normal"
    },
    {
      "Name": "Tyrosine",
      "Age": "11.26 Year(s)",
      "Specimen": "blood",
      "Quantity": "103 micro-mol/l",
      "Quality": "Normal"
    },
    {
      "Name": "Tyrosine",
      "Age": "11.3 Year(s)",
      "Specimen": "blood",
      "Quantity": "120 micro-mol/l",
      "Quality": "Normal"
    },
    {
      "Name": "Tyrosine",
      "Age": "11.36 Year(s)",
      "Specimen": "blood",
      "Quantity": "102 micro-mol/l",
      "Quality": "Normal"
    },
    {
      "Name": "Tyrosine",
      "Age": "11.45 Year(s)",
      "Specimen": "blood",
      "Quantity": "97 micro-mol/l",
      "Quality": "Normal"
    },
    {
      "Name": "Tyrosine",
      "Age": "11.5 Year(s)",
      "Specimen": "blood",
      "Quantity": "44 micro-mol/l",
      "Quality": "Normal"
    },
    {
      "Name": "Tyrosine",
      "Age": "11.6 Year(s)",
      "Specimen": "blood",
      "Quantity": "78 micro-mol/l",
      "Quality": "Normal"
    },
    {
      "Name": "Tyrosine",
      "Age": "11.7 Year(s)",
      "Specimen": "blood",
      "Quantity": "146 micro-mol/l",
      "Quality": "Increased"
    },
    {
      "Name": "Tyrosine",
      "Age": "11.83 Year(s)",
      "Specimen": "blood",
      "Quantity": "65 micro-mol/l",
      "Quality": "Normal"
    },
    {
      "Name": "Tyrosine",
      "Age": "11.93 Year(s)",
      "Specimen": "blood",
      "Quantity": "154 micro-mol/l",
      "Quality": "Increased"
    },
    {
      "Name": "Tyrosine",
      "Age": "12 Year(s)",
      "Specimen": "blood",
      "Quantity": "32 micro-mol/l",
      "Quality": "Normal"
    },
    {
      "Name": "Tyrosine",
      "Age": "12.01 Year(s)",
      "Specimen": "blood",
      "Quantity": "112 micro-mol/l",
      "Quality": "Normal"
    },
    {
      "Name": "Tyrosine",
      "Age": "12.04 Year(s)",
      "Specimen": "blood",
      "Quantity": "60 micro-mol/l",
      "Quality": "Normal"
    },
    {
      "Name": "Tyrosine",
      "Age": "12.11 Year(s)",
      "Specimen": "blood",
      "Quantity": "85 micro-mol/l",
      "Quality": "Normal"
    },
    {
      "Name": "Tyrosine",
      "Age": "12.22 Year(s)",
      "Specimen": "blood",
      "Quantity": "84 micro-mol/l",
      "Quality": "Normal"
    },
    {
      "Name": "Tyrosine",
      "Age": "12.31 Year(s)",
      "Specimen": "blood",
      "Quantity": "54 micro-mol/l",
      "Quality": "Normal"
    },
    {
      "Name": "Tyrosine",
      "Age": "12.49 Year(s)",
      "Specimen": "blood",
      "Quantity": "153 micro-mol/l",
      "Quality": "Increased"
    },
    {
      "Name": "Tyrosine",
      "Age": "12.55 Year(s)",
      "Specimen": "blood",
      "Quantity": "30 micro-mol/l",
      "Quality": "Normal"
    },
    {
      "Name": "Tyrosine",
      "Age": "12.58 Year(s)",
      "Specimen": "blood",
      "Quantity": "77 micro-mol/l",
      "Quality": "Normal"
    },
    {
      "Name": "Tyrosine",
      "Age": "12.61 Year(s)",
      "Specimen": "blood",
      "Quantity": "96 micro-mol/l",
      "Quality": "Normal"
    },
    {
      "Name": "Tyrosine",
      "Age": "12.74 Year(s)",
      "Specimen": "blood",
      "Quantity": "71 micro-mol/l",
      "Quality": "Normal"
    },
    {
      "Name": "Tyrosine",
      "Age": "12.88 Year(s)",
      "Specimen": "blood",
      "Quantity": "40 micro-mol/l",
      "Quality": "Normal"
    },
    {
      "Name": "Tyrosine",
      "Age": "12.94 Year(s)",
      "Specimen": "blood",
      "Quantity": "87 micro-mol/l",
      "Quality": "Normal"
    },
    {
      "Name": "Tyrosine",
      "Age": "13.02 Year(s)",
      "Specimen": "blood",
      "Quantity": "67 micro-mol/l",
      "Quality": "Normal"
    },
    {
      "Name": "Tyrosine",
      "Age": "13.19 Year(s)",
      "Specimen": "blood",
      "Quantity": "53 micro-mol/l",
      "Quality": "Normal"
    },
    {
      "Name": "Tyrosine",
      "Age": "13.27 Year(s)",
      "Specimen": "blood",
      "Quantity": "76 micro-mol/l",
      "Quality": "Normal"
    },
    {
      "Name": "Tyrosine",
      "Age": "13.39 Year(s)",
      "Specimen": "blood",
      "Quantity": "38 micro-mol/l",
      "Quality": "Normal"
    },
    {
      "Name": "Tyrosine",
      "Age": "13.5 Year(s)",
      "Specimen": "blood",
      "Quantity": "31 micro-mol/l",
      "Quality": "Normal"
    },
    {
      "Name": "Tyrosine",
      "Age": "13.61 Year(s)",
      "Specimen": "blood",
      "Quantity": "79 micro-mol/l",
      "Quality": "Normal"
    },
    {
      "Name": "Tyrosine",
      "Age": "13.74 Year(s)",
      "Specimen": "blood",
      "Quantity": "79 micro-mol/l",
      "Quality": "Normal"
    },
    {
      "Name": "Tyrosine",
      "Age": "13.82 Year(s)",
      "Specimen": "blood",
      "Quantity": "129 micro-mol/l",
      "Quality": "Normal"
    },
    {
      "Name": "Tyrosine",
      "Age": "13.89 Year(s)",
      "Specimen": "blood",
      "Quantity": "65 micro-mol/l",
      "Quality": "Normal"
    },
    {
      "Name": "Tyrosine",
      "Age": "14.06 Year(s)",
      "Specimen": "blood",
      "Quantity": "29 micro-mol/l",
      "Quality": "Normal"
    },
    {
      "Name": "Tyrosine",
      "Age": "14.12 Year(s)",
      "Specimen": "blood",
      "Quantity": "46 micro-mol/l",
      "Quality": "Normal"
    },
    {
      "Name": "Tyrosine",
      "Age": "14.23 Year(s)",
      "Specimen": "blood",
      "Quantity": "71 micro-mol/l",
      "Quality": "Normal"
    },
    {
      "Name": "Tyrosine",
      "Age": "14.31 Year(s)",
      "Specimen": "blood",
      "Quantity": "35 micro-mol/l",
      "Quality": "Normal"
    },
    {
      "Name": "Tyrosine",
      "Age": "14.41 Year(s)",
      "Specimen": "blood",
      "Quantity": "29 micro-mol/l",
      "Quality": "Normal"
    },
    {
      "Name": "Tyrosine",
      "Age": "14.57 Year(s)",
      "Specimen": "blood",
      "Quantity": "62 micro-mol/l",
      "Quality": "Normal"
    },
    {
      "Name": "Tyrosine",
      "Age": "14.61 Year(s)",
      "Specimen": "blood",
      "Quantity": "96 micro-mol/l",
      "Quality": "Normal"
    },
    {
      "Name": "Tyrosine",
      "Age": "14.65 Year(s)",
      "Specimen": "blood",
      "Quantity": "111 micro-mol/l",
      "Quality": "Normal"
    },
    {
      "Name": "Tyrosine",
      "Age": "14.73 Year(s)",
      "Specimen": "blood",
      "Quantity": "83 micro-mol/l",
      "Quality": "Normal"
    },
    {
      "Name": "Tyrosine",
      "Age": "14.86 Year(s)",
      "Specimen": "blood",
      "Quantity": "85 micro-mol/l",
      "Quality": "Normal"
    },
    {
      "Name": "Tyrosine",
      "Age": "14.97 Year(s)",
      "Specimen": "blood",
      "Quantity": "147 micro-mol/l",
      "Quality": "Increased"
    },
    {
      "Name": "Tyrosine",
      "Age": "15.13 Year(s)",
      "Specimen": "blood",
      "Quantity": "100 micro-mol/l",
      "Quality": "Normal"
    },
    {
      "Name": "Tyrosine",
      "Age": "15.31 Year(s)",
      "Specimen": "blood",
      "Quantity": "39 micro-mol/l",
      "Quality": "Normal"
    },
    {
      "Name": "Tyrosine",
      "Age": "15.46 Year(s)",
      "Specimen": "blood",
      "Quantity": "54 micro-mol/l",
      "Quality": "Normal"
    },
    {
      "Name": "Tyrosine",
      "Age": "15.55 Year(s)",
      "Specimen": "blood",
      "Quantity": "54 micro-mol/l",
      "Quality": "Normal"
    },
    {
      "Name": "Tyrosine",
      "Age": "15.85 Year(s)",
      "Specimen": "blood",
      "Quantity": "65 micro-mol/l",
      "Quality": "Normal"
    },
    {
      "Name": "Tyrosine",
      "Age": "15.98 Year(s)",
      "Specimen": "blood",
      "Quantity": "64 micro-mol/l",
      "Quality": "Normal"
    },
    {
      "Name": "Tyrosine",
      "Age": "16.03 Year(s)",
      "Specimen": "blood",
      "Quantity": "90 micro-mol/l",
      "Quality": "Normal"
    }
  ],
  "Symptoms": [
    {
      "Name": "infections [severe or recurrent]",
      "Age": "21.72 Month(s)",
      "Range": "yes"
    },
    {
      "Name": "no clinical signs or symptoms",
      "Age": "2.79 Month(s)",
      "Range": "yes"
    },
    {
      "Name": "no clinical signs or symptoms",
      "Age": "4.38 Year(s)",
      "Range": "yes"
    }
  ],
  "Diet/drugs": [
    {
      "Name": "artificial protein intake (specific amino acid mixture)",
      "Age": "18 Day(s)",
      "Dosage": "8.8 g/day",
      "Route": "oral"
    },
    {
      "Name": "artificial protein intake (specific amino acid mixture)",
      "Age": "4.17 Month(s)",
      "Dosage": "11.9 g/day",
      "Route": "oral"
    },
    {
      "Name": "artificial protein intake (specific amino acid mixture)",
      "Age": "6.08 Month(s)",
      "Dosage": "9.6 g/day",
      "Route": "oral"
    },
    {
      "Name": "artificial protein intake (specific amino acid mixture)",
      "Age": "7.49 Month(s)",
      "Dosage": "9.6 g/day",
      "Route": "oral"
    },
    {
      "Name": "artificial protein intake (specific amino acid mixture)",
      "Age": "6.98 Year(s)",
      "Dosage": "40 g/day",
      "Route": "oral"
    },
    {
      "Name": "phenylalanine",
      "Age": "18 Day(s)",
      "Dosage": "120 mg/day",
      "Route": "oral"
    },
    {
      "Name": "phenylalanine",
      "Age": "4.17 Month(s)",
      "Dosage": "180 mg/day",
      "Route": "oral"
    },
    {
      "Name": "phenylalanine",
      "Age": "6.08 Month(s)",
      "Dosage": "220 mg/day",
      "Route": "oral"
    },
    {
      "Name": "phenylalanine",
      "Age": "7.49 Month(s)",
      "Dosage": "220 mg/day",
      "Route": "oral"
    },
    {
      "Name": "phenylalanine",
      "Age": "6.98 Year(s)",
      "Dosage": "280 mg/day",
      "Route": "oral"
    },
    {
      "Name": "protein (total)",
      "Age": "18 Day(s)",
      "Dosage": "11 g/day",
      "Route": "oral"
    },
    {
      "Name": "protein (total)",
      "Age": "4.17 Month(s)",
      "Dosage": "16 g/day",
      "Route": "oral"
    },
    {
      "Name": "protein (total)",
      "Age": "6.08 Month(s)",
      "Dosage": "15 g/day",
      "Route": "oral"
    },
    {
      "Name": "protein (total)",
      "Age": "7.49 Month(s)",
      "Dosage": "15 g/day",
      "Route": "oral"
    }
  ],
  "Therapy/development": [
    {
      "Name": "head circumference",
      "Age": "2.79 Month(s)",
      "Quantity": "40.5  cm",
      "Type": "development"
    },
    {
      "Name": "length",
      "Age": "2.79 Month(s)",
      "Quantity": "64  cm",
      "Type": "development"
    },
    {
      "Name": "length",
      "Age": "6.05 Month(s)",
      "Quantity": "67.6  cm",
      "Type": "development"
    },
    {
      "Name": "length",
      "Age": "22.8 Month(s)",
      "Quantity": "86  cm",
      "Type": "development"
    },
    {
      "Name": "length",
      "Age": "2.37 Year(s)",
      "Quantity": "91.5  cm",
      "Type": "development"
    },
    {
      "Name": "length",
      "Age": "2.87 Year(s)",
      "Quantity": "95.7  cm",
      "Type": "development"
    },
    {
      "Name": "length",
      "Age": "3.38 Year(s)",
      "Quantity": "100  cm",
      "Type": "development"
    },
    {
      "Name": "length",
      "Age": "3.86 Year(s)",
      "Quantity": "104.5  cm",
      "Type": "development"
    },
    {
      "Name": "length",
      "Age": "4.38 Year(s)",
      "Quantity": "107.7  cm",
      "Type": "development"
    },
    {
      "Name": "length",
      "Age": "4.86 Year(s)",
      "Quantity": "109  cm",
      "Type": "development"
    },
    {
      "Name": "length",
      "Age": "6.98 Year(s)",
      "Quantity": "123  cm",
      "Type": "development"
    },
    {
      "Name": "length",
      "Age": "7.35 Year(s)",
      "Quantity": "125.4  cm",
      "Type": "development"
    },
    {
      "Name": "length",
      "Age": "7.98 Year(s)",
      "Quantity": "128  cm",
      "Type": "development"
    },
    {
      "Name": "length",
      "Age": "14.61 Year(s)",
      "Quantity": "164  cm",
      "Type": "development"
    },
    {
      "Name": "weight",
      "Age": "2.79 Month(s)",
      "Quantity": "6.4  kg",
      "Type": "development"
    },
    {
      "Name": "weight",
      "Age": "6.05 Month(s)",
      "Quantity": "7.4  kg",
      "Type": "development"
    },
    {
      "Name": "weight",
      "Age": "13.01 Month(s)",
      "Quantity": "11.1  kg",
      "Type": "development"
    },
    {
      "Name": "weight",
      "Age": "22.8 Month(s)",
      "Quantity": "12.9  kg",
      "Type": "development"
    },
    {
      "Name": "weight",
      "Age": "2.37 Year(s)",
      "Quantity": "14.2  kg",
      "Type": "development"
    },
    {
      "Name": "weight",
      "Age": "2.87 Year(s)",
      "Quantity": "15.5  kg",
      "Type": "development"
    },
    {
      "Name": "weight",
      "Age": "3.38 Year(s)",
      "Quantity": "16  kg",
      "Type": "development"
    },
    {
      "Name": "weight",
      "Age": "3.86 Year(s)",
      "Quantity": "17.4  kg",
      "Type": "development"
    },
    {
      "Name": "weight",
      "Age": "4.38 Year(s)",
      "Quantity": "18.5  kg",
      "Type": "development"
    },
    {
      "Name": "weight",
      "Age": "4.86 Year(s)",
      "Quantity": "19.8  kg",
      "Type": "development"
    },
    {
      "Name": "weight",
      "Age": "6.98 Year(s)",
      "Quantity": "24.5  kg",
      "Type": "development"
    },
    {
      "Name": "weight",
      "Age": "7.35 Year(s)",
      "Quantity": "25.9  kg",
      "Type": "development"
    },
    {
      "Name": "weight",
      "Age": "7.98 Year(s)",
      "Quantity": "29.5  kg",
      "Type": "development"
    },
    {
      "Name": "weight",
      "Age": "14.61 Year(s)",
      "Quantity": "59  kg",
      "Type": "development"
    }
  ]
}