{
  "MainData": {
    "Patient ID": "412",
    "Diagnosis": "ALKAPTONURIA (MIM 203500)",
    "Gender": "m",
    "Age of symptoms onset": "3 Month(s)",
    "Age of diagnosis": "3.35 Month(s)",
    "Found in newborn screening": "n",
    "Diagnosis confirmed": "y",
    "Country": "Germany",
    "Ethnic origin": "Mother: German, Father: German",
    "History": "Child of healthy parents. Diagnosis was made because of dark colored urine and increased levels of homogentisic acid.",
    "Author": "Willy Lehnert",
    "Hospital": "University Childrens Hospital Freiburg",
    "Coauthor(s)": "",
    "Date of entry": "2001-11-02"
  },
  "Molecular genetics": {
    "Gene name": "",
    "Genotype": "",
    "Allele 1": {
      "Trivial name": "",
      "Systematic name": "",
      "Amino acid change": "",
      "Nucleotide change": "",
      "Exon/Intron Boundary/Promotor": ""
    },
    "Allele 2": {
      "Trivial name": "",
      "Systematic name": "",
      "Amino acid change": "",
      "Nucleotide change": "",
      "Exon/Intron Boundary/Promotor": ""
    }
  },
  "Lab findings": [
    {
      "Name": "Homogentisic acid",
      "Age": "3.35 Month(s)",
      "Specimen": "urine",
      "Quantity": "",
      "Quality": "Increased"
    }
  ],
  "Symptoms": [
    {
      "Name": "urine",
      "Age": "3.25 Month(s)",
      "Range": "brown or black"
    }
  ],
  "Diet/drugs": [],
  "Therapy/development": []
}