{
  "MainData": {
    "Patient ID": "417",
    "Diagnosis": "FANCONI-BICKEL SYNDROME (MIM 227810)",
    "Gender": "m",
    "Age of symptoms onset": "6 Month(s)",
    "Age of diagnosis": "7.26 Month(s)",
    "Found in newborn screening": "n",
    "Diagnosis confirmed": "y",
    "Country": "Germany",
    "Ethnic origin": "Mother: Turkish, Father: Turkish",
    "History": "",
    "Author": "Friedrich Trefz",
    "Hospital": "Childrens Hospital Reutlingen",
    "Coauthor(s)": "",
    "Date of entry": "2001-11-06"
  },
  "Molecular genetics": {
    "Gene name": "",
    "Genotype": "",
    "Allele 1": {
      "Trivial name": "",
      "Systematic name": "",
      "Amino acid change": "",
      "Nucleotide change": "",
      "Exon/Intron Boundary/Promotor": ""
    },
    "Allele 2": {
      "Trivial name": "",
      "Systematic name": "",
      "Amino acid change": "",
      "Nucleotide change": "",
      "Exon/Intron Boundary/Promotor": ""
    }
  },
  "Lab findings": [
    {
      "Name": "Alanine",
      "Age": "10.52 Year(s)",
      "Specimen": "serum/plasma",
      "Quantity": "583 micro-mol/l",
      "Quality": "Increased"
    },
    {
      "Name": "Alanine",
      "Age": "10.52 Year(s)",
      "Specimen": "urine",
      "Quantity": "2207 mmol/mol Crea",
      "Quality": "Increased"
    },
    {
      "Name": "ALAT (GPT)",
      "Age": "4.56 Year(s)",
      "Specimen": "serum/plasma",
      "Quantity": "",
      "Quality": "Increased"
    },
    {
      "Name": "ALAT (GPT)",
      "Age": "10.52 Year(s)",
      "Specimen": "serum/plasma",
      "Quantity": "29 U/l",
      "Quality": "Increased"
    },
    {
      "Name": "ALAT (GPT)",
      "Age": "14.1 Year(s)",
      "Specimen": "serum/plasma",
      "Quantity": "39 U/l",
      "Quality": "Increased"
    },
    {
      "Name": "ASAT (GOT)",
      "Age": "4.56 Year(s)",
      "Specimen": "serum/plasma",
      "Quantity": "",
      "Quality": "Increased"
    },
    {
      "Name": "ASAT (GOT)",
      "Age": "10.52 Year(s)",
      "Specimen": "serum/plasma",
      "Quantity": "32 U/l",
      "Quality": "Increased"
    },
    {
      "Name": "ASAT (GOT)",
      "Age": "14.1 Year(s)",
      "Specimen": "serum/plasma",
      "Quantity": "24 U/l",
      "Quality": "Increased"
    },
    {
      "Name": "Cholesterol",
      "Age": "8.64 Year(s)",
      "Specimen": "serum/plasma",
      "Quantity": "7.8 mmol/l",
      "Quality": "Increased"
    },
    {
      "Name": "Cholesterol",
      "Age": "14.1 Year(s)",
      "Specimen": "serum/plasma",
      "Quantity": "7.7 mmol/l",
      "Quality": "Increased"
    },
    {
      "Name": "Ferritin",
      "Age": "14.1 Year(s)",
      "Specimen": "serum/plasma",
      "Quantity": "67 micro-g/l",
      "Quality": "Normal"
    },
    {
      "Name": "gamma-Glutamyl transpeptidase",
      "Age": "4.56 Year(s)",
      "Specimen": "serum/plasma",
      "Quantity": "",
      "Quality": "Increased"
    },
    {
      "Name": "gamma-Glutamyl transpeptidase",
      "Age": "10.52 Year(s)",
      "Specimen": "serum/plasma",
      "Quantity": "30 U/l",
      "Quality": "Increased"
    },
    {
      "Name": "gamma-Glutamyl transpeptidase",
      "Age": "14.1 Year(s)",
      "Specimen": "serum/plasma",
      "Quantity": "36 U/l",
      "Quality": "Increased"
    },
    {
      "Name": "Hemoglobine",
      "Age": "14.1 Year(s)",
      "Specimen": "blood",
      "Quantity": "13.2 g/dl",
      "Quality": "Decreased"
    },
    {
      "Name": "Iron",
      "Age": "4.56 Year(s)",
      "Specimen": "serum/plasma",
      "Quantity": "",
      "Quality": "Increased"
    },
    {
      "Name": "Lactate",
      "Age": "10.52 Year(s)",
      "Specimen": "urine",
      "Quantity": "",
      "Quality": "Increased"
    },
    {
      "Name": "Lactate",
      "Age": "10.52 Year(s)",
      "Specimen": "blood",
      "Quantity": "3.3 mmol/l",
      "Quality": "Increased"
    },
    {
      "Name": "Magnesium",
      "Age": "4.56 Year(s)",
      "Specimen": "serum/plasma",
      "Quantity": "",
      "Quality": "Increased"
    },
    {
      "Name": "Phosphatase, alkaline",
      "Age": "10.52 Year(s)",
      "Specimen": "serum/plasma",
      "Quantity": "469 U/l",
      "Quality": "Increased"
    },
    {
      "Name": "Potassium",
      "Age": "14.1 Year(s)",
      "Specimen": "serum/plasma",
      "Quantity": "3 mmol/l",
      "Quality": "Decreased"
    },
    {
      "Name": "Thyroid-stimulating hormone (TSH)",
      "Age": "14.1 Year(s)",
      "Specimen": "serum/plasma",
      "Quantity": "2.5 mU/l",
      "Quality": "Normal"
    },
    {
      "Name": "Uric acid",
      "Age": "14.1 Year(s)",
      "Specimen": "serum/plasma",
      "Quantity": "1.6 mg/dl",
      "Quality": "Decreased"
    },
    {
      "Name": "1,25-Dihydroxyvitamin D",
      "Age": "4.56 Year(s)",
      "Specimen": "serum/plasma",
      "Quantity": "",
      "Quality": "Increased"
    },
    {
      "Name": "1,25-Dihydroxyvitamin D",
      "Age": "8.64 Year(s)",
      "Specimen": "serum/plasma",
      "Quantity": "",
      "Quality": "Increased"
    }
  ],
  "Symptoms": [
    {
      "Name": "dwarfism",
      "Age": "4.56 Year(s)",
      "Range": "yes"
    },
    {
      "Name": "failure to thrive",
      "Age": "6.01 Month(s)",
      "Range": "moderate"
    },
    {
      "Name": "large liver",
      "Age": "4.56 Year(s)",
      "Range": "yes"
    },
    {
      "Name": "nephrocalcinosis",
      "Age": "12.36 Year(s)",
      "Range": "yes"
    },
    {
      "Name": "nose bleed",
      "Age": "4.56 Year(s)",
      "Range": "yes"
    },
    {
      "Name": "pulmonary valve, stenosis",
      "Age": "4.56 Year(s)",
      "Range": "yes"
    }
  ],
  "Diet/drugs": [],
  "Therapy/development": []
}