{
  "MainData": {
    "Patient ID": "421",
    "Diagnosis": "PHENYLKETONURIA (MIM 261600)",
    "Gender": "f",
    "Age of symptoms onset": "0 Day(s)",
    "Age of diagnosis": "6 Day(s)",
    "Found in newborn screening": "y",
    "Diagnosis confirmed": "y",
    "Country": "Germany",
    "Ethnic origin": "Mother: German, Father: German",
    "History": "Early treated PKU without any clinical symptoms. Planned pregnancy led the patient back to strongly phe-restricted diet. \nFirst pregnancy without any complications, birth of a healthy daughter. Now (8.11.2001), second pregnancy in the 28th of gestation.",
    "Author": "Friedrich Trefz",
    "Hospital": "Childrens Hospital Reutlingen",
    "Coauthor(s)": "",
    "Date of entry": "2001-11-08"
  },
  "Molecular genetics": {
    "Gene name": "PAH gene",
    "Genotype": "p.R261Q/ p.R408W",
    "Allele 1": {
      "Trivial name": "p.R261Q",
      "Systematic name": "c.782G>A",
      "Amino acid change": "Arg>Gln",
      "Nucleotide change": "CGA>CAA",
      "Exon/Intron Boundary/Promotor": "7"
    },
    "Allele 2": {
      "Trivial name": "p.R408W",
      "Systematic name": "c.1222C>T",
      "Amino acid change": "Arg>Trp",
      "Nucleotide change": "CGG>TGG",
      "Exon/Intron Boundary/Promotor": "12"
    }
  },
  "Lab findings": [
    {
      "Name": "Phenylalanine",
      "Age": "26.18 Year(s)",
      "Specimen": "serum/plasma",
      "Quantity": "223.2 micro-mol/l",
      "Quality": "Increased"
    },
    {
      "Name": "Phenylalanine",
      "Age": "26.28 Year(s)",
      "Specimen": "serum/plasma",
      "Quantity": "128 micro-mol/l",
      "Quality": "Increased"
    },
    {
      "Name": "Phenylalanine",
      "Age": "26.38 Year(s)",
      "Specimen": "serum/plasma",
      "Quantity": "125 micro-mol/l",
      "Quality": "Increased"
    },
    {
      "Name": "Phenylalanine",
      "Age": "26.46 Year(s)",
      "Specimen": "serum/plasma",
      "Quantity": "65 micro-mol/l",
      "Quality": "Normal"
    },
    {
      "Name": "Phenylalanine",
      "Age": "26.53 Year(s)",
      "Specimen": "serum/plasma",
      "Quantity": "81 micro-mol/l",
      "Quality": "Normal"
    },
    {
      "Name": "Phenylalanine",
      "Age": "26.62 Year(s)",
      "Specimen": "serum/plasma",
      "Quantity": "146 micro-mol/l",
      "Quality": "Increased"
    },
    {
      "Name": "Phenylalanine",
      "Age": "26.69 Year(s)",
      "Specimen": "serum/plasma",
      "Quantity": "356.8 micro-mol/l",
      "Quality": "Increased"
    },
    {
      "Name": "Phenylalanine",
      "Age": "26.78 Year(s)",
      "Specimen": "serum/plasma",
      "Quantity": "52 micro-mol/l",
      "Quality": "Normal"
    },
    {
      "Name": "Phenylalanine",
      "Age": "26.86 Year(s)",
      "Specimen": "serum/plasma",
      "Quantity": "170 micro-mol/l",
      "Quality": "Increased"
    },
    {
      "Name": "Phenylalanine",
      "Age": "26.96 Year(s)",
      "Specimen": "serum/plasma",
      "Quantity": "58 micro-mol/l",
      "Quality": "Normal"
    },
    {
      "Name": "Phenylalanine",
      "Age": "27.04 Year(s)",
      "Specimen": "serum/plasma",
      "Quantity": "217 micro-mol/l",
      "Quality": "Increased"
    },
    {
      "Name": "Phenylalanine",
      "Age": "27.11 Year(s)",
      "Specimen": "serum/plasma",
      "Quantity": "88 micro-mol/l",
      "Quality": "Normal"
    },
    {
      "Name": "Phenylalanine",
      "Age": "27.21 Year(s)",
      "Specimen": "serum/plasma",
      "Quantity": "140 micro-mol/l",
      "Quality": "Increased"
    },
    {
      "Name": "Phenylalanine",
      "Age": "27.28 Year(s)",
      "Specimen": "serum/plasma",
      "Quantity": "128 micro-mol/l",
      "Quality": "Increased"
    },
    {
      "Name": "Phenylalanine",
      "Age": "27.48 Year(s)",
      "Specimen": "serum/plasma",
      "Quantity": "1163 micro-mol/l",
      "Quality": "Increased"
    },
    {
      "Name": "Phenylalanine",
      "Age": "27.67 Year(s)",
      "Specimen": "serum/plasma",
      "Quantity": "1508 micro-mol/l",
      "Quality": "Increased"
    },
    {
      "Name": "Phenylalanine",
      "Age": "28.24 Year(s)",
      "Specimen": "serum/plasma",
      "Quantity": "959 micro-mol/l",
      "Quality": "Increased"
    },
    {
      "Name": "Phenylalanine",
      "Age": "28.32 Year(s)",
      "Specimen": "serum/plasma",
      "Quantity": "638 micro-mol/l",
      "Quality": "Increased"
    },
    {
      "Name": "Phenylalanine",
      "Age": "28.4 Year(s)",
      "Specimen": "serum/plasma",
      "Quantity": "734 micro-mol/l",
      "Quality": "Increased"
    },
    {
      "Name": "Phenylalanine",
      "Age": "28.49 Year(s)",
      "Specimen": "blood",
      "Quantity": "968 micro-mol/l",
      "Quality": "Increased"
    },
    {
      "Name": "Phenylalanine",
      "Age": "28.74 Year(s)",
      "Specimen": "blood",
      "Quantity": "912 micro-mol/l",
      "Quality": "Increased"
    },
    {
      "Name": "Phenylalanine",
      "Age": "28.89 Year(s)",
      "Specimen": "blood",
      "Quantity": "800 micro-mol/l",
      "Quality": "Increased"
    },
    {
      "Name": "Phenylalanine",
      "Age": "29.16 Year(s)",
      "Specimen": "blood",
      "Quantity": "739 micro-mol/l",
      "Quality": "Increased"
    },
    {
      "Name": "Phenylalanine",
      "Age": "29.23 Year(s)",
      "Specimen": "blood",
      "Quantity": "450 micro-mol/l",
      "Quality": "Increased"
    },
    {
      "Name": "Phenylalanine",
      "Age": "29.51 Year(s)",
      "Specimen": "blood",
      "Quantity": "467 micro-mol/l",
      "Quality": "Increased"
    },
    {
      "Name": "Phenylalanine",
      "Age": "29.53 Year(s)",
      "Specimen": "blood",
      "Quantity": "549 micro-mol/l",
      "Quality": "Increased"
    },
    {
      "Name": "Phenylalanine",
      "Age": "29.62 Year(s)",
      "Specimen": "blood",
      "Quantity": "300 micro-mol/l",
      "Quality": "Increased"
    },
    {
      "Name": "Phenylalanine",
      "Age": "29.72 Year(s)",
      "Specimen": "blood",
      "Quantity": "116 micro-mol/l",
      "Quality": "Normal"
    },
    {
      "Name": "Phenylalanine",
      "Age": "29.77 Year(s)",
      "Specimen": "blood",
      "Quantity": "61 micro-mol/l",
      "Quality": "Normal"
    },
    {
      "Name": "Phenylalanine",
      "Age": "29.79 Year(s)",
      "Specimen": "blood",
      "Quantity": "85 micro-mol/l",
      "Quality": "Normal"
    },
    {
      "Name": "Phenylalanine",
      "Age": "29.81 Year(s)",
      "Specimen": "blood",
      "Quantity": "60 micro-mol/l",
      "Quality": "Normal"
    },
    {
      "Name": "Phenylalanine",
      "Age": "29.83 Year(s)",
      "Specimen": "blood",
      "Quantity": "146 micro-mol/l",
      "Quality": "Increased"
    },
    {
      "Name": "Phenylalanine",
      "Age": "29.87 Year(s)",
      "Specimen": "blood",
      "Quantity": "193 micro-mol/l",
      "Quality": "Increased"
    },
    {
      "Name": "Phenylalanine",
      "Age": "29.89 Year(s)",
      "Specimen": "blood",
      "Quantity": "309 micro-mol/l",
      "Quality": "Increased"
    },
    {
      "Name": "Phenylalanine",
      "Age": "29.91 Year(s)",
      "Specimen": "blood",
      "Quantity": "85 micro-mol/l",
      "Quality": "Normal"
    },
    {
      "Name": "Phenylalanine",
      "Age": "29.93 Year(s)",
      "Specimen": "blood",
      "Quantity": "111 micro-mol/l",
      "Quality": "Normal"
    },
    {
      "Name": "Phenylalanine",
      "Age": "29.97 Year(s)",
      "Specimen": "blood",
      "Quantity": "67 micro-mol/l",
      "Quality": "Normal"
    },
    {
      "Name": "Phenylalanine",
      "Age": "30 Year(s)",
      "Specimen": "blood",
      "Quantity": "108 micro-mol/l",
      "Quality": "Normal"
    },
    {
      "Name": "Phenylalanine",
      "Age": "30.05 Year(s)",
      "Specimen": "blood",
      "Quantity": "141 micro-mol/l",
      "Quality": "Increased"
    },
    {
      "Name": "Phenylalanine",
      "Age": "30.12 Year(s)",
      "Specimen": "blood",
      "Quantity": "74 micro-mol/l",
      "Quality": "Normal"
    },
    {
      "Name": "Phenylalanine",
      "Age": "30.14 Year(s)",
      "Specimen": "blood",
      "Quantity": "153 micro-mol/l",
      "Quality": "Increased"
    },
    {
      "Name": "Phenylalanine",
      "Age": "30.16 Year(s)",
      "Specimen": "blood",
      "Quantity": "135 micro-mol/l",
      "Quality": "Increased"
    },
    {
      "Name": "Tyrosine",
      "Age": "26.18 Year(s)",
      "Specimen": "serum/plasma",
      "Quantity": "41.4 micro-mol/l",
      "Quality": "Normal"
    },
    {
      "Name": "Tyrosine",
      "Age": "26.28 Year(s)",
      "Specimen": "serum/plasma",
      "Quantity": "65 micro-mol/l",
      "Quality": "Normal"
    },
    {
      "Name": "Tyrosine",
      "Age": "26.38 Year(s)",
      "Specimen": "serum/plasma",
      "Quantity": "105 micro-mol/l",
      "Quality": "Normal"
    },
    {
      "Name": "Tyrosine",
      "Age": "26.46 Year(s)",
      "Specimen": "serum/plasma",
      "Quantity": "81 micro-mol/l",
      "Quality": "Normal"
    },
    {
      "Name": "Tyrosine",
      "Age": "26.53 Year(s)",
      "Specimen": "serum/plasma",
      "Quantity": "63 micro-mol/l",
      "Quality": "Normal"
    },
    {
      "Name": "Tyrosine",
      "Age": "26.62 Year(s)",
      "Specimen": "serum/plasma",
      "Quantity": "21 micro-mol/l",
      "Quality": "Decreased"
    },
    {
      "Name": "Tyrosine",
      "Age": "26.69 Year(s)",
      "Specimen": "serum/plasma",
      "Quantity": "49.9 micro-mol/l",
      "Quality": "Normal"
    },
    {
      "Name": "Tyrosine",
      "Age": "26.78 Year(s)",
      "Specimen": "serum/plasma",
      "Quantity": "56 micro-mol/l",
      "Quality": "Normal"
    },
    {
      "Name": "Tyrosine",
      "Age": "26.86 Year(s)",
      "Specimen": "serum/plasma",
      "Quantity": "77 micro-mol/l",
      "Quality": "Normal"
    },
    {
      "Name": "Tyrosine",
      "Age": "26.96 Year(s)",
      "Specimen": "serum/plasma",
      "Quantity": "75 micro-mol/l",
      "Quality": "Normal"
    },
    {
      "Name": "Tyrosine",
      "Age": "27.04 Year(s)",
      "Specimen": "serum/plasma",
      "Quantity": "64 micro-mol/l",
      "Quality": "Normal"
    },
    {
      "Name": "Tyrosine",
      "Age": "27.11 Year(s)",
      "Specimen": "serum/plasma",
      "Quantity": "94 micro-mol/l",
      "Quality": "Normal"
    },
    {
      "Name": "Tyrosine",
      "Age": "27.21 Year(s)",
      "Specimen": "serum/plasma",
      "Quantity": "100 micro-mol/l",
      "Quality": "Normal"
    },
    {
      "Name": "Tyrosine",
      "Age": "27.28 Year(s)",
      "Specimen": "serum/plasma",
      "Quantity": "119 micro-mol/l",
      "Quality": "Increased"
    },
    {
      "Name": "Tyrosine",
      "Age": "27.48 Year(s)",
      "Specimen": "serum/plasma",
      "Quantity": "38 micro-mol/l",
      "Quality": "Normal"
    },
    {
      "Name": "Tyrosine",
      "Age": "27.67 Year(s)",
      "Specimen": "serum/plasma",
      "Quantity": "81 micro-mol/l",
      "Quality": "Normal"
    },
    {
      "Name": "Tyrosine",
      "Age": "28.24 Year(s)",
      "Specimen": "serum/plasma",
      "Quantity": "62 micro-mol/l",
      "Quality": "Normal"
    },
    {
      "Name": "Tyrosine",
      "Age": "28.32 Year(s)",
      "Specimen": "serum/plasma",
      "Quantity": "123 micro-mol/l",
      "Quality": "Increased"
    },
    {
      "Name": "Tyrosine",
      "Age": "28.4 Year(s)",
      "Specimen": "serum/plasma",
      "Quantity": "135 micro-mol/l",
      "Quality": "Increased"
    },
    {
      "Name": "Tyrosine",
      "Age": "28.49 Year(s)",
      "Specimen": "serum/plasma",
      "Quantity": "47 micro-mol/l",
      "Quality": "Normal"
    },
    {
      "Name": "Tyrosine",
      "Age": "28.74 Year(s)",
      "Specimen": "blood",
      "Quantity": "93 micro-mol/l",
      "Quality": "Normal"
    },
    {
      "Name": "Tyrosine",
      "Age": "28.89 Year(s)",
      "Specimen": "blood",
      "Quantity": "54 micro-mol/l",
      "Quality": "Normal"
    },
    {
      "Name": "Tyrosine",
      "Age": "29.16 Year(s)",
      "Specimen": "blood",
      "Quantity": "41 micro-mol/l",
      "Quality": "Normal"
    },
    {
      "Name": "Tyrosine",
      "Age": "29.23 Year(s)",
      "Specimen": "blood",
      "Quantity": "36 micro-mol/l",
      "Quality": "Decreased"
    },
    {
      "Name": "Tyrosine",
      "Age": "29.51 Year(s)",
      "Specimen": "blood",
      "Quantity": "43 micro-mol/l",
      "Quality": "Normal"
    },
    {
      "Name": "Tyrosine",
      "Age": "29.53 Year(s)",
      "Specimen": "blood",
      "Quantity": "56 micro-mol/l",
      "Quality": "Normal"
    },
    {
      "Name": "Tyrosine",
      "Age": "29.62 Year(s)",
      "Specimen": "blood",
      "Quantity": "45 micro-mol/l",
      "Quality": "Normal"
    },
    {
      "Name": "Tyrosine",
      "Age": "29.72 Year(s)",
      "Specimen": "blood",
      "Quantity": "51 micro-mol/l",
      "Quality": "Normal"
    },
    {
      "Name": "Tyrosine",
      "Age": "29.77 Year(s)",
      "Specimen": "blood",
      "Quantity": "54 micro-mol/l",
      "Quality": "Normal"
    },
    {
      "Name": "Tyrosine",
      "Age": "29.79 Year(s)",
      "Specimen": "blood",
      "Quantity": "43 micro-mol/l",
      "Quality": "Normal"
    },
    {
      "Name": "Tyrosine",
      "Age": "29.81 Year(s)",
      "Specimen": "blood",
      "Quantity": "60 micro-mol/l",
      "Quality": "Normal"
    },
    {
      "Name": "Tyrosine",
      "Age": "29.83 Year(s)",
      "Specimen": "blood",
      "Quantity": "73 micro-mol/l",
      "Quality": "Normal"
    },
    {
      "Name": "Tyrosine",
      "Age": "29.87 Year(s)",
      "Specimen": "blood",
      "Quantity": "60 micro-mol/l",
      "Quality": "Normal"
    },
    {
      "Name": "Tyrosine",
      "Age": "29.89 Year(s)",
      "Specimen": "blood",
      "Quantity": "66 micro-mol/l",
      "Quality": "Normal"
    },
    {
      "Name": "Tyrosine",
      "Age": "29.91 Year(s)",
      "Specimen": "blood",
      "Quantity": "65 micro-mol/l",
      "Quality": "Normal"
    },
    {
      "Name": "Tyrosine",
      "Age": "29.93 Year(s)",
      "Specimen": "blood",
      "Quantity": "40 micro-mol/l",
      "Quality": "Normal"
    },
    {
      "Name": "Tyrosine",
      "Age": "29.97 Year(s)",
      "Specimen": "blood",
      "Quantity": "33 micro-mol/l",
      "Quality": "Decreased"
    },
    {
      "Name": "Tyrosine",
      "Age": "30 Year(s)",
      "Specimen": "blood",
      "Quantity": "64 micro-mol/l",
      "Quality": "Normal"
    },
    {
      "Name": "Tyrosine",
      "Age": "30.05 Year(s)",
      "Specimen": "blood",
      "Quantity": "100 micro-mol/l",
      "Quality": "Normal"
    },
    {
      "Name": "Tyrosine",
      "Age": "30.12 Year(s)",
      "Specimen": "blood",
      "Quantity": "68 micro-mol/l",
      "Quality": "Normal"
    },
    {
      "Name": "Tyrosine",
      "Age": "30.14 Year(s)",
      "Specimen": "blood",
      "Quantity": "64 micro-mol/l",
      "Quality": "Normal"
    },
    {
      "Name": "Tyrosine",
      "Age": "30.16 Year(s)",
      "Specimen": "blood",
      "Quantity": "63 micro-mol/l",
      "Quality": "Normal"
    }
  ],
  "Symptoms": [
    {
      "Name": "Hospitalization",
      "Age": "27.1 Year(s)",
      "Range": "yes"
    },
    {
      "Name": "no clinical signs or symptoms",
      "Age": "26.27 Year(s)",
      "Range": "yes"
    }
  ],
  "Diet/drugs": [
    {
      "Name": "artificial protein intake (specific amino acid mixture)",
      "Age": "26.69 Year(s)",
      "Dosage": "70.5 g/day",
      "Route": "oral"
    },
    {
      "Name": "artificial protein intake (specific amino acid mixture)",
      "Age": "26.73 Year(s)",
      "Dosage": "80.6 g/day",
      "Route": "oral"
    },
    {
      "Name": "phenylalanine",
      "Age": "26.69 Year(s)",
      "Dosage": "300 mg/day",
      "Route": "oral"
    },
    {
      "Name": "phenylalanine",
      "Age": "26.69 Year(s)",
      "Dosage": "450 mg/day",
      "Route": "oral"
    },
    {
      "Name": "phenylalanine",
      "Age": "26.73 Year(s)",
      "Dosage": "300 mg/day",
      "Route": "oral"
    },
    {
      "Name": "phenylalanine",
      "Age": "27.11 Year(s)",
      "Dosage": "500 mg/day",
      "Route": "oral"
    },
    {
      "Name": "phenylalanine",
      "Age": "29.64 Year(s)",
      "Dosage": "150 mg/day",
      "Route": "oral"
    },
    {
      "Name": "phenylalanine",
      "Age": "30.02 Year(s)",
      "Dosage": "500 mg/day",
      "Route": "oral"
    },
    {
      "Name": "protein (total)",
      "Age": "26.69 Year(s)",
      "Dosage": "80 g/day",
      "Route": "oral"
    },
    {
      "Name": "protein (total)",
      "Age": "26.73 Year(s)",
      "Dosage": "90 g/day",
      "Route": "oral"
    }
  ],
  "Therapy/development": [
    {
      "Name": "weight",
      "Age": "26.69 Year(s)",
      "Quantity": "73  kg",
      "Type": "development"
    },
    {
      "Name": "weight",
      "Age": "27.11 Year(s)",
      "Quantity": "78.8  kg",
      "Type": "development"
    },
    {
      "Name": "weight",
      "Age": "27.67 Year(s)",
      "Quantity": "78  kg",
      "Type": "development"
    },
    {
      "Name": "weight",
      "Age": "29.79 Year(s)",
      "Quantity": "89  kg",
      "Type": "development"
    },
    {
      "Name": "weight",
      "Age": "30.02 Year(s)",
      "Quantity": "92  kg",
      "Type": "development"
    }
  ]
}