{
  "MainData": {
    "Patient ID": "426",
    "Diagnosis": "ARGININOSUCCINIC ACIDURIA (MIM 207900)",
    "Gender": "f",
    "Age of symptoms onset": "0 Day(s)",
    "Age of diagnosis": "0 Day(s)",
    "Found in newborn screening": "n",
    "Diagnosis confirmed": "y",
    "Country": "Germany",
    "Ethnic origin": "Mother: Arabian, Father: Arabian",
    "History": "",
    "Author": "Willy Lehnert",
    "Hospital": "University Childrens Hospital Freiburg",
    "Coauthor(s)": "",
    "Date of entry": "2001-11-09"
  },
  "Molecular genetics": {
    "Gene name": "",
    "Genotype": "",
    "Allele 1": {
      "Trivial name": "",
      "Systematic name": "",
      "Amino acid change": "",
      "Nucleotide change": "",
      "Exon/Intron Boundary/Promotor": ""
    },
    "Allele 2": {
      "Trivial name": "",
      "Systematic name": "",
      "Amino acid change": "",
      "Nucleotide change": "",
      "Exon/Intron Boundary/Promotor": ""
    }
  },
  "Lab findings": [
    {
      "Name": "Argininosuccinate",
      "Age": "7.45 Year(s)",
      "Specimen": "urine",
      "Quantity": "",
      "Quality": "Increased"
    }
  ],
  "Symptoms": [],
  "Diet/drugs": [],
  "Therapy/development": []
}