{
  "MainData": {
    "Patient ID": "431",
    "Diagnosis": "GALACTOSEMIA (MIM 230400)",
    "Gender": "m",
    "Age of symptoms onset": "6 Day(s)",
    "Age of diagnosis": "7.96 Day(s)",
    "Found in newborn screening": "y",
    "Diagnosis confirmed": "y",
    "Country": "Germany",
    "Ethnic origin": "Mother: German, Father: German",
    "History": "The son of healthy parents was found in the newborn screening program with elevated levels of galactose. At his sixth day of life, he was hospitalized with diarrhea and liver failure.\r\nGal-1-P-Uridyltransferase was not detectable, thus the patient suffers from a classical form of galactosemia.\r\nTherapy with galactose-restricted diet was initiated. The boy has a mild hypotrophia, but a normal psychmotoric and mental development ( 09.11.2001).\r\nAt 5 years of age, psychmotor retardation and retardation in speech development, IQ of 90 (06/2005).",
    "Author": "Friedrich Trefz",
    "Hospital": "Childrens Hospital Reutlingen",
    "Coauthor(s)": "",
    "Date of entry": "2001-11-09"
  },
  "Molecular genetics": {
    "Gene name": "GALT gene",
    "Genotype": "p.Q188R/ p.Q188R",
    "Allele 1": {
      "Trivial name": "p.Q188R",
      "Systematic name": "c.563A>G",
      "Amino acid change": "Gln>Arg",
      "Nucleotide change": "",
      "Exon/Intron Boundary/Promotor": "6"
    },
    "Allele 2": {
      "Trivial name": "p.Q188R",
      "Systematic name": "c.563A>G",
      "Amino acid change": "Gln>Arg",
      "Nucleotide change": "",
      "Exon/Intron Boundary/Promotor": "6"
    }
  },
  "Lab findings": [
    {
      "Name": "ALAT (GPT)",
      "Age": "5.96 Day(s)",
      "Specimen": "serum/plasma",
      "Quantity": "47 U/l",
      "Quality": "Increased"
    },
    {
      "Name": "ASAT (GOT)",
      "Age": "5.96 Day(s)",
      "Specimen": "serum/plasma",
      "Quantity": "38 U/l",
      "Quality": "Increased"
    },
    {
      "Name": "ASAT (GOT)",
      "Age": "2.2 Year(s)",
      "Specimen": "serum/plasma",
      "Quantity": "44 U/l",
      "Quality": "Increased"
    },
    {
      "Name": "ASAT (GOT)",
      "Age": "3.73 Year(s)",
      "Specimen": "serum/plasma",
      "Quantity": "38 U/l",
      "Quality": "Increased"
    },
    {
      "Name": "ASAT (GOT)",
      "Age": "4.22 Year(s)",
      "Specimen": "serum/plasma",
      "Quantity": "44 U/l",
      "Quality": "Increased"
    },
    {
      "Name": "Bilirubin, total",
      "Age": "5.96 Day(s)",
      "Specimen": "serum/plasma",
      "Quantity": "331.5 micro-mol/l",
      "Quality": "Increased"
    },
    {
      "Name": "Bilirubin, total",
      "Age": "14.96 Day(s)",
      "Specimen": "serum/plasma",
      "Quantity": "117.3 micro-mol/l",
      "Quality": "Increased"
    },
    {
      "Name": "Galactitol",
      "Age": "3.73 Year(s)",
      "Specimen": "urine",
      "Quantity": "190 mmol/mol Crea",
      "Quality": "Increased"
    },
    {
      "Name": "Galactitol",
      "Age": "4.22 Year(s)",
      "Specimen": "urine",
      "Quantity": "73 mmol/mol Crea",
      "Quality": "Increased"
    },
    {
      "Name": "Galactitol",
      "Age": "4.73 Year(s)",
      "Specimen": "urine",
      "Quantity": "125 mmol/mol Crea",
      "Quality": "Increased"
    },
    {
      "Name": "Galactitol",
      "Age": "5.22 Year(s)",
      "Specimen": "urine",
      "Quantity": "188 mmol/mol Crea",
      "Quality": "Increased"
    },
    {
      "Name": "Galactitol",
      "Age": "6.01 Year(s)",
      "Specimen": "urine",
      "Quantity": "248 mmol/mol Crea",
      "Quality": "Increased"
    },
    {
      "Name": "Galactitol",
      "Age": "6.51 Year(s)",
      "Specimen": "urine",
      "Quantity": "151 mmol/mol Crea",
      "Quality": "Increased"
    },
    {
      "Name": "Galactitol",
      "Age": "6.94 Year(s)",
      "Specimen": "urine",
      "Quantity": "198 mmol/mol Crea",
      "Quality": "Increased"
    },
    {
      "Name": "Galactitol",
      "Age": "7.47 Year(s)",
      "Specimen": "urine",
      "Quantity": "150 mmol/mol Crea",
      "Quality": "Increased"
    },
    {
      "Name": "Galactitol",
      "Age": "8.46 Year(s)",
      "Specimen": "urine",
      "Quantity": "112 mmol/mol Crea",
      "Quality": "Increased"
    },
    {
      "Name": "Galactitol",
      "Age": "8.96 Year(s)",
      "Specimen": "urine",
      "Quantity": "137 mmol/mol Crea",
      "Quality": "Increased"
    },
    {
      "Name": "Galactitol",
      "Age": "9.49 Year(s)",
      "Specimen": "urine",
      "Quantity": "160 mmol/mol Crea",
      "Quality": "Increased"
    },
    {
      "Name": "Galactitol",
      "Age": "9.95 Year(s)",
      "Specimen": "urine",
      "Quantity": "120 mmol/mol Crea",
      "Quality": "Increased"
    },
    {
      "Name": "Galactitol",
      "Age": "10.49 Year(s)",
      "Specimen": "urine",
      "Quantity": "80 mmol/mol Crea",
      "Quality": "Increased"
    },
    {
      "Name": "Galactitol",
      "Age": "11.49 Year(s)",
      "Specimen": "urine",
      "Quantity": "124 mmol/mol Crea",
      "Quality": "Increased"
    },
    {
      "Name": "Galactitol",
      "Age": "11.98 Year(s)",
      "Specimen": "urine",
      "Quantity": "142.9 mmol/mol Crea",
      "Quality": "Increased"
    },
    {
      "Name": "Galactose",
      "Age": "5.96 Day(s)",
      "Specimen": "serum/plasma",
      "Quantity": "10483 micro-mol/l",
      "Quality": "Increased"
    },
    {
      "Name": "Galactose",
      "Age": "16.96 Day(s)",
      "Specimen": "serum/plasma",
      "Quantity": "145 micro-mol/l",
      "Quality": "Normal"
    },
    {
      "Name": "Galactose",
      "Age": "8.25 Month(s)",
      "Specimen": "serum/plasma",
      "Quantity": "114 micro-mol/l",
      "Quality": "Normal"
    },
    {
      "Name": "Galactose",
      "Age": "12.15 Month(s)",
      "Specimen": "serum/plasma",
      "Quantity": "28.6 micro-mol/l",
      "Quality": "Normal"
    },
    {
      "Name": "Galactose",
      "Age": "15.6 Month(s)",
      "Specimen": "serum/plasma",
      "Quantity": "87 micro-mol/l",
      "Quality": "Normal"
    },
    {
      "Name": "Galactose-1-phosphate",
      "Age": "5.96 Day(s)",
      "Specimen": "erythrocytes",
      "Quantity": "10.1 mg/dl",
      "Quality": "Increased"
    },
    {
      "Name": "Galactose-1-phosphate",
      "Age": "2.33 Month(s)",
      "Specimen": "erythrocytes",
      "Quantity": "3.8 mg/dl",
      "Quality": "Increased"
    },
    {
      "Name": "Galactose-1-phosphate",
      "Age": "4.14 Month(s)",
      "Specimen": "erythrocytes",
      "Quantity": "2.9 mg/dl",
      "Quality": "Increased"
    },
    {
      "Name": "Galactose-1-phosphate",
      "Age": "8.28 Month(s)",
      "Specimen": "erythrocytes",
      "Quantity": "3 mg/dl",
      "Quality": "Increased"
    },
    {
      "Name": "Galactose-1-phosphate",
      "Age": "12.29 Month(s)",
      "Specimen": "erythrocytes",
      "Quantity": "2.2 mg/dl",
      "Quality": "Increased"
    },
    {
      "Name": "Galactose-1-phosphate",
      "Age": "15.77 Month(s)",
      "Specimen": "erythrocytes",
      "Quantity": "2.7 mg/dl",
      "Quality": "Increased"
    },
    {
      "Name": "Galactose-1-phosphate",
      "Age": "3.73 Year(s)",
      "Specimen": "erythrocytes",
      "Quantity": "3.1 mg/dl",
      "Quality": "Increased"
    },
    {
      "Name": "Galactose-1-phosphate",
      "Age": "4.22 Year(s)",
      "Specimen": "erythrocytes",
      "Quantity": "4.3 mg/dl",
      "Quality": "Increased"
    },
    {
      "Name": "Galactose-1-phosphate",
      "Age": "4.73 Year(s)",
      "Specimen": "erythrocytes",
      "Quantity": "3.4 mg/dl",
      "Quality": "Increased"
    },
    {
      "Name": "Galactose-1-phosphate",
      "Age": "5.22 Year(s)",
      "Specimen": "erythrocytes",
      "Quantity": "2.9 mg/dl",
      "Quality": "Increased"
    },
    {
      "Name": "Galactose-1-phosphate",
      "Age": "6.01 Year(s)",
      "Specimen": "erythrocytes",
      "Quantity": "3.5 mg/dl",
      "Quality": "Increased"
    },
    {
      "Name": "Galactose-1-phosphate",
      "Age": "6.51 Year(s)",
      "Specimen": "erythrocytes",
      "Quantity": "4.7 mg/dl",
      "Quality": "Increased"
    },
    {
      "Name": "Galactose-1-phosphate",
      "Age": "6.94 Year(s)",
      "Specimen": "erythrocytes",
      "Quantity": "3.3 mg/dl",
      "Quality": "Increased"
    },
    {
      "Name": "Galactose-1-phosphate",
      "Age": "7.47 Year(s)",
      "Specimen": "erythrocytes",
      "Quantity": "4.8 mg/dl",
      "Quality": "Increased"
    },
    {
      "Name": "Galactose-1-phosphate",
      "Age": "8.46 Year(s)",
      "Specimen": "erythrocytes",
      "Quantity": "1.83 mg/dl",
      "Quality": "Increased"
    },
    {
      "Name": "Galactose-1-phosphate",
      "Age": "8.96 Year(s)",
      "Specimen": "erythrocytes",
      "Quantity": "3.61 mg/dl",
      "Quality": "Increased"
    },
    {
      "Name": "Galactose-1-phosphate",
      "Age": "9.49 Year(s)",
      "Specimen": "erythrocytes",
      "Quantity": "2.55 mg/dl",
      "Quality": "Increased"
    },
    {
      "Name": "Galactose-1-phosphate",
      "Age": "9.95 Year(s)",
      "Specimen": "erythrocytes",
      "Quantity": "2.73 mg/dl",
      "Quality": "Increased"
    },
    {
      "Name": "Galactose-1-phosphate",
      "Age": "10.49 Year(s)",
      "Specimen": "erythrocytes",
      "Quantity": "4.5 mg/dl",
      "Quality": "Increased"
    },
    {
      "Name": "Galactose-1-phosphate",
      "Age": "11.49 Year(s)",
      "Specimen": "erythrocytes",
      "Quantity": "3.95 mg/dl",
      "Quality": "Increased"
    },
    {
      "Name": "Galactose-1-phosphate",
      "Age": "11.98 Year(s)",
      "Specimen": "erythrocytes",
      "Quantity": "3.95 mg/dl",
      "Quality": "Increased"
    },
    {
      "Name": "Quick",
      "Age": "5.96 Day(s)",
      "Specimen": "serum/plasma",
      "Quantity": "14 %",
      "Quality": "Decreased"
    },
    {
      "Name": "Quick",
      "Age": "14.96 Day(s)",
      "Specimen": "serum/plasma",
      "Quantity": "62 %",
      "Quality": "Decreased"
    },
    {
      "Name": "PTT",
      "Age": "5.96 Day(s)",
      "Specimen": "serum/plasma",
      "Quantity": "81 sec",
      "Quality": "Increased"
    },
    {
      "Name": "PTT",
      "Age": "14.96 Day(s)",
      "Specimen": "serum/plasma",
      "Quantity": "50 sec",
      "Quality": "Increased"
    }
  ],
  "Symptoms": [
    {
      "Name": "abnormal in neonatal screening",
      "Age": "5.96 Day(s)",
      "Range": "yes"
    },
    {
      "Name": "diarrhea",
      "Age": "5.96 Day(s)",
      "Range": "moderate"
    },
    {
      "Name": "liver failure",
      "Age": "5.96 Day(s)",
      "Range": "yes"
    },
    {
      "Name": "mental retardation",
      "Age": "5.22 Year(s)",
      "Range": "+"
    },
    {
      "Name": "motor retardation",
      "Age": "5.22 Year(s)",
      "Range": "yes"
    },
    {
      "Name": "prematurity",
      "Age": "1 Day(s)",
      "Range": "yes"
    },
    {
      "Name": "speech development, delayed, abnormal",
      "Age": "4.22 Year(s)",
      "Range": "yes"
    }
  ],
  "Diet/drugs": [],
  "Therapy/development": [
    {
      "Name": "blood pressure, diastolic",
      "Age": "11.49 Year(s)",
      "Quantity": "65 mmHG",
      "Type": ""
    },
    {
      "Name": "blood pressure, diastolic",
      "Age": "11.98 Year(s)",
      "Quantity": "64 mmHG",
      "Type": ""
    },
    {
      "Name": "blood pressure, systolic",
      "Age": "11.49 Year(s)",
      "Quantity": "114 mmHG",
      "Type": ""
    },
    {
      "Name": "blood pressure, systolic",
      "Age": "11.98 Year(s)",
      "Quantity": "107 mmHG",
      "Type": ""
    },
    {
      "Name": "galactose-free diet",
      "Age": "15.96 Day(s)",
      "Quantity": "",
      "Type": ""
    },
    {
      "Name": "length",
      "Age": "8.25 Month(s)",
      "Quantity": "67.5  cm",
      "Type": "development"
    },
    {
      "Name": "length",
      "Age": "15.6 Month(s)",
      "Quantity": "76  cm",
      "Type": "development"
    },
    {
      "Name": "length",
      "Age": "2.2 Year(s)",
      "Quantity": "83  cm",
      "Type": "development"
    },
    {
      "Name": "length",
      "Age": "2.71 Year(s)",
      "Quantity": "86.8  cm",
      "Type": "development"
    },
    {
      "Name": "length",
      "Age": "3.2 Year(s)",
      "Quantity": "89.5  cm",
      "Type": "development"
    },
    {
      "Name": "length",
      "Age": "3.73 Year(s)",
      "Quantity": "94  cm",
      "Type": "development"
    },
    {
      "Name": "length",
      "Age": "4.22 Year(s)",
      "Quantity": "96  cm",
      "Type": "development"
    },
    {
      "Name": "length",
      "Age": "4.73 Year(s)",
      "Quantity": "101  cm",
      "Type": "development"
    },
    {
      "Name": "length",
      "Age": "5.22 Year(s)",
      "Quantity": "103.8  cm",
      "Type": "development"
    },
    {
      "Name": "length",
      "Age": "6.01 Year(s)",
      "Quantity": "109  cm",
      "Type": "development"
    },
    {
      "Name": "length",
      "Age": "6.51 Year(s)",
      "Quantity": "111.3  cm",
      "Type": "development"
    },
    {
      "Name": "length",
      "Age": "6.95 Year(s)",
      "Quantity": "114  cm",
      "Type": "development"
    },
    {
      "Name": "length",
      "Age": "7.48 Year(s)",
      "Quantity": "119.8  cm",
      "Type": "development"
    },
    {
      "Name": "length",
      "Age": "7.96 Year(s)",
      "Quantity": "120  cm",
      "Type": "development"
    },
    {
      "Name": "length",
      "Age": "8.46 Year(s)",
      "Quantity": "123.5  cm",
      "Type": "development"
    },
    {
      "Name": "length",
      "Age": "8.96 Year(s)",
      "Quantity": "126.2  cm",
      "Type": "development"
    },
    {
      "Name": "length",
      "Age": "9.49 Year(s)",
      "Quantity": "130  cm",
      "Type": "development"
    },
    {
      "Name": "length",
      "Age": "9.95 Year(s)",
      "Quantity": "131  cm",
      "Type": "development"
    },
    {
      "Name": "length",
      "Age": "10.49 Year(s)",
      "Quantity": "134.5  cm",
      "Type": "development"
    },
    {
      "Name": "length",
      "Age": "11.49 Year(s)",
      "Quantity": "140  cm",
      "Type": "development"
    },
    {
      "Name": "length",
      "Age": "11.98 Year(s)",
      "Quantity": "142  cm",
      "Type": "development"
    },
    {
      "Name": "weight",
      "Age": "8.25 Month(s)",
      "Quantity": "7.2  kg",
      "Type": "development"
    },
    {
      "Name": "weight",
      "Age": "15.6 Month(s)",
      "Quantity": "8.9  kg",
      "Type": "development"
    },
    {
      "Name": "weight",
      "Age": "2.2 Year(s)",
      "Quantity": "10.4  kg",
      "Type": "development"
    },
    {
      "Name": "weight",
      "Age": "2.71 Year(s)",
      "Quantity": "11  kg",
      "Type": "development"
    },
    {
      "Name": "weight",
      "Age": "3.2 Year(s)",
      "Quantity": "11.9  kg",
      "Type": "development"
    },
    {
      "Name": "weight",
      "Age": "3.73 Year(s)",
      "Quantity": "12.6  kg",
      "Type": "development"
    },
    {
      "Name": "weight",
      "Age": "4.22 Year(s)",
      "Quantity": "13.6  kg",
      "Type": "development"
    },
    {
      "Name": "weight",
      "Age": "4.73 Year(s)",
      "Quantity": "14.3  kg",
      "Type": "development"
    },
    {
      "Name": "weight",
      "Age": "5.22 Year(s)",
      "Quantity": "15.2  kg",
      "Type": "development"
    },
    {
      "Name": "weight",
      "Age": "6.01 Year(s)",
      "Quantity": "16.5  kg",
      "Type": "development"
    },
    {
      "Name": "weight",
      "Age": "6.51 Year(s)",
      "Quantity": "17.4  kg",
      "Type": "development"
    },
    {
      "Name": "weight",
      "Age": "6.95 Year(s)",
      "Quantity": "18.6  kg",
      "Type": "development"
    },
    {
      "Name": "weight",
      "Age": "7.48 Year(s)",
      "Quantity": "20.2  kg",
      "Type": "development"
    },
    {
      "Name": "weight",
      "Age": "7.96 Year(s)",
      "Quantity": "20.9  kg",
      "Type": "development"
    },
    {
      "Name": "weight",
      "Age": "8.46 Year(s)",
      "Quantity": "22.4  kg",
      "Type": "development"
    },
    {
      "Name": "weight",
      "Age": "8.96 Year(s)",
      "Quantity": "24.4  kg",
      "Type": "development"
    },
    {
      "Name": "weight",
      "Age": "9.49 Year(s)",
      "Quantity": "25.4  kg",
      "Type": "development"
    },
    {
      "Name": "weight",
      "Age": "9.95 Year(s)",
      "Quantity": "26.9  kg",
      "Type": "development"
    },
    {
      "Name": "weight",
      "Age": "10.49 Year(s)",
      "Quantity": "29.5  kg",
      "Type": "development"
    },
    {
      "Name": "weight",
      "Age": "11.49 Year(s)",
      "Quantity": "30.5  kg",
      "Type": "development"
    },
    {
      "Name": "weight",
      "Age": "11.98 Year(s)",
      "Quantity": "32.7  kg",
      "Type": "development"
    },
    {
      "Name": "weight at birth",
      "Age": "1 Day(s)",
      "Quantity": "3.3  kg",
      "Type": "perinatal"
    }
  ]
}