{
  "MainData": {
    "Patient ID": "436",
    "Diagnosis": "PHENYLKETONURIA (MIM 261600)",
    "Gender": "m",
    "Age of symptoms onset": "0 Day(s)",
    "Age of diagnosis": "6 Day(s)",
    "Found in newborn screening": "y",
    "Diagnosis confirmed": "y",
    "Country": "Germany",
    "Ethnic origin": "Mother: German, Father: German",
    "History": "The patient is the second one of dizygotic twins. The brother does not suffer from any metabolic disease. The patient was found in newborn screening program with increased levels of phenylalanine. After diagnosis of PKU (not BH4-sensitive) had been made, phe-restricted diet was initiated. \r\nThe boy developped normally. Only during infections, phe-levels were elevated. \r\nIQ: 118 (26.07.1994)\r\nBrother of ID 435.\r\nrepeat of BH4 loadig at 15 years of age did not show any decrease of blood phenylalanine.",
    "Author": "Friedrich Trefz",
    "Hospital": "Childrens Hospital Reutlingen",
    "Coauthor(s)": "",
    "Date of entry": "2001-11-14"
  },
  "Molecular genetics": {
    "Gene name": "PAH gene",
    "Genotype": "p.R158Q/ p.T193L194fsdelCT",
    "Allele 1": {
      "Trivial name": "p.R158Q",
      "Systematic name": "c.473G>A",
      "Amino acid change": "Arg>Gln",
      "Nucleotide change": "CGG>CAG",
      "Exon/Intron Boundary/Promotor": "5"
    },
    "Allele 2": {
      "Trivial name": "p.T193L194fsdelCT",
      "Systematic name": "c.580-81delCT",
      "Amino acid change": "",
      "Nucleotide change": "",
      "Exon/Intron Boundary/Promotor": "6"
    }
  },
  "Lab findings": [
    {
      "Name": "2-Hydroxyphenylacetic acid",
      "Age": "20.09 Year(s)",
      "Specimen": "urine",
      "Quantity": "50 mmol/mol Crea",
      "Quality": "Increased"
    },
    {
      "Name": "Ferritin",
      "Age": "11.06 Year(s)",
      "Specimen": "serum/plasma",
      "Quantity": "11 micro-g/l",
      "Quality": "Decreased"
    },
    {
      "Name": "Hemoglobine",
      "Age": "4.39 Year(s)",
      "Specimen": "blood",
      "Quantity": "11 g/dl",
      "Quality": "Decreased"
    },
    {
      "Name": "Phenylalanine",
      "Age": "10 Day(s)",
      "Specimen": "blood",
      "Quantity": "1680 micro-mol/l",
      "Quality": "Increased"
    },
    {
      "Name": "Phenylalanine",
      "Age": "2.86 Month(s)",
      "Specimen": "blood",
      "Quantity": "102 micro-mol/l",
      "Quality": "Normal"
    },
    {
      "Name": "Phenylalanine",
      "Age": "6.18 Month(s)",
      "Specimen": "blood",
      "Quantity": "3060 micro-mol/l",
      "Quality": "Increased"
    },
    {
      "Name": "Phenylalanine",
      "Age": "6.9 Month(s)",
      "Specimen": "blood",
      "Quantity": "192 micro-mol/l",
      "Quality": "Increased"
    },
    {
      "Name": "Phenylalanine",
      "Age": "12.94 Month(s)",
      "Specimen": "blood",
      "Quantity": "72 micro-mol/l",
      "Quality": "Normal"
    },
    {
      "Name": "Phenylalanine",
      "Age": "23.46 Month(s)",
      "Specimen": "blood",
      "Quantity": "852 micro-mol/l",
      "Quality": "Increased"
    },
    {
      "Name": "Phenylalanine",
      "Age": "4.39 Year(s)",
      "Specimen": "blood",
      "Quantity": "516 micro-mol/l",
      "Quality": "Increased"
    },
    {
      "Name": "Phenylalanine",
      "Age": "6 Year(s)",
      "Specimen": "blood",
      "Quantity": "246 micro-mol/l",
      "Quality": "Increased"
    },
    {
      "Name": "Phenylalanine",
      "Age": "9.13 Year(s)",
      "Specimen": "blood",
      "Quantity": "720 micro-mol/l",
      "Quality": "Increased"
    },
    {
      "Name": "Phenylalanine",
      "Age": "9.6 Year(s)",
      "Specimen": "blood",
      "Quantity": "628 micro-mol/l",
      "Quality": "Increased"
    },
    {
      "Name": "Phenylalanine",
      "Age": "10 Year(s)",
      "Specimen": "blood",
      "Quantity": "850 micro-mol/l",
      "Quality": "Increased"
    },
    {
      "Name": "Phenylalanine",
      "Age": "10.23 Year(s)",
      "Specimen": "blood",
      "Quantity": "610 micro-mol/l",
      "Quality": "Increased"
    },
    {
      "Name": "Phenylalanine",
      "Age": "10.51 Year(s)",
      "Specimen": "blood",
      "Quantity": "253 micro-mol/l",
      "Quality": "Increased"
    },
    {
      "Name": "Phenylalanine",
      "Age": "10.83 Year(s)",
      "Specimen": "blood",
      "Quantity": "604 micro-mol/l",
      "Quality": "Increased"
    },
    {
      "Name": "Phenylalanine",
      "Age": "10.94 Year(s)",
      "Specimen": "blood",
      "Quantity": "602 micro-mol/l",
      "Quality": "Increased"
    },
    {
      "Name": "Phenylalanine",
      "Age": "11.01 Year(s)",
      "Specimen": "blood",
      "Quantity": "469 micro-mol/l",
      "Quality": "Increased"
    },
    {
      "Name": "Phenylalanine",
      "Age": "11.06 Year(s)",
      "Specimen": "blood",
      "Quantity": "294 micro-mol/l",
      "Quality": "Increased"
    },
    {
      "Name": "Phenylalanine",
      "Age": "11.19 Year(s)",
      "Specimen": "blood",
      "Quantity": "787 micro-mol/l",
      "Quality": "Increased"
    },
    {
      "Name": "Phenylalanine",
      "Age": "11.27 Year(s)",
      "Specimen": "blood",
      "Quantity": "683 micro-mol/l",
      "Quality": "Increased"
    },
    {
      "Name": "Phenylalanine",
      "Age": "11.49 Year(s)",
      "Specimen": "blood",
      "Quantity": "458 micro-mol/l",
      "Quality": "Increased"
    },
    {
      "Name": "Phenylalanine",
      "Age": "12.11 Year(s)",
      "Specimen": "blood",
      "Quantity": "696 micro-mol/l",
      "Quality": "Increased"
    },
    {
      "Name": "Phenylalanine",
      "Age": "12.16 Year(s)",
      "Specimen": "blood",
      "Quantity": "1305 micro-mol/l",
      "Quality": "Increased"
    },
    {
      "Name": "Phenylalanine",
      "Age": "12.3 Year(s)",
      "Specimen": "blood",
      "Quantity": "475 micro-mol/l",
      "Quality": "Increased"
    },
    {
      "Name": "Phenylalanine",
      "Age": "12.36 Year(s)",
      "Specimen": "blood",
      "Quantity": "475 micro-mol/l",
      "Quality": "Increased"
    },
    {
      "Name": "Phenylalanine",
      "Age": "12.41 Year(s)",
      "Specimen": "blood",
      "Quantity": "428 micro-mol/l",
      "Quality": "Increased"
    },
    {
      "Name": "Phenylalanine",
      "Age": "12.48 Year(s)",
      "Specimen": "blood",
      "Quantity": "610 micro-mol/l",
      "Quality": "Increased"
    },
    {
      "Name": "Phenylalanine",
      "Age": "12.5 Year(s)",
      "Specimen": "blood",
      "Quantity": "763 micro-mol/l",
      "Quality": "Increased"
    },
    {
      "Name": "Phenylalanine",
      "Age": "12.52 Year(s)",
      "Specimen": "blood",
      "Quantity": "1275 micro-mol/l",
      "Quality": "Increased"
    },
    {
      "Name": "Phenylalanine",
      "Age": "12.56 Year(s)",
      "Specimen": "blood",
      "Quantity": "110 micro-mol/l",
      "Quality": "Normal"
    },
    {
      "Name": "Phenylalanine",
      "Age": "12.6 Year(s)",
      "Specimen": "blood",
      "Quantity": "159 micro-mol/l",
      "Quality": "Increased"
    },
    {
      "Name": "Phenylalanine",
      "Age": "12.86 Year(s)",
      "Specimen": "blood",
      "Quantity": "512 micro-mol/l",
      "Quality": "Increased"
    },
    {
      "Name": "Phenylalanine",
      "Age": "13.11 Year(s)",
      "Specimen": "blood",
      "Quantity": "209 micro-mol/l",
      "Quality": "Increased"
    },
    {
      "Name": "Phenylalanine",
      "Age": "13.12 Year(s)",
      "Specimen": "blood",
      "Quantity": "740 micro-mol/l",
      "Quality": "Increased"
    },
    {
      "Name": "Phenylalanine",
      "Age": "13.19 Year(s)",
      "Specimen": "blood",
      "Quantity": "660 micro-mol/l",
      "Quality": "Increased"
    },
    {
      "Name": "Phenylalanine",
      "Age": "13.26 Year(s)",
      "Specimen": "blood",
      "Quantity": "327 micro-mol/l",
      "Quality": "Increased"
    },
    {
      "Name": "Phenylalanine",
      "Age": "13.36 Year(s)",
      "Specimen": "blood",
      "Quantity": "920 micro-mol/l",
      "Quality": "Increased"
    },
    {
      "Name": "Phenylalanine",
      "Age": "13.36 Year(s)",
      "Specimen": "blood",
      "Quantity": "657 micro-mol/l",
      "Quality": "Increased"
    },
    {
      "Name": "Phenylalanine",
      "Age": "13.48 Year(s)",
      "Specimen": "blood",
      "Quantity": "422 micro-mol/l",
      "Quality": "Increased"
    },
    {
      "Name": "Phenylalanine",
      "Age": "13.61 Year(s)",
      "Specimen": "blood",
      "Quantity": "431 micro-mol/l",
      "Quality": "Increased"
    },
    {
      "Name": "Phenylalanine",
      "Age": "13.92 Year(s)",
      "Specimen": "blood",
      "Quantity": "571 micro-mol/l",
      "Quality": "Increased"
    },
    {
      "Name": "Phenylalanine",
      "Age": "14.18 Year(s)",
      "Specimen": "blood",
      "Quantity": "510 micro-mol/l",
      "Quality": "Increased"
    },
    {
      "Name": "Phenylalanine",
      "Age": "14.41 Year(s)",
      "Specimen": "blood",
      "Quantity": "785 micro-mol/l",
      "Quality": "Increased"
    },
    {
      "Name": "Phenylalanine",
      "Age": "14.5 Year(s)",
      "Specimen": "blood",
      "Quantity": "578 micro-mol/l",
      "Quality": "Increased"
    },
    {
      "Name": "Phenylalanine",
      "Age": "14.52 Year(s)",
      "Specimen": "blood",
      "Quantity": "625 micro-mol/l",
      "Quality": "Increased"
    },
    {
      "Name": "Phenylalanine",
      "Age": "14.66 Year(s)",
      "Specimen": "blood",
      "Quantity": "583 micro-mol/l",
      "Quality": "Increased"
    },
    {
      "Name": "Phenylalanine",
      "Age": "14.87 Year(s)",
      "Specimen": "blood",
      "Quantity": "810 micro-mol/l",
      "Quality": "Increased"
    },
    {
      "Name": "Phenylalanine",
      "Age": "15.03 Year(s)",
      "Specimen": "blood",
      "Quantity": "1814 micro-mol/l",
      "Quality": "Increased"
    },
    {
      "Name": "Phenylalanine",
      "Age": "15.04 Year(s)",
      "Specimen": "blood",
      "Quantity": "962 micro-mol/l",
      "Quality": "Increased"
    },
    {
      "Name": "Phenylalanine",
      "Age": "15.12 Year(s)",
      "Specimen": "blood",
      "Quantity": "153 micro-mol/l",
      "Quality": "Increased"
    },
    {
      "Name": "Phenylalanine",
      "Age": "15.14 Year(s)",
      "Specimen": "blood",
      "Quantity": "481 micro-mol/l",
      "Quality": "Increased"
    },
    {
      "Name": "Phenylalanine",
      "Age": "15.27 Year(s)",
      "Specimen": "blood",
      "Quantity": "950 micro-mol/l",
      "Quality": "Increased"
    },
    {
      "Name": "Phenylalanine",
      "Age": "15.29 Year(s)",
      "Specimen": "blood",
      "Quantity": "853 micro-mol/l",
      "Quality": "Increased"
    },
    {
      "Name": "Phenylalanine",
      "Age": "15.58 Year(s)",
      "Specimen": "blood",
      "Quantity": "832 micro-mol/l",
      "Quality": "Increased"
    },
    {
      "Name": "Phenylalanine",
      "Age": "15.62 Year(s)",
      "Specimen": "blood",
      "Quantity": "919 micro-mol/l",
      "Quality": "Increased"
    },
    {
      "Name": "Phenylalanine",
      "Age": "15.66 Year(s)",
      "Specimen": "blood",
      "Quantity": "924 micro-mol/l",
      "Quality": "Increased"
    },
    {
      "Name": "Phenylalanine",
      "Age": "15.69 Year(s)",
      "Specimen": "blood",
      "Quantity": "743 micro-mol/l",
      "Quality": "Increased"
    },
    {
      "Name": "Phenylalanine",
      "Age": "15.72 Year(s)",
      "Specimen": "blood",
      "Quantity": "822 micro-mol/l",
      "Quality": "Increased"
    },
    {
      "Name": "Phenylalanine",
      "Age": "15.79 Year(s)",
      "Specimen": "blood",
      "Quantity": "1104 micro-mol/l",
      "Quality": "Increased"
    },
    {
      "Name": "Phenylalanine",
      "Age": "15.85 Year(s)",
      "Specimen": "blood",
      "Quantity": "1080 micro-mol/l",
      "Quality": "Increased"
    },
    {
      "Name": "Phenylalanine",
      "Age": "15.87 Year(s)",
      "Specimen": "blood",
      "Quantity": "1199 micro-mol/l",
      "Quality": "Increased"
    },
    {
      "Name": "Phenylalanine",
      "Age": "15.89 Year(s)",
      "Specimen": "blood",
      "Quantity": "1166 micro-mol/l",
      "Quality": "Increased"
    },
    {
      "Name": "Phenylalanine",
      "Age": "15.91 Year(s)",
      "Specimen": "blood",
      "Quantity": "827 micro-mol/l",
      "Quality": "Increased"
    },
    {
      "Name": "Phenylalanine",
      "Age": "15.95 Year(s)",
      "Specimen": "blood",
      "Quantity": "1042 micro-mol/l",
      "Quality": "Increased"
    },
    {
      "Name": "Phenylalanine",
      "Age": "15.96 Year(s)",
      "Specimen": "blood",
      "Quantity": "956 micro-mol/l",
      "Quality": "Increased"
    },
    {
      "Name": "Phenylalanine",
      "Age": "15.99 Year(s)",
      "Specimen": "blood",
      "Quantity": "929 micro-mol/l",
      "Quality": "Increased"
    },
    {
      "Name": "Phenylalanine",
      "Age": "16.01 Year(s)",
      "Specimen": "blood",
      "Quantity": "1031 micro-mol/l",
      "Quality": "Increased"
    },
    {
      "Name": "Phenylalanine",
      "Age": "16.02 Year(s)",
      "Specimen": "blood",
      "Quantity": "1228 micro-mol/l",
      "Quality": "Increased"
    },
    {
      "Name": "Phenylalanine",
      "Age": "16.05 Year(s)",
      "Specimen": "blood",
      "Quantity": "931 micro-mol/l",
      "Quality": "Increased"
    },
    {
      "Name": "Phenylalanine",
      "Age": "16.07 Year(s)",
      "Specimen": "blood",
      "Quantity": "1287 micro-mol/l",
      "Quality": "Increased"
    },
    {
      "Name": "Phenylalanine",
      "Age": "16.1 Year(s)",
      "Specimen": "blood",
      "Quantity": "411 micro-mol/l",
      "Quality": "Increased"
    },
    {
      "Name": "Phenylalanine",
      "Age": "16.12 Year(s)",
      "Specimen": "blood",
      "Quantity": "450 micro-mol/l",
      "Quality": "Increased"
    },
    {
      "Name": "Phenylalanine",
      "Age": "16.14 Year(s)",
      "Specimen": "blood",
      "Quantity": "925 micro-mol/l",
      "Quality": "Increased"
    },
    {
      "Name": "Phenylalanine",
      "Age": "16.16 Year(s)",
      "Specimen": "blood",
      "Quantity": "357 micro-mol/l",
      "Quality": "Increased"
    },
    {
      "Name": "Phenylalanine",
      "Age": "16.24 Year(s)",
      "Specimen": "blood",
      "Quantity": "854 micro-mol/l",
      "Quality": "Increased"
    },
    {
      "Name": "Phenylalanine",
      "Age": "16.29 Year(s)",
      "Specimen": "blood",
      "Quantity": "1021 micro-mol/l",
      "Quality": "Increased"
    },
    {
      "Name": "Phenylalanine",
      "Age": "16.31 Year(s)",
      "Specimen": "blood",
      "Quantity": "835 micro-mol/l",
      "Quality": "Increased"
    },
    {
      "Name": "Phenylalanine",
      "Age": "16.33 Year(s)",
      "Specimen": "blood",
      "Quantity": "720 micro-mol/l",
      "Quality": "Increased"
    },
    {
      "Name": "Phenylalanine",
      "Age": "16.37 Year(s)",
      "Specimen": "blood",
      "Quantity": "861 micro-mol/l",
      "Quality": "Increased"
    },
    {
      "Name": "Phenylalanine",
      "Age": "16.44 Year(s)",
      "Specimen": "blood",
      "Quantity": "641 micro-mol/l",
      "Quality": "Increased"
    },
    {
      "Name": "Phenylalanine",
      "Age": "16.53 Year(s)",
      "Specimen": "blood",
      "Quantity": "766 micro-mol/l",
      "Quality": "Increased"
    },
    {
      "Name": "Phenylalanine",
      "Age": "16.59 Year(s)",
      "Specimen": "blood",
      "Quantity": "737 micro-mol/l",
      "Quality": "Increased"
    },
    {
      "Name": "Phenylalanine",
      "Age": "16.68 Year(s)",
      "Specimen": "blood",
      "Quantity": "1046 micro-mol/l",
      "Quality": "Increased"
    },
    {
      "Name": "Phenylalanine",
      "Age": "16.89 Year(s)",
      "Specimen": "blood",
      "Quantity": "550 micro-mol/l",
      "Quality": "Increased"
    },
    {
      "Name": "Phenylalanine",
      "Age": "16.9 Year(s)",
      "Specimen": "blood",
      "Quantity": "772 micro-mol/l",
      "Quality": "Increased"
    },
    {
      "Name": "Phenylalanine",
      "Age": "17.2 Year(s)",
      "Specimen": "blood",
      "Quantity": "655 micro-mol/l",
      "Quality": "Increased"
    },
    {
      "Name": "Phenylalanine",
      "Age": "17.42 Year(s)",
      "Specimen": "blood",
      "Quantity": "771 micro-mol/l",
      "Quality": "Increased"
    },
    {
      "Name": "Phenylalanine",
      "Age": "18 Year(s)",
      "Specimen": "blood",
      "Quantity": "367 micro-mol/l",
      "Quality": "Increased"
    },
    {
      "Name": "Phenylalanine",
      "Age": "18.11 Year(s)",
      "Specimen": "blood",
      "Quantity": "450 micro-mol/l",
      "Quality": "Increased"
    },
    {
      "Name": "Phenylalanine",
      "Age": "20.09 Year(s)",
      "Specimen": "blood",
      "Quantity": "753 micro-mol/l",
      "Quality": "Increased"
    },
    {
      "Name": "Phenylalanine",
      "Age": "22.81 Year(s)",
      "Specimen": "blood",
      "Quantity": "1022 micro-mol/l",
      "Quality": "Increased"
    },
    {
      "Name": "Phenylalanine",
      "Age": "22.86 Year(s)",
      "Specimen": "blood",
      "Quantity": "552 micro-mol/l",
      "Quality": "Increased"
    },
    {
      "Name": "Phenylalanine",
      "Age": "22.97 Year(s)",
      "Specimen": "blood",
      "Quantity": "961 micro-mol/l",
      "Quality": "Increased"
    },
    {
      "Name": "Phenylalanine",
      "Age": "23.08 Year(s)",
      "Specimen": "blood",
      "Quantity": "934 micro-mol/l",
      "Quality": "Increased"
    },
    {
      "Name": "Phenylalanine",
      "Age": "23.15 Year(s)",
      "Specimen": "blood",
      "Quantity": "574 micro-mol/l",
      "Quality": "Increased"
    },
    {
      "Name": "Phenylpyruvic acid",
      "Age": "20.09 Year(s)",
      "Specimen": "urine",
      "Quantity": "176 mmol/mol Crea",
      "Quality": "Increased"
    },
    {
      "Name": "Tyrosine",
      "Age": "9.6 Year(s)",
      "Specimen": "blood",
      "Quantity": "113 micro-mol/l",
      "Quality": "Normal"
    },
    {
      "Name": "Tyrosine",
      "Age": "10 Year(s)",
      "Specimen": "blood",
      "Quantity": "120 micro-mol/l",
      "Quality": "Normal"
    },
    {
      "Name": "Tyrosine",
      "Age": "10.23 Year(s)",
      "Specimen": "blood",
      "Quantity": "86 micro-mol/l",
      "Quality": "Normal"
    },
    {
      "Name": "Tyrosine",
      "Age": "10.51 Year(s)",
      "Specimen": "blood",
      "Quantity": "125 micro-mol/l",
      "Quality": "Normal"
    },
    {
      "Name": "Tyrosine",
      "Age": "10.83 Year(s)",
      "Specimen": "blood",
      "Quantity": "101 micro-mol/l",
      "Quality": "Normal"
    },
    {
      "Name": "Tyrosine",
      "Age": "10.94 Year(s)",
      "Specimen": "blood",
      "Quantity": "86 micro-mol/l",
      "Quality": "Normal"
    },
    {
      "Name": "Tyrosine",
      "Age": "11.01 Year(s)",
      "Specimen": "blood",
      "Quantity": "115 micro-mol/l",
      "Quality": "Normal"
    },
    {
      "Name": "Tyrosine",
      "Age": "11.19 Year(s)",
      "Specimen": "blood",
      "Quantity": "148 micro-mol/l",
      "Quality": "Increased"
    },
    {
      "Name": "Tyrosine",
      "Age": "11.27 Year(s)",
      "Specimen": "blood",
      "Quantity": "133 micro-mol/l",
      "Quality": "Normal"
    },
    {
      "Name": "Tyrosine",
      "Age": "11.49 Year(s)",
      "Specimen": "blood",
      "Quantity": "49 micro-mol/l",
      "Quality": "Normal"
    },
    {
      "Name": "Tyrosine",
      "Age": "12.11 Year(s)",
      "Specimen": "blood",
      "Quantity": "121 micro-mol/l",
      "Quality": "Normal"
    },
    {
      "Name": "Tyrosine",
      "Age": "12.16 Year(s)",
      "Specimen": "blood",
      "Quantity": "113 micro-mol/l",
      "Quality": "Normal"
    },
    {
      "Name": "Tyrosine",
      "Age": "12.3 Year(s)",
      "Specimen": "blood",
      "Quantity": "58 micro-mol/l",
      "Quality": "Normal"
    },
    {
      "Name": "Tyrosine",
      "Age": "12.36 Year(s)",
      "Specimen": "blood",
      "Quantity": "86 micro-mol/l",
      "Quality": "Normal"
    },
    {
      "Name": "Tyrosine",
      "Age": "12.41 Year(s)",
      "Specimen": "blood",
      "Quantity": "81 micro-mol/l",
      "Quality": "Normal"
    },
    {
      "Name": "Tyrosine",
      "Age": "12.48 Year(s)",
      "Specimen": "blood",
      "Quantity": "76 micro-mol/l",
      "Quality": "Normal"
    },
    {
      "Name": "Tyrosine",
      "Age": "12.5 Year(s)",
      "Specimen": "blood",
      "Quantity": "56 micro-mol/l",
      "Quality": "Normal"
    },
    {
      "Name": "Tyrosine",
      "Age": "12.52 Year(s)",
      "Specimen": "blood",
      "Quantity": "143 micro-mol/l",
      "Quality": "Normal"
    },
    {
      "Name": "Tyrosine",
      "Age": "12.56 Year(s)",
      "Specimen": "blood",
      "Quantity": "87 micro-mol/l",
      "Quality": "Normal"
    },
    {
      "Name": "Tyrosine",
      "Age": "12.6 Year(s)",
      "Specimen": "blood",
      "Quantity": "89 micro-mol/l",
      "Quality": "Normal"
    },
    {
      "Name": "Tyrosine",
      "Age": "12.86 Year(s)",
      "Specimen": "blood",
      "Quantity": "135 micro-mol/l",
      "Quality": "Normal"
    },
    {
      "Name": "Tyrosine",
      "Age": "13.11 Year(s)",
      "Specimen": "blood",
      "Quantity": "113 micro-mol/l",
      "Quality": "Normal"
    },
    {
      "Name": "Tyrosine",
      "Age": "13.12 Year(s)",
      "Specimen": "blood",
      "Quantity": "131 micro-mol/l",
      "Quality": "Normal"
    },
    {
      "Name": "Tyrosine",
      "Age": "13.19 Year(s)",
      "Specimen": "blood",
      "Quantity": "79 micro-mol/l",
      "Quality": "Normal"
    },
    {
      "Name": "Tyrosine",
      "Age": "13.26 Year(s)",
      "Specimen": "blood",
      "Quantity": "106 micro-mol/l",
      "Quality": "Normal"
    },
    {
      "Name": "Tyrosine",
      "Age": "13.36 Year(s)",
      "Specimen": "blood",
      "Quantity": "84 micro-mol/l",
      "Quality": "Normal"
    },
    {
      "Name": "Tyrosine",
      "Age": "13.36 Year(s)",
      "Specimen": "blood",
      "Quantity": "122 micro-mol/l",
      "Quality": "Normal"
    },
    {
      "Name": "Tyrosine",
      "Age": "13.48 Year(s)",
      "Specimen": "blood",
      "Quantity": "52 micro-mol/l",
      "Quality": "Normal"
    },
    {
      "Name": "Tyrosine",
      "Age": "13.61 Year(s)",
      "Specimen": "blood",
      "Quantity": "108 micro-mol/l",
      "Quality": "Normal"
    },
    {
      "Name": "Tyrosine",
      "Age": "13.92 Year(s)",
      "Specimen": "blood",
      "Quantity": "85 micro-mol/l",
      "Quality": "Normal"
    },
    {
      "Name": "Tyrosine",
      "Age": "14.18 Year(s)",
      "Specimen": "blood",
      "Quantity": "92 micro-mol/l",
      "Quality": "Normal"
    },
    {
      "Name": "Tyrosine",
      "Age": "14.41 Year(s)",
      "Specimen": "blood",
      "Quantity": "127 micro-mol/l",
      "Quality": "Normal"
    },
    {
      "Name": "Tyrosine",
      "Age": "14.5 Year(s)",
      "Specimen": "blood",
      "Quantity": "89 micro-mol/l",
      "Quality": "Normal"
    },
    {
      "Name": "Tyrosine",
      "Age": "14.52 Year(s)",
      "Specimen": "blood",
      "Quantity": "157 micro-mol/l",
      "Quality": "Increased"
    },
    {
      "Name": "Tyrosine",
      "Age": "14.66 Year(s)",
      "Specimen": "blood",
      "Quantity": "206 micro-mol/l",
      "Quality": "Increased"
    },
    {
      "Name": "Tyrosine",
      "Age": "14.87 Year(s)",
      "Specimen": "blood",
      "Quantity": "103 micro-mol/l",
      "Quality": "Normal"
    },
    {
      "Name": "Tyrosine",
      "Age": "15.03 Year(s)",
      "Specimen": "blood",
      "Quantity": "186 micro-mol/l",
      "Quality": "Increased"
    },
    {
      "Name": "Tyrosine",
      "Age": "15.04 Year(s)",
      "Specimen": "blood",
      "Quantity": "155 micro-mol/l",
      "Quality": "Increased"
    },
    {
      "Name": "Tyrosine",
      "Age": "15.12 Year(s)",
      "Specimen": "blood",
      "Quantity": "95 micro-mol/l",
      "Quality": "Normal"
    },
    {
      "Name": "Tyrosine",
      "Age": "15.14 Year(s)",
      "Specimen": "blood",
      "Quantity": "192 micro-mol/l",
      "Quality": "Increased"
    },
    {
      "Name": "Tyrosine",
      "Age": "15.27 Year(s)",
      "Specimen": "blood",
      "Quantity": "202 micro-mol/l",
      "Quality": "Increased"
    },
    {
      "Name": "Tyrosine",
      "Age": "15.29 Year(s)",
      "Specimen": "blood",
      "Quantity": "260 micro-mol/l",
      "Quality": "Increased"
    },
    {
      "Name": "Tyrosine",
      "Age": "15.58 Year(s)",
      "Specimen": "blood",
      "Quantity": "124 micro-mol/l",
      "Quality": "Increased"
    },
    {
      "Name": "Tyrosine",
      "Age": "15.62 Year(s)",
      "Specimen": "blood",
      "Quantity": "185 micro-mol/l",
      "Quality": "Increased"
    },
    {
      "Name": "Tyrosine",
      "Age": "15.66 Year(s)",
      "Specimen": "blood",
      "Quantity": "210 micro-mol/l",
      "Quality": "Increased"
    },
    {
      "Name": "Tyrosine",
      "Age": "15.69 Year(s)",
      "Specimen": "blood",
      "Quantity": "173 micro-mol/l",
      "Quality": "Increased"
    },
    {
      "Name": "Tyrosine",
      "Age": "15.72 Year(s)",
      "Specimen": "blood",
      "Quantity": "105 micro-mol/l",
      "Quality": "Normal"
    },
    {
      "Name": "Tyrosine",
      "Age": "15.79 Year(s)",
      "Specimen": "blood",
      "Quantity": "148 micro-mol/l",
      "Quality": "Increased"
    },
    {
      "Name": "Tyrosine",
      "Age": "15.85 Year(s)",
      "Specimen": "blood",
      "Quantity": "47 micro-mol/l",
      "Quality": "Normal"
    },
    {
      "Name": "Tyrosine",
      "Age": "15.87 Year(s)",
      "Specimen": "blood",
      "Quantity": "86 micro-mol/l",
      "Quality": "Normal"
    },
    {
      "Name": "Tyrosine",
      "Age": "15.89 Year(s)",
      "Specimen": "blood",
      "Quantity": "113 micro-mol/l",
      "Quality": "Normal"
    },
    {
      "Name": "Tyrosine",
      "Age": "15.91 Year(s)",
      "Specimen": "blood",
      "Quantity": "77 micro-mol/l",
      "Quality": "Normal"
    },
    {
      "Name": "Tyrosine",
      "Age": "15.95 Year(s)",
      "Specimen": "blood",
      "Quantity": "122 micro-mol/l",
      "Quality": "Increased"
    },
    {
      "Name": "Tyrosine",
      "Age": "15.96 Year(s)",
      "Specimen": "blood",
      "Quantity": "92 micro-mol/l",
      "Quality": "Normal"
    },
    {
      "Name": "Tyrosine",
      "Age": "15.99 Year(s)",
      "Specimen": "blood",
      "Quantity": "136 micro-mol/l",
      "Quality": "Increased"
    },
    {
      "Name": "Tyrosine",
      "Age": "16.01 Year(s)",
      "Specimen": "blood",
      "Quantity": "69 micro-mol/l",
      "Quality": "Normal"
    },
    {
      "Name": "Tyrosine",
      "Age": "16.02 Year(s)",
      "Specimen": "blood",
      "Quantity": "119 micro-mol/l",
      "Quality": "Increased"
    },
    {
      "Name": "Tyrosine",
      "Age": "16.05 Year(s)",
      "Specimen": "blood",
      "Quantity": "208 micro-mol/l",
      "Quality": "Increased"
    },
    {
      "Name": "Tyrosine",
      "Age": "16.07 Year(s)",
      "Specimen": "blood",
      "Quantity": "118 micro-mol/l",
      "Quality": "Increased"
    },
    {
      "Name": "Tyrosine",
      "Age": "16.1 Year(s)",
      "Specimen": "blood",
      "Quantity": "137 micro-mol/l",
      "Quality": "Increased"
    },
    {
      "Name": "Tyrosine",
      "Age": "16.12 Year(s)",
      "Specimen": "blood",
      "Quantity": "205 micro-mol/l",
      "Quality": "Increased"
    },
    {
      "Name": "Tyrosine",
      "Age": "16.14 Year(s)",
      "Specimen": "blood",
      "Quantity": "151 micro-mol/l",
      "Quality": "Increased"
    },
    {
      "Name": "Tyrosine",
      "Age": "16.16 Year(s)",
      "Specimen": "blood",
      "Quantity": "73 micro-mol/l",
      "Quality": "Normal"
    },
    {
      "Name": "Tyrosine",
      "Age": "16.24 Year(s)",
      "Specimen": "blood",
      "Quantity": "85 micro-mol/l",
      "Quality": "Normal"
    },
    {
      "Name": "Tyrosine",
      "Age": "16.29 Year(s)",
      "Specimen": "blood",
      "Quantity": "88 micro-mol/l",
      "Quality": "Normal"
    },
    {
      "Name": "Tyrosine",
      "Age": "16.31 Year(s)",
      "Specimen": "blood",
      "Quantity": "78 micro-mol/l",
      "Quality": "Normal"
    },
    {
      "Name": "Tyrosine",
      "Age": "16.33 Year(s)",
      "Specimen": "blood",
      "Quantity": "104 micro-mol/l",
      "Quality": "Normal"
    },
    {
      "Name": "Tyrosine",
      "Age": "16.37 Year(s)",
      "Specimen": "blood",
      "Quantity": "66 micro-mol/l",
      "Quality": "Normal"
    },
    {
      "Name": "Tyrosine",
      "Age": "16.44 Year(s)",
      "Specimen": "blood",
      "Quantity": "93 micro-mol/l",
      "Quality": "Normal"
    },
    {
      "Name": "Tyrosine",
      "Age": "16.53 Year(s)",
      "Specimen": "blood",
      "Quantity": "134 micro-mol/l",
      "Quality": "Increased"
    },
    {
      "Name": "Tyrosine",
      "Age": "16.59 Year(s)",
      "Specimen": "blood",
      "Quantity": "119 micro-mol/l",
      "Quality": "Normal"
    },
    {
      "Name": "Tyrosine",
      "Age": "16.68 Year(s)",
      "Specimen": "blood",
      "Quantity": "110 micro-mol/l",
      "Quality": "Normal"
    },
    {
      "Name": "Tyrosine",
      "Age": "16.89 Year(s)",
      "Specimen": "blood",
      "Quantity": "133 micro-mol/l",
      "Quality": "Increased"
    },
    {
      "Name": "Tyrosine",
      "Age": "16.9 Year(s)",
      "Specimen": "blood",
      "Quantity": "71 micro-mol/l",
      "Quality": "Normal"
    },
    {
      "Name": "Tyrosine",
      "Age": "17.2 Year(s)",
      "Specimen": "blood",
      "Quantity": "55 micro-mol/l",
      "Quality": "Normal"
    },
    {
      "Name": "Tyrosine",
      "Age": "17.42 Year(s)",
      "Specimen": "blood",
      "Quantity": "56 micro-mol/l",
      "Quality": "Normal"
    },
    {
      "Name": "Tyrosine",
      "Age": "18 Year(s)",
      "Specimen": "blood",
      "Quantity": "80 micro-mol/l",
      "Quality": "Normal"
    },
    {
      "Name": "Tyrosine",
      "Age": "18.11 Year(s)",
      "Specimen": "blood",
      "Quantity": "48 micro-mol/l",
      "Quality": "Normal"
    },
    {
      "Name": "Tyrosine",
      "Age": "20.09 Year(s)",
      "Specimen": "blood",
      "Quantity": "98 micro-mol/l",
      "Quality": "Normal"
    },
    {
      "Name": "Tyrosine",
      "Age": "22.81 Year(s)",
      "Specimen": "blood",
      "Quantity": "74 micro-mol/l",
      "Quality": "Normal"
    },
    {
      "Name": "Tyrosine",
      "Age": "22.86 Year(s)",
      "Specimen": "blood",
      "Quantity": "127 micro-mol/l",
      "Quality": "Increased"
    },
    {
      "Name": "Tyrosine",
      "Age": "22.97 Year(s)",
      "Specimen": "blood",
      "Quantity": "149 micro-mol/l",
      "Quality": "Increased"
    },
    {
      "Name": "Tyrosine",
      "Age": "23.08 Year(s)",
      "Specimen": "blood",
      "Quantity": "51 micro-mol/l",
      "Quality": "Normal"
    },
    {
      "Name": "Tyrosine",
      "Age": "23.15 Year(s)",
      "Specimen": "blood",
      "Quantity": "82 micro-mol/l",
      "Quality": "Normal"
    }
  ],
  "Symptoms": [
    {
      "Name": "Fever",
      "Age": "6.9 Month(s)",
      "Range": "slight [37,5-38,5 degrees Celsius]"
    },
    {
      "Name": "Hospitalization",
      "Age": "6.9 Month(s)",
      "Range": "yes"
    },
    {
      "Name": "infections [severe or recurrent]",
      "Age": "6.67 Month(s)",
      "Range": "yes"
    },
    {
      "Name": "infections [severe or recurrent]",
      "Age": "12.94 Month(s)",
      "Range": "yes"
    },
    {
      "Name": "infections [severe or recurrent]",
      "Age": "3.72 Year(s)",
      "Range": "yes"
    },
    {
      "Name": "infections [severe or recurrent]",
      "Age": "3.94 Year(s)",
      "Range": "yes"
    },
    {
      "Name": "infections [severe or recurrent]",
      "Age": "4.78 Year(s)",
      "Range": "yes"
    },
    {
      "Name": "infections [severe or recurrent]",
      "Age": "5.93 Year(s)",
      "Range": "yes"
    },
    {
      "Name": "no clinical signs or symptoms",
      "Age": "11.06 Year(s)",
      "Range": "yes"
    }
  ],
  "Diet/drugs": [
    {
      "Name": "artificial protein intake (specific amino acid mixture)",
      "Age": "2.86 Month(s)",
      "Dosage": "2.2 g/day",
      "Route": "oral"
    },
    {
      "Name": "artificial protein intake (specific amino acid mixture)",
      "Age": "6.9 Month(s)",
      "Dosage": "2.8 g/day",
      "Route": "oral"
    },
    {
      "Name": "artificial protein intake (specific amino acid mixture)",
      "Age": "12.94 Month(s)",
      "Dosage": "3 g/day",
      "Route": "oral"
    },
    {
      "Name": "artificial protein intake (specific amino acid mixture)",
      "Age": "23.46 Month(s)",
      "Dosage": "3 g/day",
      "Route": "oral"
    },
    {
      "Name": "artificial protein intake (specific amino acid mixture)",
      "Age": "4.36 Year(s)",
      "Dosage": "9.5 g/day",
      "Route": "oral"
    },
    {
      "Name": "artificial protein intake (specific amino acid mixture)",
      "Age": "6 Year(s)",
      "Dosage": "10.8 g/day",
      "Route": "oral"
    },
    {
      "Name": "artificial protein intake (specific amino acid mixture)",
      "Age": "9.13 Year(s)",
      "Dosage": "16.2 g/day",
      "Route": "oral"
    },
    {
      "Name": "phenylalanine",
      "Age": "9 Day(s)",
      "Dosage": "160 mg/day",
      "Route": "oral"
    },
    {
      "Name": "phenylalanine",
      "Age": "6.9 Month(s)",
      "Dosage": "215.8 mg/day",
      "Route": "oral"
    },
    {
      "Name": "phenylalanine",
      "Age": "7.03 Month(s)",
      "Dosage": "130 mg/day",
      "Route": "oral"
    },
    {
      "Name": "phenylalanine",
      "Age": "12.94 Month(s)",
      "Dosage": "200 mg/day",
      "Route": "oral"
    },
    {
      "Name": "phenylalanine",
      "Age": "23.46 Month(s)",
      "Dosage": "250 mg/day",
      "Route": "oral"
    },
    {
      "Name": "phenylalanine",
      "Age": "4.39 Year(s)",
      "Dosage": "250 mg/day",
      "Route": "oral"
    },
    {
      "Name": "phenylalanine",
      "Age": "6 Year(s)",
      "Dosage": "250 mg/day",
      "Route": "oral"
    },
    {
      "Name": "phenylalanine",
      "Age": "11.06 Year(s)",
      "Dosage": "250 mg/day",
      "Route": "oral"
    },
    {
      "Name": "protein (total)",
      "Age": "11.06 Year(s)",
      "Dosage": "72 g/day",
      "Route": "oral"
    }
  ],
  "Therapy/development": [
    {
      "Name": "head circumference",
      "Age": "6.9 Month(s)",
      "Quantity": "45.5  cm",
      "Type": "development"
    },
    {
      "Name": "head circumference",
      "Age": "12.94 Month(s)",
      "Quantity": "50  cm",
      "Type": "development"
    },
    {
      "Name": "head circumference",
      "Age": "6 Year(s)",
      "Quantity": "53.5  cm",
      "Type": "development"
    },
    {
      "Name": "length",
      "Age": "2.86 Month(s)",
      "Quantity": "61  cm",
      "Type": "development"
    },
    {
      "Name": "length",
      "Age": "6.9 Month(s)",
      "Quantity": "72  cm",
      "Type": "development"
    },
    {
      "Name": "length",
      "Age": "12.94 Month(s)",
      "Quantity": "88  cm",
      "Type": "development"
    },
    {
      "Name": "length",
      "Age": "12.94 Month(s)",
      "Quantity": "80  cm",
      "Type": "development"
    },
    {
      "Name": "length",
      "Age": "4.39 Year(s)",
      "Quantity": "109  cm",
      "Type": "development"
    },
    {
      "Name": "length",
      "Age": "6 Year(s)",
      "Quantity": "121.3  cm",
      "Type": "development"
    },
    {
      "Name": "length",
      "Age": "9.13 Year(s)",
      "Quantity": "143  cm",
      "Type": "development"
    },
    {
      "Name": "length",
      "Age": "11.06 Year(s)",
      "Quantity": "155  cm",
      "Type": "development"
    },
    {
      "Name": "length at birth",
      "Age": "1 Day(s)",
      "Quantity": "53  cm",
      "Type": "perinatal"
    },
    {
      "Name": "phenylalanine-restricted diet",
      "Age": "4.39 Year(s)",
      "Quantity": "",
      "Type": ""
    },
    {
      "Name": "weight",
      "Age": "2.86 Month(s)",
      "Quantity": "6.3  kg",
      "Type": "development"
    },
    {
      "Name": "weight",
      "Age": "6.9 Month(s)",
      "Quantity": "8.3  kg",
      "Type": "development"
    },
    {
      "Name": "weight",
      "Age": "12.94 Month(s)",
      "Quantity": "10.4  kg",
      "Type": "development"
    },
    {
      "Name": "weight",
      "Age": "23.46 Month(s)",
      "Quantity": "13  kg",
      "Type": "development"
    },
    {
      "Name": "weight",
      "Age": "4.39 Year(s)",
      "Quantity": "18  kg",
      "Type": "development"
    },
    {
      "Name": "weight",
      "Age": "6 Year(s)",
      "Quantity": "21.5  kg",
      "Type": "development"
    },
    {
      "Name": "weight",
      "Age": "9.13 Year(s)",
      "Quantity": "35  kg",
      "Type": "development"
    },
    {
      "Name": "weight",
      "Age": "11.06 Year(s)",
      "Quantity": "45.9  kg",
      "Type": "development"
    },
    {
      "Name": "weight at birth",
      "Age": "1 Day(s)",
      "Quantity": "3.6  kg",
      "Type": "perinatal"
    }
  ]
}