{
  "MainData": {
    "Patient ID": "437",
    "Diagnosis": "ARGININOSUCCINIC ACIDURIA (MIM 207900)",
    "Gender": "f",
    "Age of symptoms onset": "3 Day(s)",
    "Age of diagnosis": "4 Day(s)",
    "Found in newborn screening": "n",
    "Diagnosis confirmed": "y",
    "Country": "Germany",
    "Ethnic origin": "Mother: German, Father: German",
    "History": "At the age of three days, the girl presented with feeding problems and apathia.\nIncreased levels of argininosuccinate  in urine led to the diagnosis of ASL.",
    "Author": "Willy Lehnert",
    "Hospital": "University Childrens Hospital Freiburg",
    "Coauthor(s)": "",
    "Date of entry": "2001-11-16"
  },
  "Molecular genetics": {
    "Gene name": "",
    "Genotype": "",
    "Allele 1": {
      "Trivial name": "",
      "Systematic name": "",
      "Amino acid change": "",
      "Nucleotide change": "",
      "Exon/Intron Boundary/Promotor": ""
    },
    "Allele 2": {
      "Trivial name": "",
      "Systematic name": "",
      "Amino acid change": "",
      "Nucleotide change": "",
      "Exon/Intron Boundary/Promotor": ""
    }
  },
  "Lab findings": [
    {
      "Name": "Argininosuccinate",
      "Age": "5 Day(s)",
      "Specimen": "urine",
      "Quantity": "",
      "Quality": "Increased"
    },
    {
      "Name": "Argininosuccinate",
      "Age": "16.69 Month(s)",
      "Specimen": "urine",
      "Quantity": "",
      "Quality": "Increased"
    },
    {
      "Name": "Orotic acid",
      "Age": "5 Day(s)",
      "Specimen": "urine",
      "Quantity": "",
      "Quality": "Increased"
    },
    {
      "Name": "Orotic acid",
      "Age": "16.69 Month(s)",
      "Specimen": "urine",
      "Quantity": "2.1 mmol/mol Crea",
      "Quality": "Normal"
    }
  ],
  "Symptoms": [
    {
      "Name": "apathia",
      "Age": "3 Day(s)",
      "Range": "yes"
    },
    {
      "Name": "feeding difficulties, poor feeding",
      "Age": "3 Day(s)",
      "Range": "moderate"
    },
    {
      "Name": "sepsis",
      "Age": "3 Day(s)",
      "Range": "yes"
    }
  ],
  "Diet/drugs": [],
  "Therapy/development": []
}