{
  "MainData": {
    "Patient ID": "440",
    "Diagnosis": "BIOTINIDASE DEFICIENCYMULTIPLE CARBOXYLASE DEFICIENCY, LATE-ONSET (MIM 253260)",
    "Gender": "f",
    "Age of symptoms onset": "0 Day(s)",
    "Age of diagnosis": "18 Day(s)",
    "Found in newborn screening": "n",
    "Diagnosis confirmed": "y",
    "Country": "Germany",
    "Ethnic origin": "Mother: unknown, Father: unknown",
    "History": "At the age of about two weeks, the child died of severe cardial complications.\nDecreased activity of biotinidase in serum led to the post-mortem diagnosis of biotinidase deficiency.",
    "Author": "Willy Lehnert",
    "Hospital": "University Childrens Hospital Freiburg",
    "Coauthor(s)": "",
    "Date of entry": "2001-11-16"
  },
  "Molecular genetics": {
    "Gene name": "",
    "Genotype": "",
    "Allele 1": {
      "Trivial name": "",
      "Systematic name": "",
      "Amino acid change": "",
      "Nucleotide change": "",
      "Exon/Intron Boundary/Promotor": ""
    },
    "Allele 2": {
      "Trivial name": "",
      "Systematic name": "",
      "Amino acid change": "",
      "Nucleotide change": "",
      "Exon/Intron Boundary/Promotor": ""
    }
  },
  "Lab findings": [
    {
      "Name": "Ammonia",
      "Age": "8.71 Week(s)",
      "Specimen": "serum/plasma",
      "Quantity": "1600 micro-mol/l",
      "Quality": "Increased"
    },
    {
      "Name": "Leucocytes",
      "Age": "8.71 Week(s)",
      "Specimen": "blood",
      "Quantity": "",
      "Quality": "Decreased"
    },
    {
      "Name": "Biotinidase",
      "Age": "8.71 Week(s)",
      "Specimen": "serum/plasma",
      "Quantity": "10 % activity",
      "Quality": "Decreased"
    }
  ],
  "Symptoms": [
    {
      "Name": "death",
      "Age": "9 Day(s)",
      "Range": "yes"
    },
    {
      "Name": "hypotonia",
      "Age": "3 Day(s)",
      "Range": "yes"
    },
    {
      "Name": "metabolic acidosis",
      "Age": "3 Day(s)",
      "Range": "yes"
    }
  ],
  "Diet/drugs": [],
  "Therapy/development": []
}