{
  "MainData": {
    "Patient ID": "447",
    "Diagnosis": "PHOSPHORYLASE KINASE DEFICIENCY OF LIVER AND MUSCLE, AUTOSOMAL RECESSIVE (MIM 261750)",
    "Gender": "m",
    "Age of symptoms onset": "3 Month(s)",
    "Age of diagnosis": "6.31 Month(s)",
    "Found in newborn screening": "n",
    "Diagnosis confirmed": "y",
    "Country": "Germany",
    "Ethnic origin": "Mother: German, Father: German",
    "History": "The first child of nonconsanguineous parents developped normally until the age of 3 months. At the end of his third month, he presented with cough, feeding problems and vomiting. Apart from gastrooesophageal reflux, there was found interstitial pulmonary alteration and progressively thickened myocardium. \nAfter deterioration of cardiomyopathy, the baby died at the age of 6 months. Diagnosis of phosphorylase-kinase deficiency was made after death.\nBrother of ID 441.",
    "Author": "Friedrich Trefz",
    "Hospital": "Childrens Hospital Reutlingen",
    "Coauthor(s)": "",
    "Date of entry": "2001-11-22"
  },
  "Molecular genetics": {
    "Gene name": "",
    "Genotype": "",
    "Allele 1": {
      "Trivial name": "",
      "Systematic name": "",
      "Amino acid change": "",
      "Nucleotide change": "",
      "Exon/Intron Boundary/Promotor": ""
    },
    "Allele 2": {
      "Trivial name": "",
      "Systematic name": "",
      "Amino acid change": "",
      "Nucleotide change": "",
      "Exon/Intron Boundary/Promotor": ""
    }
  },
  "Lab findings": [
    {
      "Name": "ALAT (GPT)",
      "Age": "3.38 Month(s)",
      "Specimen": "serum/plasma",
      "Quantity": "10 U/l",
      "Quality": "Normal"
    },
    {
      "Name": "ALAT (GPT)",
      "Age": "3.48 Month(s)",
      "Specimen": "serum/plasma",
      "Quantity": "10 U/l",
      "Quality": "Normal"
    },
    {
      "Name": "ALAT (GPT)",
      "Age": "3.81 Month(s)",
      "Specimen": "serum/plasma",
      "Quantity": "10 U/l",
      "Quality": "Normal"
    },
    {
      "Name": "ALAT (GPT)",
      "Age": "4.5 Month(s)",
      "Specimen": "serum/plasma",
      "Quantity": "11 U/l",
      "Quality": "Normal"
    },
    {
      "Name": "ALAT (GPT)",
      "Age": "5.85 Month(s)",
      "Specimen": "serum/plasma",
      "Quantity": "10 U/l",
      "Quality": "Normal"
    },
    {
      "Name": "alpha-Glucosidase",
      "Age": "5.32 Month(s)",
      "Specimen": "fibroblasts",
      "Quantity": "64 % activity",
      "Quality": "Normal"
    },
    {
      "Name": "alpha-Neuraminidase",
      "Age": "5.32 Month(s)",
      "Specimen": "fibroblasts",
      "Quantity": "53 % activity",
      "Quality": "Normal"
    },
    {
      "Name": "Arylsulfatase A",
      "Age": "5.32 Month(s)",
      "Specimen": "fibroblasts",
      "Quantity": "62 % activity",
      "Quality": "Decreased"
    },
    {
      "Name": "ASAT (GOT)",
      "Age": "3.38 Month(s)",
      "Specimen": "serum/plasma",
      "Quantity": "27 U/l",
      "Quality": "Increased"
    },
    {
      "Name": "ASAT (GOT)",
      "Age": "3.48 Month(s)",
      "Specimen": "serum/plasma",
      "Quantity": "27 U/l",
      "Quality": "Increased"
    },
    {
      "Name": "ASAT (GOT)",
      "Age": "3.81 Month(s)",
      "Specimen": "serum/plasma",
      "Quantity": "23 U/l",
      "Quality": "Increased"
    },
    {
      "Name": "ASAT (GOT)",
      "Age": "4.5 Month(s)",
      "Specimen": "serum/plasma",
      "Quantity": "27 U/l",
      "Quality": "Increased"
    },
    {
      "Name": "ASAT (GOT)",
      "Age": "5.85 Month(s)",
      "Specimen": "serum/plasma",
      "Quantity": "24 U/l",
      "Quality": "Increased"
    },
    {
      "Name": "beta-Galactosidase",
      "Age": "5.32 Month(s)",
      "Specimen": "fibroblasts",
      "Quantity": "101 % activity",
      "Quality": "Normal"
    },
    {
      "Name": "beta-Glucosidase",
      "Age": "5.32 Month(s)",
      "Specimen": "fibroblasts",
      "Quantity": "57 % activity",
      "Quality": "Normal"
    },
    {
      "Name": "Hemoglobine",
      "Age": "3.38 Month(s)",
      "Specimen": "blood",
      "Quantity": "12.2 g/dl",
      "Quality": "Decreased"
    },
    {
      "Name": "Hemoglobine",
      "Age": "3.78 Month(s)",
      "Specimen": "blood",
      "Quantity": "12.3 g/dl",
      "Quality": "Decreased"
    },
    {
      "Name": "Hemoglobine",
      "Age": "3.81 Month(s)",
      "Specimen": "blood",
      "Quantity": "11.4 g/dl",
      "Quality": "Decreased"
    },
    {
      "Name": "Hemoglobine",
      "Age": "4.11 Month(s)",
      "Specimen": "blood",
      "Quantity": "12 g/dl",
      "Quality": "Decreased"
    },
    {
      "Name": "Hemoglobine",
      "Age": "4.5 Month(s)",
      "Specimen": "blood",
      "Quantity": "10.4 g/dl",
      "Quality": "Decreased"
    },
    {
      "Name": "Hemoglobine",
      "Age": "5.85 Month(s)",
      "Specimen": "blood",
      "Quantity": "11.2 g/dl",
      "Quality": "Decreased"
    },
    {
      "Name": "Lactate dehydrogenase (LDH)",
      "Age": "3.38 Month(s)",
      "Specimen": "serum/plasma",
      "Quantity": "849 U/l",
      "Quality": "Increased"
    },
    {
      "Name": "Lactate dehydrogenase (LDH)",
      "Age": "3.48 Month(s)",
      "Specimen": "serum/plasma",
      "Quantity": "764 U/l",
      "Quality": "Increased"
    },
    {
      "Name": "Lactate dehydrogenase (LDH)",
      "Age": "3.78 Month(s)",
      "Specimen": "serum/plasma",
      "Quantity": "905 U/l",
      "Quality": "Increased"
    },
    {
      "Name": "Lactate dehydrogenase (LDH)",
      "Age": "3.81 Month(s)",
      "Specimen": "serum/plasma",
      "Quantity": "756 U/l",
      "Quality": "Increased"
    },
    {
      "Name": "Lactate dehydrogenase (LDH)",
      "Age": "4.14 Month(s)",
      "Specimen": "serum/plasma",
      "Quantity": "611 U/l",
      "Quality": "Increased"
    },
    {
      "Name": "Lactate dehydrogenase (LDH)",
      "Age": "4.24 Month(s)",
      "Specimen": "serum/plasma",
      "Quantity": "675 U/l",
      "Quality": "Increased"
    },
    {
      "Name": "Lactate dehydrogenase (LDH)",
      "Age": "5.85 Month(s)",
      "Specimen": "serum/plasma",
      "Quantity": "696 U/l",
      "Quality": "Increased"
    },
    {
      "Name": "Leucocytes",
      "Age": "3.48 Month(s)",
      "Specimen": "blood",
      "Quantity": "12500 /micro-l",
      "Quality": "Increased"
    },
    {
      "Name": "Leucocytes",
      "Age": "3.81 Month(s)",
      "Specimen": "blood",
      "Quantity": "15000 /micro-l",
      "Quality": "Increased"
    },
    {
      "Name": "Leucocytes",
      "Age": "4.11 Month(s)",
      "Specimen": "blood",
      "Quantity": "13100 /micro-l",
      "Quality": "Increased"
    },
    {
      "Name": "Leucocytes",
      "Age": "4.5 Month(s)",
      "Specimen": "blood",
      "Quantity": "17800 /micro-l",
      "Quality": "Increased"
    },
    {
      "Name": "Leucocytes",
      "Age": "5.85 Month(s)",
      "Specimen": "blood",
      "Quantity": "14400 /micro-l",
      "Quality": "Increased"
    },
    {
      "Name": "Protein, total",
      "Age": "3.38 Month(s)",
      "Specimen": "serum/plasma",
      "Quantity": "59 g/l",
      "Quality": "Decreased"
    },
    {
      "Name": "Protein, total",
      "Age": "3.48 Month(s)",
      "Specimen": "serum/plasma",
      "Quantity": "55 g/l",
      "Quality": "Decreased"
    },
    {
      "Name": "Protein, total",
      "Age": "3.81 Month(s)",
      "Specimen": "serum/plasma",
      "Quantity": "53 g/l",
      "Quality": "Decreased"
    },
    {
      "Name": "Protein, total",
      "Age": "4.14 Month(s)",
      "Specimen": "serum/plasma",
      "Quantity": "56 g/l",
      "Quality": "Decreased"
    },
    {
      "Name": "Protein, total",
      "Age": "4.5 Month(s)",
      "Specimen": "serum/plasma",
      "Quantity": "62 g/l",
      "Quality": "Decreased"
    },
    {
      "Name": "Protein, total",
      "Age": "5.85 Month(s)",
      "Specimen": "serum/plasma",
      "Quantity": "71 g/l",
      "Quality": "Normal"
    },
    {
      "Name": "Phosphorylase a",
      "Age": "6.34 Month(s)",
      "Specimen": "muscle",
      "Quantity": "33 nmol/min/mg Protein",
      "Quality": "Decreased"
    }
  ],
  "Symptoms": [
    {
      "Name": "cardiomyopathy",
      "Age": "3.42 Month(s)",
      "Range": "yes"
    },
    {
      "Name": "death",
      "Age": "6.24 Month(s)",
      "Range": "yes"
    },
    {
      "Name": "feeding difficulties, poor feeding",
      "Age": "2.89 Month(s)",
      "Range": "severe"
    },
    {
      "Name": "respiratory distress",
      "Age": "4.21 Month(s)",
      "Range": "yes"
    },
    {
      "Name": "ventricular septal defect",
      "Age": "3.42 Month(s)",
      "Range": "yes"
    },
    {
      "Name": "vomiting",
      "Age": "2.89 Month(s)",
      "Range": "severe"
    }
  ],
  "Diet/drugs": [],
  "Therapy/development": []
}