{
  "MainData": {
    "Patient ID": "449",
    "Diagnosis": "BIOTINIDASE DEFICIENCYMULTIPLE CARBOXYLASE DEFICIENCY, LATE-ONSET (MIM 253260)",
    "Gender": "f",
    "Age of symptoms onset": "6 Week(s)",
    "Age of diagnosis": "8.29 Week(s)",
    "Found in newborn screening": "n",
    "Diagnosis confirmed": "y",
    "Country": "Germany",
    "Ethnic origin": "Mother: Lebanese, Father: Lebanese",
    "History": "First child of consanguineous Lebanese parents. The girl was born at term after uneventful pregnancy.\nAt the age of 6 weeks, the girl showed first symptoms. She presented with seizures hypotonia and seborrhoic skin rash. No large liver. Initiation of biotine-supplementation led to normalization of development.",
    "Author": "Willy Lehnert",
    "Hospital": "University Childrens Hospital Freiburg",
    "Coauthor(s)": "",
    "Date of entry": "2001-11-23"
  },
  "Molecular genetics": {
    "Gene name": "",
    "Genotype": "",
    "Allele 1": {
      "Trivial name": "",
      "Systematic name": "",
      "Amino acid change": "",
      "Nucleotide change": "",
      "Exon/Intron Boundary/Promotor": ""
    },
    "Allele 2": {
      "Trivial name": "",
      "Systematic name": "",
      "Amino acid change": "",
      "Nucleotide change": "",
      "Exon/Intron Boundary/Promotor": ""
    }
  },
  "Lab findings": [
    {
      "Name": "3-Hydroxyisovaleric acid",
      "Age": "8.29 Week(s)",
      "Specimen": "urine",
      "Quantity": "",
      "Quality": "Increased"
    },
    {
      "Name": "Lactate",
      "Age": "8.29 Week(s)",
      "Specimen": "blood",
      "Quantity": "4.4 mmol/l",
      "Quality": "Increased"
    },
    {
      "Name": "Biotinidase",
      "Age": "8.29 Week(s)",
      "Specimen": "serum/plasma",
      "Quantity": "2 % activity",
      "Quality": "Decreased"
    }
  ],
  "Symptoms": [
    {
      "Name": "hypotonia",
      "Age": "8.29 Week(s)",
      "Range": "yes"
    },
    {
      "Name": "hypotonia",
      "Age": "8.57 Week(s)",
      "Range": "yes"
    },
    {
      "Name": "metabolic acidosis",
      "Age": "8.57 Week(s)",
      "Range": "yes"
    },
    {
      "Name": "seborrhoic skin rash",
      "Age": "8.29 Week(s)",
      "Range": "yes"
    },
    {
      "Name": "seizures",
      "Age": "6.29 Week(s)",
      "Range": "yes"
    }
  ],
  "Diet/drugs": [],
  "Therapy/development": []
}