{
  "MainData": {
    "Patient ID": "451",
    "Diagnosis": "TYROSINEMIA, TYPE I (MIM 276700)",
    "Gender": "m",
    "Age of symptoms onset": "10 Week(s)",
    "Age of diagnosis": "2.53 Month(s)",
    "Found in newborn screening": "n",
    "Diagnosis confirmed": "y",
    "Country": "Germany",
    "Ethnic origin": "Mother: German, Father: Yugoslav",
    "History": "As the twin brother (ID 448) of the patient was hospitalized because of increased levels of tyrosine in serum, the patient was investigated, too. Significant coagulopathy was found. Newborn screening program had shown no pathological result. Up to the age of 10 weeks, the baby had no clinical symptoms and had developed well. After diagnosis of tyrosinemia type I had been made, therapy with NTBC was initiated. \r\nBrother of ID 448.\r\nIQ of 100 (09/10).",
    "Author": "Friedrich Trefz",
    "Hospital": "Childrens Hospital Reutlingen",
    "Coauthor(s)": "",
    "Date of entry": "2001-11-23"
  },
  "Molecular genetics": {
    "Gene name": "",
    "Genotype": "",
    "Allele 1": {
      "Trivial name": "",
      "Systematic name": "",
      "Amino acid change": "",
      "Nucleotide change": "",
      "Exon/Intron Boundary/Promotor": ""
    },
    "Allele 2": {
      "Trivial name": "",
      "Systematic name": "",
      "Amino acid change": "",
      "Nucleotide change": "",
      "Exon/Intron Boundary/Promotor": ""
    }
  },
  "Lab findings": [
    {
      "Name": "4-Hydroxyphenyllactic acid",
      "Age": "9.86 Month(s)",
      "Specimen": "urine",
      "Quantity": "",
      "Quality": "Increased"
    },
    {
      "Name": "4-Hydroxyphenyllactic acid",
      "Age": "13.5 Month(s)",
      "Specimen": "urine",
      "Quantity": "",
      "Quality": "Increased"
    },
    {
      "Name": "4-Hydroxyphenyllactic acid",
      "Age": "2.99 Year(s)",
      "Specimen": "urine",
      "Quantity": "260 mmol/mol Crea",
      "Quality": "Increased"
    },
    {
      "Name": "4-Hydroxyphenyllactic acid",
      "Age": "3.32 Year(s)",
      "Specimen": "urine",
      "Quantity": "682 mmol/mol Crea",
      "Quality": "Increased"
    },
    {
      "Name": "4-Hydroxyphenyllactic acid",
      "Age": "3.63 Year(s)",
      "Specimen": "urine",
      "Quantity": "382 mmol/mol Crea",
      "Quality": "Increased"
    },
    {
      "Name": "4-Hydroxyphenyllactic acid",
      "Age": "4.1 Year(s)",
      "Specimen": "urine",
      "Quantity": "1598 mmol/mol Crea",
      "Quality": "Increased"
    },
    {
      "Name": "4-Hydroxyphenyllactic acid",
      "Age": "9.13 Year(s)",
      "Specimen": "urine",
      "Quantity": "284 mmol/mol Crea",
      "Quality": "Increased"
    },
    {
      "Name": "4-Hydroxyphenyllactic acid",
      "Age": "10.18 Year(s)",
      "Specimen": "urine",
      "Quantity": "132 mmol/mol Crea",
      "Quality": "Increased"
    },
    {
      "Name": "4-Hydroxyphenylpyruvic acid",
      "Age": "13.5 Month(s)",
      "Specimen": "urine",
      "Quantity": "",
      "Quality": "Increased"
    },
    {
      "Name": "4-Hydroxyphenylpyruvic acid",
      "Age": "2.99 Year(s)",
      "Specimen": "urine",
      "Quantity": "878 mmol/mol Crea",
      "Quality": "Increased"
    },
    {
      "Name": "4-Hydroxyphenylpyruvic acid",
      "Age": "3.32 Year(s)",
      "Specimen": "urine",
      "Quantity": "1315 mmol/mol Crea",
      "Quality": "Increased"
    },
    {
      "Name": "4-Hydroxyphenylpyruvic acid",
      "Age": "3.63 Year(s)",
      "Specimen": "urine",
      "Quantity": "686 mmol/mol Crea",
      "Quality": "Increased"
    },
    {
      "Name": "4-Hydroxyphenylpyruvic acid",
      "Age": "4.1 Year(s)",
      "Specimen": "urine",
      "Quantity": "2024 mmol/mol Crea",
      "Quality": "Increased"
    },
    {
      "Name": "4-Hydroxyphenylpyruvic acid",
      "Age": "9.13 Year(s)",
      "Specimen": "urine",
      "Quantity": "1630 mmol/mol Crea",
      "Quality": "Increased"
    },
    {
      "Name": "4-Hydroxyphenylpyruvic acid",
      "Age": "10.18 Year(s)",
      "Specimen": "urine",
      "Quantity": "594 mmol/mol Crea",
      "Quality": "Increased"
    },
    {
      "Name": "alpha-Fetoprotein",
      "Age": "2.46 Month(s)",
      "Specimen": "serum/plasma",
      "Quantity": "130640 ng/ml",
      "Quality": "Increased"
    },
    {
      "Name": "alpha-Fetoprotein",
      "Age": "3.19 Month(s)",
      "Specimen": "serum/plasma",
      "Quantity": "151995 ng/ml",
      "Quality": "Increased"
    },
    {
      "Name": "alpha-Fetoprotein",
      "Age": "3.45 Month(s)",
      "Specimen": "serum/plasma",
      "Quantity": "27884 ng/ml",
      "Quality": "Increased"
    },
    {
      "Name": "alpha-Fetoprotein",
      "Age": "6.54 Month(s)",
      "Specimen": "serum/plasma",
      "Quantity": "42 ng/ml",
      "Quality": "Increased"
    },
    {
      "Name": "alpha-Fetoprotein",
      "Age": "7.11 Year(s)",
      "Specimen": "serum/plasma",
      "Quantity": "2 ng/ml",
      "Quality": "Normal"
    },
    {
      "Name": "Ammonia",
      "Age": "2.46 Month(s)",
      "Specimen": "serum/plasma",
      "Quantity": "116 micro-mol/l",
      "Quality": "Increased"
    },
    {
      "Name": "Glucose",
      "Age": "2.46 Month(s)",
      "Specimen": "serum/plasma",
      "Quantity": "1.3 mmol/l",
      "Quality": "Decreased"
    },
    {
      "Name": "Hemoglobine",
      "Age": "2.89 Month(s)",
      "Specimen": "blood",
      "Quantity": "9 g/dl",
      "Quality": "Decreased"
    },
    {
      "Name": "Methionine",
      "Age": "3.19 Month(s)",
      "Specimen": "serum/plasma",
      "Quantity": "1500 micro-mol/l",
      "Quality": "Increased"
    },
    {
      "Name": "N-Acetyltyrosine",
      "Age": "9.13 Year(s)",
      "Specimen": "urine",
      "Quantity": "5 mmol/mol Crea",
      "Quality": "Increased"
    },
    {
      "Name": "Phenylalanine",
      "Age": "3.12 Month(s)",
      "Specimen": "blood",
      "Quantity": "192 micro-mol/l",
      "Quality": "Increased"
    },
    {
      "Name": "Phenylalanine",
      "Age": "3.19 Month(s)",
      "Specimen": "blood",
      "Quantity": "39 micro-mol/l",
      "Quality": "Normal"
    },
    {
      "Name": "Phenylalanine",
      "Age": "3.39 Month(s)",
      "Specimen": "blood",
      "Quantity": "74 micro-mol/l",
      "Quality": "Normal"
    },
    {
      "Name": "Phenylalanine",
      "Age": "3.45 Month(s)",
      "Specimen": "blood",
      "Quantity": "43 micro-mol/l",
      "Quality": "Normal"
    },
    {
      "Name": "Phenylalanine",
      "Age": "3.58 Month(s)",
      "Specimen": "blood",
      "Quantity": "94 micro-mol/l",
      "Quality": "Normal"
    },
    {
      "Name": "Phenylalanine",
      "Age": "5.72 Month(s)",
      "Specimen": "blood",
      "Quantity": "41 micro-mol/l",
      "Quality": "Normal"
    },
    {
      "Name": "Phenylalanine",
      "Age": "9.79 Month(s)",
      "Specimen": "blood",
      "Quantity": "58 micro-mol/l",
      "Quality": "Normal"
    },
    {
      "Name": "Phenylalanine",
      "Age": "9.86 Month(s)",
      "Specimen": "blood",
      "Quantity": "13.3 micro-mol/l",
      "Quality": "Decreased"
    },
    {
      "Name": "Phenylalanine",
      "Age": "10.02 Month(s)",
      "Specimen": "blood",
      "Quantity": "76 micro-mol/l",
      "Quality": "Normal"
    },
    {
      "Name": "Phenylalanine",
      "Age": "10.68 Month(s)",
      "Specimen": "blood",
      "Quantity": "51 micro-mol/l",
      "Quality": "Normal"
    },
    {
      "Name": "Phenylalanine",
      "Age": "10.94 Month(s)",
      "Specimen": "blood",
      "Quantity": "23 micro-mol/l",
      "Quality": "Decreased"
    },
    {
      "Name": "Phenylalanine",
      "Age": "11.17 Month(s)",
      "Specimen": "blood",
      "Quantity": "33 micro-mol/l",
      "Quality": "Normal"
    },
    {
      "Name": "Phenylalanine",
      "Age": "11.37 Month(s)",
      "Specimen": "blood",
      "Quantity": "40 micro-mol/l",
      "Quality": "Normal"
    },
    {
      "Name": "Phenylalanine",
      "Age": "11.4 Month(s)",
      "Specimen": "blood",
      "Quantity": "79 micro-mol/l",
      "Quality": "Normal"
    },
    {
      "Name": "Phenylalanine",
      "Age": "12.55 Month(s)",
      "Specimen": "blood",
      "Quantity": "26 micro-mol/l",
      "Quality": "Normal"
    },
    {
      "Name": "Phenylalanine",
      "Age": "12.58 Month(s)",
      "Specimen": "blood",
      "Quantity": "89 micro-mol/l",
      "Quality": "Normal"
    },
    {
      "Name": "Phenylalanine",
      "Age": "13.04 Month(s)",
      "Specimen": "blood",
      "Quantity": "41 micro-mol/l",
      "Quality": "Normal"
    },
    {
      "Name": "Phenylalanine",
      "Age": "13.24 Month(s)",
      "Specimen": "blood",
      "Quantity": "71 micro-mol/l",
      "Quality": "Normal"
    },
    {
      "Name": "Phenylalanine",
      "Age": "13.5 Month(s)",
      "Specimen": "blood",
      "Quantity": "17 micro-mol/l",
      "Quality": "Decreased"
    },
    {
      "Name": "Phenylalanine",
      "Age": "13.67 Month(s)",
      "Specimen": "blood",
      "Quantity": "110 micro-mol/l",
      "Quality": "Normal"
    },
    {
      "Name": "Phenylalanine",
      "Age": "13.93 Month(s)",
      "Specimen": "blood",
      "Quantity": "66 micro-mol/l",
      "Quality": "Normal"
    },
    {
      "Name": "Phenylalanine",
      "Age": "14.16 Month(s)",
      "Specimen": "blood",
      "Quantity": "78 micro-mol/l",
      "Quality": "Normal"
    },
    {
      "Name": "Phenylalanine",
      "Age": "14.39 Month(s)",
      "Specimen": "blood",
      "Quantity": "87 micro-mol/l",
      "Quality": "Normal"
    },
    {
      "Name": "Phenylalanine",
      "Age": "14.62 Month(s)",
      "Specimen": "blood",
      "Quantity": "93 micro-mol/l",
      "Quality": "Normal"
    },
    {
      "Name": "Phenylalanine",
      "Age": "14.85 Month(s)",
      "Specimen": "blood",
      "Quantity": "38 micro-mol/l",
      "Quality": "Normal"
    },
    {
      "Name": "Phenylalanine",
      "Age": "15.08 Month(s)",
      "Specimen": "blood",
      "Quantity": "73 micro-mol/l",
      "Quality": "Normal"
    },
    {
      "Name": "Phenylalanine",
      "Age": "15.31 Month(s)",
      "Specimen": "blood",
      "Quantity": "55 micro-mol/l",
      "Quality": "Normal"
    },
    {
      "Name": "Phenylalanine",
      "Age": "15.51 Month(s)",
      "Specimen": "blood",
      "Quantity": "94 micro-mol/l",
      "Quality": "Normal"
    },
    {
      "Name": "Phenylalanine",
      "Age": "15.77 Month(s)",
      "Specimen": "blood",
      "Quantity": "84 micro-mol/l",
      "Quality": "Normal"
    },
    {
      "Name": "Phenylalanine",
      "Age": "16 Month(s)",
      "Specimen": "blood",
      "Quantity": "82 micro-mol/l",
      "Quality": "Normal"
    },
    {
      "Name": "Phenylalanine",
      "Age": "16.23 Month(s)",
      "Specimen": "blood",
      "Quantity": "145 micro-mol/l",
      "Quality": "Increased"
    },
    {
      "Name": "Phenylalanine",
      "Age": "17.61 Month(s)",
      "Specimen": "blood",
      "Quantity": "42 micro-mol/l",
      "Quality": "Normal"
    },
    {
      "Name": "Phenylalanine",
      "Age": "18.07 Month(s)",
      "Specimen": "blood",
      "Quantity": "101 micro-mol/l",
      "Quality": "Normal"
    },
    {
      "Name": "Phenylalanine",
      "Age": "18.3 Month(s)",
      "Specimen": "blood",
      "Quantity": "69 micro-mol/l",
      "Quality": "Normal"
    },
    {
      "Name": "Phenylalanine",
      "Age": "18.53 Month(s)",
      "Specimen": "blood",
      "Quantity": "74 micro-mol/l",
      "Quality": "Normal"
    },
    {
      "Name": "Phenylalanine",
      "Age": "18.96 Month(s)",
      "Specimen": "blood",
      "Quantity": "85 micro-mol/l",
      "Quality": "Normal"
    },
    {
      "Name": "Phenylalanine",
      "Age": "19.22 Month(s)",
      "Specimen": "blood",
      "Quantity": "111 micro-mol/l",
      "Quality": "Normal"
    },
    {
      "Name": "Phenylalanine",
      "Age": "19.45 Month(s)",
      "Specimen": "blood",
      "Quantity": "74 micro-mol/l",
      "Quality": "Normal"
    },
    {
      "Name": "Phenylalanine",
      "Age": "19.68 Month(s)",
      "Specimen": "blood",
      "Quantity": "52 micro-mol/l",
      "Quality": "Normal"
    },
    {
      "Name": "Phenylalanine",
      "Age": "19.91 Month(s)",
      "Specimen": "blood",
      "Quantity": "37 micro-mol/l",
      "Quality": "Normal"
    },
    {
      "Name": "Phenylalanine",
      "Age": "20.14 Month(s)",
      "Specimen": "blood",
      "Quantity": "51 micro-mol/l",
      "Quality": "Normal"
    },
    {
      "Name": "Phenylalanine",
      "Age": "20.37 Month(s)",
      "Specimen": "blood",
      "Quantity": "84 micro-mol/l",
      "Quality": "Normal"
    },
    {
      "Name": "Phenylalanine",
      "Age": "20.57 Month(s)",
      "Specimen": "blood",
      "Quantity": "48 micro-mol/l",
      "Quality": "Normal"
    },
    {
      "Name": "Phenylalanine",
      "Age": "20.8 Month(s)",
      "Specimen": "blood",
      "Quantity": "152 micro-mol/l",
      "Quality": "Increased"
    },
    {
      "Name": "Phenylalanine",
      "Age": "21.06 Month(s)",
      "Specimen": "blood",
      "Quantity": "84 micro-mol/l",
      "Quality": "Normal"
    },
    {
      "Name": "Phenylalanine",
      "Age": "21.36 Month(s)",
      "Specimen": "blood",
      "Quantity": "74 micro-mol/l",
      "Quality": "Normal"
    },
    {
      "Name": "Phenylalanine",
      "Age": "21.78 Month(s)",
      "Specimen": "blood",
      "Quantity": "95 micro-mol/l",
      "Quality": "Normal"
    },
    {
      "Name": "Phenylalanine",
      "Age": "21.98 Month(s)",
      "Specimen": "blood",
      "Quantity": "75 micro-mol/l",
      "Quality": "Normal"
    },
    {
      "Name": "Phenylalanine",
      "Age": "22.21 Month(s)",
      "Specimen": "blood",
      "Quantity": "68 micro-mol/l",
      "Quality": "Normal"
    },
    {
      "Name": "Phenylalanine",
      "Age": "22.44 Month(s)",
      "Specimen": "blood",
      "Quantity": "58 micro-mol/l",
      "Quality": "Normal"
    },
    {
      "Name": "Phenylalanine",
      "Age": "22.7 Month(s)",
      "Specimen": "blood",
      "Quantity": "77 micro-mol/l",
      "Quality": "Normal"
    },
    {
      "Name": "Phenylalanine",
      "Age": "22.9 Month(s)",
      "Specimen": "blood",
      "Quantity": "80 micro-mol/l",
      "Quality": "Normal"
    },
    {
      "Name": "Phenylalanine",
      "Age": "23.13 Month(s)",
      "Specimen": "blood",
      "Quantity": "84 micro-mol/l",
      "Quality": "Normal"
    },
    {
      "Name": "Phenylalanine",
      "Age": "23.36 Month(s)",
      "Specimen": "blood",
      "Quantity": "114 micro-mol/l",
      "Quality": "Normal"
    },
    {
      "Name": "Phenylalanine",
      "Age": "2 Year(s)",
      "Specimen": "blood",
      "Quantity": "148 micro-mol/l",
      "Quality": "Increased"
    },
    {
      "Name": "Phenylalanine",
      "Age": "2.02 Year(s)",
      "Specimen": "blood",
      "Quantity": "58 micro-mol/l",
      "Quality": "Normal"
    },
    {
      "Name": "Phenylalanine",
      "Age": "2.05 Year(s)",
      "Specimen": "blood",
      "Quantity": "59 micro-mol/l",
      "Quality": "Normal"
    },
    {
      "Name": "Phenylalanine",
      "Age": "2.06 Year(s)",
      "Specimen": "blood",
      "Quantity": "122 micro-mol/l",
      "Quality": "Normal"
    },
    {
      "Name": "Phenylalanine",
      "Age": "2.12 Year(s)",
      "Specimen": "blood",
      "Quantity": "36 micro-mol/l",
      "Quality": "Normal"
    },
    {
      "Name": "Phenylalanine",
      "Age": "2.14 Year(s)",
      "Specimen": "blood",
      "Quantity": "55 micro-mol/l",
      "Quality": "Normal"
    },
    {
      "Name": "Phenylalanine",
      "Age": "2.18 Year(s)",
      "Specimen": "blood",
      "Quantity": "72 micro-mol/l",
      "Quality": "Normal"
    },
    {
      "Name": "Phenylalanine",
      "Age": "2.25 Year(s)",
      "Specimen": "blood",
      "Quantity": "92 micro-mol/l",
      "Quality": "Normal"
    },
    {
      "Name": "Phenylalanine",
      "Age": "2.27 Year(s)",
      "Specimen": "blood",
      "Quantity": "53 micro-mol/l",
      "Quality": "Normal"
    },
    {
      "Name": "Phenylalanine",
      "Age": "2.34 Year(s)",
      "Specimen": "blood",
      "Quantity": "36 micro-mol/l",
      "Quality": "Normal"
    },
    {
      "Name": "Phenylalanine",
      "Age": "2.35 Year(s)",
      "Specimen": "blood",
      "Quantity": "33 micro-mol/l",
      "Quality": "Normal"
    },
    {
      "Name": "Phenylalanine",
      "Age": "2.37 Year(s)",
      "Specimen": "blood",
      "Quantity": "34 micro-mol/l",
      "Quality": "Normal"
    },
    {
      "Name": "Phenylalanine",
      "Age": "2.45 Year(s)",
      "Specimen": "blood",
      "Quantity": "26 micro-mol/l",
      "Quality": "Decreased"
    },
    {
      "Name": "Phenylalanine",
      "Age": "2.49 Year(s)",
      "Specimen": "blood",
      "Quantity": "47 micro-mol/l",
      "Quality": "Normal"
    },
    {
      "Name": "Phenylalanine",
      "Age": "2.51 Year(s)",
      "Specimen": "blood",
      "Quantity": "41 micro-mol/l",
      "Quality": "Normal"
    },
    {
      "Name": "Phenylalanine",
      "Age": "2.53 Year(s)",
      "Specimen": "blood",
      "Quantity": "40 micro-mol/l",
      "Quality": "Normal"
    },
    {
      "Name": "Phenylalanine",
      "Age": "2.55 Year(s)",
      "Specimen": "blood",
      "Quantity": "37 micro-mol/l",
      "Quality": "Normal"
    },
    {
      "Name": "Phenylalanine",
      "Age": "2.57 Year(s)",
      "Specimen": "blood",
      "Quantity": "36 micro-mol/l",
      "Quality": "Normal"
    },
    {
      "Name": "Phenylalanine",
      "Age": "2.58 Year(s)",
      "Specimen": "blood",
      "Quantity": "29 micro-mol/l",
      "Quality": "Decreased"
    },
    {
      "Name": "Phenylalanine",
      "Age": "2.6 Year(s)",
      "Specimen": "blood",
      "Quantity": "44 micro-mol/l",
      "Quality": "Normal"
    },
    {
      "Name": "Phenylalanine",
      "Age": "2.62 Year(s)",
      "Specimen": "blood",
      "Quantity": "33 micro-mol/l",
      "Quality": "Normal"
    },
    {
      "Name": "Phenylalanine",
      "Age": "2.64 Year(s)",
      "Specimen": "blood",
      "Quantity": "33 micro-mol/l",
      "Quality": "Normal"
    },
    {
      "Name": "Phenylalanine",
      "Age": "2.68 Year(s)",
      "Specimen": "blood",
      "Quantity": "37 micro-mol/l",
      "Quality": "Normal"
    },
    {
      "Name": "Phenylalanine",
      "Age": "2.7 Year(s)",
      "Specimen": "blood",
      "Quantity": "57 micro-mol/l",
      "Quality": "Normal"
    },
    {
      "Name": "Phenylalanine",
      "Age": "2.72 Year(s)",
      "Specimen": "blood",
      "Quantity": "44 micro-mol/l",
      "Quality": "Normal"
    },
    {
      "Name": "Phenylalanine",
      "Age": "2.76 Year(s)",
      "Specimen": "blood",
      "Quantity": "33 micro-mol/l",
      "Quality": "Normal"
    },
    {
      "Name": "Phenylalanine",
      "Age": "2.79 Year(s)",
      "Specimen": "blood",
      "Quantity": "23 micro-mol/l",
      "Quality": "Decreased"
    },
    {
      "Name": "Phenylalanine",
      "Age": "2.81 Year(s)",
      "Specimen": "blood",
      "Quantity": "63 micro-mol/l",
      "Quality": "Normal"
    },
    {
      "Name": "Phenylalanine",
      "Age": "2.85 Year(s)",
      "Specimen": "blood",
      "Quantity": "33 micro-mol/l",
      "Quality": "Normal"
    },
    {
      "Name": "Phenylalanine",
      "Age": "2.88 Year(s)",
      "Specimen": "blood",
      "Quantity": "53 micro-mol/l",
      "Quality": "Normal"
    },
    {
      "Name": "Phenylalanine",
      "Age": "2.9 Year(s)",
      "Specimen": "blood",
      "Quantity": "27 micro-mol/l",
      "Quality": "Normal"
    },
    {
      "Name": "Phenylalanine",
      "Age": "2.93 Year(s)",
      "Specimen": "blood",
      "Quantity": "28 micro-mol/l",
      "Quality": "Decreased"
    },
    {
      "Name": "Phenylalanine",
      "Age": "2.95 Year(s)",
      "Specimen": "blood",
      "Quantity": "62 micro-mol/l",
      "Quality": "Normal"
    },
    {
      "Name": "Phenylalanine",
      "Age": "2.99 Year(s)",
      "Specimen": "blood",
      "Quantity": "13 micro-mol/l",
      "Quality": "Decreased"
    },
    {
      "Name": "Phenylalanine",
      "Age": "3.02 Year(s)",
      "Specimen": "blood",
      "Quantity": "57 micro-mol/l",
      "Quality": "Normal"
    },
    {
      "Name": "Phenylalanine",
      "Age": "3.04 Year(s)",
      "Specimen": "blood",
      "Quantity": "42 micro-mol/l",
      "Quality": "Normal"
    },
    {
      "Name": "Phenylalanine",
      "Age": "3.08 Year(s)",
      "Specimen": "blood",
      "Quantity": "25 micro-mol/l",
      "Quality": "Decreased"
    },
    {
      "Name": "Phenylalanine",
      "Age": "3.12 Year(s)",
      "Specimen": "blood",
      "Quantity": "17 micro-mol/l",
      "Quality": "Decreased"
    },
    {
      "Name": "Phenylalanine",
      "Age": "3.17 Year(s)",
      "Specimen": "blood",
      "Quantity": "17 micro-mol/l",
      "Quality": "Decreased"
    },
    {
      "Name": "Phenylalanine",
      "Age": "3.25 Year(s)",
      "Specimen": "blood",
      "Quantity": "101 micro-mol/l",
      "Quality": "Normal"
    },
    {
      "Name": "Phenylalanine",
      "Age": "3.27 Year(s)",
      "Specimen": "blood",
      "Quantity": "79 micro-mol/l",
      "Quality": "Normal"
    },
    {
      "Name": "Phenylalanine",
      "Age": "3.31 Year(s)",
      "Specimen": "blood",
      "Quantity": "57 micro-mol/l",
      "Quality": "Normal"
    },
    {
      "Name": "Phenylalanine",
      "Age": "3.38 Year(s)",
      "Specimen": "blood",
      "Quantity": "79 micro-mol/l",
      "Quality": "Normal"
    },
    {
      "Name": "Phenylalanine",
      "Age": "3.43 Year(s)",
      "Specimen": "blood",
      "Quantity": "76 micro-mol/l",
      "Quality": "Normal"
    },
    {
      "Name": "Phenylalanine",
      "Age": "3.48 Year(s)",
      "Specimen": "blood",
      "Quantity": "80 micro-mol/l",
      "Quality": "Normal"
    },
    {
      "Name": "Phenylalanine",
      "Age": "3.55 Year(s)",
      "Specimen": "blood",
      "Quantity": "85 micro-mol/l",
      "Quality": "Normal"
    },
    {
      "Name": "Phenylalanine",
      "Age": "3.59 Year(s)",
      "Specimen": "blood",
      "Quantity": "79 micro-mol/l",
      "Quality": "Normal"
    },
    {
      "Name": "Phenylalanine",
      "Age": "3.63 Year(s)",
      "Specimen": "blood",
      "Quantity": "37 micro-mol/l",
      "Quality": "Normal"
    },
    {
      "Name": "Phenylalanine",
      "Age": "3.71 Year(s)",
      "Specimen": "blood",
      "Quantity": "117 micro-mol/l",
      "Quality": "Normal"
    },
    {
      "Name": "Phenylalanine",
      "Age": "3.78 Year(s)",
      "Specimen": "blood",
      "Quantity": "113 micro-mol/l",
      "Quality": "Normal"
    },
    {
      "Name": "Phenylalanine",
      "Age": "3.82 Year(s)",
      "Specimen": "blood",
      "Quantity": "104 micro-mol/l",
      "Quality": "Normal"
    },
    {
      "Name": "Phenylalanine",
      "Age": "3.88 Year(s)",
      "Specimen": "blood",
      "Quantity": "101 micro-mol/l",
      "Quality": "Normal"
    },
    {
      "Name": "Phenylalanine",
      "Age": "3.98 Year(s)",
      "Specimen": "blood",
      "Quantity": "93 micro-mol/l",
      "Quality": "Normal"
    },
    {
      "Name": "Phenylalanine",
      "Age": "4.02 Year(s)",
      "Specimen": "blood",
      "Quantity": "103 micro-mol/l",
      "Quality": "Normal"
    },
    {
      "Name": "Phenylalanine",
      "Age": "4.04 Year(s)",
      "Specimen": "blood",
      "Quantity": "126 micro-mol/l",
      "Quality": "Increased"
    },
    {
      "Name": "Phenylalanine",
      "Age": "4.09 Year(s)",
      "Specimen": "blood",
      "Quantity": "85 micro-mol/l",
      "Quality": "Normal"
    },
    {
      "Name": "Phenylalanine",
      "Age": "4.1 Year(s)",
      "Specimen": "blood",
      "Quantity": "31 micro-mol/l",
      "Quality": "Normal"
    },
    {
      "Name": "Phenylalanine",
      "Age": "4.14 Year(s)",
      "Specimen": "blood",
      "Quantity": "103 micro-mol/l",
      "Quality": "Normal"
    },
    {
      "Name": "Phenylalanine",
      "Age": "4.26 Year(s)",
      "Specimen": "blood",
      "Quantity": "80 micro-mol/l",
      "Quality": "Normal"
    },
    {
      "Name": "Phenylalanine",
      "Age": "4.3 Year(s)",
      "Specimen": "blood",
      "Quantity": "92 micro-mol/l",
      "Quality": "Normal"
    },
    {
      "Name": "Phenylalanine",
      "Age": "4.39 Year(s)",
      "Specimen": "blood",
      "Quantity": "118 micro-mol/l",
      "Quality": "Normal"
    },
    {
      "Name": "Phenylalanine",
      "Age": "4.48 Year(s)",
      "Specimen": "blood",
      "Quantity": "28 micro-mol/l",
      "Quality": "Normal"
    },
    {
      "Name": "Phenylalanine",
      "Age": "4.51 Year(s)",
      "Specimen": "blood",
      "Quantity": "67 micro-mol/l",
      "Quality": "Normal"
    },
    {
      "Name": "Phenylalanine",
      "Age": "4.59 Year(s)",
      "Specimen": "blood",
      "Quantity": "137 micro-mol/l",
      "Quality": "Increased"
    },
    {
      "Name": "Phenylalanine",
      "Age": "4.61 Year(s)",
      "Specimen": "blood",
      "Quantity": "96 micro-mol/l",
      "Quality": "Normal"
    },
    {
      "Name": "Phenylalanine",
      "Age": "4.71 Year(s)",
      "Specimen": "blood",
      "Quantity": "79 micro-mol/l",
      "Quality": "Normal"
    },
    {
      "Name": "Phenylalanine",
      "Age": "4.75 Year(s)",
      "Specimen": "blood",
      "Quantity": "124 micro-mol/l",
      "Quality": "Normal"
    },
    {
      "Name": "Phenylalanine",
      "Age": "4.88 Year(s)",
      "Specimen": "blood",
      "Quantity": "84 micro-mol/l",
      "Quality": "Normal"
    },
    {
      "Name": "Phenylalanine",
      "Age": "5.01 Year(s)",
      "Specimen": "blood",
      "Quantity": "64 micro-mol/l",
      "Quality": "Normal"
    },
    {
      "Name": "Phenylalanine",
      "Age": "5.03 Year(s)",
      "Specimen": "blood",
      "Quantity": "18 micro-mol/l",
      "Quality": "Decreased"
    },
    {
      "Name": "Phenylalanine",
      "Age": "5.11 Year(s)",
      "Specimen": "blood",
      "Quantity": "120 micro-mol/l",
      "Quality": "Normal"
    },
    {
      "Name": "Phenylalanine",
      "Age": "5.22 Year(s)",
      "Specimen": "blood",
      "Quantity": "82 micro-mol/l",
      "Quality": "Normal"
    },
    {
      "Name": "Phenylalanine",
      "Age": "5.34 Year(s)",
      "Specimen": "blood",
      "Quantity": "91 micro-mol/l",
      "Quality": "Normal"
    },
    {
      "Name": "Phenylalanine",
      "Age": "5.42 Year(s)",
      "Specimen": "blood",
      "Quantity": "69 micro-mol/l",
      "Quality": "Normal"
    },
    {
      "Name": "Phenylalanine",
      "Age": "5.48 Year(s)",
      "Specimen": "blood",
      "Quantity": "31 micro-mol/l",
      "Quality": "Normal"
    },
    {
      "Name": "Phenylalanine",
      "Age": "5.55 Year(s)",
      "Specimen": "blood",
      "Quantity": "102 micro-mol/l",
      "Quality": "Normal"
    },
    {
      "Name": "Phenylalanine",
      "Age": "5.73 Year(s)",
      "Specimen": "blood",
      "Quantity": "67 micro-mol/l",
      "Quality": "Normal"
    },
    {
      "Name": "Phenylalanine",
      "Age": "6.03 Year(s)",
      "Specimen": "blood",
      "Quantity": "31 micro-mol/l",
      "Quality": "Normal"
    },
    {
      "Name": "Phenylalanine",
      "Age": "6.44 Year(s)",
      "Specimen": "blood",
      "Quantity": "57 micro-mol/l",
      "Quality": "Normal"
    },
    {
      "Name": "Phenylalanine",
      "Age": "6.48 Year(s)",
      "Specimen": "blood",
      "Quantity": "32 micro-mol/l",
      "Quality": "Normal"
    },
    {
      "Name": "Phenylalanine",
      "Age": "6.66 Year(s)",
      "Specimen": "blood",
      "Quantity": "105 micro-mol/l",
      "Quality": "Normal"
    },
    {
      "Name": "Phenylalanine",
      "Age": "6.87 Year(s)",
      "Specimen": "blood",
      "Quantity": "60 micro-mol/l",
      "Quality": "Normal"
    },
    {
      "Name": "Phenylalanine",
      "Age": "7.11 Year(s)",
      "Specimen": "blood",
      "Quantity": "37 micro-mol/l",
      "Quality": "Normal"
    },
    {
      "Name": "Phenylalanine",
      "Age": "7.31 Year(s)",
      "Specimen": "blood",
      "Quantity": "56 micro-mol/l",
      "Quality": "Normal"
    },
    {
      "Name": "Phenylalanine",
      "Age": "7.64 Year(s)",
      "Specimen": "blood",
      "Quantity": "72 micro-mol/l",
      "Quality": "Normal"
    },
    {
      "Name": "Phenylalanine",
      "Age": "7.89 Year(s)",
      "Specimen": "blood",
      "Quantity": "72 micro-mol/l",
      "Quality": "Normal"
    },
    {
      "Name": "Phenylalanine",
      "Age": "8.1 Year(s)",
      "Specimen": "blood",
      "Quantity": "71 micro-mol/l",
      "Quality": "Normal"
    },
    {
      "Name": "Phenylalanine",
      "Age": "8.48 Year(s)",
      "Specimen": "blood",
      "Quantity": "59 micro-mol/l",
      "Quality": "Normal"
    },
    {
      "Name": "Phenylalanine",
      "Age": "8.61 Year(s)",
      "Specimen": "blood",
      "Quantity": "30 micro-mol/l",
      "Quality": "Decreased"
    },
    {
      "Name": "Phenylalanine",
      "Age": "8.91 Year(s)",
      "Specimen": "blood",
      "Quantity": "73 micro-mol/l",
      "Quality": "Normal"
    },
    {
      "Name": "Phenylalanine",
      "Age": "9.09 Year(s)",
      "Specimen": "blood",
      "Quantity": "69 micro-mol/l",
      "Quality": "Normal"
    },
    {
      "Name": "Phenylalanine",
      "Age": "9.13 Year(s)",
      "Specimen": "blood",
      "Quantity": "35 micro-mol/l",
      "Quality": "Normal"
    },
    {
      "Name": "Phenylalanine",
      "Age": "9.31 Year(s)",
      "Specimen": "blood",
      "Quantity": "70 micro-mol/l",
      "Quality": "Normal"
    },
    {
      "Name": "Phenylalanine",
      "Age": "9.44 Year(s)",
      "Specimen": "blood",
      "Quantity": "81 micro-mol/l",
      "Quality": "Normal"
    },
    {
      "Name": "Phenylalanine",
      "Age": "9.6 Year(s)",
      "Specimen": "blood",
      "Quantity": "43 micro-mol/l",
      "Quality": "Normal"
    },
    {
      "Name": "Phenylalanine",
      "Age": "9.68 Year(s)",
      "Specimen": "blood",
      "Quantity": "93 micro-mol/l",
      "Quality": "Normal"
    },
    {
      "Name": "Phenylalanine",
      "Age": "9.79 Year(s)",
      "Specimen": "blood",
      "Quantity": "115 micro-mol/l",
      "Quality": "Normal"
    },
    {
      "Name": "Phenylalanine",
      "Age": "10.07 Year(s)",
      "Specimen": "blood",
      "Quantity": "73 micro-mol/l",
      "Quality": "Normal"
    },
    {
      "Name": "Phenylalanine",
      "Age": "10.18 Year(s)",
      "Specimen": "blood",
      "Quantity": "34 micro-mol/l",
      "Quality": "Normal"
    },
    {
      "Name": "Phenylalanine",
      "Age": "10.67 Year(s)",
      "Specimen": "blood",
      "Quantity": "52 micro-mol/l",
      "Quality": "Normal"
    },
    {
      "Name": "Phenylalanine",
      "Age": "10.97 Year(s)",
      "Specimen": "blood",
      "Quantity": "73 micro-mol/l",
      "Quality": "Normal"
    },
    {
      "Name": "Phenylalanine",
      "Age": "11.09 Year(s)",
      "Specimen": "blood",
      "Quantity": "81 micro-mol/l",
      "Quality": "Normal"
    },
    {
      "Name": "Phenylalanine",
      "Age": "11.12 Year(s)",
      "Specimen": "blood",
      "Quantity": "48 micro-mol/l",
      "Quality": "Normal"
    },
    {
      "Name": "Phenylalanine",
      "Age": "11.89 Year(s)",
      "Specimen": "blood",
      "Quantity": "82 micro-mol/l",
      "Quality": "Normal"
    },
    {
      "Name": "Phosphatase, alkaline",
      "Age": "2.46 Month(s)",
      "Specimen": "serum/plasma",
      "Quantity": "2840 U/l",
      "Quality": "Increased"
    },
    {
      "Name": "Phosphatase, alkaline",
      "Age": "2.89 Month(s)",
      "Specimen": "serum/plasma",
      "Quantity": "1540 U/l",
      "Quality": "Increased"
    },
    {
      "Name": "Succinylacetone",
      "Age": "3.19 Month(s)",
      "Specimen": "serum/plasma",
      "Quantity": "15 micro-mol/l",
      "Quality": "Increased"
    },
    {
      "Name": "Succinylacetone",
      "Age": "3.19 Month(s)",
      "Specimen": "urine",
      "Quantity": "130 micro-mol/mol Crea",
      "Quality": "Increased"
    },
    {
      "Name": "Succinylacetone",
      "Age": "6.54 Month(s)",
      "Specimen": "serum/plasma",
      "Quantity": "0.1 micro-mol/l",
      "Quality": "Normal"
    },
    {
      "Name": "Succinylacetone",
      "Age": "9.86 Month(s)",
      "Specimen": "urine",
      "Quantity": "",
      "Quality": "Normal"
    },
    {
      "Name": "Succinylacetone",
      "Age": "2.99 Year(s)",
      "Specimen": "urine",
      "Quantity": "",
      "Quality": "Normal"
    },
    {
      "Name": "Succinylacetone",
      "Age": "8.61 Year(s)",
      "Specimen": "urine",
      "Quantity": "",
      "Quality": "Normal"
    },
    {
      "Name": "Thrombocytes, Platelets",
      "Age": "2.46 Month(s)",
      "Specimen": "blood",
      "Quantity": "78000 /micro-l",
      "Quality": "Decreased"
    },
    {
      "Name": "Thrombocytes, Platelets",
      "Age": "2.89 Month(s)",
      "Specimen": "blood",
      "Quantity": "113000 /micro-l",
      "Quality": "Decreased"
    },
    {
      "Name": "Tyrosine",
      "Age": "2.46 Month(s)",
      "Specimen": "blood",
      "Quantity": "1602 micro-mol/l",
      "Quality": "Increased"
    },
    {
      "Name": "Tyrosine",
      "Age": "2.76 Month(s)",
      "Specimen": "blood",
      "Quantity": "49 micro-mol/l",
      "Quality": "Normal"
    },
    {
      "Name": "Tyrosine",
      "Age": "2.89 Month(s)",
      "Specimen": "blood",
      "Quantity": "443 micro-mol/l",
      "Quality": "Increased"
    },
    {
      "Name": "Tyrosine",
      "Age": "3.12 Month(s)",
      "Specimen": "blood",
      "Quantity": "689 micro-mol/l",
      "Quality": "Increased"
    },
    {
      "Name": "Tyrosine",
      "Age": "3.19 Month(s)",
      "Specimen": "blood",
      "Quantity": "314 micro-mol/l",
      "Quality": "Increased"
    },
    {
      "Name": "Tyrosine",
      "Age": "3.39 Month(s)",
      "Specimen": "blood",
      "Quantity": "660 micro-mol/l",
      "Quality": "Increased"
    },
    {
      "Name": "Tyrosine",
      "Age": "3.45 Month(s)",
      "Specimen": "blood",
      "Quantity": "638 micro-mol/l",
      "Quality": "Increased"
    },
    {
      "Name": "Tyrosine",
      "Age": "3.58 Month(s)",
      "Specimen": "blood",
      "Quantity": "623 micro-mol/l",
      "Quality": "Increased"
    },
    {
      "Name": "Tyrosine",
      "Age": "5.72 Month(s)",
      "Specimen": "blood",
      "Quantity": "457 micro-mol/l",
      "Quality": "Increased"
    },
    {
      "Name": "Tyrosine",
      "Age": "9.79 Month(s)",
      "Specimen": "blood",
      "Quantity": "342 micro-mol/l",
      "Quality": "Increased"
    },
    {
      "Name": "Tyrosine",
      "Age": "9.86 Month(s)",
      "Specimen": "blood",
      "Quantity": "254 micro-mol/l",
      "Quality": "Increased"
    },
    {
      "Name": "Tyrosine",
      "Age": "10.02 Month(s)",
      "Specimen": "blood",
      "Quantity": "407 micro-mol/l",
      "Quality": "Increased"
    },
    {
      "Name": "Tyrosine",
      "Age": "10.68 Month(s)",
      "Specimen": "blood",
      "Quantity": "338 micro-mol/l",
      "Quality": "Increased"
    },
    {
      "Name": "Tyrosine",
      "Age": "10.94 Month(s)",
      "Specimen": "blood",
      "Quantity": "295 micro-mol/l",
      "Quality": "Increased"
    },
    {
      "Name": "Tyrosine",
      "Age": "11.17 Month(s)",
      "Specimen": "blood",
      "Quantity": "258 micro-mol/l",
      "Quality": "Increased"
    },
    {
      "Name": "Tyrosine",
      "Age": "11.37 Month(s)",
      "Specimen": "blood",
      "Quantity": "229 micro-mol/l",
      "Quality": "Increased"
    },
    {
      "Name": "Tyrosine",
      "Age": "11.4 Month(s)",
      "Specimen": "blood",
      "Quantity": "429 micro-mol/l",
      "Quality": "Increased"
    },
    {
      "Name": "Tyrosine",
      "Age": "12.55 Month(s)",
      "Specimen": "blood",
      "Quantity": "303 micro-mol/l",
      "Quality": "Increased"
    },
    {
      "Name": "Tyrosine",
      "Age": "12.58 Month(s)",
      "Specimen": "blood",
      "Quantity": "475 micro-mol/l",
      "Quality": "Increased"
    },
    {
      "Name": "Tyrosine",
      "Age": "13.04 Month(s)",
      "Specimen": "blood",
      "Quantity": "357 micro-mol/l",
      "Quality": "Increased"
    },
    {
      "Name": "Tyrosine",
      "Age": "13.24 Month(s)",
      "Specimen": "blood",
      "Quantity": "457 micro-mol/l",
      "Quality": "Increased"
    },
    {
      "Name": "Tyrosine",
      "Age": "13.5 Month(s)",
      "Specimen": "blood",
      "Quantity": "315 micro-mol/l",
      "Quality": "Increased"
    },
    {
      "Name": "Tyrosine",
      "Age": "13.67 Month(s)",
      "Specimen": "blood",
      "Quantity": "408 micro-mol/l",
      "Quality": "Increased"
    },
    {
      "Name": "Tyrosine",
      "Age": "13.93 Month(s)",
      "Specimen": "blood",
      "Quantity": "364 micro-mol/l",
      "Quality": "Increased"
    },
    {
      "Name": "Tyrosine",
      "Age": "14.16 Month(s)",
      "Specimen": "blood",
      "Quantity": "362 micro-mol/l",
      "Quality": "Increased"
    },
    {
      "Name": "Tyrosine",
      "Age": "14.39 Month(s)",
      "Specimen": "blood",
      "Quantity": "413 micro-mol/l",
      "Quality": "Increased"
    },
    {
      "Name": "Tyrosine",
      "Age": "14.62 Month(s)",
      "Specimen": "blood",
      "Quantity": "412 micro-mol/l",
      "Quality": "Increased"
    },
    {
      "Name": "Tyrosine",
      "Age": "14.85 Month(s)",
      "Specimen": "blood",
      "Quantity": "314 micro-mol/l",
      "Quality": "Increased"
    },
    {
      "Name": "Tyrosine",
      "Age": "15.08 Month(s)",
      "Specimen": "blood",
      "Quantity": "503 micro-mol/l",
      "Quality": "Increased"
    },
    {
      "Name": "Tyrosine",
      "Age": "15.31 Month(s)",
      "Specimen": "blood",
      "Quantity": "391 micro-mol/l",
      "Quality": "Increased"
    },
    {
      "Name": "Tyrosine",
      "Age": "15.51 Month(s)",
      "Specimen": "blood",
      "Quantity": "302 micro-mol/l",
      "Quality": "Increased"
    },
    {
      "Name": "Tyrosine",
      "Age": "15.77 Month(s)",
      "Specimen": "blood",
      "Quantity": "361 micro-mol/l",
      "Quality": "Increased"
    },
    {
      "Name": "Tyrosine",
      "Age": "16 Month(s)",
      "Specimen": "blood",
      "Quantity": "274 micro-mol/l",
      "Quality": "Increased"
    },
    {
      "Name": "Tyrosine",
      "Age": "16.23 Month(s)",
      "Specimen": "blood",
      "Quantity": "643 micro-mol/l",
      "Quality": "Increased"
    },
    {
      "Name": "Tyrosine",
      "Age": "17.61 Month(s)",
      "Specimen": "blood",
      "Quantity": "386 micro-mol/l",
      "Quality": "Increased"
    },
    {
      "Name": "Tyrosine",
      "Age": "18.07 Month(s)",
      "Specimen": "blood",
      "Quantity": "525 micro-mol/l",
      "Quality": "Increased"
    },
    {
      "Name": "Tyrosine",
      "Age": "18.3 Month(s)",
      "Specimen": "blood",
      "Quantity": "552 micro-mol/l",
      "Quality": "Increased"
    },
    {
      "Name": "Tyrosine",
      "Age": "18.53 Month(s)",
      "Specimen": "blood",
      "Quantity": "398 micro-mol/l",
      "Quality": "Increased"
    },
    {
      "Name": "Tyrosine",
      "Age": "18.96 Month(s)",
      "Specimen": "blood",
      "Quantity": "440 micro-mol/l",
      "Quality": "Increased"
    },
    {
      "Name": "Tyrosine",
      "Age": "19.22 Month(s)",
      "Specimen": "blood",
      "Quantity": "425 micro-mol/l",
      "Quality": "Increased"
    },
    {
      "Name": "Tyrosine",
      "Age": "19.45 Month(s)",
      "Specimen": "blood",
      "Quantity": "452 micro-mol/l",
      "Quality": "Increased"
    },
    {
      "Name": "Tyrosine",
      "Age": "19.68 Month(s)",
      "Specimen": "blood",
      "Quantity": "290 micro-mol/l",
      "Quality": "Increased"
    },
    {
      "Name": "Tyrosine",
      "Age": "19.91 Month(s)",
      "Specimen": "blood",
      "Quantity": "457 micro-mol/l",
      "Quality": "Increased"
    },
    {
      "Name": "Tyrosine",
      "Age": "20.14 Month(s)",
      "Specimen": "blood",
      "Quantity": "482 micro-mol/l",
      "Quality": "Increased"
    },
    {
      "Name": "Tyrosine",
      "Age": "20.37 Month(s)",
      "Specimen": "blood",
      "Quantity": "606 micro-mol/l",
      "Quality": "Increased"
    },
    {
      "Name": "Tyrosine",
      "Age": "20.57 Month(s)",
      "Specimen": "blood",
      "Quantity": "476 micro-mol/l",
      "Quality": "Increased"
    },
    {
      "Name": "Tyrosine",
      "Age": "20.8 Month(s)",
      "Specimen": "blood",
      "Quantity": "513 micro-mol/l",
      "Quality": "Increased"
    },
    {
      "Name": "Tyrosine",
      "Age": "21.06 Month(s)",
      "Specimen": "blood",
      "Quantity": "356 micro-mol/l",
      "Quality": "Increased"
    },
    {
      "Name": "Tyrosine",
      "Age": "21.36 Month(s)",
      "Specimen": "blood",
      "Quantity": "405 micro-mol/l",
      "Quality": "Increased"
    },
    {
      "Name": "Tyrosine",
      "Age": "21.78 Month(s)",
      "Specimen": "blood",
      "Quantity": "591 micro-mol/l",
      "Quality": "Increased"
    },
    {
      "Name": "Tyrosine",
      "Age": "21.98 Month(s)",
      "Specimen": "blood",
      "Quantity": "256 micro-mol/l",
      "Quality": "Increased"
    },
    {
      "Name": "Tyrosine",
      "Age": "22.21 Month(s)",
      "Specimen": "blood",
      "Quantity": "399 micro-mol/l",
      "Quality": "Increased"
    },
    {
      "Name": "Tyrosine",
      "Age": "22.44 Month(s)",
      "Specimen": "blood",
      "Quantity": "346 micro-mol/l",
      "Quality": "Increased"
    },
    {
      "Name": "Tyrosine",
      "Age": "22.7 Month(s)",
      "Specimen": "blood",
      "Quantity": "679 micro-mol/l",
      "Quality": "Increased"
    },
    {
      "Name": "Tyrosine",
      "Age": "22.9 Month(s)",
      "Specimen": "blood",
      "Quantity": "562 micro-mol/l",
      "Quality": "Increased"
    },
    {
      "Name": "Tyrosine",
      "Age": "23.13 Month(s)",
      "Specimen": "blood",
      "Quantity": "568 micro-mol/l",
      "Quality": "Increased"
    },
    {
      "Name": "Tyrosine",
      "Age": "23.36 Month(s)",
      "Specimen": "blood",
      "Quantity": "666 micro-mol/l",
      "Quality": "Increased"
    },
    {
      "Name": "Tyrosine",
      "Age": "2 Year(s)",
      "Specimen": "blood",
      "Quantity": "456 micro-mol/l",
      "Quality": "Increased"
    },
    {
      "Name": "Tyrosine",
      "Age": "2.02 Year(s)",
      "Specimen": "blood",
      "Quantity": "313 micro-mol/l",
      "Quality": "Increased"
    },
    {
      "Name": "Tyrosine",
      "Age": "2.05 Year(s)",
      "Specimen": "blood",
      "Quantity": "467 micro-mol/l",
      "Quality": "Increased"
    },
    {
      "Name": "Tyrosine",
      "Age": "2.06 Year(s)",
      "Specimen": "blood",
      "Quantity": "502 micro-mol/l",
      "Quality": "Increased"
    },
    {
      "Name": "Tyrosine",
      "Age": "2.12 Year(s)",
      "Specimen": "blood",
      "Quantity": "338 micro-mol/l",
      "Quality": "Increased"
    },
    {
      "Name": "Tyrosine",
      "Age": "2.14 Year(s)",
      "Specimen": "blood",
      "Quantity": "426 micro-mol/l",
      "Quality": "Increased"
    },
    {
      "Name": "Tyrosine",
      "Age": "2.18 Year(s)",
      "Specimen": "blood",
      "Quantity": "402 micro-mol/l",
      "Quality": "Increased"
    },
    {
      "Name": "Tyrosine",
      "Age": "2.21 Year(s)",
      "Specimen": "blood",
      "Quantity": "480 micro-mol/l",
      "Quality": "Increased"
    },
    {
      "Name": "Tyrosine",
      "Age": "2.25 Year(s)",
      "Specimen": "blood",
      "Quantity": "690 micro-mol/l",
      "Quality": "Increased"
    },
    {
      "Name": "Tyrosine",
      "Age": "2.27 Year(s)",
      "Specimen": "blood",
      "Quantity": "570 micro-mol/l",
      "Quality": "Increased"
    },
    {
      "Name": "Tyrosine",
      "Age": "2.34 Year(s)",
      "Specimen": "blood",
      "Quantity": "518 micro-mol/l",
      "Quality": "Increased"
    },
    {
      "Name": "Tyrosine",
      "Age": "2.35 Year(s)",
      "Specimen": "blood",
      "Quantity": "415 micro-mol/l",
      "Quality": "Increased"
    },
    {
      "Name": "Tyrosine",
      "Age": "2.37 Year(s)",
      "Specimen": "blood",
      "Quantity": "416 micro-mol/l",
      "Quality": "Increased"
    },
    {
      "Name": "Tyrosine",
      "Age": "2.45 Year(s)",
      "Specimen": "blood",
      "Quantity": "423 micro-mol/l",
      "Quality": "Increased"
    },
    {
      "Name": "Tyrosine",
      "Age": "2.49 Year(s)",
      "Specimen": "blood",
      "Quantity": "557 micro-mol/l",
      "Quality": "Increased"
    },
    {
      "Name": "Tyrosine",
      "Age": "2.51 Year(s)",
      "Specimen": "blood",
      "Quantity": "385 micro-mol/l",
      "Quality": "Increased"
    },
    {
      "Name": "Tyrosine",
      "Age": "2.53 Year(s)",
      "Specimen": "blood",
      "Quantity": "923 micro-mol/l",
      "Quality": "Increased"
    },
    {
      "Name": "Tyrosine",
      "Age": "2.55 Year(s)",
      "Specimen": "blood",
      "Quantity": "676 micro-mol/l",
      "Quality": "Increased"
    },
    {
      "Name": "Tyrosine",
      "Age": "2.57 Year(s)",
      "Specimen": "blood",
      "Quantity": "625 micro-mol/l",
      "Quality": "Increased"
    },
    {
      "Name": "Tyrosine",
      "Age": "2.58 Year(s)",
      "Specimen": "blood",
      "Quantity": "610 micro-mol/l",
      "Quality": "Increased"
    },
    {
      "Name": "Tyrosine",
      "Age": "2.6 Year(s)",
      "Specimen": "blood",
      "Quantity": "620 micro-mol/l",
      "Quality": "Increased"
    },
    {
      "Name": "Tyrosine",
      "Age": "2.62 Year(s)",
      "Specimen": "blood",
      "Quantity": "729 micro-mol/l",
      "Quality": "Increased"
    },
    {
      "Name": "Tyrosine",
      "Age": "2.64 Year(s)",
      "Specimen": "blood",
      "Quantity": "531 micro-mol/l",
      "Quality": "Increased"
    },
    {
      "Name": "Tyrosine",
      "Age": "2.68 Year(s)",
      "Specimen": "blood",
      "Quantity": "394 micro-mol/l",
      "Quality": "Increased"
    },
    {
      "Name": "Tyrosine",
      "Age": "2.7 Year(s)",
      "Specimen": "blood",
      "Quantity": "721 micro-mol/l",
      "Quality": "Increased"
    },
    {
      "Name": "Tyrosine",
      "Age": "2.72 Year(s)",
      "Specimen": "blood",
      "Quantity": "625 micro-mol/l",
      "Quality": "Increased"
    },
    {
      "Name": "Tyrosine",
      "Age": "2.76 Year(s)",
      "Specimen": "blood",
      "Quantity": "578 micro-mol/l",
      "Quality": "Increased"
    },
    {
      "Name": "Tyrosine",
      "Age": "2.79 Year(s)",
      "Specimen": "blood",
      "Quantity": "602 micro-mol/l",
      "Quality": "Increased"
    },
    {
      "Name": "Tyrosine",
      "Age": "2.81 Year(s)",
      "Specimen": "blood",
      "Quantity": "864 micro-mol/l",
      "Quality": "Increased"
    },
    {
      "Name": "Tyrosine",
      "Age": "2.85 Year(s)",
      "Specimen": "blood",
      "Quantity": "610 micro-mol/l",
      "Quality": "Increased"
    },
    {
      "Name": "Tyrosine",
      "Age": "2.88 Year(s)",
      "Specimen": "blood",
      "Quantity": "811 micro-mol/l",
      "Quality": "Increased"
    },
    {
      "Name": "Tyrosine",
      "Age": "2.9 Year(s)",
      "Specimen": "blood",
      "Quantity": "854 micro-mol/l",
      "Quality": "Increased"
    },
    {
      "Name": "Tyrosine",
      "Age": "2.93 Year(s)",
      "Specimen": "blood",
      "Quantity": "436 micro-mol/l",
      "Quality": "Increased"
    },
    {
      "Name": "Tyrosine",
      "Age": "2.95 Year(s)",
      "Specimen": "blood",
      "Quantity": "626 micro-mol/l",
      "Quality": "Increased"
    },
    {
      "Name": "Tyrosine",
      "Age": "2.99 Year(s)",
      "Specimen": "blood",
      "Quantity": "480 micro-mol/l",
      "Quality": "Increased"
    },
    {
      "Name": "Tyrosine",
      "Age": "3.02 Year(s)",
      "Specimen": "blood",
      "Quantity": "791 micro-mol/l",
      "Quality": "Increased"
    },
    {
      "Name": "Tyrosine",
      "Age": "3.04 Year(s)",
      "Specimen": "blood",
      "Quantity": "671 micro-mol/l",
      "Quality": "Increased"
    },
    {
      "Name": "Tyrosine",
      "Age": "3.08 Year(s)",
      "Specimen": "blood",
      "Quantity": "328 micro-mol/l",
      "Quality": "Increased"
    },
    {
      "Name": "Tyrosine",
      "Age": "3.12 Year(s)",
      "Specimen": "blood",
      "Quantity": "231 micro-mol/l",
      "Quality": "Increased"
    },
    {
      "Name": "Tyrosine",
      "Age": "3.17 Year(s)",
      "Specimen": "blood",
      "Quantity": "249 micro-mol/l",
      "Quality": "Increased"
    },
    {
      "Name": "Tyrosine",
      "Age": "3.25 Year(s)",
      "Specimen": "blood",
      "Quantity": "581 micro-mol/l",
      "Quality": "Increased"
    },
    {
      "Name": "Tyrosine",
      "Age": "3.27 Year(s)",
      "Specimen": "blood",
      "Quantity": "665 micro-mol/l",
      "Quality": "Increased"
    },
    {
      "Name": "Tyrosine",
      "Age": "3.31 Year(s)",
      "Specimen": "blood",
      "Quantity": "621 micro-mol/l",
      "Quality": "Increased"
    },
    {
      "Name": "Tyrosine",
      "Age": "3.38 Year(s)",
      "Specimen": "blood",
      "Quantity": "609 micro-mol/l",
      "Quality": "Increased"
    },
    {
      "Name": "Tyrosine",
      "Age": "3.43 Year(s)",
      "Specimen": "blood",
      "Quantity": "756 micro-mol/l",
      "Quality": "Increased"
    },
    {
      "Name": "Tyrosine",
      "Age": "3.48 Year(s)",
      "Specimen": "blood",
      "Quantity": "518 micro-mol/l",
      "Quality": "Increased"
    },
    {
      "Name": "Tyrosine",
      "Age": "3.55 Year(s)",
      "Specimen": "blood",
      "Quantity": "546 micro-mol/l",
      "Quality": "Increased"
    },
    {
      "Name": "Tyrosine",
      "Age": "3.59 Year(s)",
      "Specimen": "blood",
      "Quantity": "587 micro-mol/l",
      "Quality": "Increased"
    },
    {
      "Name": "Tyrosine",
      "Age": "3.63 Year(s)",
      "Specimen": "blood",
      "Quantity": "515 micro-mol/l",
      "Quality": "Increased"
    },
    {
      "Name": "Tyrosine",
      "Age": "3.71 Year(s)",
      "Specimen": "blood",
      "Quantity": "810 micro-mol/l",
      "Quality": "Increased"
    },
    {
      "Name": "Tyrosine",
      "Age": "3.78 Year(s)",
      "Specimen": "blood",
      "Quantity": "455 micro-mol/l",
      "Quality": "Increased"
    },
    {
      "Name": "Tyrosine",
      "Age": "3.82 Year(s)",
      "Specimen": "blood",
      "Quantity": "546 micro-mol/l",
      "Quality": "Increased"
    },
    {
      "Name": "Tyrosine",
      "Age": "3.88 Year(s)",
      "Specimen": "blood",
      "Quantity": "401 micro-mol/l",
      "Quality": "Increased"
    },
    {
      "Name": "Tyrosine",
      "Age": "3.98 Year(s)",
      "Specimen": "blood",
      "Quantity": "745 micro-mol/l",
      "Quality": "Increased"
    },
    {
      "Name": "Tyrosine",
      "Age": "4.02 Year(s)",
      "Specimen": "blood",
      "Quantity": "536 micro-mol/l",
      "Quality": "Increased"
    },
    {
      "Name": "Tyrosine",
      "Age": "4.04 Year(s)",
      "Specimen": "blood",
      "Quantity": "619 micro-mol/l",
      "Quality": "Increased"
    },
    {
      "Name": "Tyrosine",
      "Age": "4.09 Year(s)",
      "Specimen": "blood",
      "Quantity": "687 micro-mol/l",
      "Quality": "Increased"
    },
    {
      "Name": "Tyrosine",
      "Age": "4.1 Year(s)",
      "Specimen": "blood",
      "Quantity": "395 micro-mol/l",
      "Quality": "Increased"
    },
    {
      "Name": "Tyrosine",
      "Age": "4.14 Year(s)",
      "Specimen": "blood",
      "Quantity": "565 micro-mol/l",
      "Quality": "Increased"
    },
    {
      "Name": "Tyrosine",
      "Age": "4.26 Year(s)",
      "Specimen": "blood",
      "Quantity": "470 micro-mol/l",
      "Quality": "Increased"
    },
    {
      "Name": "Tyrosine",
      "Age": "4.3 Year(s)",
      "Specimen": "blood",
      "Quantity": "466 micro-mol/l",
      "Quality": "Increased"
    },
    {
      "Name": "Tyrosine",
      "Age": "4.39 Year(s)",
      "Specimen": "blood",
      "Quantity": "477 micro-mol/l",
      "Quality": "Increased"
    },
    {
      "Name": "Tyrosine",
      "Age": "4.48 Year(s)",
      "Specimen": "blood",
      "Quantity": "326 micro-mol/l",
      "Quality": "Increased"
    },
    {
      "Name": "Tyrosine",
      "Age": "4.51 Year(s)",
      "Specimen": "blood",
      "Quantity": "603 micro-mol/l",
      "Quality": "Increased"
    },
    {
      "Name": "Tyrosine",
      "Age": "4.59 Year(s)",
      "Specimen": "blood",
      "Quantity": "594 micro-mol/l",
      "Quality": "Increased"
    },
    {
      "Name": "Tyrosine",
      "Age": "4.61 Year(s)",
      "Specimen": "blood",
      "Quantity": "921 micro-mol/l",
      "Quality": "Increased"
    },
    {
      "Name": "Tyrosine",
      "Age": "4.71 Year(s)",
      "Specimen": "blood",
      "Quantity": "419 micro-mol/l",
      "Quality": "Increased"
    },
    {
      "Name": "Tyrosine",
      "Age": "4.75 Year(s)",
      "Specimen": "blood",
      "Quantity": "370 micro-mol/l",
      "Quality": "Increased"
    },
    {
      "Name": "Tyrosine",
      "Age": "4.88 Year(s)",
      "Specimen": "blood",
      "Quantity": "383 micro-mol/l",
      "Quality": "Increased"
    },
    {
      "Name": "Tyrosine",
      "Age": "5.01 Year(s)",
      "Specimen": "blood",
      "Quantity": "581 micro-mol/l",
      "Quality": "Increased"
    },
    {
      "Name": "Tyrosine",
      "Age": "5.03 Year(s)",
      "Specimen": "blood",
      "Quantity": "264 micro-mol/l",
      "Quality": "Increased"
    },
    {
      "Name": "Tyrosine",
      "Age": "5.11 Year(s)",
      "Specimen": "blood",
      "Quantity": "543 micro-mol/l",
      "Quality": "Increased"
    },
    {
      "Name": "Tyrosine",
      "Age": "5.22 Year(s)",
      "Specimen": "blood",
      "Quantity": "615 micro-mol/l",
      "Quality": "Increased"
    },
    {
      "Name": "Tyrosine",
      "Age": "5.34 Year(s)",
      "Specimen": "blood",
      "Quantity": "543 micro-mol/l",
      "Quality": "Increased"
    },
    {
      "Name": "Tyrosine",
      "Age": "5.42 Year(s)",
      "Specimen": "blood",
      "Quantity": "506 micro-mol/l",
      "Quality": "Increased"
    },
    {
      "Name": "Tyrosine",
      "Age": "5.48 Year(s)",
      "Specimen": "blood",
      "Quantity": "354 micro-mol/l",
      "Quality": "Increased"
    },
    {
      "Name": "Tyrosine",
      "Age": "5.55 Year(s)",
      "Specimen": "blood",
      "Quantity": "616 micro-mol/l",
      "Quality": "Increased"
    },
    {
      "Name": "Tyrosine",
      "Age": "5.73 Year(s)",
      "Specimen": "blood",
      "Quantity": "674 micro-mol/l",
      "Quality": "Increased"
    },
    {
      "Name": "Tyrosine",
      "Age": "6.03 Year(s)",
      "Specimen": "blood",
      "Quantity": "348 micro-mol/l",
      "Quality": "Increased"
    },
    {
      "Name": "Tyrosine",
      "Age": "6.44 Year(s)",
      "Specimen": "blood",
      "Quantity": "380 micro-mol/l",
      "Quality": "Increased"
    },
    {
      "Name": "Tyrosine",
      "Age": "6.48 Year(s)",
      "Specimen": "blood",
      "Quantity": "274 micro-mol/l",
      "Quality": "Increased"
    },
    {
      "Name": "Tyrosine",
      "Age": "6.66 Year(s)",
      "Specimen": "blood",
      "Quantity": "471 micro-mol/l",
      "Quality": "Increased"
    },
    {
      "Name": "Tyrosine",
      "Age": "6.87 Year(s)",
      "Specimen": "blood",
      "Quantity": "578 micro-mol/l",
      "Quality": "Increased"
    },
    {
      "Name": "Tyrosine",
      "Age": "7.11 Year(s)",
      "Specimen": "blood",
      "Quantity": "494 micro-mol/l",
      "Quality": "Increased"
    },
    {
      "Name": "Tyrosine",
      "Age": "7.31 Year(s)",
      "Specimen": "blood",
      "Quantity": "540 micro-mol/l",
      "Quality": "Increased"
    },
    {
      "Name": "Tyrosine",
      "Age": "7.64 Year(s)",
      "Specimen": "blood",
      "Quantity": "631 micro-mol/l",
      "Quality": "Increased"
    },
    {
      "Name": "Tyrosine",
      "Age": "7.89 Year(s)",
      "Specimen": "blood",
      "Quantity": "754 micro-mol/l",
      "Quality": "Increased"
    },
    {
      "Name": "Tyrosine",
      "Age": "8.1 Year(s)",
      "Specimen": "blood",
      "Quantity": "561 micro-mol/l",
      "Quality": "Increased"
    },
    {
      "Name": "Tyrosine",
      "Age": "8.48 Year(s)",
      "Specimen": "blood",
      "Quantity": "546 micro-mol/l",
      "Quality": "Increased"
    },
    {
      "Name": "Tyrosine",
      "Age": "8.61 Year(s)",
      "Specimen": "blood",
      "Quantity": "464 micro-mol/l",
      "Quality": "Increased"
    },
    {
      "Name": "Tyrosine",
      "Age": "8.91 Year(s)",
      "Specimen": "blood",
      "Quantity": "664 micro-mol/l",
      "Quality": "Increased"
    },
    {
      "Name": "Tyrosine",
      "Age": "9.09 Year(s)",
      "Specimen": "blood",
      "Quantity": "788 micro-mol/l",
      "Quality": "Increased"
    },
    {
      "Name": "Tyrosine",
      "Age": "9.13 Year(s)",
      "Specimen": "blood",
      "Quantity": "431 micro-mol/l",
      "Quality": "Increased"
    },
    {
      "Name": "Tyrosine",
      "Age": "9.31 Year(s)",
      "Specimen": "blood",
      "Quantity": "575 micro-mol/l",
      "Quality": "Increased"
    },
    {
      "Name": "Tyrosine",
      "Age": "9.44 Year(s)",
      "Specimen": "blood",
      "Quantity": "939 micro-mol/l",
      "Quality": "Increased"
    },
    {
      "Name": "Tyrosine",
      "Age": "9.6 Year(s)",
      "Specimen": "blood",
      "Quantity": "456 micro-mol/l",
      "Quality": "Increased"
    },
    {
      "Name": "Tyrosine",
      "Age": "9.68 Year(s)",
      "Specimen": "blood",
      "Quantity": "715 micro-mol/l",
      "Quality": "Increased"
    },
    {
      "Name": "Tyrosine",
      "Age": "9.79 Year(s)",
      "Specimen": "blood",
      "Quantity": "614 micro-mol/l",
      "Quality": "Increased"
    },
    {
      "Name": "Tyrosine",
      "Age": "10.07 Year(s)",
      "Specimen": "blood",
      "Quantity": "385 micro-mol/l",
      "Quality": "Increased"
    },
    {
      "Name": "Tyrosine",
      "Age": "10.18 Year(s)",
      "Specimen": "blood",
      "Quantity": "580 micro-mol/l",
      "Quality": "Increased"
    },
    {
      "Name": "Tyrosine",
      "Age": "10.67 Year(s)",
      "Specimen": "blood",
      "Quantity": "525 micro-mol/l",
      "Quality": "Increased"
    },
    {
      "Name": "Tyrosine",
      "Age": "10.97 Year(s)",
      "Specimen": "blood",
      "Quantity": "777 micro-mol/l",
      "Quality": "Increased"
    },
    {
      "Name": "Tyrosine",
      "Age": "11.09 Year(s)",
      "Specimen": "blood",
      "Quantity": "555 micro-mol/l",
      "Quality": "Increased"
    },
    {
      "Name": "Tyrosine",
      "Age": "11.12 Year(s)",
      "Specimen": "blood",
      "Quantity": "472 micro-mol/l",
      "Quality": "Increased"
    },
    {
      "Name": "Tyrosine",
      "Age": "11.89 Year(s)",
      "Specimen": "blood",
      "Quantity": "724 micro-mol/l",
      "Quality": "Increased"
    },
    {
      "Name": "Quick",
      "Age": "2.46 Month(s)",
      "Specimen": "serum/plasma",
      "Quantity": "10 %",
      "Quality": "Decreased"
    },
    {
      "Name": "Quick",
      "Age": "2.89 Month(s)",
      "Specimen": "serum/plasma",
      "Quantity": "61 %",
      "Quality": "Decreased"
    },
    {
      "Name": "PTT",
      "Age": "2.46 Month(s)",
      "Specimen": "serum/plasma",
      "Quantity": "180 sec",
      "Quality": "Increased"
    },
    {
      "Name": "PTT",
      "Age": "2.89 Month(s)",
      "Specimen": "serum/plasma",
      "Quantity": "48 sec",
      "Quality": "Increased"
    }
  ],
  "Symptoms": [
    {
      "Name": "ichthyosis",
      "Age": "2.46 Month(s)",
      "Range": "yes"
    },
    {
      "Name": "no clinical signs or symptoms",
      "Age": "3.32 Year(s)",
      "Range": "yes"
    },
    {
      "Name": "no clinical signs or symptoms",
      "Age": "4.1 Year(s)",
      "Range": "yes"
    },
    {
      "Name": "no clinical signs or symptoms",
      "Age": "5.03 Year(s)",
      "Range": "yes"
    },
    {
      "Name": "no clinical signs or symptoms",
      "Age": "6.48 Year(s)",
      "Range": "yes"
    },
    {
      "Name": "petechiae",
      "Age": "2.46 Month(s)",
      "Range": "yes"
    },
    {
      "Name": "pigmentation, skin and sclera",
      "Age": "2.46 Month(s)",
      "Range": "yes"
    }
  ],
  "Diet/drugs": [
    {
      "Name": "NTBC (2-(2-nitro-4-trifluoro-methylbenzoyl)-",
      "Age": "2.69 Month(s)",
      "Dosage": "6 mg/day",
      "Route": "oral"
    },
    {
      "Name": "NTBC (2-(2-nitro-4-trifluoro-methylbenzoyl)-",
      "Age": "4.93 Month(s)",
      "Dosage": "10 mg/day",
      "Route": "oral"
    },
    {
      "Name": "NTBC (2-(2-nitro-4-trifluoro-methylbenzoyl)-",
      "Age": "18.73 Month(s)",
      "Dosage": "12 mg/day",
      "Route": "oral"
    },
    {
      "Name": "NTBC (2-(2-nitro-4-trifluoro-methylbenzoyl)-",
      "Age": "2.07 Year(s)",
      "Dosage": "15 mg/day",
      "Route": "oral"
    },
    {
      "Name": "NTBC (2-(2-nitro-4-trifluoro-methylbenzoyl)-",
      "Age": "3.32 Year(s)",
      "Dosage": "17 mg/day",
      "Route": "oral"
    },
    {
      "Name": "NTBC (2-(2-nitro-4-trifluoro-methylbenzoyl)-",
      "Age": "4.1 Year(s)",
      "Dosage": "20 mg/day",
      "Route": "oral"
    },
    {
      "Name": "NTBC (2-(2-nitro-4-trifluoro-methylbenzoyl)-",
      "Age": "5.48 Year(s)",
      "Dosage": "25 mg/day",
      "Route": "oral"
    },
    {
      "Name": "artificial protein intake (specific amino acid mixture)",
      "Age": "3.32 Year(s)",
      "Dosage": "19.5 g/day",
      "Route": "oral"
    },
    {
      "Name": "protein (natural)",
      "Age": "3.32 Year(s)",
      "Dosage": "15 g/day",
      "Route": "oral"
    }
  ],
  "Therapy/development": [
    {
      "Name": "head circumference",
      "Age": "9.13 Year(s)",
      "Quantity": "54.2  cm",
      "Type": "development"
    },
    {
      "Name": "length",
      "Age": "3.32 Year(s)",
      "Quantity": "95  cm",
      "Type": "development"
    },
    {
      "Name": "length",
      "Age": "3.63 Year(s)",
      "Quantity": "98.5  cm",
      "Type": "development"
    },
    {
      "Name": "length",
      "Age": "4.1 Year(s)",
      "Quantity": "102.5  cm",
      "Type": "development"
    },
    {
      "Name": "length",
      "Age": "4.48 Year(s)",
      "Quantity": "106  cm",
      "Type": "development"
    },
    {
      "Name": "length",
      "Age": "5.03 Year(s)",
      "Quantity": "110.3  cm",
      "Type": "development"
    },
    {
      "Name": "length",
      "Age": "5.48 Year(s)",
      "Quantity": "114  cm",
      "Type": "development"
    },
    {
      "Name": "length",
      "Age": "6.03 Year(s)",
      "Quantity": "118.4  cm",
      "Type": "development"
    },
    {
      "Name": "length",
      "Age": "6.48 Year(s)",
      "Quantity": "122  cm",
      "Type": "development"
    },
    {
      "Name": "length",
      "Age": "7.11 Year(s)",
      "Quantity": "126.5  cm",
      "Type": "development"
    },
    {
      "Name": "length",
      "Age": "8.61 Year(s)",
      "Quantity": "137  cm",
      "Type": "development"
    },
    {
      "Name": "length",
      "Age": "9.13 Year(s)",
      "Quantity": "140.5  cm",
      "Type": "development"
    },
    {
      "Name": "length",
      "Age": "9.6 Year(s)",
      "Quantity": "143  cm",
      "Type": "development"
    },
    {
      "Name": "tyrosine-/phenylalanine-restricted diet",
      "Age": "3.22 Month(s)",
      "Quantity": "",
      "Type": ""
    },
    {
      "Name": "weight",
      "Age": "3.32 Year(s)",
      "Quantity": "15.4  kg",
      "Type": "development"
    },
    {
      "Name": "weight",
      "Age": "3.63 Year(s)",
      "Quantity": "16.5  kg",
      "Type": "development"
    },
    {
      "Name": "weight",
      "Age": "4.1 Year(s)",
      "Quantity": "18.1  kg",
      "Type": "development"
    },
    {
      "Name": "weight",
      "Age": "4.48 Year(s)",
      "Quantity": "19.4  kg",
      "Type": "development"
    },
    {
      "Name": "weight",
      "Age": "5.03 Year(s)",
      "Quantity": "20.5  kg",
      "Type": "development"
    },
    {
      "Name": "weight",
      "Age": "5.48 Year(s)",
      "Quantity": "22.5  kg",
      "Type": "development"
    },
    {
      "Name": "weight",
      "Age": "6.03 Year(s)",
      "Quantity": "24.1  kg",
      "Type": "development"
    },
    {
      "Name": "weight",
      "Age": "6.48 Year(s)",
      "Quantity": "26.4  kg",
      "Type": "development"
    },
    {
      "Name": "weight",
      "Age": "7.11 Year(s)",
      "Quantity": "26.8  kg",
      "Type": "development"
    },
    {
      "Name": "weight",
      "Age": "8.61 Year(s)",
      "Quantity": "35.5  kg",
      "Type": "development"
    },
    {
      "Name": "weight",
      "Age": "9.13 Year(s)",
      "Quantity": "38.7  kg",
      "Type": "development"
    },
    {
      "Name": "weight",
      "Age": "9.6 Year(s)",
      "Quantity": "40  kg",
      "Type": "development"
    }
  ]
}