{
  "MainData": {
    "Patient ID": "460",
    "Diagnosis": "BIOTINIDASE DEFICIENCYMULTIPLE CARBOXYLASE DEFICIENCY, LATE-ONSET (MIM 253260)",
    "Gender": "f",
    "Age of symptoms onset": "0 Day(s)",
    "Age of diagnosis": "5.81 Year(s)",
    "Found in newborn screening": "n",
    "Diagnosis confirmed": "y",
    "Country": "Germany",
    "Ethnic origin": "Mother: German, Father: German",
    "History": "At the age of six years, the girl presented with seizures. Increased levels of 3-OH-isovaleric acid led to the diagnosis of biotinidase deficiency. Decreased enzyme activity is uncertain.\nBiotin therapy was still initiated.",
    "Author": "Willy Lehnert",
    "Hospital": "University Childrens Hospital Freiburg",
    "Coauthor(s)": "",
    "Date of entry": "2001-12-07"
  },
  "Molecular genetics": {
    "Gene name": "",
    "Genotype": "",
    "Allele 1": {
      "Trivial name": "",
      "Systematic name": "",
      "Amino acid change": "",
      "Nucleotide change": "",
      "Exon/Intron Boundary/Promotor": ""
    },
    "Allele 2": {
      "Trivial name": "",
      "Systematic name": "",
      "Amino acid change": "",
      "Nucleotide change": "",
      "Exon/Intron Boundary/Promotor": ""
    }
  },
  "Lab findings": [
    {
      "Name": "3-Hydroxyisovaleric acid",
      "Age": "5.81 Year(s)",
      "Specimen": "urine",
      "Quantity": "",
      "Quality": "Increased"
    },
    {
      "Name": "Biotinidase",
      "Age": "6.05 Year(s)",
      "Specimen": "serum/plasma",
      "Quantity": "",
      "Quality": "Decreased"
    }
  ],
  "Symptoms": [
    {
      "Name": "seizures",
      "Age": "5.81 Year(s)",
      "Range": "yes"
    }
  ],
  "Diet/drugs": [],
  "Therapy/development": []
}