{
  "MainData": {
    "Patient ID": "461",
    "Diagnosis": "BIOTINIDASE DEFICIENCYMULTIPLE CARBOXYLASE DEFICIENCY, LATE-ONSET (MIM 253260)",
    "Gender": "f",
    "Age of symptoms onset": "0 Day(s)",
    "Age of diagnosis": "0 Day(s)",
    "Found in newborn screening": "n",
    "Diagnosis confirmed": "y",
    "Country": "Germany",
    "Ethnic origin": "Mother: German, Father: German",
    "History": "Activity of biotinidase in plasma within the low normal range of  affected heterozygote patients.\nNormal levels of biotin in plasma and urine. Even though, the girl is presenting with severe clinical symptoms.\nThe diagnosis of biotinidase deficiency is still questionable.",
    "Author": "Willy Lehnert",
    "Hospital": "University Childrens Hospital Freiburg",
    "Coauthor(s)": "",
    "Date of entry": "2001-12-07"
  },
  "Molecular genetics": {
    "Gene name": "",
    "Genotype": "",
    "Allele 1": {
      "Trivial name": "",
      "Systematic name": "",
      "Amino acid change": "",
      "Nucleotide change": "",
      "Exon/Intron Boundary/Promotor": ""
    },
    "Allele 2": {
      "Trivial name": "",
      "Systematic name": "",
      "Amino acid change": "",
      "Nucleotide change": "",
      "Exon/Intron Boundary/Promotor": ""
    }
  },
  "Lab findings": [],
  "Symptoms": [],
  "Diet/drugs": [],
  "Therapy/development": []
}