{
  "MainData": {
    "Patient ID": "488",
    "Diagnosis": "CANAVAN DISEASE (MIM 271900)",
    "Gender": "f",
    "Age of symptoms onset": "21 Month(s)",
    "Age of diagnosis": "3.8 Year(s)",
    "Found in newborn screening": "n",
    "Diagnosis confirmed": "y",
    "Country": "Germany",
    "Ethnic origin": "Mother: German, Father: German",
    "History": "Second child of healthy parents. At the age of about 2 years, the girl presented with severe seizures and lethargy. MRT showed slight abnormalities of brain.\nIncreased excretion of N-acetylaspartic acid led to the diagnosis of canavan disease.  The diagnosis was confirmed by deficiency in aspartoacylase activity for the girl.",
    "Author": "Willy Lehnert",
    "Hospital": "University Childrens Hospital Freiburg",
    "Coauthor(s)": "",
    "Date of entry": "2002-01-07"
  },
  "Molecular genetics": {
    "Gene name": "",
    "Genotype": "",
    "Allele 1": {
      "Trivial name": "",
      "Systematic name": "",
      "Amino acid change": "",
      "Nucleotide change": "",
      "Exon/Intron Boundary/Promotor": ""
    },
    "Allele 2": {
      "Trivial name": "",
      "Systematic name": "",
      "Amino acid change": "",
      "Nucleotide change": "",
      "Exon/Intron Boundary/Promotor": ""
    }
  },
  "Lab findings": [
    {
      "Name": "Aspartoacylase",
      "Age": "4.59 Year(s)",
      "Specimen": "fibroblasts",
      "Quantity": "",
      "Quality": "Decreased"
    },
    {
      "Name": "Lactate",
      "Age": "4.07 Year(s)",
      "Specimen": "blood",
      "Quantity": "19 mmol/l",
      "Quality": "Increased"
    },
    {
      "Name": "Lactate",
      "Age": "4.07 Year(s)",
      "Specimen": "spinal fluid",
      "Quantity": "1.8 mmol/l",
      "Quality": "Normal"
    },
    {
      "Name": "N-Acetylaspartic acid",
      "Age": "3.8 Year(s)",
      "Specimen": "urine",
      "Quantity": "",
      "Quality": "Increased"
    }
  ],
  "Symptoms": [
    {
      "Name": "MRI, brain, abnormalities",
      "Age": "4.12 Year(s)",
      "Range": "yes"
    },
    {
      "Name": "ataxia",
      "Age": "3.78 Year(s)",
      "Range": "yes"
    },
    {
      "Name": "lethargy, drowsiness, malaise or sleep disorder",
      "Age": "4.12 Year(s)",
      "Range": "yes"
    },
    {
      "Name": "macrocephaly [large calvaria, >2SD for age]",
      "Age": "4.2 Year(s)",
      "Range": "yes"
    },
    {
      "Name": "neurologic deterioration",
      "Age": "20.93 Month(s)",
      "Range": "yes"
    },
    {
      "Name": "seizures",
      "Age": "20.93 Month(s)",
      "Range": "yes"
    },
    {
      "Name": "speech development, delayed, abnormal",
      "Age": "4.12 Year(s)",
      "Range": "yes"
    },
    {
      "Name": "strabismus",
      "Age": "3.78 Year(s)",
      "Range": "yes"
    }
  ],
  "Diet/drugs": [],
  "Therapy/development": []
}