{
  "MainData": {
    "Patient ID": "489",
    "Diagnosis": "CANAVAN DISEASE (MIM 271900)",
    "Gender": "m",
    "Age of symptoms onset": "0 Day(s)",
    "Age of diagnosis": "18.96 Month(s)",
    "Found in newborn screening": "n",
    "Diagnosis confirmed": "y",
    "Country": "Germany",
    "Ethnic origin": "Mother: any, Father: any",
    "History": "Highly increased excretion of N-acetylaspartic acid was found and led to the diagnosis of canavan disease.",
    "Author": "Willy Lehnert",
    "Hospital": "University Childrens Hospital Freiburg",
    "Coauthor(s)": "",
    "Date of entry": "2002-01-08"
  },
  "Molecular genetics": {
    "Gene name": "",
    "Genotype": "",
    "Allele 1": {
      "Trivial name": "",
      "Systematic name": "",
      "Amino acid change": "",
      "Nucleotide change": "",
      "Exon/Intron Boundary/Promotor": ""
    },
    "Allele 2": {
      "Trivial name": "",
      "Systematic name": "",
      "Amino acid change": "",
      "Nucleotide change": "",
      "Exon/Intron Boundary/Promotor": ""
    }
  },
  "Lab findings": [
    {
      "Name": "Ketone bodies",
      "Age": "18.96 Month(s)",
      "Specimen": "urine",
      "Quantity": "",
      "Quality": "Detectable"
    },
    {
      "Name": "N-Acetylaspartic acid",
      "Age": "18.96 Month(s)",
      "Specimen": "spinal fluid",
      "Quantity": "",
      "Quality": "Increased"
    },
    {
      "Name": "N-Acetylaspartic acid",
      "Age": "18.96 Month(s)",
      "Specimen": "urine",
      "Quantity": "",
      "Quality": "Increased"
    }
  ],
  "Symptoms": [],
  "Diet/drugs": [],
  "Therapy/development": []
}