{
  "MainData": {
    "Patient ID": "494",
    "Diagnosis": "PHENYLKETONURIA (MIM 261600)",
    "Gender": "f",
    "Age of symptoms onset": "",
    "Age of diagnosis": "6 Day(s)",
    "Found in newborn screening": "y",
    "Diagnosis confirmed": "y",
    "Country": "Germany",
    "Ethnic origin": "Mother: German, Father: German",
    "History": "The patient was found in the newborn screening program with elevated phe-level of 1020 micro-mol/ l.\r\nBH4-loading in the newborn showed no response on phe level, dietary treatment  was started in the second week of life. At 3 years of age, BH4 loading with 300 mg/day was repeated and showed a very good response (Figure). Normal psychomotoric development.",
    "Author": "Friedrich Trefz",
    "Hospital": "Childrens Hospital Reutlingen",
    "Coauthor(s)": "",
    "Date of entry": "2002-01-11"
  },
  "Molecular genetics": {
    "Gene name": "PAH gene",
    "Genotype": "p.R408W/ p.Y414C",
    "Allele 1": {
      "Trivial name": "p.R408W",
      "Systematic name": "c.1222C>T",
      "Amino acid change": "Arg>Trp",
      "Nucleotide change": "CGG>TGG",
      "Exon/Intron Boundary/Promotor": "12"
    },
    "Allele 2": {
      "Trivial name": "p.Y414C",
      "Systematic name": "c.1241A>G",
      "Amino acid change": "Tyr>Cys",
      "Nucleotide change": "TAC>TGC",
      "Exon/Intron Boundary/Promotor": "12"
    }
  },
  "Lab findings": [
    {
      "Name": "Phenylalanine",
      "Age": "6 Day(s)",
      "Specimen": "blood",
      "Quantity": "1020 micro-mol/l",
      "Quality": "Increased"
    },
    {
      "Name": "Phenylalanine",
      "Age": "12 Day(s)",
      "Specimen": "blood",
      "Quantity": "900 micro-mol/l",
      "Quality": "Increased"
    },
    {
      "Name": "Phenylalanine",
      "Age": "14 Day(s)",
      "Specimen": "blood",
      "Quantity": "228 micro-mol/l",
      "Quality": "Increased"
    },
    {
      "Name": "Phenylalanine",
      "Age": "17 Day(s)",
      "Specimen": "blood",
      "Quantity": "552 micro-mol/l",
      "Quality": "Increased"
    },
    {
      "Name": "Phenylalanine",
      "Age": "20 Day(s)",
      "Specimen": "blood",
      "Quantity": "204 micro-mol/l",
      "Quality": "Increased"
    },
    {
      "Name": "Phenylalanine",
      "Age": "3.57 Week(s)",
      "Specimen": "blood",
      "Quantity": "174 micro-mol/l",
      "Quality": "Normal"
    },
    {
      "Name": "Phenylalanine",
      "Age": "4.57 Week(s)",
      "Specimen": "blood",
      "Quantity": "162 micro-mol/l",
      "Quality": "Increased"
    },
    {
      "Name": "Phenylalanine",
      "Age": "5.43 Week(s)",
      "Specimen": "blood",
      "Quantity": "144 micro-mol/l",
      "Quality": "Increased"
    },
    {
      "Name": "Phenylalanine",
      "Age": "6.57 Week(s)",
      "Specimen": "blood",
      "Quantity": "912 micro-mol/l",
      "Quality": "Increased"
    },
    {
      "Name": "Phenylalanine",
      "Age": "6.57 Week(s)",
      "Specimen": "blood",
      "Quantity": "894 micro-mol/l",
      "Quality": "Increased"
    },
    {
      "Name": "Phenylalanine",
      "Age": "6.57 Week(s)",
      "Specimen": "blood",
      "Quantity": "1068 micro-mol/l",
      "Quality": "Increased"
    },
    {
      "Name": "Phenylalanine",
      "Age": "6.57 Week(s)",
      "Specimen": "blood",
      "Quantity": "348 micro-mol/l",
      "Quality": "Increased"
    },
    {
      "Name": "Phenylalanine",
      "Age": "7.43 Week(s)",
      "Specimen": "blood",
      "Quantity": "120 micro-mol/l",
      "Quality": "Normal"
    },
    {
      "Name": "Phenylalanine",
      "Age": "8.58 Week(s)",
      "Specimen": "blood",
      "Quantity": "186 micro-mol/l",
      "Quality": "Increased"
    },
    {
      "Name": "Phenylalanine",
      "Age": "2.24 Month(s)",
      "Specimen": "blood",
      "Quantity": "240 micro-mol/l",
      "Quality": "Increased"
    },
    {
      "Name": "Phenylalanine",
      "Age": "2.63 Month(s)",
      "Specimen": "blood",
      "Quantity": "120 micro-mol/l",
      "Quality": "Normal"
    },
    {
      "Name": "Phenylalanine",
      "Age": "2.86 Month(s)",
      "Specimen": "blood",
      "Quantity": "180 micro-mol/l",
      "Quality": "Increased"
    },
    {
      "Name": "Phenylalanine",
      "Age": "3.32 Month(s)",
      "Specimen": "blood",
      "Quantity": "240 micro-mol/l",
      "Quality": "Increased"
    },
    {
      "Name": "Phenylalanine",
      "Age": "3.62 Month(s)",
      "Specimen": "blood",
      "Quantity": "378 micro-mol/l",
      "Quality": "Increased"
    },
    {
      "Name": "Phenylalanine",
      "Age": "3.78 Month(s)",
      "Specimen": "blood",
      "Quantity": "360 micro-mol/l",
      "Quality": "Increased"
    },
    {
      "Name": "Phenylalanine",
      "Age": "4.01 Month(s)",
      "Specimen": "blood",
      "Quantity": "180 micro-mol/l",
      "Quality": "Increased"
    },
    {
      "Name": "Phenylalanine",
      "Age": "4.24 Month(s)",
      "Specimen": "blood",
      "Quantity": "180 micro-mol/l",
      "Quality": "Increased"
    },
    {
      "Name": "Phenylalanine",
      "Age": "4.44 Month(s)",
      "Specimen": "blood",
      "Quantity": "390 micro-mol/l",
      "Quality": "Increased"
    },
    {
      "Name": "Phenylalanine",
      "Age": "4.7 Month(s)",
      "Specimen": "blood",
      "Quantity": "120 micro-mol/l",
      "Quality": "Normal"
    },
    {
      "Name": "Phenylalanine",
      "Age": "4.93 Month(s)",
      "Specimen": "blood",
      "Quantity": "180 micro-mol/l",
      "Quality": "Increased"
    },
    {
      "Name": "Phenylalanine",
      "Age": "5.16 Month(s)",
      "Specimen": "blood",
      "Quantity": "180 micro-mol/l",
      "Quality": "Increased"
    },
    {
      "Name": "Phenylalanine",
      "Age": "5.39 Month(s)",
      "Specimen": "blood",
      "Quantity": "120 micro-mol/l",
      "Quality": "Normal"
    },
    {
      "Name": "Phenylalanine",
      "Age": "5.62 Month(s)",
      "Specimen": "blood",
      "Quantity": "180 micro-mol/l",
      "Quality": "Increased"
    },
    {
      "Name": "Phenylalanine",
      "Age": "5.85 Month(s)",
      "Specimen": "blood",
      "Quantity": "600 micro-mol/l",
      "Quality": "Increased"
    },
    {
      "Name": "Phenylalanine",
      "Age": "5.92 Month(s)",
      "Specimen": "blood",
      "Quantity": "540 micro-mol/l",
      "Quality": "Increased"
    },
    {
      "Name": "Phenylalanine",
      "Age": "6.15 Month(s)",
      "Specimen": "blood",
      "Quantity": "180 micro-mol/l",
      "Quality": "Increased"
    },
    {
      "Name": "Phenylalanine",
      "Age": "6.31 Month(s)",
      "Specimen": "blood",
      "Quantity": "120 micro-mol/l",
      "Quality": "Normal"
    },
    {
      "Name": "Phenylalanine",
      "Age": "6.54 Month(s)",
      "Specimen": "blood",
      "Quantity": "174 micro-mol/l",
      "Quality": "Increased"
    },
    {
      "Name": "Phenylalanine",
      "Age": "6.77 Month(s)",
      "Specimen": "blood",
      "Quantity": "180 micro-mol/l",
      "Quality": "Increased"
    },
    {
      "Name": "Phenylalanine",
      "Age": "7 Month(s)",
      "Specimen": "blood",
      "Quantity": "120 micro-mol/l",
      "Quality": "Normal"
    },
    {
      "Name": "Phenylalanine",
      "Age": "7.23 Month(s)",
      "Specimen": "blood",
      "Quantity": "180 micro-mol/l",
      "Quality": "Increased"
    },
    {
      "Name": "Phenylalanine",
      "Age": "7.29 Month(s)",
      "Specimen": "blood",
      "Quantity": "144 micro-mol/l",
      "Quality": "Increased"
    },
    {
      "Name": "Phenylalanine",
      "Age": "7.46 Month(s)",
      "Specimen": "blood",
      "Quantity": "180 micro-mol/l",
      "Quality": "Increased"
    },
    {
      "Name": "Phenylalanine",
      "Age": "7.69 Month(s)",
      "Specimen": "blood",
      "Quantity": "420 micro-mol/l",
      "Quality": "Increased"
    },
    {
      "Name": "Phenylalanine",
      "Age": "7.75 Month(s)",
      "Specimen": "blood",
      "Quantity": "300 micro-mol/l",
      "Quality": "Increased"
    },
    {
      "Name": "Phenylalanine",
      "Age": "7.92 Month(s)",
      "Specimen": "blood",
      "Quantity": "180 micro-mol/l",
      "Quality": "Increased"
    },
    {
      "Name": "Phenylalanine",
      "Age": "8.15 Month(s)",
      "Specimen": "blood",
      "Quantity": "180 micro-mol/l",
      "Quality": "Increased"
    },
    {
      "Name": "Phenylalanine",
      "Age": "8.38 Month(s)",
      "Specimen": "blood",
      "Quantity": "180 micro-mol/l",
      "Quality": "Increased"
    },
    {
      "Name": "Phenylalanine",
      "Age": "8.61 Month(s)",
      "Specimen": "blood",
      "Quantity": "198 micro-mol/l",
      "Quality": "Increased"
    },
    {
      "Name": "Phenylalanine",
      "Age": "8.87 Month(s)",
      "Specimen": "blood",
      "Quantity": "120 micro-mol/l",
      "Quality": "Normal"
    },
    {
      "Name": "Phenylalanine",
      "Age": "9.07 Month(s)",
      "Specimen": "blood",
      "Quantity": "120 micro-mol/l",
      "Quality": "Normal"
    },
    {
      "Name": "Phenylalanine",
      "Age": "9.3 Month(s)",
      "Specimen": "blood",
      "Quantity": "360 micro-mol/l",
      "Quality": "Increased"
    },
    {
      "Name": "Phenylalanine",
      "Age": "9.36 Month(s)",
      "Specimen": "blood",
      "Quantity": "120 micro-mol/l",
      "Quality": "Normal"
    },
    {
      "Name": "Phenylalanine",
      "Age": "9.53 Month(s)",
      "Specimen": "blood",
      "Quantity": "240 micro-mol/l",
      "Quality": "Increased"
    },
    {
      "Name": "Phenylalanine",
      "Age": "9.76 Month(s)",
      "Specimen": "blood",
      "Quantity": "180 micro-mol/l",
      "Quality": "Increased"
    },
    {
      "Name": "Phenylalanine",
      "Age": "9.99 Month(s)",
      "Specimen": "blood",
      "Quantity": "360 micro-mol/l",
      "Quality": "Increased"
    },
    {
      "Name": "Phenylalanine",
      "Age": "10.22 Month(s)",
      "Specimen": "blood",
      "Quantity": "240 micro-mol/l",
      "Quality": "Increased"
    },
    {
      "Name": "Phenylalanine",
      "Age": "10.45 Month(s)",
      "Specimen": "blood",
      "Quantity": "240 micro-mol/l",
      "Quality": "Increased"
    },
    {
      "Name": "Phenylalanine",
      "Age": "10.68 Month(s)",
      "Specimen": "blood",
      "Quantity": "120 micro-mol/l",
      "Quality": "Normal"
    },
    {
      "Name": "Phenylalanine",
      "Age": "10.74 Month(s)",
      "Specimen": "blood",
      "Quantity": "240 micro-mol/l",
      "Quality": "Increased"
    },
    {
      "Name": "Phenylalanine",
      "Age": "10.97 Month(s)",
      "Specimen": "blood",
      "Quantity": "198 micro-mol/l",
      "Quality": "Increased"
    },
    {
      "Name": "Phenylalanine",
      "Age": "11.14 Month(s)",
      "Specimen": "blood",
      "Quantity": "180 micro-mol/l",
      "Quality": "Increased"
    },
    {
      "Name": "Phenylalanine",
      "Age": "11.37 Month(s)",
      "Specimen": "blood",
      "Quantity": "240 micro-mol/l",
      "Quality": "Increased"
    },
    {
      "Name": "Phenylalanine",
      "Age": "11.6 Month(s)",
      "Specimen": "blood",
      "Quantity": "240 micro-mol/l",
      "Quality": "Increased"
    },
    {
      "Name": "Phenylalanine",
      "Age": "11.83 Month(s)",
      "Specimen": "blood",
      "Quantity": "180 micro-mol/l",
      "Quality": "Increased"
    },
    {
      "Name": "Phenylalanine",
      "Age": "12.06 Month(s)",
      "Specimen": "blood",
      "Quantity": "180 micro-mol/l",
      "Quality": "Increased"
    },
    {
      "Name": "Phenylalanine",
      "Age": "12.29 Month(s)",
      "Specimen": "blood",
      "Quantity": "540 micro-mol/l",
      "Quality": "Increased"
    },
    {
      "Name": "Phenylalanine",
      "Age": "12.35 Month(s)",
      "Specimen": "blood",
      "Quantity": "120 micro-mol/l",
      "Quality": "Normal"
    },
    {
      "Name": "Phenylalanine",
      "Age": "12.52 Month(s)",
      "Specimen": "blood",
      "Quantity": "180 micro-mol/l",
      "Quality": "Increased"
    },
    {
      "Name": "Phenylalanine",
      "Age": "12.75 Month(s)",
      "Specimen": "blood",
      "Quantity": "180 micro-mol/l",
      "Quality": "Increased"
    },
    {
      "Name": "Phenylalanine",
      "Age": "12.98 Month(s)",
      "Specimen": "blood",
      "Quantity": "240 micro-mol/l",
      "Quality": "Increased"
    },
    {
      "Name": "Phenylalanine",
      "Age": "13.21 Month(s)",
      "Specimen": "blood",
      "Quantity": "180 micro-mol/l",
      "Quality": "Increased"
    },
    {
      "Name": "Phenylalanine",
      "Age": "13.44 Month(s)",
      "Specimen": "blood",
      "Quantity": "180 micro-mol/l",
      "Quality": "Increased"
    },
    {
      "Name": "Phenylalanine",
      "Age": "13.67 Month(s)",
      "Specimen": "blood",
      "Quantity": "240 micro-mol/l",
      "Quality": "Increased"
    },
    {
      "Name": "Phenylalanine",
      "Age": "13.9 Month(s)",
      "Specimen": "blood",
      "Quantity": "180 micro-mol/l",
      "Quality": "Increased"
    },
    {
      "Name": "Phenylalanine",
      "Age": "14.13 Month(s)",
      "Specimen": "blood",
      "Quantity": "300 micro-mol/l",
      "Quality": "Increased"
    },
    {
      "Name": "Phenylalanine",
      "Age": "14.36 Month(s)",
      "Specimen": "blood",
      "Quantity": "420 micro-mol/l",
      "Quality": "Increased"
    },
    {
      "Name": "Phenylalanine",
      "Age": "14.42 Month(s)",
      "Specimen": "blood",
      "Quantity": "240 micro-mol/l",
      "Quality": "Increased"
    },
    {
      "Name": "Phenylalanine",
      "Age": "14.49 Month(s)",
      "Specimen": "blood",
      "Quantity": "240 micro-mol/l",
      "Quality": "Increased"
    },
    {
      "Name": "Phenylalanine",
      "Age": "14.82 Month(s)",
      "Specimen": "blood",
      "Quantity": "780 micro-mol/l",
      "Quality": "Increased"
    },
    {
      "Name": "Phenylalanine",
      "Age": "15.02 Month(s)",
      "Specimen": "blood",
      "Quantity": "420 micro-mol/l",
      "Quality": "Increased"
    },
    {
      "Name": "Phenylalanine",
      "Age": "15.11 Month(s)",
      "Specimen": "blood",
      "Quantity": "240 micro-mol/l",
      "Quality": "Increased"
    },
    {
      "Name": "Phenylalanine",
      "Age": "15.28 Month(s)",
      "Specimen": "blood",
      "Quantity": "300 micro-mol/l",
      "Quality": "Increased"
    },
    {
      "Name": "Phenylalanine",
      "Age": "15.51 Month(s)",
      "Specimen": "blood",
      "Quantity": "180 micro-mol/l",
      "Quality": "Increased"
    },
    {
      "Name": "Phenylalanine",
      "Age": "15.74 Month(s)",
      "Specimen": "blood",
      "Quantity": "240 micro-mol/l",
      "Quality": "Increased"
    },
    {
      "Name": "Phenylalanine",
      "Age": "15.97 Month(s)",
      "Specimen": "blood",
      "Quantity": "300 micro-mol/l",
      "Quality": "Increased"
    },
    {
      "Name": "Phenylalanine",
      "Age": "16.2 Month(s)",
      "Specimen": "blood",
      "Quantity": "180 micro-mol/l",
      "Quality": "Increased"
    },
    {
      "Name": "Phenylalanine",
      "Age": "16.43 Month(s)",
      "Specimen": "blood",
      "Quantity": "300 micro-mol/l",
      "Quality": "Increased"
    },
    {
      "Name": "Phenylalanine",
      "Age": "16.66 Month(s)",
      "Specimen": "blood",
      "Quantity": "240 micro-mol/l",
      "Quality": "Increased"
    },
    {
      "Name": "Phenylalanine",
      "Age": "16.89 Month(s)",
      "Specimen": "blood",
      "Quantity": "1200 micro-mol/l",
      "Quality": "Increased"
    },
    {
      "Name": "Phenylalanine",
      "Age": "16.95 Month(s)",
      "Specimen": "blood",
      "Quantity": "480 micro-mol/l",
      "Quality": "Increased"
    },
    {
      "Name": "Phenylalanine",
      "Age": "17.02 Month(s)",
      "Specimen": "blood",
      "Quantity": "120 micro-mol/l",
      "Quality": "Normal"
    },
    {
      "Name": "Phenylalanine",
      "Age": "17.18 Month(s)",
      "Specimen": "blood",
      "Quantity": "180 micro-mol/l",
      "Quality": "Increased"
    },
    {
      "Name": "Phenylalanine",
      "Age": "17.35 Month(s)",
      "Specimen": "blood",
      "Quantity": "180 micro-mol/l",
      "Quality": "Increased"
    },
    {
      "Name": "Phenylalanine",
      "Age": "17.58 Month(s)",
      "Specimen": "blood",
      "Quantity": "180 micro-mol/l",
      "Quality": "Increased"
    },
    {
      "Name": "Phenylalanine",
      "Age": "17.81 Month(s)",
      "Specimen": "blood",
      "Quantity": "360 micro-mol/l",
      "Quality": "Increased"
    },
    {
      "Name": "Phenylalanine",
      "Age": "18.04 Month(s)",
      "Specimen": "blood",
      "Quantity": "1500 micro-mol/l",
      "Quality": "Increased"
    },
    {
      "Name": "Phenylalanine",
      "Age": "18.24 Month(s)",
      "Specimen": "blood",
      "Quantity": "120 micro-mol/l",
      "Quality": "Normal"
    },
    {
      "Name": "Phenylalanine",
      "Age": "18.5 Month(s)",
      "Specimen": "blood",
      "Quantity": "240 micro-mol/l",
      "Quality": "Increased"
    },
    {
      "Name": "Phenylalanine",
      "Age": "18.73 Month(s)",
      "Specimen": "blood",
      "Quantity": "240 micro-mol/l",
      "Quality": "Increased"
    },
    {
      "Name": "Phenylalanine",
      "Age": "18.96 Month(s)",
      "Specimen": "blood",
      "Quantity": "240 micro-mol/l",
      "Quality": "Increased"
    },
    {
      "Name": "Phenylalanine",
      "Age": "19.19 Month(s)",
      "Specimen": "blood",
      "Quantity": "255 micro-mol/l",
      "Quality": "Increased"
    },
    {
      "Name": "Phenylalanine",
      "Age": "20.34 Month(s)",
      "Specimen": "blood",
      "Quantity": "353 micro-mol/l",
      "Quality": "Increased"
    },
    {
      "Name": "Phenylalanine",
      "Age": "21.52 Month(s)",
      "Specimen": "blood",
      "Quantity": "465 micro-mol/l",
      "Quality": "Increased"
    },
    {
      "Name": "Phenylalanine",
      "Age": "22.54 Month(s)",
      "Specimen": "blood",
      "Quantity": "66 micro-mol/l",
      "Quality": "Normal"
    },
    {
      "Name": "Phenylalanine",
      "Age": "23.56 Month(s)",
      "Specimen": "blood",
      "Quantity": "450 micro-mol/l",
      "Quality": "Increased"
    },
    {
      "Name": "Phenylalanine",
      "Age": "2.06 Year(s)",
      "Specimen": "blood",
      "Quantity": "183 micro-mol/l",
      "Quality": "Increased"
    },
    {
      "Name": "Phenylalanine",
      "Age": "2.14 Year(s)",
      "Specimen": "blood",
      "Quantity": "460 micro-mol/l",
      "Quality": "Increased"
    },
    {
      "Name": "Phenylalanine",
      "Age": "2.23 Year(s)",
      "Specimen": "blood",
      "Quantity": "402 micro-mol/l",
      "Quality": "Increased"
    },
    {
      "Name": "Phenylalanine",
      "Age": "2.33 Year(s)",
      "Specimen": "blood",
      "Quantity": "412 micro-mol/l",
      "Quality": "Increased"
    },
    {
      "Name": "Phenylalanine",
      "Age": "2.4 Year(s)",
      "Specimen": "blood",
      "Quantity": "188 micro-mol/l",
      "Quality": "Increased"
    },
    {
      "Name": "Phenylalanine",
      "Age": "2.5 Year(s)",
      "Specimen": "blood",
      "Quantity": "334 micro-mol/l",
      "Quality": "Increased"
    },
    {
      "Name": "Phenylalanine",
      "Age": "2.58 Year(s)",
      "Specimen": "blood",
      "Quantity": "193 micro-mol/l",
      "Quality": "Increased"
    },
    {
      "Name": "Phenylalanine",
      "Age": "2.68 Year(s)",
      "Specimen": "blood",
      "Quantity": "262 micro-mol/l",
      "Quality": "Increased"
    },
    {
      "Name": "Phenylalanine",
      "Age": "2.79 Year(s)",
      "Specimen": "blood",
      "Quantity": "202 micro-mol/l",
      "Quality": "Increased"
    },
    {
      "Name": "Phenylalanine",
      "Age": "2.86 Year(s)",
      "Specimen": "blood",
      "Quantity": "121 micro-mol/l",
      "Quality": "Normal"
    },
    {
      "Name": "Phenylalanine",
      "Age": "2.97 Year(s)",
      "Specimen": "blood",
      "Quantity": "260 micro-mol/l",
      "Quality": "Increased"
    },
    {
      "Name": "Phenylalanine",
      "Age": "3.06 Year(s)",
      "Specimen": "blood",
      "Quantity": "232 micro-mol/l",
      "Quality": "Increased"
    },
    {
      "Name": "Phenylalanine",
      "Age": "3.15 Year(s)",
      "Specimen": "blood",
      "Quantity": "322 micro-mol/l",
      "Quality": "Increased"
    },
    {
      "Name": "Phenylalanine",
      "Age": "3.25 Year(s)",
      "Specimen": "blood",
      "Quantity": "79 micro-mol/l",
      "Quality": "Normal"
    },
    {
      "Name": "Phenylalanine",
      "Age": "3.31 Year(s)",
      "Specimen": "blood",
      "Quantity": "314 micro-mol/l",
      "Quality": "Increased"
    },
    {
      "Name": "Phenylalanine",
      "Age": "3.38 Year(s)",
      "Specimen": "blood",
      "Quantity": "295 micro-mol/l",
      "Quality": "Increased"
    },
    {
      "Name": "Phenylalanine",
      "Age": "3.39 Year(s)",
      "Specimen": "blood",
      "Quantity": "417 micro-mol/l",
      "Quality": "Increased"
    },
    {
      "Name": "Phenylalanine",
      "Age": "3.39 Year(s)",
      "Specimen": "blood",
      "Quantity": "391 micro-mol/l",
      "Quality": "Increased"
    },
    {
      "Name": "Phenylalanine",
      "Age": "3.39 Year(s)",
      "Specimen": "blood",
      "Quantity": "426 micro-mol/l",
      "Quality": "Increased"
    },
    {
      "Name": "Phenylalanine",
      "Age": "3.39 Year(s)",
      "Specimen": "blood",
      "Quantity": "602 micro-mol/l",
      "Quality": "Increased"
    },
    {
      "Name": "Phenylalanine",
      "Age": "3.39 Year(s)",
      "Specimen": "blood",
      "Quantity": "515 micro-mol/l",
      "Quality": "Increased"
    },
    {
      "Name": "Phenylalanine",
      "Age": "3.39 Year(s)",
      "Specimen": "blood",
      "Quantity": "424 micro-mol/l",
      "Quality": "Increased"
    },
    {
      "Name": "Phenylalanine",
      "Age": "3.4 Year(s)",
      "Specimen": "blood",
      "Quantity": "545 micro-mol/l",
      "Quality": "Increased"
    },
    {
      "Name": "Phenylalanine",
      "Age": "3.4 Year(s)",
      "Specimen": "blood",
      "Quantity": "585 micro-mol/l",
      "Quality": "Increased"
    },
    {
      "Name": "Phenylalanine",
      "Age": "3.4 Year(s)",
      "Specimen": "blood",
      "Quantity": "626 micro-mol/l",
      "Quality": "Increased"
    },
    {
      "Name": "Phenylalanine",
      "Age": "3.4 Year(s)",
      "Specimen": "blood",
      "Quantity": "592 micro-mol/l",
      "Quality": "Increased"
    },
    {
      "Name": "Phenylalanine",
      "Age": "3.4 Year(s)",
      "Specimen": "blood",
      "Quantity": "675 micro-mol/l",
      "Quality": "Increased"
    },
    {
      "Name": "Phenylalanine",
      "Age": "3.4 Year(s)",
      "Specimen": "blood",
      "Quantity": "827 micro-mol/l",
      "Quality": "Increased"
    },
    {
      "Name": "Phenylalanine",
      "Age": "3.4 Year(s)",
      "Specimen": "blood",
      "Quantity": "378 micro-mol/l",
      "Quality": "Increased"
    },
    {
      "Name": "Phenylalanine",
      "Age": "3.4 Year(s)",
      "Specimen": "blood",
      "Quantity": "649 micro-mol/l",
      "Quality": "Increased"
    },
    {
      "Name": "Phenylalanine",
      "Age": "3.41 Year(s)",
      "Specimen": "blood",
      "Quantity": "360 micro-mol/l",
      "Quality": "Increased"
    },
    {
      "Name": "Phenylalanine",
      "Age": "3.41 Year(s)",
      "Specimen": "blood",
      "Quantity": "371 micro-mol/l",
      "Quality": "Increased"
    },
    {
      "Name": "Phenylalanine",
      "Age": "3.41 Year(s)",
      "Specimen": "blood",
      "Quantity": "219 micro-mol/l",
      "Quality": "Increased"
    },
    {
      "Name": "Phenylalanine",
      "Age": "3.41 Year(s)",
      "Specimen": "blood",
      "Quantity": "222 micro-mol/l",
      "Quality": "Increased"
    },
    {
      "Name": "Phenylalanine",
      "Age": "3.41 Year(s)",
      "Specimen": "blood",
      "Quantity": "215 micro-mol/l",
      "Quality": "Increased"
    },
    {
      "Name": "Phenylalanine",
      "Age": "3.41 Year(s)",
      "Specimen": "blood",
      "Quantity": "199 micro-mol/l",
      "Quality": "Increased"
    },
    {
      "Name": "Phenylalanine",
      "Age": "3.41 Year(s)",
      "Specimen": "blood",
      "Quantity": "225 micro-mol/l",
      "Quality": "Increased"
    },
    {
      "Name": "Phenylalanine",
      "Age": "3.43 Year(s)",
      "Specimen": "blood",
      "Quantity": "516 micro-mol/l",
      "Quality": "Increased"
    },
    {
      "Name": "Phenylalanine",
      "Age": "3.43 Year(s)",
      "Specimen": "blood",
      "Quantity": "726 micro-mol/l",
      "Quality": "Increased"
    },
    {
      "Name": "Phenylalanine",
      "Age": "3.43 Year(s)",
      "Specimen": "blood",
      "Quantity": "659 micro-mol/l",
      "Quality": "Increased"
    },
    {
      "Name": "Phenylalanine",
      "Age": "3.44 Year(s)",
      "Specimen": "blood",
      "Quantity": "697 micro-mol/l",
      "Quality": "Increased"
    },
    {
      "Name": "Phenylalanine",
      "Age": "3.47 Year(s)",
      "Specimen": "blood",
      "Quantity": "229 micro-mol/l",
      "Quality": "Increased"
    },
    {
      "Name": "Phenylalanine",
      "Age": "3.6 Year(s)",
      "Specimen": "blood",
      "Quantity": "392 micro-mol/l",
      "Quality": "Increased"
    },
    {
      "Name": "Phenylalanine",
      "Age": "3.75 Year(s)",
      "Specimen": "blood",
      "Quantity": "153 micro-mol/l",
      "Quality": "Increased"
    },
    {
      "Name": "Phenylalanine",
      "Age": "3.78 Year(s)",
      "Specimen": "blood",
      "Quantity": "489 micro-mol/l",
      "Quality": "Increased"
    },
    {
      "Name": "Phenylalanine",
      "Age": "3.8 Year(s)",
      "Specimen": "blood",
      "Quantity": "192 micro-mol/l",
      "Quality": "Increased"
    },
    {
      "Name": "Phenylalanine",
      "Age": "3.86 Year(s)",
      "Specimen": "blood",
      "Quantity": "396 micro-mol/l",
      "Quality": "Increased"
    },
    {
      "Name": "Phenylalanine",
      "Age": "3.9 Year(s)",
      "Specimen": "blood",
      "Quantity": "390 micro-mol/l",
      "Quality": "Increased"
    },
    {
      "Name": "Phenylalanine",
      "Age": "3.96 Year(s)",
      "Specimen": "blood",
      "Quantity": "498 micro-mol/l",
      "Quality": "Increased"
    },
    {
      "Name": "Phenylalanine",
      "Age": "4.07 Year(s)",
      "Specimen": "blood",
      "Quantity": "575 micro-mol/l",
      "Quality": "Increased"
    },
    {
      "Name": "Phenylalanine",
      "Age": "4.11 Year(s)",
      "Specimen": "blood",
      "Quantity": "301 micro-mol/l",
      "Quality": "Increased"
    },
    {
      "Name": "Phenylalanine",
      "Age": "4.15 Year(s)",
      "Specimen": "blood",
      "Quantity": "497 micro-mol/l",
      "Quality": "Increased"
    },
    {
      "Name": "Phenylalanine",
      "Age": "4.17 Year(s)",
      "Specimen": "blood",
      "Quantity": "370 micro-mol/l",
      "Quality": "Increased"
    },
    {
      "Name": "Phenylalanine",
      "Age": "4.19 Year(s)",
      "Specimen": "blood",
      "Quantity": "229 micro-mol/l",
      "Quality": "Increased"
    },
    {
      "Name": "Phenylalanine",
      "Age": "4.21 Year(s)",
      "Specimen": "blood",
      "Quantity": "338 micro-mol/l",
      "Quality": "Increased"
    },
    {
      "Name": "Phenylalanine",
      "Age": "4.23 Year(s)",
      "Specimen": "blood",
      "Quantity": "182 micro-mol/l",
      "Quality": "Increased"
    },
    {
      "Name": "Phenylalanine",
      "Age": "4.25 Year(s)",
      "Specimen": "blood",
      "Quantity": "309 micro-mol/l",
      "Quality": "Increased"
    },
    {
      "Name": "Phenylalanine",
      "Age": "4.27 Year(s)",
      "Specimen": "blood",
      "Quantity": "90 micro-mol/l",
      "Quality": "Normal"
    },
    {
      "Name": "Phenylalanine",
      "Age": "4.35 Year(s)",
      "Specimen": "blood",
      "Quantity": "412 micro-mol/l",
      "Quality": "Increased"
    },
    {
      "Name": "Phenylalanine",
      "Age": "4.38 Year(s)",
      "Specimen": "blood",
      "Quantity": "331 micro-mol/l",
      "Quality": "Increased"
    },
    {
      "Name": "Phenylalanine",
      "Age": "4.42 Year(s)",
      "Specimen": "blood",
      "Quantity": "487 micro-mol/l",
      "Quality": "Increased"
    },
    {
      "Name": "Phenylalanine",
      "Age": "4.44 Year(s)",
      "Specimen": "blood",
      "Quantity": "397 micro-mol/l",
      "Quality": "Increased"
    },
    {
      "Name": "Phenylalanine",
      "Age": "4.48 Year(s)",
      "Specimen": "blood",
      "Quantity": "294 micro-mol/l",
      "Quality": "Increased"
    },
    {
      "Name": "Phenylalanine",
      "Age": "4.51 Year(s)",
      "Specimen": "blood",
      "Quantity": "180 micro-mol/l",
      "Quality": "Increased"
    },
    {
      "Name": "Phenylalanine",
      "Age": "4.55 Year(s)",
      "Specimen": "blood",
      "Quantity": "512 micro-mol/l",
      "Quality": "Increased"
    },
    {
      "Name": "Phenylalanine",
      "Age": "4.57 Year(s)",
      "Specimen": "blood",
      "Quantity": "286 micro-mol/l",
      "Quality": "Increased"
    },
    {
      "Name": "Phenylalanine",
      "Age": "4.61 Year(s)",
      "Specimen": "blood",
      "Quantity": "193 micro-mol/l",
      "Quality": "Increased"
    },
    {
      "Name": "Phenylalanine",
      "Age": "4.65 Year(s)",
      "Specimen": "blood",
      "Quantity": "632 micro-mol/l",
      "Quality": "Increased"
    },
    {
      "Name": "Phenylalanine",
      "Age": "4.68 Year(s)",
      "Specimen": "blood",
      "Quantity": "265 micro-mol/l",
      "Quality": "Increased"
    },
    {
      "Name": "Phenylalanine",
      "Age": "4.73 Year(s)",
      "Specimen": "blood",
      "Quantity": "281 micro-mol/l",
      "Quality": "Increased"
    },
    {
      "Name": "Phenylalanine",
      "Age": "4.78 Year(s)",
      "Specimen": "blood",
      "Quantity": "597 micro-mol/l",
      "Quality": "Increased"
    },
    {
      "Name": "Phenylalanine",
      "Age": "4.82 Year(s)",
      "Specimen": "blood",
      "Quantity": "502 micro-mol/l",
      "Quality": "Increased"
    },
    {
      "Name": "Phenylalanine",
      "Age": "4.86 Year(s)",
      "Specimen": "blood",
      "Quantity": "493 micro-mol/l",
      "Quality": "Increased"
    },
    {
      "Name": "Phenylalanine",
      "Age": "4.9 Year(s)",
      "Specimen": "blood",
      "Quantity": "770 micro-mol/l",
      "Quality": "Increased"
    },
    {
      "Name": "Phenylalanine",
      "Age": "4.93 Year(s)",
      "Specimen": "blood",
      "Quantity": "362 micro-mol/l",
      "Quality": "Increased"
    },
    {
      "Name": "Phenylalanine",
      "Age": "5.02 Year(s)",
      "Specimen": "blood",
      "Quantity": "430 micro-mol/l",
      "Quality": "Increased"
    },
    {
      "Name": "Phenylalanine",
      "Age": "5.07 Year(s)",
      "Specimen": "blood",
      "Quantity": "438 micro-mol/l",
      "Quality": "Increased"
    },
    {
      "Name": "Phenylalanine",
      "Age": "5.11 Year(s)",
      "Specimen": "blood",
      "Quantity": "272 micro-mol/l",
      "Quality": "Increased"
    },
    {
      "Name": "Phenylalanine",
      "Age": "5.15 Year(s)",
      "Specimen": "blood",
      "Quantity": "426 micro-mol/l",
      "Quality": "Increased"
    },
    {
      "Name": "Phenylalanine",
      "Age": "5.19 Year(s)",
      "Specimen": "blood",
      "Quantity": "375 micro-mol/l",
      "Quality": "Increased"
    },
    {
      "Name": "Phenylalanine",
      "Age": "5.24 Year(s)",
      "Specimen": "blood",
      "Quantity": "607 micro-mol/l",
      "Quality": "Increased"
    },
    {
      "Name": "Phenylalanine",
      "Age": "5.27 Year(s)",
      "Specimen": "blood",
      "Quantity": "276 micro-mol/l",
      "Quality": "Increased"
    },
    {
      "Name": "Phenylalanine",
      "Age": "5.42 Year(s)",
      "Specimen": "blood",
      "Quantity": "393 micro-mol/l",
      "Quality": "Increased"
    },
    {
      "Name": "Phenylalanine",
      "Age": "5.45 Year(s)",
      "Specimen": "blood",
      "Quantity": "493 micro-mol/l",
      "Quality": "Increased"
    },
    {
      "Name": "Phenylalanine",
      "Age": "5.5 Year(s)",
      "Specimen": "blood",
      "Quantity": "254 micro-mol/l",
      "Quality": "Increased"
    },
    {
      "Name": "Phenylalanine",
      "Age": "5.63 Year(s)",
      "Specimen": "blood",
      "Quantity": "227 micro-mol/l",
      "Quality": "Increased"
    },
    {
      "Name": "Phenylalanine",
      "Age": "5.69 Year(s)",
      "Specimen": "blood",
      "Quantity": "367 micro-mol/l",
      "Quality": "Increased"
    },
    {
      "Name": "Phenylalanine",
      "Age": "5.73 Year(s)",
      "Specimen": "blood",
      "Quantity": "332 micro-mol/l",
      "Quality": "Increased"
    },
    {
      "Name": "Phenylalanine",
      "Age": "5.78 Year(s)",
      "Specimen": "blood",
      "Quantity": "351 micro-mol/l",
      "Quality": "Increased"
    },
    {
      "Name": "Phenylalanine",
      "Age": "5.8 Year(s)",
      "Specimen": "blood",
      "Quantity": "372 micro-mol/l",
      "Quality": "Increased"
    },
    {
      "Name": "Phenylalanine",
      "Age": "5.86 Year(s)",
      "Specimen": "blood",
      "Quantity": "322 micro-mol/l",
      "Quality": "Increased"
    },
    {
      "Name": "Phenylalanine",
      "Age": "5.92 Year(s)",
      "Specimen": "blood",
      "Quantity": "534 micro-mol/l",
      "Quality": "Increased"
    },
    {
      "Name": "Phenylalanine",
      "Age": "5.95 Year(s)",
      "Specimen": "blood",
      "Quantity": "646 micro-mol/l",
      "Quality": "Increased"
    },
    {
      "Name": "Phenylalanine",
      "Age": "5.96 Year(s)",
      "Specimen": "blood",
      "Quantity": "415 micro-mol/l",
      "Quality": "Increased"
    },
    {
      "Name": "Phenylalanine",
      "Age": "6.07 Year(s)",
      "Specimen": "blood",
      "Quantity": "421 micro-mol/l",
      "Quality": "Increased"
    },
    {
      "Name": "Phenylalanine",
      "Age": "6.15 Year(s)",
      "Specimen": "blood",
      "Quantity": "297 micro-mol/l",
      "Quality": "Increased"
    },
    {
      "Name": "Phenylalanine",
      "Age": "6.23 Year(s)",
      "Specimen": "blood",
      "Quantity": "410 micro-mol/l",
      "Quality": "Increased"
    },
    {
      "Name": "Phenylalanine",
      "Age": "6.3 Year(s)",
      "Specimen": "blood",
      "Quantity": "490 micro-mol/l",
      "Quality": "Increased"
    },
    {
      "Name": "Phenylalanine",
      "Age": "6.35 Year(s)",
      "Specimen": "blood",
      "Quantity": "616 micro-mol/l",
      "Quality": "Increased"
    },
    {
      "Name": "Phenylalanine",
      "Age": "6.37 Year(s)",
      "Specimen": "blood",
      "Quantity": "231 micro-mol/l",
      "Quality": "Increased"
    },
    {
      "Name": "Phenylalanine",
      "Age": "6.46 Year(s)",
      "Specimen": "blood",
      "Quantity": "375 micro-mol/l",
      "Quality": "Increased"
    },
    {
      "Name": "Phenylalanine",
      "Age": "6.53 Year(s)",
      "Specimen": "blood",
      "Quantity": "388 micro-mol/l",
      "Quality": "Increased"
    },
    {
      "Name": "Phenylalanine",
      "Age": "6.62 Year(s)",
      "Specimen": "blood",
      "Quantity": "383 micro-mol/l",
      "Quality": "Increased"
    },
    {
      "Name": "Phenylalanine",
      "Age": "6.7 Year(s)",
      "Specimen": "blood",
      "Quantity": "265 micro-mol/l",
      "Quality": "Increased"
    },
    {
      "Name": "Phenylalanine",
      "Age": "6.76 Year(s)",
      "Specimen": "blood",
      "Quantity": "266 micro-mol/l",
      "Quality": "Increased"
    },
    {
      "Name": "Phenylalanine",
      "Age": "6.82 Year(s)",
      "Specimen": "blood",
      "Quantity": "399 micro-mol/l",
      "Quality": "Increased"
    },
    {
      "Name": "Phenylalanine",
      "Age": "6.88 Year(s)",
      "Specimen": "blood",
      "Quantity": "311 micro-mol/l",
      "Quality": "Increased"
    },
    {
      "Name": "Phenylalanine",
      "Age": "6.95 Year(s)",
      "Specimen": "blood",
      "Quantity": "627 micro-mol/l",
      "Quality": "Increased"
    },
    {
      "Name": "Phenylalanine",
      "Age": "7.04 Year(s)",
      "Specimen": "blood",
      "Quantity": "532 micro-mol/l",
      "Quality": "Increased"
    },
    {
      "Name": "Phenylalanine",
      "Age": "7.13 Year(s)",
      "Specimen": "blood",
      "Quantity": "299 micro-mol/l",
      "Quality": "Increased"
    },
    {
      "Name": "Phenylalanine",
      "Age": "7.26 Year(s)",
      "Specimen": "blood",
      "Quantity": "832 micro-mol/l",
      "Quality": "Increased"
    },
    {
      "Name": "Phenylalanine",
      "Age": "7.3 Year(s)",
      "Specimen": "blood",
      "Quantity": "624 micro-mol/l",
      "Quality": "Increased"
    },
    {
      "Name": "Phenylalanine",
      "Age": "7.4 Year(s)",
      "Specimen": "blood",
      "Quantity": "406 micro-mol/l",
      "Quality": "Increased"
    },
    {
      "Name": "Phenylalanine",
      "Age": "7.5 Year(s)",
      "Specimen": "blood",
      "Quantity": "474 micro-mol/l",
      "Quality": "Increased"
    },
    {
      "Name": "Phenylalanine",
      "Age": "7.6 Year(s)",
      "Specimen": "blood",
      "Quantity": "669 micro-mol/l",
      "Quality": "Increased"
    },
    {
      "Name": "Phenylalanine",
      "Age": "7.64 Year(s)",
      "Specimen": "blood",
      "Quantity": "416 micro-mol/l",
      "Quality": "Increased"
    },
    {
      "Name": "Phenylalanine",
      "Age": "7.69 Year(s)",
      "Specimen": "blood",
      "Quantity": "493 micro-mol/l",
      "Quality": "Increased"
    },
    {
      "Name": "Phenylalanine",
      "Age": "7.73 Year(s)",
      "Specimen": "blood",
      "Quantity": "519 micro-mol/l",
      "Quality": "Increased"
    },
    {
      "Name": "Phenylalanine",
      "Age": "7.82 Year(s)",
      "Specimen": "blood",
      "Quantity": "576 micro-mol/l",
      "Quality": "Increased"
    },
    {
      "Name": "Phenylalanine",
      "Age": "7.91 Year(s)",
      "Specimen": "blood",
      "Quantity": "655 micro-mol/l",
      "Quality": "Increased"
    },
    {
      "Name": "Phenylalanine",
      "Age": "7.95 Year(s)",
      "Specimen": "blood",
      "Quantity": "443 micro-mol/l",
      "Quality": "Increased"
    },
    {
      "Name": "Phenylalanine",
      "Age": "8.08 Year(s)",
      "Specimen": "blood",
      "Quantity": "511 micro-mol/l",
      "Quality": "Increased"
    },
    {
      "Name": "Phenylalanine",
      "Age": "8.21 Year(s)",
      "Specimen": "blood",
      "Quantity": "632 micro-mol/l",
      "Quality": "Increased"
    },
    {
      "Name": "Phenylalanine",
      "Age": "8.28 Year(s)",
      "Specimen": "blood",
      "Quantity": "760 micro-mol/l",
      "Quality": "Increased"
    },
    {
      "Name": "Phenylalanine",
      "Age": "8.31 Year(s)",
      "Specimen": "blood",
      "Quantity": "759 micro-mol/l",
      "Quality": "Increased"
    },
    {
      "Name": "Phenylalanine",
      "Age": "8.41 Year(s)",
      "Specimen": "blood",
      "Quantity": "574 micro-mol/l",
      "Quality": "Increased"
    },
    {
      "Name": "Phenylalanine",
      "Age": "8.5 Year(s)",
      "Specimen": "blood",
      "Quantity": "811 micro-mol/l",
      "Quality": "Increased"
    },
    {
      "Name": "Phenylalanine",
      "Age": "8.64 Year(s)",
      "Specimen": "blood",
      "Quantity": "427 micro-mol/l",
      "Quality": "Increased"
    },
    {
      "Name": "Phenylalanine",
      "Age": "8.74 Year(s)",
      "Specimen": "blood",
      "Quantity": "625 micro-mol/l",
      "Quality": "Increased"
    },
    {
      "Name": "Phenylalanine",
      "Age": "8.82 Year(s)",
      "Specimen": "blood",
      "Quantity": "659 micro-mol/l",
      "Quality": "Increased"
    },
    {
      "Name": "Phenylalanine",
      "Age": "8.91 Year(s)",
      "Specimen": "blood",
      "Quantity": "593 micro-mol/l",
      "Quality": "Increased"
    },
    {
      "Name": "Phenylalanine",
      "Age": "8.96 Year(s)",
      "Specimen": "blood",
      "Quantity": "448 micro-mol/l",
      "Quality": "Increased"
    },
    {
      "Name": "Phenylalanine",
      "Age": "9.09 Year(s)",
      "Specimen": "blood",
      "Quantity": "364 micro-mol/l",
      "Quality": "Increased"
    },
    {
      "Name": "Phenylalanine",
      "Age": "9.14 Year(s)",
      "Specimen": "blood",
      "Quantity": "543 micro-mol/l",
      "Quality": "Increased"
    },
    {
      "Name": "Phenylalanine",
      "Age": "9.31 Year(s)",
      "Specimen": "blood",
      "Quantity": "471 micro-mol/l",
      "Quality": "Increased"
    },
    {
      "Name": "Phenylalanine",
      "Age": "9.42 Year(s)",
      "Specimen": "blood",
      "Quantity": "616 micro-mol/l",
      "Quality": "Increased"
    },
    {
      "Name": "Phenylalanine",
      "Age": "9.52 Year(s)",
      "Specimen": "blood",
      "Quantity": "885 micro-mol/l",
      "Quality": "Increased"
    },
    {
      "Name": "Phenylalanine",
      "Age": "9.6 Year(s)",
      "Specimen": "blood",
      "Quantity": "587 micro-mol/l",
      "Quality": "Increased"
    },
    {
      "Name": "Phenylalanine",
      "Age": "9.65 Year(s)",
      "Specimen": "blood",
      "Quantity": "604 micro-mol/l",
      "Quality": "Increased"
    },
    {
      "Name": "Phenylalanine",
      "Age": "9.79 Year(s)",
      "Specimen": "blood",
      "Quantity": "540 micro-mol/l",
      "Quality": "Normal"
    },
    {
      "Name": "Phenylalanine",
      "Age": "9.93 Year(s)",
      "Specimen": "blood",
      "Quantity": "828 micro-mol/l",
      "Quality": "Increased"
    },
    {
      "Name": "Phenylalanine",
      "Age": "10.11 Year(s)",
      "Specimen": "blood",
      "Quantity": "564 micro-mol/l",
      "Quality": "Increased"
    },
    {
      "Name": "Phenylalanine",
      "Age": "10.14 Year(s)",
      "Specimen": "blood",
      "Quantity": "474 micro-mol/l",
      "Quality": "Increased"
    },
    {
      "Name": "Phenylalanine",
      "Age": "10.17 Year(s)",
      "Specimen": "blood",
      "Quantity": "284 micro-mol/l",
      "Quality": "Increased"
    },
    {
      "Name": "Phenylalanine",
      "Age": "10.17 Year(s)",
      "Specimen": "blood",
      "Quantity": "317 micro-mol/l",
      "Quality": "Increased"
    },
    {
      "Name": "Phenylalanine",
      "Age": "10.17 Year(s)",
      "Specimen": "blood",
      "Quantity": "358 micro-mol/l",
      "Quality": "Increased"
    },
    {
      "Name": "Phenylalanine",
      "Age": "10.17 Year(s)",
      "Specimen": "blood",
      "Quantity": "350 micro-mol/l",
      "Quality": "Increased"
    },
    {
      "Name": "Phenylalanine",
      "Age": "10.18 Year(s)",
      "Specimen": "blood",
      "Quantity": "335 micro-mol/l",
      "Quality": "Increased"
    },
    {
      "Name": "Phenylalanine",
      "Age": "10.18 Year(s)",
      "Specimen": "blood",
      "Quantity": "342 micro-mol/l",
      "Quality": "Increased"
    },
    {
      "Name": "Phenylalanine",
      "Age": "10.18 Year(s)",
      "Specimen": "blood",
      "Quantity": "389 micro-mol/l",
      "Quality": "Increased"
    },
    {
      "Name": "Phenylalanine",
      "Age": "10.18 Year(s)",
      "Specimen": "blood",
      "Quantity": "404 micro-mol/l",
      "Quality": "Increased"
    },
    {
      "Name": "Phenylalanine",
      "Age": "10.19 Year(s)",
      "Specimen": "blood",
      "Quantity": "489 micro-mol/l",
      "Quality": "Increased"
    },
    {
      "Name": "Phenylalanine",
      "Age": "10.19 Year(s)",
      "Specimen": "blood",
      "Quantity": "636 micro-mol/l",
      "Quality": "Increased"
    },
    {
      "Name": "Phenylalanine",
      "Age": "10.19 Year(s)",
      "Specimen": "blood",
      "Quantity": "802 micro-mol/l",
      "Quality": "Increased"
    },
    {
      "Name": "Phenylalanine",
      "Age": "10.2 Year(s)",
      "Specimen": "blood",
      "Quantity": "731 micro-mol/l",
      "Quality": "Increased"
    },
    {
      "Name": "Phenylalanine",
      "Age": "10.2 Year(s)",
      "Specimen": "blood",
      "Quantity": "869 micro-mol/l",
      "Quality": "Increased"
    },
    {
      "Name": "Phenylalanine",
      "Age": "10.2 Year(s)",
      "Specimen": "blood",
      "Quantity": "868 micro-mol/l",
      "Quality": "Increased"
    },
    {
      "Name": "Phenylalanine",
      "Age": "10.2 Year(s)",
      "Specimen": "blood",
      "Quantity": "855 micro-mol/l",
      "Quality": "Increased"
    },
    {
      "Name": "Phenylalanine",
      "Age": "10.21 Year(s)",
      "Specimen": "blood",
      "Quantity": "406 micro-mol/l",
      "Quality": "Increased"
    },
    {
      "Name": "Phenylalanine",
      "Age": "10.21 Year(s)",
      "Specimen": "blood",
      "Quantity": "566 micro-mol/l",
      "Quality": "Increased"
    },
    {
      "Name": "Phenylalanine",
      "Age": "10.21 Year(s)",
      "Specimen": "blood",
      "Quantity": "615 micro-mol/l",
      "Quality": "Increased"
    },
    {
      "Name": "Phenylalanine",
      "Age": "10.22 Year(s)",
      "Specimen": "blood",
      "Quantity": "700 micro-mol/l",
      "Quality": "Increased"
    },
    {
      "Name": "Phenylalanine",
      "Age": "10.22 Year(s)",
      "Specimen": "blood",
      "Quantity": "557 micro-mol/l",
      "Quality": "Increased"
    },
    {
      "Name": "Phenylalanine",
      "Age": "10.22 Year(s)",
      "Specimen": "blood",
      "Quantity": "920 micro-mol/l",
      "Quality": "Increased"
    },
    {
      "Name": "Phenylalanine",
      "Age": "10.25 Year(s)",
      "Specimen": "blood",
      "Quantity": "154 micro-mol/l",
      "Quality": "Increased"
    },
    {
      "Name": "Phenylalanine",
      "Age": "10.25 Year(s)",
      "Specimen": "blood",
      "Quantity": "306 micro-mol/l",
      "Quality": "Increased"
    },
    {
      "Name": "Phenylalanine",
      "Age": "10.26 Year(s)",
      "Specimen": "blood",
      "Quantity": "181 micro-mol/l",
      "Quality": "Increased"
    },
    {
      "Name": "Phenylalanine",
      "Age": "10.26 Year(s)",
      "Specimen": "blood",
      "Quantity": "260 micro-mol/l",
      "Quality": "Increased"
    },
    {
      "Name": "Phenylalanine",
      "Age": "10.26 Year(s)",
      "Specimen": "blood",
      "Quantity": "193 micro-mol/l",
      "Quality": "Increased"
    },
    {
      "Name": "Phenylalanine",
      "Age": "10.52 Year(s)",
      "Specimen": "blood",
      "Quantity": "643 micro-mol/l",
      "Quality": "Increased"
    },
    {
      "Name": "Phenylalanine",
      "Age": "10.8 Year(s)",
      "Specimen": "blood",
      "Quantity": "612 micro-mol/l",
      "Quality": "Increased"
    },
    {
      "Name": "Phenylalanine",
      "Age": "10.95 Year(s)",
      "Specimen": "blood",
      "Quantity": "519 micro-mol/l",
      "Quality": "Increased"
    },
    {
      "Name": "Phenylalanine",
      "Age": "11.18 Year(s)",
      "Specimen": "blood",
      "Quantity": "468 micro-mol/l",
      "Quality": "Increased"
    },
    {
      "Name": "Phenylalanine",
      "Age": "11.38 Year(s)",
      "Specimen": "blood",
      "Quantity": "961 micro-mol/l",
      "Quality": "Increased"
    },
    {
      "Name": "Phenylalanine",
      "Age": "11.4 Year(s)",
      "Specimen": "blood",
      "Quantity": "429 micro-mol/l",
      "Quality": "Increased"
    },
    {
      "Name": "Phenylalanine",
      "Age": "11.63 Year(s)",
      "Specimen": "blood",
      "Quantity": "835 micro-mol/l",
      "Quality": "Increased"
    },
    {
      "Name": "Phenylalanine",
      "Age": "11.69 Year(s)",
      "Specimen": "blood",
      "Quantity": "604 micro-mol/l",
      "Quality": "Increased"
    },
    {
      "Name": "Phenylalanine",
      "Age": "11.81 Year(s)",
      "Specimen": "blood",
      "Quantity": "482 micro-mol/l",
      "Quality": "Increased"
    },
    {
      "Name": "Phenylalanine",
      "Age": "12.04 Year(s)",
      "Specimen": "blood",
      "Quantity": "612 micro-mol/l",
      "Quality": "Increased"
    },
    {
      "Name": "Phenylalanine",
      "Age": "12.14 Year(s)",
      "Specimen": "blood",
      "Quantity": "500 micro-mol/l",
      "Quality": "Increased"
    },
    {
      "Name": "Phenylalanine",
      "Age": "12.29 Year(s)",
      "Specimen": "blood",
      "Quantity": "533 micro-mol/l",
      "Quality": "Increased"
    },
    {
      "Name": "Phenylalanine",
      "Age": "12.44 Year(s)",
      "Specimen": "blood",
      "Quantity": "606 micro-mol/l",
      "Quality": "Increased"
    },
    {
      "Name": "Phenylalanine",
      "Age": "12.62 Year(s)",
      "Specimen": "blood",
      "Quantity": "578 micro-mol/l",
      "Quality": "Increased"
    },
    {
      "Name": "Phenylalanine",
      "Age": "12.74 Year(s)",
      "Specimen": "blood",
      "Quantity": "408 micro-mol/l",
      "Quality": "Increased"
    },
    {
      "Name": "Phenylalanine",
      "Age": "12.91 Year(s)",
      "Specimen": "blood",
      "Quantity": "430 micro-mol/l",
      "Quality": "Increased"
    },
    {
      "Name": "Phenylalanine",
      "Age": "13.07 Year(s)",
      "Specimen": "blood",
      "Quantity": "624 micro-mol/l",
      "Quality": "Increased"
    },
    {
      "Name": "Phenylalanine",
      "Age": "13.19 Year(s)",
      "Specimen": "blood",
      "Quantity": "469 micro-mol/l",
      "Quality": "Increased"
    },
    {
      "Name": "Phenylalanine",
      "Age": "13.33 Year(s)",
      "Specimen": "blood",
      "Quantity": "507 micro-mol/l",
      "Quality": "Increased"
    },
    {
      "Name": "Phenylalanine",
      "Age": "13.42 Year(s)",
      "Specimen": "blood",
      "Quantity": "553 micro-mol/l",
      "Quality": "Increased"
    },
    {
      "Name": "Phenylalanine",
      "Age": "13.53 Year(s)",
      "Specimen": "blood",
      "Quantity": "653 micro-mol/l",
      "Quality": "Increased"
    },
    {
      "Name": "Phenylalanine",
      "Age": "13.69 Year(s)",
      "Specimen": "blood",
      "Quantity": "589 micro-mol/l",
      "Quality": "Increased"
    },
    {
      "Name": "Phenylalanine",
      "Age": "13.86 Year(s)",
      "Specimen": "blood",
      "Quantity": "448 micro-mol/l",
      "Quality": "Increased"
    },
    {
      "Name": "Phenylalanine",
      "Age": "13.92 Year(s)",
      "Specimen": "blood",
      "Quantity": "659 micro-mol/l",
      "Quality": "Increased"
    },
    {
      "Name": "Phenylalanine",
      "Age": "14.17 Year(s)",
      "Specimen": "blood",
      "Quantity": "332 micro-mol/l",
      "Quality": "Increased"
    },
    {
      "Name": "Phenylalanine",
      "Age": "14.38 Year(s)",
      "Specimen": "blood",
      "Quantity": "561 micro-mol/l",
      "Quality": "Increased"
    },
    {
      "Name": "Phenylalanine",
      "Age": "14.49 Year(s)",
      "Specimen": "blood",
      "Quantity": "444 micro-mol/l",
      "Quality": "Increased"
    },
    {
      "Name": "Phenylalanine",
      "Age": "14.62 Year(s)",
      "Specimen": "blood",
      "Quantity": "352 micro-mol/l",
      "Quality": "Increased"
    },
    {
      "Name": "Phenylalanine",
      "Age": "14.9 Year(s)",
      "Specimen": "blood",
      "Quantity": "315 micro-mol/l",
      "Quality": "Increased"
    },
    {
      "Name": "Tyrosine",
      "Age": "19.19 Month(s)",
      "Specimen": "blood",
      "Quantity": "180 micro-mol/l",
      "Quality": "Increased"
    },
    {
      "Name": "Tyrosine",
      "Age": "20.34 Month(s)",
      "Specimen": "blood",
      "Quantity": "113 micro-mol/l",
      "Quality": "Normal"
    },
    {
      "Name": "Tyrosine",
      "Age": "21.52 Month(s)",
      "Specimen": "blood",
      "Quantity": "68 micro-mol/l",
      "Quality": "Normal"
    },
    {
      "Name": "Tyrosine",
      "Age": "22.54 Month(s)",
      "Specimen": "blood",
      "Quantity": "46 micro-mol/l",
      "Quality": "Normal"
    },
    {
      "Name": "Tyrosine",
      "Age": "23.56 Month(s)",
      "Specimen": "blood",
      "Quantity": "54 micro-mol/l",
      "Quality": "Normal"
    },
    {
      "Name": "Tyrosine",
      "Age": "2.06 Year(s)",
      "Specimen": "blood",
      "Quantity": "39 micro-mol/l",
      "Quality": "Normal"
    },
    {
      "Name": "Tyrosine",
      "Age": "2.14 Year(s)",
      "Specimen": "blood",
      "Quantity": "158 micro-mol/l",
      "Quality": "Increased"
    },
    {
      "Name": "Tyrosine",
      "Age": "2.23 Year(s)",
      "Specimen": "blood",
      "Quantity": "139 micro-mol/l",
      "Quality": "Normal"
    },
    {
      "Name": "Tyrosine",
      "Age": "2.33 Year(s)",
      "Specimen": "blood",
      "Quantity": "145 micro-mol/l",
      "Quality": "Normal"
    },
    {
      "Name": "Tyrosine",
      "Age": "2.4 Year(s)",
      "Specimen": "blood",
      "Quantity": "93 micro-mol/l",
      "Quality": "Normal"
    },
    {
      "Name": "Tyrosine",
      "Age": "2.5 Year(s)",
      "Specimen": "blood",
      "Quantity": "98 micro-mol/l",
      "Quality": "Normal"
    },
    {
      "Name": "Tyrosine",
      "Age": "2.58 Year(s)",
      "Specimen": "blood",
      "Quantity": "86 micro-mol/l",
      "Quality": "Normal"
    },
    {
      "Name": "Tyrosine",
      "Age": "2.68 Year(s)",
      "Specimen": "blood",
      "Quantity": "79 micro-mol/l",
      "Quality": "Normal"
    },
    {
      "Name": "Tyrosine",
      "Age": "2.79 Year(s)",
      "Specimen": "blood",
      "Quantity": "121 micro-mol/l",
      "Quality": "Normal"
    },
    {
      "Name": "Tyrosine",
      "Age": "2.86 Year(s)",
      "Specimen": "blood",
      "Quantity": "87 micro-mol/l",
      "Quality": "Normal"
    },
    {
      "Name": "Tyrosine",
      "Age": "2.97 Year(s)",
      "Specimen": "blood",
      "Quantity": "76 micro-mol/l",
      "Quality": "Normal"
    },
    {
      "Name": "Tyrosine",
      "Age": "3.06 Year(s)",
      "Specimen": "blood",
      "Quantity": "162 micro-mol/l",
      "Quality": "Increased"
    },
    {
      "Name": "Tyrosine",
      "Age": "3.15 Year(s)",
      "Specimen": "blood",
      "Quantity": "142 micro-mol/l",
      "Quality": "Normal"
    },
    {
      "Name": "Tyrosine",
      "Age": "3.25 Year(s)",
      "Specimen": "blood",
      "Quantity": "94 micro-mol/l",
      "Quality": "Normal"
    },
    {
      "Name": "Tyrosine",
      "Age": "3.31 Year(s)",
      "Specimen": "blood",
      "Quantity": "130 micro-mol/l",
      "Quality": "Normal"
    },
    {
      "Name": "Tyrosine",
      "Age": "3.38 Year(s)",
      "Specimen": "blood",
      "Quantity": "161 micro-mol/l",
      "Quality": "Increased"
    },
    {
      "Name": "Tyrosine",
      "Age": "3.39 Year(s)",
      "Specimen": "blood",
      "Quantity": "143 micro-mol/l",
      "Quality": "Normal"
    },
    {
      "Name": "Tyrosine",
      "Age": "3.43 Year(s)",
      "Specimen": "blood",
      "Quantity": "107 micro-mol/l",
      "Quality": "Normal"
    },
    {
      "Name": "Tyrosine",
      "Age": "3.47 Year(s)",
      "Specimen": "blood",
      "Quantity": "96 micro-mol/l",
      "Quality": "Normal"
    },
    {
      "Name": "Tyrosine",
      "Age": "3.6 Year(s)",
      "Specimen": "blood",
      "Quantity": "125 micro-mol/l",
      "Quality": "Normal"
    },
    {
      "Name": "Tyrosine",
      "Age": "3.75 Year(s)",
      "Specimen": "blood",
      "Quantity": "82 micro-mol/l",
      "Quality": "Normal"
    },
    {
      "Name": "Tyrosine",
      "Age": "3.78 Year(s)",
      "Specimen": "blood",
      "Quantity": "79 micro-mol/l",
      "Quality": "Normal"
    },
    {
      "Name": "Tyrosine",
      "Age": "3.8 Year(s)",
      "Specimen": "blood",
      "Quantity": "79 micro-mol/l",
      "Quality": "Normal"
    },
    {
      "Name": "Tyrosine",
      "Age": "3.86 Year(s)",
      "Specimen": "blood",
      "Quantity": "102 micro-mol/l",
      "Quality": "Normal"
    },
    {
      "Name": "Tyrosine",
      "Age": "3.9 Year(s)",
      "Specimen": "blood",
      "Quantity": "67 micro-mol/l",
      "Quality": "Normal"
    },
    {
      "Name": "Tyrosine",
      "Age": "3.96 Year(s)",
      "Specimen": "blood",
      "Quantity": "61 micro-mol/l",
      "Quality": "Normal"
    },
    {
      "Name": "Tyrosine",
      "Age": "4.07 Year(s)",
      "Specimen": "blood",
      "Quantity": "68 micro-mol/l",
      "Quality": "Normal"
    },
    {
      "Name": "Tyrosine",
      "Age": "4.11 Year(s)",
      "Specimen": "blood",
      "Quantity": "86 micro-mol/l",
      "Quality": "Normal"
    },
    {
      "Name": "Tyrosine",
      "Age": "4.15 Year(s)",
      "Specimen": "blood",
      "Quantity": "157 micro-mol/l",
      "Quality": "Increased"
    },
    {
      "Name": "Tyrosine",
      "Age": "4.17 Year(s)",
      "Specimen": "blood",
      "Quantity": "95 micro-mol/l",
      "Quality": "Normal"
    },
    {
      "Name": "Tyrosine",
      "Age": "4.19 Year(s)",
      "Specimen": "blood",
      "Quantity": "96 micro-mol/l",
      "Quality": "Normal"
    },
    {
      "Name": "Tyrosine",
      "Age": "4.21 Year(s)",
      "Specimen": "blood",
      "Quantity": "78 micro-mol/l",
      "Quality": "Normal"
    },
    {
      "Name": "Tyrosine",
      "Age": "4.23 Year(s)",
      "Specimen": "blood",
      "Quantity": "46 micro-mol/l",
      "Quality": "Normal"
    },
    {
      "Name": "Tyrosine",
      "Age": "4.25 Year(s)",
      "Specimen": "blood",
      "Quantity": "92 micro-mol/l",
      "Quality": "Normal"
    },
    {
      "Name": "Tyrosine",
      "Age": "4.35 Year(s)",
      "Specimen": "blood",
      "Quantity": "95 micro-mol/l",
      "Quality": "Normal"
    },
    {
      "Name": "Tyrosine",
      "Age": "4.38 Year(s)",
      "Specimen": "blood",
      "Quantity": "84 micro-mol/l",
      "Quality": "Normal"
    },
    {
      "Name": "Tyrosine",
      "Age": "4.42 Year(s)",
      "Specimen": "blood",
      "Quantity": "105 micro-mol/l",
      "Quality": "Normal"
    },
    {
      "Name": "Tyrosine",
      "Age": "4.44 Year(s)",
      "Specimen": "blood",
      "Quantity": "87 micro-mol/l",
      "Quality": "Normal"
    },
    {
      "Name": "Tyrosine",
      "Age": "4.48 Year(s)",
      "Specimen": "blood",
      "Quantity": "148 micro-mol/l",
      "Quality": "Increased"
    },
    {
      "Name": "Tyrosine",
      "Age": "4.51 Year(s)",
      "Specimen": "blood",
      "Quantity": "99 micro-mol/l",
      "Quality": "Normal"
    },
    {
      "Name": "Tyrosine",
      "Age": "4.55 Year(s)",
      "Specimen": "blood",
      "Quantity": "89 micro-mol/l",
      "Quality": "Normal"
    },
    {
      "Name": "Tyrosine",
      "Age": "4.57 Year(s)",
      "Specimen": "blood",
      "Quantity": "99 micro-mol/l",
      "Quality": "Normal"
    },
    {
      "Name": "Tyrosine",
      "Age": "4.61 Year(s)",
      "Specimen": "blood",
      "Quantity": "72 micro-mol/l",
      "Quality": "Normal"
    },
    {
      "Name": "Tyrosine",
      "Age": "4.65 Year(s)",
      "Specimen": "blood",
      "Quantity": "89 micro-mol/l",
      "Quality": "Normal"
    },
    {
      "Name": "Tyrosine",
      "Age": "4.68 Year(s)",
      "Specimen": "blood",
      "Quantity": "89 micro-mol/l",
      "Quality": "Normal"
    },
    {
      "Name": "Tyrosine",
      "Age": "4.73 Year(s)",
      "Specimen": "blood",
      "Quantity": "63 micro-mol/l",
      "Quality": "Normal"
    },
    {
      "Name": "Tyrosine",
      "Age": "4.78 Year(s)",
      "Specimen": "blood",
      "Quantity": "95 micro-mol/l",
      "Quality": "Normal"
    },
    {
      "Name": "Tyrosine",
      "Age": "4.82 Year(s)",
      "Specimen": "blood",
      "Quantity": "55 micro-mol/l",
      "Quality": "Normal"
    },
    {
      "Name": "Tyrosine",
      "Age": "4.86 Year(s)",
      "Specimen": "blood",
      "Quantity": "99 micro-mol/l",
      "Quality": "Normal"
    },
    {
      "Name": "Tyrosine",
      "Age": "4.9 Year(s)",
      "Specimen": "blood",
      "Quantity": "66 micro-mol/l",
      "Quality": "Normal"
    },
    {
      "Name": "Tyrosine",
      "Age": "4.93 Year(s)",
      "Specimen": "blood",
      "Quantity": "102 micro-mol/l",
      "Quality": "Normal"
    },
    {
      "Name": "Tyrosine",
      "Age": "5.02 Year(s)",
      "Specimen": "blood",
      "Quantity": "114 micro-mol/l",
      "Quality": "Normal"
    },
    {
      "Name": "Tyrosine",
      "Age": "5.07 Year(s)",
      "Specimen": "blood",
      "Quantity": "106 micro-mol/l",
      "Quality": "Normal"
    },
    {
      "Name": "Tyrosine",
      "Age": "5.11 Year(s)",
      "Specimen": "blood",
      "Quantity": "131 micro-mol/l",
      "Quality": "Normal"
    },
    {
      "Name": "Tyrosine",
      "Age": "5.15 Year(s)",
      "Specimen": "blood",
      "Quantity": "93 micro-mol/l",
      "Quality": "Normal"
    },
    {
      "Name": "Tyrosine",
      "Age": "5.19 Year(s)",
      "Specimen": "blood",
      "Quantity": "133 micro-mol/l",
      "Quality": "Normal"
    },
    {
      "Name": "Tyrosine",
      "Age": "5.24 Year(s)",
      "Specimen": "blood",
      "Quantity": "57 micro-mol/l",
      "Quality": "Normal"
    },
    {
      "Name": "Tyrosine",
      "Age": "5.42 Year(s)",
      "Specimen": "blood",
      "Quantity": "105 micro-mol/l",
      "Quality": "Normal"
    },
    {
      "Name": "Tyrosine",
      "Age": "5.45 Year(s)",
      "Specimen": "blood",
      "Quantity": "78 micro-mol/l",
      "Quality": "Normal"
    },
    {
      "Name": "Tyrosine",
      "Age": "5.5 Year(s)",
      "Specimen": "blood",
      "Quantity": "58 micro-mol/l",
      "Quality": "Normal"
    },
    {
      "Name": "Tyrosine",
      "Age": "5.63 Year(s)",
      "Specimen": "blood",
      "Quantity": "110 micro-mol/l",
      "Quality": "Normal"
    },
    {
      "Name": "Tyrosine",
      "Age": "5.69 Year(s)",
      "Specimen": "blood",
      "Quantity": "70 micro-mol/l",
      "Quality": "Normal"
    },
    {
      "Name": "Tyrosine",
      "Age": "5.73 Year(s)",
      "Specimen": "blood",
      "Quantity": "102 micro-mol/l",
      "Quality": "Normal"
    },
    {
      "Name": "Tyrosine",
      "Age": "5.78 Year(s)",
      "Specimen": "blood",
      "Quantity": "106 micro-mol/l",
      "Quality": "Normal"
    },
    {
      "Name": "Tyrosine",
      "Age": "5.8 Year(s)",
      "Specimen": "blood",
      "Quantity": "91 micro-mol/l",
      "Quality": "Normal"
    },
    {
      "Name": "Tyrosine",
      "Age": "5.86 Year(s)",
      "Specimen": "blood",
      "Quantity": "59 micro-mol/l",
      "Quality": "Normal"
    },
    {
      "Name": "Tyrosine",
      "Age": "5.92 Year(s)",
      "Specimen": "blood",
      "Quantity": "68 micro-mol/l",
      "Quality": "Normal"
    },
    {
      "Name": "Tyrosine",
      "Age": "5.95 Year(s)",
      "Specimen": "blood",
      "Quantity": "129 micro-mol/l",
      "Quality": "Normal"
    },
    {
      "Name": "Tyrosine",
      "Age": "5.96 Year(s)",
      "Specimen": "blood",
      "Quantity": "78 micro-mol/l",
      "Quality": "Normal"
    },
    {
      "Name": "Tyrosine",
      "Age": "6.07 Year(s)",
      "Specimen": "blood",
      "Quantity": "144 micro-mol/l",
      "Quality": "Normal"
    },
    {
      "Name": "Tyrosine",
      "Age": "6.15 Year(s)",
      "Specimen": "blood",
      "Quantity": "83 micro-mol/l",
      "Quality": "Normal"
    },
    {
      "Name": "Tyrosine",
      "Age": "6.23 Year(s)",
      "Specimen": "blood",
      "Quantity": "81 micro-mol/l",
      "Quality": "Normal"
    },
    {
      "Name": "Tyrosine",
      "Age": "6.3 Year(s)",
      "Specimen": "blood",
      "Quantity": "101 micro-mol/l",
      "Quality": "Normal"
    },
    {
      "Name": "Tyrosine",
      "Age": "6.35 Year(s)",
      "Specimen": "blood",
      "Quantity": "100 micro-mol/l",
      "Quality": "Normal"
    },
    {
      "Name": "Tyrosine",
      "Age": "6.37 Year(s)",
      "Specimen": "blood",
      "Quantity": "100 micro-mol/l",
      "Quality": "Normal"
    },
    {
      "Name": "Tyrosine",
      "Age": "6.46 Year(s)",
      "Specimen": "blood",
      "Quantity": "67 micro-mol/l",
      "Quality": "Normal"
    },
    {
      "Name": "Tyrosine",
      "Age": "6.53 Year(s)",
      "Specimen": "blood",
      "Quantity": "136 micro-mol/l",
      "Quality": "Normal"
    },
    {
      "Name": "Tyrosine",
      "Age": "6.62 Year(s)",
      "Specimen": "blood",
      "Quantity": "93 micro-mol/l",
      "Quality": "Normal"
    },
    {
      "Name": "Tyrosine",
      "Age": "6.7 Year(s)",
      "Specimen": "blood",
      "Quantity": "93 micro-mol/l",
      "Quality": "Normal"
    },
    {
      "Name": "Tyrosine",
      "Age": "6.76 Year(s)",
      "Specimen": "blood",
      "Quantity": "136 micro-mol/l",
      "Quality": "Normal"
    },
    {
      "Name": "Tyrosine",
      "Age": "6.82 Year(s)",
      "Specimen": "blood",
      "Quantity": "47 micro-mol/l",
      "Quality": "Normal"
    },
    {
      "Name": "Tyrosine",
      "Age": "6.88 Year(s)",
      "Specimen": "blood",
      "Quantity": "96 micro-mol/l",
      "Quality": "Normal"
    },
    {
      "Name": "Tyrosine",
      "Age": "6.95 Year(s)",
      "Specimen": "blood",
      "Quantity": "117 micro-mol/l",
      "Quality": "Normal"
    },
    {
      "Name": "Tyrosine",
      "Age": "7.04 Year(s)",
      "Specimen": "blood",
      "Quantity": "90 micro-mol/l",
      "Quality": "Normal"
    },
    {
      "Name": "Tyrosine",
      "Age": "7.13 Year(s)",
      "Specimen": "blood",
      "Quantity": "126 micro-mol/l",
      "Quality": "Normal"
    },
    {
      "Name": "Tyrosine",
      "Age": "7.26 Year(s)",
      "Specimen": "blood",
      "Quantity": "75 micro-mol/l",
      "Quality": "Normal"
    },
    {
      "Name": "Tyrosine",
      "Age": "7.3 Year(s)",
      "Specimen": "blood",
      "Quantity": "86 micro-mol/l",
      "Quality": "Normal"
    },
    {
      "Name": "Tyrosine",
      "Age": "7.4 Year(s)",
      "Specimen": "blood",
      "Quantity": "92 micro-mol/l",
      "Quality": "Normal"
    },
    {
      "Name": "Tyrosine",
      "Age": "7.5 Year(s)",
      "Specimen": "blood",
      "Quantity": "66 micro-mol/l",
      "Quality": "Normal"
    },
    {
      "Name": "Tyrosine",
      "Age": "7.6 Year(s)",
      "Specimen": "blood",
      "Quantity": "117 micro-mol/l",
      "Quality": "Normal"
    },
    {
      "Name": "Tyrosine",
      "Age": "7.64 Year(s)",
      "Specimen": "blood",
      "Quantity": "85 micro-mol/l",
      "Quality": "Normal"
    },
    {
      "Name": "Tyrosine",
      "Age": "7.69 Year(s)",
      "Specimen": "blood",
      "Quantity": "63 micro-mol/l",
      "Quality": "Normal"
    },
    {
      "Name": "Tyrosine",
      "Age": "7.73 Year(s)",
      "Specimen": "blood",
      "Quantity": "96 micro-mol/l",
      "Quality": "Normal"
    },
    {
      "Name": "Tyrosine",
      "Age": "7.82 Year(s)",
      "Specimen": "blood",
      "Quantity": "40 micro-mol/l",
      "Quality": "Normal"
    },
    {
      "Name": "Tyrosine",
      "Age": "7.91 Year(s)",
      "Specimen": "blood",
      "Quantity": "67 micro-mol/l",
      "Quality": "Normal"
    },
    {
      "Name": "Tyrosine",
      "Age": "7.95 Year(s)",
      "Specimen": "blood",
      "Quantity": "58 micro-mol/l",
      "Quality": "Normal"
    },
    {
      "Name": "Tyrosine",
      "Age": "8.08 Year(s)",
      "Specimen": "blood",
      "Quantity": "54 micro-mol/l",
      "Quality": "Normal"
    },
    {
      "Name": "Tyrosine",
      "Age": "8.21 Year(s)",
      "Specimen": "blood",
      "Quantity": "65 micro-mol/l",
      "Quality": "Normal"
    },
    {
      "Name": "Tyrosine",
      "Age": "8.28 Year(s)",
      "Specimen": "blood",
      "Quantity": "47 micro-mol/l",
      "Quality": "Normal"
    },
    {
      "Name": "Tyrosine",
      "Age": "8.31 Year(s)",
      "Specimen": "blood",
      "Quantity": "72 micro-mol/l",
      "Quality": "Normal"
    },
    {
      "Name": "Tyrosine",
      "Age": "8.41 Year(s)",
      "Specimen": "blood",
      "Quantity": "41 micro-mol/l",
      "Quality": "Normal"
    },
    {
      "Name": "Tyrosine",
      "Age": "8.5 Year(s)",
      "Specimen": "blood",
      "Quantity": "65 micro-mol/l",
      "Quality": "Normal"
    },
    {
      "Name": "Tyrosine",
      "Age": "8.64 Year(s)",
      "Specimen": "blood",
      "Quantity": "67 micro-mol/l",
      "Quality": "Normal"
    },
    {
      "Name": "Tyrosine",
      "Age": "8.74 Year(s)",
      "Specimen": "blood",
      "Quantity": "65 micro-mol/l",
      "Quality": "Normal"
    },
    {
      "Name": "Tyrosine",
      "Age": "8.82 Year(s)",
      "Specimen": "blood",
      "Quantity": "49 micro-mol/l",
      "Quality": "Normal"
    },
    {
      "Name": "Tyrosine",
      "Age": "8.91 Year(s)",
      "Specimen": "blood",
      "Quantity": "50 micro-mol/l",
      "Quality": "Normal"
    },
    {
      "Name": "Tyrosine",
      "Age": "8.96 Year(s)",
      "Specimen": "blood",
      "Quantity": "57 micro-mol/l",
      "Quality": "Normal"
    },
    {
      "Name": "Tyrosine",
      "Age": "9.09 Year(s)",
      "Specimen": "blood",
      "Quantity": "47 micro-mol/l",
      "Quality": "Normal"
    },
    {
      "Name": "Tyrosine",
      "Age": "9.14 Year(s)",
      "Specimen": "blood",
      "Quantity": "60 micro-mol/l",
      "Quality": "Normal"
    },
    {
      "Name": "Tyrosine",
      "Age": "9.31 Year(s)",
      "Specimen": "blood",
      "Quantity": "81 micro-mol/l",
      "Quality": "Normal"
    },
    {
      "Name": "Tyrosine",
      "Age": "9.42 Year(s)",
      "Specimen": "blood",
      "Quantity": "35 micro-mol/l",
      "Quality": "Normal"
    },
    {
      "Name": "Tyrosine",
      "Age": "9.52 Year(s)",
      "Specimen": "blood",
      "Quantity": "69 micro-mol/l",
      "Quality": "Normal"
    },
    {
      "Name": "Tyrosine",
      "Age": "9.6 Year(s)",
      "Specimen": "blood",
      "Quantity": "67 micro-mol/l",
      "Quality": "Increased"
    },
    {
      "Name": "Tyrosine",
      "Age": "9.65 Year(s)",
      "Specimen": "blood",
      "Quantity": "72 micro-mol/l",
      "Quality": "Normal"
    },
    {
      "Name": "Tyrosine",
      "Age": "9.79 Year(s)",
      "Specimen": "blood",
      "Quantity": "59 micro-mol/l",
      "Quality": "Normal"
    },
    {
      "Name": "Tyrosine",
      "Age": "9.93 Year(s)",
      "Specimen": "blood",
      "Quantity": "104 micro-mol/l",
      "Quality": "Normal"
    },
    {
      "Name": "Tyrosine",
      "Age": "10.11 Year(s)",
      "Specimen": "blood",
      "Quantity": "107 micro-mol/l",
      "Quality": "Normal"
    },
    {
      "Name": "Tyrosine",
      "Age": "10.14 Year(s)",
      "Specimen": "blood",
      "Quantity": "45 micro-mol/l",
      "Quality": "Normal"
    },
    {
      "Name": "Tyrosine",
      "Age": "10.17 Year(s)",
      "Specimen": "blood",
      "Quantity": "28 micro-mol/l",
      "Quality": "Normal"
    },
    {
      "Name": "Tyrosine",
      "Age": "10.17 Year(s)",
      "Specimen": "blood",
      "Quantity": "48 micro-mol/l",
      "Quality": "Normal"
    },
    {
      "Name": "Tyrosine",
      "Age": "10.17 Year(s)",
      "Specimen": "blood",
      "Quantity": "32 micro-mol/l",
      "Quality": "Normal"
    },
    {
      "Name": "Tyrosine",
      "Age": "10.17 Year(s)",
      "Specimen": "blood",
      "Quantity": "43 micro-mol/l",
      "Quality": "Normal"
    },
    {
      "Name": "Tyrosine",
      "Age": "10.18 Year(s)",
      "Specimen": "blood",
      "Quantity": "49 micro-mol/l",
      "Quality": "Normal"
    },
    {
      "Name": "Tyrosine",
      "Age": "10.18 Year(s)",
      "Specimen": "blood",
      "Quantity": "50 micro-mol/l",
      "Quality": "Normal"
    },
    {
      "Name": "Tyrosine",
      "Age": "10.18 Year(s)",
      "Specimen": "blood",
      "Quantity": "40 micro-mol/l",
      "Quality": "Normal"
    },
    {
      "Name": "Tyrosine",
      "Age": "10.18 Year(s)",
      "Specimen": "blood",
      "Quantity": "55 micro-mol/l",
      "Quality": "Normal"
    },
    {
      "Name": "Tyrosine",
      "Age": "10.19 Year(s)",
      "Specimen": "blood",
      "Quantity": "39 micro-mol/l",
      "Quality": "Normal"
    },
    {
      "Name": "Tyrosine",
      "Age": "10.19 Year(s)",
      "Specimen": "blood",
      "Quantity": "49 micro-mol/l",
      "Quality": "Normal"
    },
    {
      "Name": "Tyrosine",
      "Age": "10.19 Year(s)",
      "Specimen": "blood",
      "Quantity": "82 micro-mol/l",
      "Quality": "Normal"
    },
    {
      "Name": "Tyrosine",
      "Age": "10.2 Year(s)",
      "Specimen": "blood",
      "Quantity": "87 micro-mol/l",
      "Quality": "Normal"
    },
    {
      "Name": "Tyrosine",
      "Age": "10.2 Year(s)",
      "Specimen": "blood",
      "Quantity": "73 micro-mol/l",
      "Quality": "Normal"
    },
    {
      "Name": "Tyrosine",
      "Age": "10.2 Year(s)",
      "Specimen": "blood",
      "Quantity": "68 micro-mol/l",
      "Quality": "Normal"
    },
    {
      "Name": "Tyrosine",
      "Age": "10.2 Year(s)",
      "Specimen": "blood",
      "Quantity": "82 micro-mol/l",
      "Quality": "Normal"
    },
    {
      "Name": "Tyrosine",
      "Age": "10.21 Year(s)",
      "Specimen": "blood",
      "Quantity": "83 micro-mol/l",
      "Quality": "Normal"
    },
    {
      "Name": "Tyrosine",
      "Age": "10.21 Year(s)",
      "Specimen": "blood",
      "Quantity": "71 micro-mol/l",
      "Quality": "Normal"
    },
    {
      "Name": "Tyrosine",
      "Age": "10.21 Year(s)",
      "Specimen": "blood",
      "Quantity": "115 micro-mol/l",
      "Quality": "Normal"
    },
    {
      "Name": "Tyrosine",
      "Age": "10.22 Year(s)",
      "Specimen": "blood",
      "Quantity": "43 micro-mol/l",
      "Quality": "Normal"
    },
    {
      "Name": "Tyrosine",
      "Age": "10.22 Year(s)",
      "Specimen": "blood",
      "Quantity": "83 micro-mol/l",
      "Quality": "Normal"
    },
    {
      "Name": "Tyrosine",
      "Age": "10.22 Year(s)",
      "Specimen": "blood",
      "Quantity": "75 micro-mol/l",
      "Quality": "Normal"
    },
    {
      "Name": "Tyrosine",
      "Age": "10.25 Year(s)",
      "Specimen": "blood",
      "Quantity": "68 micro-mol/l",
      "Quality": "Normal"
    },
    {
      "Name": "Tyrosine",
      "Age": "10.25 Year(s)",
      "Specimen": "blood",
      "Quantity": "51 micro-mol/l",
      "Quality": "Normal"
    },
    {
      "Name": "Tyrosine",
      "Age": "10.26 Year(s)",
      "Specimen": "blood",
      "Quantity": "59 micro-mol/l",
      "Quality": "Normal"
    },
    {
      "Name": "Tyrosine",
      "Age": "10.26 Year(s)",
      "Specimen": "blood",
      "Quantity": "63 micro-mol/l",
      "Quality": "Normal"
    },
    {
      "Name": "Tyrosine",
      "Age": "10.26 Year(s)",
      "Specimen": "blood",
      "Quantity": "117 micro-mol/l",
      "Quality": "Normal"
    },
    {
      "Name": "Tyrosine",
      "Age": "10.52 Year(s)",
      "Specimen": "blood",
      "Quantity": "59 micro-mol/l",
      "Quality": "Normal"
    },
    {
      "Name": "Tyrosine",
      "Age": "10.8 Year(s)",
      "Specimen": "blood",
      "Quantity": "57 micro-mol/l",
      "Quality": "Normal"
    },
    {
      "Name": "Tyrosine",
      "Age": "10.95 Year(s)",
      "Specimen": "blood",
      "Quantity": "61 micro-mol/l",
      "Quality": "Normal"
    },
    {
      "Name": "Tyrosine",
      "Age": "11.18 Year(s)",
      "Specimen": "blood",
      "Quantity": "78 micro-mol/l",
      "Quality": "Normal"
    },
    {
      "Name": "Tyrosine",
      "Age": "11.38 Year(s)",
      "Specimen": "blood",
      "Quantity": "76 micro-mol/l",
      "Quality": "Normal"
    },
    {
      "Name": "Tyrosine",
      "Age": "11.4 Year(s)",
      "Specimen": "blood",
      "Quantity": "38 micro-mol/l",
      "Quality": "Normal"
    },
    {
      "Name": "Tyrosine",
      "Age": "11.63 Year(s)",
      "Specimen": "blood",
      "Quantity": "80 micro-mol/l",
      "Quality": "Normal"
    },
    {
      "Name": "Tyrosine",
      "Age": "11.69 Year(s)",
      "Specimen": "blood",
      "Quantity": "60 micro-mol/l",
      "Quality": "Normal"
    },
    {
      "Name": "Tyrosine",
      "Age": "11.81 Year(s)",
      "Specimen": "blood",
      "Quantity": "60 micro-mol/l",
      "Quality": "Normal"
    },
    {
      "Name": "Tyrosine",
      "Age": "12.04 Year(s)",
      "Specimen": "blood",
      "Quantity": "67 micro-mol/l",
      "Quality": "Normal"
    },
    {
      "Name": "Tyrosine",
      "Age": "12.14 Year(s)",
      "Specimen": "blood",
      "Quantity": "74 micro-mol/l",
      "Quality": "Normal"
    },
    {
      "Name": "Tyrosine",
      "Age": "12.29 Year(s)",
      "Specimen": "blood",
      "Quantity": "46 micro-mol/l",
      "Quality": "Normal"
    },
    {
      "Name": "Tyrosine",
      "Age": "12.44 Year(s)",
      "Specimen": "blood",
      "Quantity": "35 micro-mol/l",
      "Quality": "Normal"
    },
    {
      "Name": "Tyrosine",
      "Age": "12.62 Year(s)",
      "Specimen": "blood",
      "Quantity": "43 micro-mol/l",
      "Quality": "Normal"
    },
    {
      "Name": "Tyrosine",
      "Age": "12.74 Year(s)",
      "Specimen": "blood",
      "Quantity": "55 micro-mol/l",
      "Quality": "Normal"
    },
    {
      "Name": "Tyrosine",
      "Age": "12.91 Year(s)",
      "Specimen": "blood",
      "Quantity": "75 micro-mol/l",
      "Quality": "Normal"
    },
    {
      "Name": "Tyrosine",
      "Age": "13.07 Year(s)",
      "Specimen": "blood",
      "Quantity": "53 micro-mol/l",
      "Quality": "Normal"
    },
    {
      "Name": "Tyrosine",
      "Age": "13.19 Year(s)",
      "Specimen": "blood",
      "Quantity": "86 micro-mol/l",
      "Quality": "Normal"
    },
    {
      "Name": "Tyrosine",
      "Age": "13.33 Year(s)",
      "Specimen": "blood",
      "Quantity": "79 micro-mol/l",
      "Quality": "Normal"
    },
    {
      "Name": "Tyrosine",
      "Age": "13.42 Year(s)",
      "Specimen": "blood",
      "Quantity": "61 micro-mol/l",
      "Quality": "Normal"
    },
    {
      "Name": "Tyrosine",
      "Age": "13.53 Year(s)",
      "Specimen": "blood",
      "Quantity": "70 micro-mol/l",
      "Quality": "Normal"
    },
    {
      "Name": "Tyrosine",
      "Age": "13.69 Year(s)",
      "Specimen": "blood",
      "Quantity": "52 micro-mol/l",
      "Quality": "Normal"
    },
    {
      "Name": "Tyrosine",
      "Age": "13.86 Year(s)",
      "Specimen": "blood",
      "Quantity": "57 micro-mol/l",
      "Quality": "Normal"
    },
    {
      "Name": "Tyrosine",
      "Age": "13.92 Year(s)",
      "Specimen": "blood",
      "Quantity": "54 micro-mol/l",
      "Quality": "Normal"
    },
    {
      "Name": "Tyrosine",
      "Age": "14.17 Year(s)",
      "Specimen": "blood",
      "Quantity": "55 micro-mol/l",
      "Quality": "Normal"
    },
    {
      "Name": "Tyrosine",
      "Age": "14.38 Year(s)",
      "Specimen": "blood",
      "Quantity": "93 micro-mol/l",
      "Quality": "Normal"
    },
    {
      "Name": "Tyrosine",
      "Age": "14.49 Year(s)",
      "Specimen": "blood",
      "Quantity": "66 micro-mol/l",
      "Quality": "Normal"
    },
    {
      "Name": "Tyrosine",
      "Age": "14.62 Year(s)",
      "Specimen": "blood",
      "Quantity": "82 micro-mol/l",
      "Quality": "Normal"
    },
    {
      "Name": "Tyrosine",
      "Age": "14.9 Year(s)",
      "Specimen": "blood",
      "Quantity": "31 micro-mol/l",
      "Quality": "Normal"
    }
  ],
  "Symptoms": [
    {
      "Name": "Fever",
      "Age": "14.79 Month(s)",
      "Range": "medium [38,5-39,5 degrees Celsius]"
    },
    {
      "Name": "gastroenteritis",
      "Age": "5.82 Month(s)",
      "Range": "yes"
    },
    {
      "Name": "gastroenteritis",
      "Age": "16.79 Month(s)",
      "Range": "yes"
    },
    {
      "Name": "gastroenteritis",
      "Age": "17.94 Month(s)",
      "Range": "yes"
    },
    {
      "Name": "no clinical signs or symptoms",
      "Age": "6 Day(s)",
      "Range": "yes"
    },
    {
      "Name": "no clinical signs or symptoms",
      "Age": "3.25 Year(s)",
      "Range": "yes"
    },
    {
      "Name": "no clinical signs or symptoms",
      "Age": "6.82 Year(s)",
      "Range": "yes"
    },
    {
      "Name": "obesity",
      "Age": "11.11 Year(s)",
      "Range": "yes"
    },
    {
      "Name": "tetrahydrobiopterin-sensitivity",
      "Age": "3.43 Year(s)",
      "Range": "yes"
    },
    {
      "Name": "vomiting",
      "Age": "14.72 Month(s)",
      "Range": "moderate"
    }
  ],
  "Diet/drugs": [
    {
      "Name": "artificial protein intake (specific amino acid mixture)",
      "Age": "22.54 Month(s)",
      "Dosage": "20 g/day",
      "Route": "oral"
    },
    {
      "Name": "artificial protein intake (specific amino acid mixture)",
      "Age": "2.76 Year(s)",
      "Dosage": "22 g/day",
      "Route": "oral"
    },
    {
      "Name": "artificial protein intake (specific amino acid mixture)",
      "Age": "3.25 Year(s)",
      "Dosage": "24 g/day",
      "Route": "oral"
    },
    {
      "Name": "artificial protein intake (specific amino acid mixture)",
      "Age": "4.15 Year(s)",
      "Dosage": "24 g/day",
      "Route": "oral"
    },
    {
      "Name": "artificial protein intake (specific amino acid mixture)",
      "Age": "4.27 Year(s)",
      "Dosage": "12 g/day",
      "Route": "oral"
    },
    {
      "Name": "phenylalanine",
      "Age": "18 Day(s)",
      "Dosage": "120 mg/day",
      "Route": "oral"
    },
    {
      "Name": "phenylalanine",
      "Age": "5.26 Month(s)",
      "Dosage": "160 mg/day",
      "Route": "oral"
    },
    {
      "Name": "phenylalanine",
      "Age": "7.59 Month(s)",
      "Dosage": "180 mg/day",
      "Route": "oral"
    },
    {
      "Name": "phenylalanine",
      "Age": "12.42 Month(s)",
      "Dosage": "200 mg/day",
      "Route": "oral"
    },
    {
      "Name": "phenylalanine",
      "Age": "22.54 Month(s)",
      "Dosage": "230 mg/day",
      "Route": "oral"
    },
    {
      "Name": "phenylalanine",
      "Age": "3.39 Year(s)",
      "Dosage": "500 mg/day",
      "Route": "oral"
    },
    {
      "Name": "phenylalanine",
      "Age": "3.42 Year(s)",
      "Dosage": "230 mg/day",
      "Route": "oral"
    },
    {
      "Name": "phenylalanine",
      "Age": "4.15 Year(s)",
      "Dosage": "450 mg/day",
      "Route": "oral"
    },
    {
      "Name": "phenylalanine",
      "Age": "4.78 Year(s)",
      "Dosage": "600 mg/day",
      "Route": "oral"
    },
    {
      "Name": "protein (natural)",
      "Age": "22.54 Month(s)",
      "Dosage": "5 g/day",
      "Route": "oral"
    },
    {
      "Name": "protein (natural)",
      "Age": "2.76 Year(s)",
      "Dosage": "5 g/day",
      "Route": "oral"
    },
    {
      "Name": "tetrahydrobiopterin",
      "Age": "3.4 Year(s)",
      "Dosage": "20 mg/kg/day",
      "Route": "oral"
    },
    {
      "Name": "tetrahydrobiopterin",
      "Age": "3.4 Year(s)",
      "Dosage": "20 mg/kg/day",
      "Route": "oral"
    },
    {
      "Name": "tetrahydrobiopterin",
      "Age": "3.41 Year(s)",
      "Dosage": "20 mg/kg/day",
      "Route": "oral"
    },
    {
      "Name": "tetrahydrobiopterin",
      "Age": "3.41 Year(s)",
      "Dosage": "20 mg/kg/day",
      "Route": "oral"
    },
    {
      "Name": "tetrahydrobiopterin",
      "Age": "3.41 Year(s)",
      "Dosage": "20 mg/kg/day",
      "Route": "oral"
    },
    {
      "Name": "tetrahydrobiopterin",
      "Age": "3.41 Year(s)",
      "Dosage": "20 mg/kg/day",
      "Route": "oral"
    },
    {
      "Name": "tetrahydrobiopterin",
      "Age": "3.42 Year(s)",
      "Dosage": "0 mg/kg/day",
      "Route": "oral"
    },
    {
      "Name": "tetrahydrobiopterin",
      "Age": "4.15 Year(s)",
      "Dosage": "10 mg/kg/day",
      "Route": "oral"
    },
    {
      "Name": "tetrahydrobiopterin",
      "Age": "4.78 Year(s)",
      "Dosage": "13 mg/kg/day",
      "Route": "oral"
    },
    {
      "Name": "tetrahydrobiopterin",
      "Age": "7.3 Year(s)",
      "Dosage": "11 mg/kg/day",
      "Route": "oral"
    },
    {
      "Name": "tetrahydrobiopterin",
      "Age": "8.31 Year(s)",
      "Dosage": "11.6 mg/kg/day",
      "Route": "oral"
    },
    {
      "Name": "tetrahydrobiopterin",
      "Age": "9.14 Year(s)",
      "Dosage": "12.4 mg/kg/day",
      "Route": "oral"
    },
    {
      "Name": "tetrahydrobiopterin",
      "Age": "10.2 Year(s)",
      "Dosage": "400 mg/day",
      "Route": "oral"
    },
    {
      "Name": "tetrahydrobiopterin",
      "Age": "10.25 Year(s)",
      "Dosage": "800 mg/day",
      "Route": "oral"
    },
    {
      "Name": "tetrahydrobiopterin",
      "Age": "10.26 Year(s)",
      "Dosage": "400 mg/day",
      "Route": "oral"
    },
    {
      "Name": "tetrahydrobiopterin",
      "Age": "11.38 Year(s)",
      "Dosage": "500 mg/day",
      "Route": "oral"
    },
    {
      "Name": "withdrawal of the drug",
      "Age": "10.18 Year(s)",
      "Dosage": "0 mg/kg/day",
      "Route": "oral"
    }
  ],
  "Therapy/development": [
    {
      "Name": "blood pressure, diastolic",
      "Age": "13.22 Year(s)",
      "Quantity": "67 mmHG",
      "Type": ""
    },
    {
      "Name": "blood pressure, systolic",
      "Age": "13.22 Year(s)",
      "Quantity": "128 mmHG",
      "Type": ""
    },
    {
      "Name": "head circumference",
      "Age": "7.29 Month(s)",
      "Quantity": "42  cm",
      "Type": "development"
    },
    {
      "Name": "head circumference",
      "Age": "22.54 Month(s)",
      "Quantity": "48  cm",
      "Type": "development"
    },
    {
      "Name": "length",
      "Age": "7.29 Month(s)",
      "Quantity": "65  cm",
      "Type": "development"
    },
    {
      "Name": "length",
      "Age": "22.54 Month(s)",
      "Quantity": "85  cm",
      "Type": "development"
    },
    {
      "Name": "length",
      "Age": "2.29 Year(s)",
      "Quantity": "87  cm",
      "Type": "development"
    },
    {
      "Name": "length",
      "Age": "2.76 Year(s)",
      "Quantity": "89  cm",
      "Type": "development"
    },
    {
      "Name": "length",
      "Age": "3.25 Year(s)",
      "Quantity": "94  cm",
      "Type": "development"
    },
    {
      "Name": "length",
      "Age": "3.81 Year(s)",
      "Quantity": "99  cm",
      "Type": "development"
    },
    {
      "Name": "length",
      "Age": "4.27 Year(s)",
      "Quantity": "101.5  cm",
      "Type": "development"
    },
    {
      "Name": "length",
      "Age": "5.27 Year(s)",
      "Quantity": "108  cm",
      "Type": "development"
    },
    {
      "Name": "length",
      "Age": "5.8 Year(s)",
      "Quantity": "111  cm",
      "Type": "development"
    },
    {
      "Name": "length",
      "Age": "6.82 Year(s)",
      "Quantity": "117.5  cm",
      "Type": "development"
    },
    {
      "Name": "length",
      "Age": "7.3 Year(s)",
      "Quantity": "120  cm",
      "Type": "development"
    },
    {
      "Name": "length",
      "Age": "7.82 Year(s)",
      "Quantity": "122.7  cm",
      "Type": "development"
    },
    {
      "Name": "length",
      "Age": "8.31 Year(s)",
      "Quantity": "125.5  cm",
      "Type": "development"
    },
    {
      "Name": "length",
      "Age": "9.14 Year(s)",
      "Quantity": "130.9  cm",
      "Type": "development"
    },
    {
      "Name": "length",
      "Age": "10.14 Year(s)",
      "Quantity": "137.4  cm",
      "Type": "development"
    },
    {
      "Name": "length",
      "Age": "10.65 Year(s)",
      "Quantity": "140  cm",
      "Type": "development"
    },
    {
      "Name": "length",
      "Age": "11.11 Year(s)",
      "Quantity": "143.5  cm",
      "Type": "development"
    },
    {
      "Name": "length",
      "Age": "11.38 Year(s)",
      "Quantity": "146  cm",
      "Type": "development"
    },
    {
      "Name": "length",
      "Age": "12.44 Year(s)",
      "Quantity": "153.3  cm",
      "Type": "development"
    },
    {
      "Name": "length",
      "Age": "13.22 Year(s)",
      "Quantity": "156.5  cm",
      "Type": "development"
    },
    {
      "Name": "phenylalanine-restricted diet",
      "Age": "22.54 Month(s)",
      "Quantity": "200",
      "Type": ""
    },
    {
      "Name": "weight",
      "Age": "13 Day(s)",
      "Quantity": "3.3  kg",
      "Type": "development"
    },
    {
      "Name": "weight",
      "Age": "4.14 Month(s)",
      "Quantity": "6  kg",
      "Type": "development"
    },
    {
      "Name": "weight",
      "Age": "7.29 Month(s)",
      "Quantity": "7.4  kg",
      "Type": "development"
    },
    {
      "Name": "weight",
      "Age": "10.09 Month(s)",
      "Quantity": "8.7  kg",
      "Type": "development"
    },
    {
      "Name": "weight",
      "Age": "13.47 Month(s)",
      "Quantity": "11.1  kg",
      "Type": "development"
    },
    {
      "Name": "weight",
      "Age": "15.25 Month(s)",
      "Quantity": "11.4  kg",
      "Type": "development"
    },
    {
      "Name": "weight",
      "Age": "22.54 Month(s)",
      "Quantity": "11.7  kg",
      "Type": "development"
    },
    {
      "Name": "weight",
      "Age": "2.29 Year(s)",
      "Quantity": "12.6  kg",
      "Type": "development"
    },
    {
      "Name": "weight",
      "Age": "2.76 Year(s)",
      "Quantity": "14.8  kg",
      "Type": "development"
    },
    {
      "Name": "weight",
      "Age": "3.25 Year(s)",
      "Quantity": "15  kg",
      "Type": "development"
    },
    {
      "Name": "weight",
      "Age": "3.81 Year(s)",
      "Quantity": "16.4  kg",
      "Type": "development"
    },
    {
      "Name": "weight",
      "Age": "4.27 Year(s)",
      "Quantity": "17.5  kg",
      "Type": "development"
    },
    {
      "Name": "weight",
      "Age": "5.27 Year(s)",
      "Quantity": "19.4  kg",
      "Type": "development"
    },
    {
      "Name": "weight",
      "Age": "5.8 Year(s)",
      "Quantity": "20.2  kg",
      "Type": "development"
    },
    {
      "Name": "weight",
      "Age": "6.82 Year(s)",
      "Quantity": "24.2  kg",
      "Type": "development"
    },
    {
      "Name": "weight",
      "Age": "7.3 Year(s)",
      "Quantity": "25.4  kg",
      "Type": "development"
    },
    {
      "Name": "weight",
      "Age": "7.82 Year(s)",
      "Quantity": "26.9  kg",
      "Type": "development"
    },
    {
      "Name": "weight",
      "Age": "8.31 Year(s)",
      "Quantity": "30.1  kg",
      "Type": "development"
    },
    {
      "Name": "weight",
      "Age": "9.14 Year(s)",
      "Quantity": "32.2  kg",
      "Type": "development"
    },
    {
      "Name": "weight",
      "Age": "10.14 Year(s)",
      "Quantity": "39.4  kg",
      "Type": "development"
    },
    {
      "Name": "weight",
      "Age": "10.65 Year(s)",
      "Quantity": "42.1  kg",
      "Type": "development"
    },
    {
      "Name": "weight",
      "Age": "11.11 Year(s)",
      "Quantity": "46.7  kg",
      "Type": "development"
    },
    {
      "Name": "weight",
      "Age": "11.38 Year(s)",
      "Quantity": "48  kg",
      "Type": "development"
    },
    {
      "Name": "weight",
      "Age": "12.44 Year(s)",
      "Quantity": "49.5  kg",
      "Type": "development"
    },
    {
      "Name": "weight",
      "Age": "13.22 Year(s)",
      "Quantity": "55.1  kg",
      "Type": "development"
    }
  ]
}