{
  "MainData": {
    "Patient ID": "498",
    "Diagnosis": "ACYL-CoA DEHYDROGENASE, MEDIUM-CHAIN, DEFICIENCY OF (MIM 201450)",
    "Gender": "f",
    "Age of symptoms onset": "0 Day(s)",
    "Age of diagnosis": "4 Day(s)",
    "Found in newborn screening": "y",
    "Diagnosis confirmed": "y",
    "Country": "Germany",
    "Ethnic origin": "Mother: Turkish, Father: Turkish",
    "History": "Hypotrophic newborn, otherwise normal. Found in neonatal screening.",
    "Author": "Friedrich Trefz",
    "Hospital": "Childrens Hospital Reutlingen",
    "Coauthor(s)": "Georg Hoffmann",
    "Date of entry": "2002-01-18"
  },
  "Molecular genetics": {
    "Gene name": "MCAD gene",
    "Genotype": "p.K329E/ p.K329E",
    "Allele 1": {
      "Trivial name": "p.K329E",
      "Systematic name": "c.985A>G",
      "Amino acid change": "Lys>Glu",
      "Nucleotide change": "AAA>GAA",
      "Exon/Intron Boundary/Promotor": "11"
    },
    "Allele 2": {
      "Trivial name": "p.K329E",
      "Systematic name": "c.985A>G",
      "Amino acid change": "Lys>Glu",
      "Nucleotide change": "AAA>GAA",
      "Exon/Intron Boundary/Promotor": "11"
    }
  },
  "Lab findings": [
    {
      "Name": "Alanine",
      "Age": "4.43 Month(s)",
      "Specimen": "serum/plasma",
      "Quantity": "2269 micro-mol/l",
      "Quality": "Increased"
    },
    {
      "Name": "Carnitine, free",
      "Age": "9 Day(s)",
      "Specimen": "blood",
      "Quantity": "",
      "Quality": "Normal"
    },
    {
      "Name": "Carnitine, free",
      "Age": "2.07 Month(s)",
      "Specimen": "blood",
      "Quantity": "",
      "Quality": "Normal"
    },
    {
      "Name": "Carnitine, free",
      "Age": "2.24 Year(s)",
      "Specimen": "blood",
      "Quantity": "41 micro-mol/l",
      "Quality": "Normal"
    },
    {
      "Name": "Carnitine, free",
      "Age": "2.75 Year(s)",
      "Specimen": "blood",
      "Quantity": "94 micro-mol/l",
      "Quality": "Increased"
    },
    {
      "Name": "Carnitine, free",
      "Age": "3.24 Year(s)",
      "Specimen": "blood",
      "Quantity": "54 micro-mol/l",
      "Quality": "Normal"
    },
    {
      "Name": "Carnitine, free",
      "Age": "4.19 Year(s)",
      "Specimen": "blood",
      "Quantity": "68 micro-mol/l",
      "Quality": "Normal"
    },
    {
      "Name": "Carnitine, free",
      "Age": "4.72 Year(s)",
      "Specimen": "blood",
      "Quantity": "56 micro-mol/l",
      "Quality": "Normal"
    },
    {
      "Name": "Carnitine, free",
      "Age": "5.25 Year(s)",
      "Specimen": "blood",
      "Quantity": "56 micro-mol/l",
      "Quality": "Normal"
    },
    {
      "Name": "Carnitine, free",
      "Age": "6.06 Year(s)",
      "Specimen": "blood",
      "Quantity": "85 micro-mol/l",
      "Quality": "Increased"
    },
    {
      "Name": "Decadienoylcarnitine (C10:2)",
      "Age": "8.54 Month(s)",
      "Specimen": "blood",
      "Quantity": "0.5 micro-mol/l",
      "Quality": "Increased"
    },
    {
      "Name": "Decadienoylcarnitine (C10:2)",
      "Age": "9.13 Month(s)",
      "Specimen": "blood",
      "Quantity": "0.4 micro-mol/l",
      "Quality": "Increased"
    },
    {
      "Name": "Decadienoylcarnitine (C10:2)",
      "Age": "4.19 Year(s)",
      "Specimen": "blood",
      "Quantity": "0.5 micro-mol/l",
      "Quality": "Increased"
    },
    {
      "Name": "Decanoylcarnitine (C10)",
      "Age": "4.43 Month(s)",
      "Specimen": "blood",
      "Quantity": "0.7 micro-mol/l",
      "Quality": "Increased"
    },
    {
      "Name": "Decanoylcarnitine (C10)",
      "Age": "8.54 Month(s)",
      "Specimen": "blood",
      "Quantity": "1 micro-mol/l",
      "Quality": "Increased"
    },
    {
      "Name": "Decanoylcarnitine (C10)",
      "Age": "9.13 Month(s)",
      "Specimen": "blood",
      "Quantity": "2.3 micro-mol/l",
      "Quality": "Increased"
    },
    {
      "Name": "Decanoylcarnitine (C10)",
      "Age": "13.04 Month(s)",
      "Specimen": "blood",
      "Quantity": "0.6 micro-mol/l",
      "Quality": "Increased"
    },
    {
      "Name": "Decanoylcarnitine (C10)",
      "Age": "23.03 Month(s)",
      "Specimen": "blood",
      "Quantity": "1 micro-mol/l",
      "Quality": "Increased"
    },
    {
      "Name": "Decanoylcarnitine (C10)",
      "Age": "3.24 Year(s)",
      "Specimen": "blood",
      "Quantity": "0.5 micro-mol/l",
      "Quality": "Increased"
    },
    {
      "Name": "Decanoylcarnitine (C10)",
      "Age": "3.75 Year(s)",
      "Specimen": "blood",
      "Quantity": "0.9 micro-mol/l",
      "Quality": "Increased"
    },
    {
      "Name": "Decanoylcarnitine (C10)",
      "Age": "4.19 Year(s)",
      "Specimen": "blood",
      "Quantity": "1.7 micro-mol/l",
      "Quality": "Increased"
    },
    {
      "Name": "Decanoylcarnitine (C10)",
      "Age": "4.72 Year(s)",
      "Specimen": "blood",
      "Quantity": "1 micro-mol/l",
      "Quality": "Increased"
    },
    {
      "Name": "Decanoylcarnitine (C10)",
      "Age": "5.25 Year(s)",
      "Specimen": "blood",
      "Quantity": "0.6 micro-mol/l",
      "Quality": "Increased"
    },
    {
      "Name": "Decanoylcarnitine (C10)",
      "Age": "6.06 Year(s)",
      "Specimen": "blood",
      "Quantity": "0.3 micro-mol/l",
      "Quality": "Normal"
    },
    {
      "Name": "Decenoylcarnitine (C10:1)",
      "Age": "2.07 Month(s)",
      "Specimen": "blood",
      "Quantity": "1.1 micro-mol/l",
      "Quality": "Increased"
    },
    {
      "Name": "Decenoylcarnitine (C10:1)",
      "Age": "4.43 Month(s)",
      "Specimen": "blood",
      "Quantity": "1 micro-mol/l",
      "Quality": "Increased"
    },
    {
      "Name": "Decenoylcarnitine (C10:1)",
      "Age": "8.54 Month(s)",
      "Specimen": "blood",
      "Quantity": "2.6 micro-mol/l",
      "Quality": "Increased"
    },
    {
      "Name": "Decenoylcarnitine (C10:1)",
      "Age": "9.13 Month(s)",
      "Specimen": "blood",
      "Quantity": "2.2 micro-mol/l",
      "Quality": "Increased"
    },
    {
      "Name": "Decenoylcarnitine (C10:1)",
      "Age": "13.04 Month(s)",
      "Specimen": "blood",
      "Quantity": "0.9 micro-mol/l",
      "Quality": "Increased"
    },
    {
      "Name": "Decenoylcarnitine (C10:1)",
      "Age": "23.03 Month(s)",
      "Specimen": "blood",
      "Quantity": "2.5 micro-mol/l",
      "Quality": "Increased"
    },
    {
      "Name": "Decenoylcarnitine (C10:1)",
      "Age": "2.24 Year(s)",
      "Specimen": "blood",
      "Quantity": "0.7 micro-mol/l",
      "Quality": "Increased"
    },
    {
      "Name": "Decenoylcarnitine (C10:1)",
      "Age": "3.24 Year(s)",
      "Specimen": "blood",
      "Quantity": "1.4 micro-mol/l",
      "Quality": "Increased"
    },
    {
      "Name": "Decenoylcarnitine (C10:1)",
      "Age": "3.75 Year(s)",
      "Specimen": "blood",
      "Quantity": "1.4 micro-mol/l",
      "Quality": "Increased"
    },
    {
      "Name": "Decenoylcarnitine (C10:1)",
      "Age": "4.19 Year(s)",
      "Specimen": "blood",
      "Quantity": "4.1 micro-mol/l",
      "Quality": "Increased"
    },
    {
      "Name": "Decenoylcarnitine (C10:1)",
      "Age": "4.72 Year(s)",
      "Specimen": "blood",
      "Quantity": "2.6 micro-mol/l",
      "Quality": "Increased"
    },
    {
      "Name": "Decenoylcarnitine (C10:1)",
      "Age": "5.25 Year(s)",
      "Specimen": "blood",
      "Quantity": "1.2 micro-mol/l",
      "Quality": "Increased"
    },
    {
      "Name": "Decenoylcarnitine (C10:1)",
      "Age": "6.06 Year(s)",
      "Specimen": "blood",
      "Quantity": "0.8 micro-mol/l",
      "Quality": "Increased"
    },
    {
      "Name": "Hexanoylcarnitine (C6)",
      "Age": "2.07 Month(s)",
      "Specimen": "blood",
      "Quantity": "0.9 micro-mol/l",
      "Quality": "Increased"
    },
    {
      "Name": "Hexanoylcarnitine (C6)",
      "Age": "4.43 Month(s)",
      "Specimen": "blood",
      "Quantity": "1.9 micro-mol/l",
      "Quality": "Increased"
    },
    {
      "Name": "Hexanoylcarnitine (C6)",
      "Age": "8.54 Month(s)",
      "Specimen": "blood",
      "Quantity": "4 micro-mol/l",
      "Quality": "Increased"
    },
    {
      "Name": "Hexanoylcarnitine (C6)",
      "Age": "9.13 Month(s)",
      "Specimen": "blood",
      "Quantity": "2.8 micro-mol/l",
      "Quality": "Increased"
    },
    {
      "Name": "Hexanoylcarnitine (C6)",
      "Age": "13.04 Month(s)",
      "Specimen": "blood",
      "Quantity": "1.8 micro-mol/l",
      "Quality": "Increased"
    },
    {
      "Name": "Hexanoylcarnitine (C6)",
      "Age": "23.03 Month(s)",
      "Specimen": "blood",
      "Quantity": "2.1 micro-mol/l",
      "Quality": "Increased"
    },
    {
      "Name": "Hexanoylcarnitine (C6)",
      "Age": "2.24 Year(s)",
      "Specimen": "blood",
      "Quantity": "1.1 micro-mol/l",
      "Quality": "Increased"
    },
    {
      "Name": "Hexanoylcarnitine (C6)",
      "Age": "3.24 Year(s)",
      "Specimen": "blood",
      "Quantity": "2.6 micro-mol/l",
      "Quality": "Increased"
    },
    {
      "Name": "Hexanoylcarnitine (C6)",
      "Age": "3.75 Year(s)",
      "Specimen": "blood",
      "Quantity": "3 micro-mol/l",
      "Quality": "Increased"
    },
    {
      "Name": "Hexanoylcarnitine (C6)",
      "Age": "4.19 Year(s)",
      "Specimen": "blood",
      "Quantity": "3.3 micro-mol/l",
      "Quality": "Increased"
    },
    {
      "Name": "Hexanoylcarnitine (C6)",
      "Age": "4.72 Year(s)",
      "Specimen": "blood",
      "Quantity": "2.2 micro-mol/l",
      "Quality": "Increased"
    },
    {
      "Name": "Hexanoylcarnitine (C6)",
      "Age": "5.25 Year(s)",
      "Specimen": "blood",
      "Quantity": "2 micro-mol/l",
      "Quality": "Increased"
    },
    {
      "Name": "Hexanoylcarnitine (C6)",
      "Age": "6.06 Year(s)",
      "Specimen": "blood",
      "Quantity": "1 micro-mol/l",
      "Quality": "Increased"
    },
    {
      "Name": "Octanoyl-/Decanoylcarnitine (C8/C10)",
      "Age": "4.43 Month(s)",
      "Specimen": "blood",
      "Quantity": "6.8 (ratio)",
      "Quality": "Increased"
    },
    {
      "Name": "Octanoyl-/Decanoylcarnitine (C8/C10)",
      "Age": "13.04 Month(s)",
      "Specimen": "blood",
      "Quantity": "6.1 (ratio)",
      "Quality": "Increased"
    },
    {
      "Name": "Octanoyl-/Decanoylcarnitine (C8/C10)",
      "Age": "23.03 Month(s)",
      "Specimen": "blood",
      "Quantity": "7.4 (ratio)",
      "Quality": "Increased"
    },
    {
      "Name": "Octanoyl-/Decanoylcarnitine (C8/C10)",
      "Age": "2.24 Year(s)",
      "Specimen": "blood",
      "Quantity": "17 (ratio)",
      "Quality": "Increased"
    },
    {
      "Name": "Octanoyl-/Decanoylcarnitine (C8/C10)",
      "Age": "3.75 Year(s)",
      "Specimen": "blood",
      "Quantity": "8 (ratio)",
      "Quality": "Increased"
    },
    {
      "Name": "Octanoyl-/Decanoylcarnitine (C8/C10)",
      "Age": "4.19 Year(s)",
      "Specimen": "blood",
      "Quantity": "8 (ratio)",
      "Quality": "Increased"
    },
    {
      "Name": "Octanoyl-/Decanoylcarnitine (C8/C10)",
      "Age": "4.72 Year(s)",
      "Specimen": "blood",
      "Quantity": "11.4 (ratio)",
      "Quality": "Increased"
    },
    {
      "Name": "Octanoyl-/Decanoylcarnitine (C8/C10)",
      "Age": "5.25 Year(s)",
      "Specimen": "blood",
      "Quantity": "11 (ratio)",
      "Quality": "Increased"
    },
    {
      "Name": "Octanoyl-/Decanoylcarnitine (C8/C10)",
      "Age": "6.06 Year(s)",
      "Specimen": "blood",
      "Quantity": "9.2 (ratio)",
      "Quality": "Increased"
    },
    {
      "Name": "Octanoylcarnitine (C8)",
      "Age": "9 Day(s)",
      "Specimen": "blood",
      "Quantity": "1.3 micro-mol/l",
      "Quality": "Increased"
    },
    {
      "Name": "Octanoylcarnitine (C8)",
      "Age": "2.07 Month(s)",
      "Specimen": "blood",
      "Quantity": "2.7 micro-mol/l",
      "Quality": "Increased"
    },
    {
      "Name": "Octanoylcarnitine (C8)",
      "Age": "4.43 Month(s)",
      "Specimen": "blood",
      "Quantity": "4.7 micro-mol/l",
      "Quality": "Increased"
    },
    {
      "Name": "Octanoylcarnitine (C8)",
      "Age": "8.54 Month(s)",
      "Specimen": "blood",
      "Quantity": "7.3 micro-mol/l",
      "Quality": "Increased"
    },
    {
      "Name": "Octanoylcarnitine (C8)",
      "Age": "9.13 Month(s)",
      "Specimen": "blood",
      "Quantity": "19.3 micro-mol/l",
      "Quality": "Increased"
    },
    {
      "Name": "Octanoylcarnitine (C8)",
      "Age": "13.04 Month(s)",
      "Specimen": "blood",
      "Quantity": "3.5 micro-mol/l",
      "Quality": "Increased"
    },
    {
      "Name": "Octanoylcarnitine (C8)",
      "Age": "23.03 Month(s)",
      "Specimen": "blood",
      "Quantity": "7.2 micro-mol/l",
      "Quality": "Increased"
    },
    {
      "Name": "Octanoylcarnitine (C8)",
      "Age": "2.24 Year(s)",
      "Specimen": "blood",
      "Quantity": "4.4 micro-mol/l",
      "Quality": "Increased"
    },
    {
      "Name": "Octanoylcarnitine (C8)",
      "Age": "2.75 Year(s)",
      "Specimen": "blood",
      "Quantity": "6.2 micro-mol/l",
      "Quality": "Increased"
    },
    {
      "Name": "Octanoylcarnitine (C8)",
      "Age": "3.24 Year(s)",
      "Specimen": "blood",
      "Quantity": "7.7 micro-mol/l",
      "Quality": "Increased"
    },
    {
      "Name": "Octanoylcarnitine (C8)",
      "Age": "3.75 Year(s)",
      "Specimen": "blood",
      "Quantity": "7.6 micro-mol/l",
      "Quality": "Increased"
    },
    {
      "Name": "Octanoylcarnitine (C8)",
      "Age": "4.19 Year(s)",
      "Specimen": "blood",
      "Quantity": "13.7 micro-mol/l",
      "Quality": "Increased"
    },
    {
      "Name": "Octanoylcarnitine (C8)",
      "Age": "4.72 Year(s)",
      "Specimen": "blood",
      "Quantity": "11.2 micro-mol/l",
      "Quality": "Increased"
    },
    {
      "Name": "Octanoylcarnitine (C8)",
      "Age": "5.25 Year(s)",
      "Specimen": "blood",
      "Quantity": "6.2 micro-mol/l",
      "Quality": "Increased"
    },
    {
      "Name": "Octanoylcarnitine (C8)",
      "Age": "6.06 Year(s)",
      "Specimen": "blood",
      "Quantity": "2.8 micro-mol/l",
      "Quality": "Increased"
    }
  ],
  "Symptoms": [
    {
      "Name": "abnormal in neonatal screening",
      "Age": "4 Day(s)",
      "Range": "yes"
    },
    {
      "Name": "birthweight",
      "Age": "1 Day(s)",
      "Range": "low [small for gestational age]"
    },
    {
      "Name": "hearing defect, deafness",
      "Age": "2.24 Year(s)",
      "Range": "yes"
    }
  ],
  "Diet/drugs": [
    {
      "Name": "L-carnitine",
      "Age": "13 Day(s)",
      "Dosage": "140 mg/day",
      "Route": "oral"
    },
    {
      "Name": "L-carnitine",
      "Age": "2.24 Year(s)",
      "Dosage": "600 mg/day",
      "Route": "oral"
    }
  ],
  "Therapy/development": [
    {
      "Name": "avoidance of fasting",
      "Age": "13 Day(s)",
      "Quantity": "",
      "Type": ""
    },
    {
      "Name": "head circumference",
      "Age": "8 Day(s)",
      "Quantity": "35  cm",
      "Type": "development"
    },
    {
      "Name": "length",
      "Age": "8 Day(s)",
      "Quantity": "50  cm",
      "Type": "development"
    },
    {
      "Name": "length",
      "Age": "2.24 Year(s)",
      "Quantity": "82.5  cm",
      "Type": "development"
    },
    {
      "Name": "length",
      "Age": "2.75 Year(s)",
      "Quantity": "93  cm",
      "Type": "development"
    },
    {
      "Name": "length",
      "Age": "3.75 Year(s)",
      "Quantity": "95  cm",
      "Type": "development"
    },
    {
      "Name": "weight",
      "Age": "8 Day(s)",
      "Quantity": "2.6  kg",
      "Type": "development"
    },
    {
      "Name": "weight",
      "Age": "2.24 Year(s)",
      "Quantity": "10.7  kg",
      "Type": "development"
    },
    {
      "Name": "weight",
      "Age": "2.75 Year(s)",
      "Quantity": "11.7  kg",
      "Type": "development"
    },
    {
      "Name": "weight",
      "Age": "3.75 Year(s)",
      "Quantity": "13  kg",
      "Type": "development"
    }
  ]
}