{
  "MainData": {
    "Patient ID": "502",
    "Diagnosis": "CITRULLINEMIA, CLASSIC (MIM 215700)",
    "Gender": "m",
    "Age of symptoms onset": "2 Day(s)",
    "Age of diagnosis": "4 Day(s)",
    "Found in newborn screening": "n",
    "Diagnosis confirmed": "y",
    "Country": "Germany",
    "Ethnic origin": "Mother: unknown, Father: unknown",
    "History": "First child of healthy, consanguineous parents. The boy was born at term after an uneventful pregnancy. At the age of 2 days, the boy presented with respiratory distress, jitterness and tachycardia. No large liver or spleen. During hospitalisation, several severe complications occured.\nIncreased levels of citrulline in urine led to the diagnosis of citrullinemia. \nThe child died at the age of 10 days.",
    "Author": "Willy Lehnert",
    "Hospital": "University Childrens Hospital Freiburg",
    "Coauthor(s)": "",
    "Date of entry": "2002-01-22"
  },
  "Molecular genetics": {
    "Gene name": "",
    "Genotype": "",
    "Allele 1": {
      "Trivial name": "",
      "Systematic name": "",
      "Amino acid change": "",
      "Nucleotide change": "",
      "Exon/Intron Boundary/Promotor": ""
    },
    "Allele 2": {
      "Trivial name": "",
      "Systematic name": "",
      "Amino acid change": "",
      "Nucleotide change": "",
      "Exon/Intron Boundary/Promotor": ""
    }
  },
  "Lab findings": [
    {
      "Name": "Ammonia",
      "Age": "4 Day(s)",
      "Specimen": "serum/plasma",
      "Quantity": "443 micro-mol/l",
      "Quality": "Increased"
    },
    {
      "Name": "Aspartate aminotransferase (SGOT)",
      "Age": "2 Day(s)",
      "Specimen": "serum/plasma",
      "Quantity": "813 U/l",
      "Quality": "Increased"
    },
    {
      "Name": "Bilirubin, total",
      "Age": "2 Day(s)",
      "Specimen": "serum/plasma",
      "Quantity": "375 micro-mol/l",
      "Quality": "Increased"
    },
    {
      "Name": "Citrulline",
      "Age": "4 Day(s)",
      "Specimen": "urine",
      "Quantity": "",
      "Quality": "Increased"
    },
    {
      "Name": "Glutamine",
      "Age": "4 Day(s)",
      "Specimen": "urine",
      "Quantity": "",
      "Quality": "Increased"
    },
    {
      "Name": "PTT",
      "Age": "2 Day(s)",
      "Specimen": "serum/plasma",
      "Quantity": "61 sec",
      "Quality": "Increased"
    }
  ],
  "Symptoms": [
    {
      "Name": "cerebral edema",
      "Age": "4 Day(s)",
      "Range": "yes"
    },
    {
      "Name": "coma",
      "Age": "4 Day(s)",
      "Range": "+++"
    },
    {
      "Name": "fasciculations",
      "Age": "1 Day(s)",
      "Range": "yes"
    },
    {
      "Name": "hyporeflexia",
      "Age": "4 Day(s)",
      "Range": "yes"
    },
    {
      "Name": "hypotonia",
      "Age": "4 Day(s)",
      "Range": "yes"
    },
    {
      "Name": "jitterness",
      "Age": "1 Day(s)",
      "Range": "yes"
    },
    {
      "Name": "large spleen",
      "Age": "1 Day(s)",
      "Range": "no"
    },
    {
      "Name": "metabolic acidosis",
      "Age": "1 Day(s)",
      "Range": "yes"
    },
    {
      "Name": "respiratory distress",
      "Age": "1 Day(s)",
      "Range": "yes"
    },
    {
      "Name": "tachycardia",
      "Age": "1 Day(s)",
      "Range": "yes"
    }
  ],
  "Diet/drugs": [],
  "Therapy/development": []
}