{
  "MainData": {
    "Patient ID": "509",
    "Diagnosis": "METHYLMALONIC ACIDURIA DUE TO METHYLMALONYL-CoA MUTASE DEFICIENCY (MIM 251000)",
    "Gender": "m",
    "Age of symptoms onset": "0 Day(s)",
    "Age of diagnosis": "17 Day(s)",
    "Found in newborn screening": "y",
    "Diagnosis confirmed": "n",
    "Country": "Germany",
    "Ethnic origin": "Mother: Turkish, Father: Turkish",
    "History": "The patient was found in the extended newborn screening program (University Childrens Hospital Heidelberg, Germany) with elevated levels of propionylcarnitine (155mol/ l, control 5.55mol/ l). Excretion of methylmalonic acid was increased, too, so diagnosis of methylmalonic aciduria was made.\nFour weeks later, all laboratory parameters had normalised, the infant developped normally, and did not present any clinical symptoms.",
    "Author": "Friedrich Trefz",
    "Hospital": "Childrens Hospital Reutlingen",
    "Coauthor(s)": "",
    "Date of entry": "2002-01-29"
  },
  "Molecular genetics": {
    "Gene name": "",
    "Genotype": "",
    "Allele 1": {
      "Trivial name": "",
      "Systematic name": "",
      "Amino acid change": "",
      "Nucleotide change": "",
      "Exon/Intron Boundary/Promotor": ""
    },
    "Allele 2": {
      "Trivial name": "",
      "Systematic name": "",
      "Amino acid change": "",
      "Nucleotide change": "",
      "Exon/Intron Boundary/Promotor": ""
    }
  },
  "Lab findings": [
    {
      "Name": "3-Hydroxypropionic acid",
      "Age": "17 Day(s)",
      "Specimen": "urine",
      "Quantity": "",
      "Quality": "Normal"
    },
    {
      "Name": "Carnitine, free",
      "Age": "17 Day(s)",
      "Specimen": "blood",
      "Quantity": "24 micro-mol/l",
      "Quality": "Normal"
    },
    {
      "Name": "Homocysteine",
      "Age": "4 Week(s)",
      "Specimen": "serum/plasma",
      "Quantity": "12.9 micro-mol/l",
      "Quality": "Normal"
    },
    {
      "Name": "Methylcitric acid",
      "Age": "17 Day(s)",
      "Specimen": "urine",
      "Quantity": "",
      "Quality": "Normal"
    },
    {
      "Name": "Methylmalonic acid",
      "Age": "10 Day(s)",
      "Specimen": "urine",
      "Quantity": "785 mmol/mol Crea",
      "Quality": "Increased"
    },
    {
      "Name": "Methylmalonic acid",
      "Age": "17 Day(s)",
      "Specimen": "urine",
      "Quantity": "142 mmol/mol Crea",
      "Quality": "Increased"
    },
    {
      "Name": "Methylmalonic acid",
      "Age": "4 Week(s)",
      "Specimen": "urine",
      "Quantity": "2 mmol/mol Crea",
      "Quality": "Normal"
    },
    {
      "Name": "Methylmalonic acid",
      "Age": "4 Week(s)",
      "Specimen": "urine",
      "Quantity": "4 mmol/mol Crea",
      "Quality": "Normal"
    },
    {
      "Name": "Methylmalonic acid",
      "Age": "12.39 Month(s)",
      "Specimen": "urine",
      "Quantity": "9.5 mmol/mol Crea",
      "Quality": "Normal"
    },
    {
      "Name": "Propionylcarnitine (C3)",
      "Age": "4 Day(s)",
      "Specimen": "blood",
      "Quantity": "15 micro-mol/l",
      "Quality": "Increased"
    },
    {
      "Name": "Propionylcarnitine (C3)",
      "Age": "10 Day(s)",
      "Specimen": "blood",
      "Quantity": "5.5 micro-mol/l",
      "Quality": "Increased"
    },
    {
      "Name": "Propionylcarnitine (C3)",
      "Age": "17 Day(s)",
      "Specimen": "blood",
      "Quantity": "1.8 micro-mol/l",
      "Quality": "Normal"
    },
    {
      "Name": "Propionylcarnitine (C3)",
      "Age": "4 Week(s)",
      "Specimen": "blood",
      "Quantity": "2.6 micro-mol/l",
      "Quality": "Normal"
    },
    {
      "Name": "Vitamin B12",
      "Age": "17 Day(s)",
      "Specimen": "serum/plasma",
      "Quantity": "984 pg/ml",
      "Quality": "Normal"
    }
  ],
  "Symptoms": [
    {
      "Name": "no clinical signs or symptoms",
      "Age": "17 Day(s)",
      "Range": "yes"
    },
    {
      "Name": "no clinical signs or symptoms",
      "Age": "4 Week(s)",
      "Range": "yes"
    }
  ],
  "Diet/drugs": [],
  "Therapy/development": []
}