{
  "MainData": {
    "Patient ID": "512",
    "Diagnosis": "PHENYLKETONURIA (MIM 261600)",
    "Gender": "m",
    "Age of symptoms onset": "",
    "Age of diagnosis": "7 Day(s)",
    "Found in newborn screening": "y",
    "Diagnosis confirmed": "y",
    "Country": "Germany",
    "Ethnic origin": "Mother: German, Father: German",
    "History": "The patient was found in the newborn screening program with elevated levels of phenylalanine (1320 micro-mol/ l).\r\nTreatmwnt with phe-restricted diet and amino acid mixture lead to normal development.",
    "Author": "Friedrich Trefz",
    "Hospital": "Childrens Hospital Reutlingen",
    "Coauthor(s)": "",
    "Date of entry": "2002-02-14"
  },
  "Molecular genetics": {
    "Gene name": "PAH gene",
    "Genotype": "p.Y343C/ p.R408W",
    "Allele 1": {
      "Trivial name": "p.Y343C",
      "Systematic name": "c.1028A>G",
      "Amino acid change": "Tyr>Cys",
      "Nucleotide change": "TAT>TGT",
      "Exon/Intron Boundary/Promotor": "10"
    },
    "Allele 2": {
      "Trivial name": "p.R408W",
      "Systematic name": "c.1222C>T",
      "Amino acid change": "Arg>Trp",
      "Nucleotide change": "CGG>TGG",
      "Exon/Intron Boundary/Promotor": "12"
    }
  },
  "Lab findings": [
    {
      "Name": "Phenylalanine",
      "Age": "7 Day(s)",
      "Specimen": "blood",
      "Quantity": "1320 micro-mol/l",
      "Quality": "Increased"
    },
    {
      "Name": "Phenylalanine",
      "Age": "3.42 Month(s)",
      "Specimen": "blood",
      "Quantity": "49.2 micro-mol/l",
      "Quality": "Normal"
    },
    {
      "Name": "Phenylalanine",
      "Age": "5.75 Month(s)",
      "Specimen": "blood",
      "Quantity": "198 micro-mol/l",
      "Quality": "Increased"
    },
    {
      "Name": "Phenylalanine",
      "Age": "7.88 Month(s)",
      "Specimen": "blood",
      "Quantity": "96 micro-mol/l",
      "Quality": "Normal"
    },
    {
      "Name": "Phenylalanine",
      "Age": "10.58 Month(s)",
      "Specimen": "blood",
      "Quantity": "486 micro-mol/l",
      "Quality": "Increased"
    },
    {
      "Name": "Phenylalanine",
      "Age": "12.85 Month(s)",
      "Specimen": "blood",
      "Quantity": "342 micro-mol/l",
      "Quality": "Increased"
    },
    {
      "Name": "Phenylalanine",
      "Age": "15.87 Month(s)",
      "Specimen": "blood",
      "Quantity": "60 micro-mol/l",
      "Quality": "Normal"
    },
    {
      "Name": "Phenylalanine",
      "Age": "18.43 Month(s)",
      "Specimen": "blood",
      "Quantity": "222 micro-mol/l",
      "Quality": "Increased"
    },
    {
      "Name": "Phenylalanine",
      "Age": "19.68 Month(s)",
      "Specimen": "blood",
      "Quantity": "500 micro-mol/l",
      "Quality": "Increased"
    },
    {
      "Name": "Phenylalanine",
      "Age": "19.88 Month(s)",
      "Specimen": "blood",
      "Quantity": "462 micro-mol/l",
      "Quality": "Increased"
    },
    {
      "Name": "Phenylalanine",
      "Age": "23 Month(s)",
      "Specimen": "blood",
      "Quantity": "417 micro-mol/l",
      "Quality": "Increased"
    },
    {
      "Name": "Phenylalanine",
      "Age": "2.16 Year(s)",
      "Specimen": "blood",
      "Quantity": "248 micro-mol/l",
      "Quality": "Increased"
    },
    {
      "Name": "Phenylalanine",
      "Age": "2.43 Year(s)",
      "Specimen": "blood",
      "Quantity": "350 micro-mol/l",
      "Quality": "Increased"
    },
    {
      "Name": "Phenylalanine",
      "Age": "2.67 Year(s)",
      "Specimen": "blood",
      "Quantity": "64 micro-mol/l",
      "Quality": "Normal"
    },
    {
      "Name": "Phenylalanine",
      "Age": "2.99 Year(s)",
      "Specimen": "blood",
      "Quantity": "202 micro-mol/l",
      "Quality": "Increased"
    },
    {
      "Name": "Phenylalanine",
      "Age": "3.24 Year(s)",
      "Specimen": "blood",
      "Quantity": "243 micro-mol/l",
      "Quality": "Increased"
    },
    {
      "Name": "Phenylalanine",
      "Age": "3.49 Year(s)",
      "Specimen": "blood",
      "Quantity": "250 micro-mol/l",
      "Quality": "Increased"
    },
    {
      "Name": "Phenylalanine",
      "Age": "3.79 Year(s)",
      "Specimen": "blood",
      "Quantity": "183 micro-mol/l",
      "Quality": "Increased"
    },
    {
      "Name": "Phenylalanine",
      "Age": "4.04 Year(s)",
      "Specimen": "blood",
      "Quantity": "145 micro-mol/l",
      "Quality": "Normal"
    },
    {
      "Name": "Phenylalanine",
      "Age": "4.38 Year(s)",
      "Specimen": "blood",
      "Quantity": "62 micro-mol/l",
      "Quality": "Normal"
    },
    {
      "Name": "Phenylalanine",
      "Age": "4.66 Year(s)",
      "Specimen": "blood",
      "Quantity": "148 micro-mol/l",
      "Quality": "Normal"
    },
    {
      "Name": "Phenylalanine",
      "Age": "4.9 Year(s)",
      "Specimen": "blood",
      "Quantity": "255 micro-mol/l",
      "Quality": "Increased"
    },
    {
      "Name": "Phenylalanine",
      "Age": "6.28 Year(s)",
      "Specimen": "blood",
      "Quantity": "134 micro-mol/l",
      "Quality": "Normal"
    },
    {
      "Name": "Phenylalanine",
      "Age": "6.42 Year(s)",
      "Specimen": "blood",
      "Quantity": "236 micro-mol/l",
      "Quality": "Increased"
    },
    {
      "Name": "Phenylalanine",
      "Age": "6.84 Year(s)",
      "Specimen": "blood",
      "Quantity": "342 micro-mol/l",
      "Quality": "Increased"
    },
    {
      "Name": "Phenylalanine",
      "Age": "7.05 Year(s)",
      "Specimen": "blood",
      "Quantity": "70 micro-mol/l",
      "Quality": "Normal"
    },
    {
      "Name": "Phenylalanine",
      "Age": "7.29 Year(s)",
      "Specimen": "blood",
      "Quantity": "242 micro-mol/l",
      "Quality": "Increased"
    },
    {
      "Name": "Phenylalanine",
      "Age": "7.42 Year(s)",
      "Specimen": "blood",
      "Quantity": "135 micro-mol/l",
      "Quality": "Normal"
    },
    {
      "Name": "Phenylalanine",
      "Age": "7.88 Year(s)",
      "Specimen": "blood",
      "Quantity": "75 micro-mol/l",
      "Quality": "Normal"
    },
    {
      "Name": "Phenylalanine",
      "Age": "8.08 Year(s)",
      "Specimen": "blood",
      "Quantity": "243 micro-mol/l",
      "Quality": "Increased"
    },
    {
      "Name": "Phenylalanine",
      "Age": "8.42 Year(s)",
      "Specimen": "blood",
      "Quantity": "823 micro-mol/l",
      "Quality": "Increased"
    },
    {
      "Name": "Phenylalanine",
      "Age": "8.66 Year(s)",
      "Specimen": "blood",
      "Quantity": "203 micro-mol/l",
      "Quality": "Increased"
    },
    {
      "Name": "Phenylalanine",
      "Age": "8.95 Year(s)",
      "Specimen": "blood",
      "Quantity": "218 micro-mol/l",
      "Quality": "Increased"
    },
    {
      "Name": "Phenylalanine",
      "Age": "9.1 Year(s)",
      "Specimen": "blood",
      "Quantity": "536 micro-mol/l",
      "Quality": "Increased"
    },
    {
      "Name": "Phenylalanine",
      "Age": "9.33 Year(s)",
      "Specimen": "blood",
      "Quantity": "503 micro-mol/l",
      "Quality": "Increased"
    },
    {
      "Name": "Phenylalanine",
      "Age": "9.53 Year(s)",
      "Specimen": "blood",
      "Quantity": "221 micro-mol/l",
      "Quality": "Increased"
    },
    {
      "Name": "Phenylalanine",
      "Age": "9.63 Year(s)",
      "Specimen": "blood",
      "Quantity": "416 micro-mol/l",
      "Quality": "Increased"
    },
    {
      "Name": "Phenylalanine",
      "Age": "9.73 Year(s)",
      "Specimen": "blood",
      "Quantity": "204 micro-mol/l",
      "Quality": "Increased"
    },
    {
      "Name": "Phenylalanine",
      "Age": "9.81 Year(s)",
      "Specimen": "blood",
      "Quantity": "657 micro-mol/l",
      "Quality": "Increased"
    },
    {
      "Name": "Phenylalanine",
      "Age": "10.06 Year(s)",
      "Specimen": "blood",
      "Quantity": "622 micro-mol/l",
      "Quality": "Increased"
    },
    {
      "Name": "Phenylalanine",
      "Age": "10.1 Year(s)",
      "Specimen": "blood",
      "Quantity": "585 micro-mol/l",
      "Quality": "Increased"
    },
    {
      "Name": "Phenylalanine",
      "Age": "10.23 Year(s)",
      "Specimen": "blood",
      "Quantity": "516 micro-mol/l",
      "Quality": "Increased"
    },
    {
      "Name": "Phenylalanine",
      "Age": "10.38 Year(s)",
      "Specimen": "blood",
      "Quantity": "727 micro-mol/l",
      "Quality": "Increased"
    },
    {
      "Name": "Phenylalanine",
      "Age": "10.45 Year(s)",
      "Specimen": "blood",
      "Quantity": "434 micro-mol/l",
      "Quality": "Increased"
    },
    {
      "Name": "Phenylalanine",
      "Age": "10.54 Year(s)",
      "Specimen": "blood",
      "Quantity": "612 micro-mol/l",
      "Quality": "Increased"
    },
    {
      "Name": "Phenylalanine",
      "Age": "10.71 Year(s)",
      "Specimen": "blood",
      "Quantity": "225 micro-mol/l",
      "Quality": "Increased"
    },
    {
      "Name": "Phenylalanine",
      "Age": "10.81 Year(s)",
      "Specimen": "blood",
      "Quantity": "526 micro-mol/l",
      "Quality": "Increased"
    },
    {
      "Name": "Phenylalanine",
      "Age": "10.9 Year(s)",
      "Specimen": "blood",
      "Quantity": "627 micro-mol/l",
      "Quality": "Increased"
    },
    {
      "Name": "Phenylalanine",
      "Age": "10.97 Year(s)",
      "Specimen": "blood",
      "Quantity": "618 micro-mol/l",
      "Quality": "Increased"
    },
    {
      "Name": "Phenylalanine",
      "Age": "11.13 Year(s)",
      "Specimen": "blood",
      "Quantity": "314 micro-mol/l",
      "Quality": "Increased"
    },
    {
      "Name": "Phenylalanine",
      "Age": "11.23 Year(s)",
      "Specimen": "blood",
      "Quantity": "246 micro-mol/l",
      "Quality": "Increased"
    },
    {
      "Name": "Phenylalanine",
      "Age": "11.31 Year(s)",
      "Specimen": "blood",
      "Quantity": "285 micro-mol/l",
      "Quality": "Increased"
    },
    {
      "Name": "Phenylalanine",
      "Age": "11.4 Year(s)",
      "Specimen": "blood",
      "Quantity": "338 micro-mol/l",
      "Quality": "Increased"
    },
    {
      "Name": "Phenylalanine",
      "Age": "11.48 Year(s)",
      "Specimen": "blood",
      "Quantity": "264 micro-mol/l",
      "Quality": "Increased"
    },
    {
      "Name": "Phenylalanine",
      "Age": "11.56 Year(s)",
      "Specimen": "blood",
      "Quantity": "399 micro-mol/l",
      "Quality": "Increased"
    },
    {
      "Name": "Phenylalanine",
      "Age": "11.73 Year(s)",
      "Specimen": "blood",
      "Quantity": "199 micro-mol/l",
      "Quality": "Increased"
    },
    {
      "Name": "Phenylalanine",
      "Age": "11.81 Year(s)",
      "Specimen": "blood",
      "Quantity": "165 micro-mol/l",
      "Quality": "Increased"
    },
    {
      "Name": "Phenylalanine",
      "Age": "11.9 Year(s)",
      "Specimen": "blood",
      "Quantity": "322 micro-mol/l",
      "Quality": "Increased"
    },
    {
      "Name": "Phenylalanine",
      "Age": "11.98 Year(s)",
      "Specimen": "blood",
      "Quantity": "841 micro-mol/l",
      "Quality": "Increased"
    },
    {
      "Name": "Phenylalanine",
      "Age": "12.07 Year(s)",
      "Specimen": "blood",
      "Quantity": "105 micro-mol/l",
      "Quality": "Normal"
    },
    {
      "Name": "Phenylalanine",
      "Age": "12.14 Year(s)",
      "Specimen": "blood",
      "Quantity": "525 micro-mol/l",
      "Quality": "Increased"
    },
    {
      "Name": "Phenylalanine",
      "Age": "12.23 Year(s)",
      "Specimen": "blood",
      "Quantity": "450 micro-mol/l",
      "Quality": "Increased"
    },
    {
      "Name": "Phenylalanine",
      "Age": "12.31 Year(s)",
      "Specimen": "blood",
      "Quantity": "610 micro-mol/l",
      "Quality": "Increased"
    },
    {
      "Name": "Phenylalanine",
      "Age": "12.39 Year(s)",
      "Specimen": "blood",
      "Quantity": "449 micro-mol/l",
      "Quality": "Increased"
    },
    {
      "Name": "Phenylalanine",
      "Age": "12.47 Year(s)",
      "Specimen": "blood",
      "Quantity": "521 micro-mol/l",
      "Quality": "Increased"
    },
    {
      "Name": "Phenylalanine",
      "Age": "12.55 Year(s)",
      "Specimen": "blood",
      "Quantity": "681 micro-mol/l",
      "Quality": "Increased"
    },
    {
      "Name": "Phenylalanine",
      "Age": "12.64 Year(s)",
      "Specimen": "blood",
      "Quantity": "903 micro-mol/l",
      "Quality": "Increased"
    },
    {
      "Name": "Phenylalanine",
      "Age": "12.73 Year(s)",
      "Specimen": "blood",
      "Quantity": "185 micro-mol/l",
      "Quality": "Increased"
    },
    {
      "Name": "Phenylalanine",
      "Age": "12.9 Year(s)",
      "Specimen": "blood",
      "Quantity": "439 micro-mol/l",
      "Quality": "Increased"
    },
    {
      "Name": "Phenylalanine",
      "Age": "12.98 Year(s)",
      "Specimen": "blood",
      "Quantity": "984 micro-mol/l",
      "Quality": "Increased"
    },
    {
      "Name": "Phenylalanine",
      "Age": "13.06 Year(s)",
      "Specimen": "blood",
      "Quantity": "562 micro-mol/l",
      "Quality": "Increased"
    },
    {
      "Name": "Phenylalanine",
      "Age": "13.14 Year(s)",
      "Specimen": "blood",
      "Quantity": "521 micro-mol/l",
      "Quality": "Increased"
    },
    {
      "Name": "Phenylalanine",
      "Age": "13.23 Year(s)",
      "Specimen": "blood",
      "Quantity": "341 micro-mol/l",
      "Quality": "Increased"
    },
    {
      "Name": "Phenylalanine",
      "Age": "13.3 Year(s)",
      "Specimen": "blood",
      "Quantity": "400 micro-mol/l",
      "Quality": "Increased"
    },
    {
      "Name": "Phenylalanine",
      "Age": "13.39 Year(s)",
      "Specimen": "blood",
      "Quantity": "255 micro-mol/l",
      "Quality": "Increased"
    },
    {
      "Name": "Phenylalanine",
      "Age": "13.72 Year(s)",
      "Specimen": "blood",
      "Quantity": "479 micro-mol/l",
      "Quality": "Increased"
    },
    {
      "Name": "Phenylalanine",
      "Age": "13.81 Year(s)",
      "Specimen": "blood",
      "Quantity": "563 micro-mol/l",
      "Quality": "Increased"
    },
    {
      "Name": "Phenylalanine",
      "Age": "13.97 Year(s)",
      "Specimen": "blood",
      "Quantity": "575 micro-mol/l",
      "Quality": "Increased"
    },
    {
      "Name": "Phenylalanine",
      "Age": "14.06 Year(s)",
      "Specimen": "blood",
      "Quantity": "618 micro-mol/l",
      "Quality": "Increased"
    },
    {
      "Name": "Phenylalanine",
      "Age": "14.14 Year(s)",
      "Specimen": "blood",
      "Quantity": "541 micro-mol/l",
      "Quality": "Increased"
    },
    {
      "Name": "Phenylalanine",
      "Age": "14.23 Year(s)",
      "Specimen": "blood",
      "Quantity": "1011 micro-mol/l",
      "Quality": "Increased"
    },
    {
      "Name": "Phenylalanine",
      "Age": "14.31 Year(s)",
      "Specimen": "blood",
      "Quantity": "529 micro-mol/l",
      "Quality": "Increased"
    },
    {
      "Name": "Phenylalanine",
      "Age": "14.39 Year(s)",
      "Specimen": "blood",
      "Quantity": "547 micro-mol/l",
      "Quality": "Increased"
    },
    {
      "Name": "Phenylalanine",
      "Age": "14.48 Year(s)",
      "Specimen": "blood",
      "Quantity": "448 micro-mol/l",
      "Quality": "Increased"
    },
    {
      "Name": "Phenylalanine",
      "Age": "14.56 Year(s)",
      "Specimen": "blood",
      "Quantity": "582 micro-mol/l",
      "Quality": "Increased"
    },
    {
      "Name": "Phenylalanine",
      "Age": "14.61 Year(s)",
      "Specimen": "blood",
      "Quantity": "567 micro-mol/l",
      "Quality": "Increased"
    },
    {
      "Name": "Phenylalanine",
      "Age": "14.73 Year(s)",
      "Specimen": "blood",
      "Quantity": "619 micro-mol/l",
      "Quality": "Increased"
    },
    {
      "Name": "Phenylalanine",
      "Age": "14.81 Year(s)",
      "Specimen": "blood",
      "Quantity": "672 micro-mol/l",
      "Quality": "Increased"
    },
    {
      "Name": "Phenylalanine",
      "Age": "14.9 Year(s)",
      "Specimen": "blood",
      "Quantity": "422 micro-mol/l",
      "Quality": "Increased"
    },
    {
      "Name": "Phenylalanine",
      "Age": "14.99 Year(s)",
      "Specimen": "blood",
      "Quantity": "650 micro-mol/l",
      "Quality": "Increased"
    },
    {
      "Name": "Phenylalanine",
      "Age": "15.08 Year(s)",
      "Specimen": "blood",
      "Quantity": "610 micro-mol/l",
      "Quality": "Increased"
    },
    {
      "Name": "Phenylalanine",
      "Age": "15.23 Year(s)",
      "Specimen": "blood",
      "Quantity": "788 micro-mol/l",
      "Quality": "Increased"
    },
    {
      "Name": "Phenylalanine",
      "Age": "15.31 Year(s)",
      "Specimen": "blood",
      "Quantity": "727 micro-mol/l",
      "Quality": "Increased"
    },
    {
      "Name": "Phenylalanine",
      "Age": "15.4 Year(s)",
      "Specimen": "blood",
      "Quantity": "799 micro-mol/l",
      "Quality": "Increased"
    },
    {
      "Name": "Phenylalanine",
      "Age": "15.45 Year(s)",
      "Specimen": "blood",
      "Quantity": "630 micro-mol/l",
      "Quality": "Increased"
    },
    {
      "Name": "Phenylalanine",
      "Age": "15.56 Year(s)",
      "Specimen": "blood",
      "Quantity": "697 micro-mol/l",
      "Quality": "Increased"
    },
    {
      "Name": "Phenylalanine",
      "Age": "15.61 Year(s)",
      "Specimen": "blood",
      "Quantity": "987 micro-mol/l",
      "Quality": "Increased"
    },
    {
      "Name": "Phenylalanine",
      "Age": "15.65 Year(s)",
      "Specimen": "blood",
      "Quantity": "998 micro-mol/l",
      "Quality": "Increased"
    },
    {
      "Name": "Phenylalanine",
      "Age": "15.81 Year(s)",
      "Specimen": "blood",
      "Quantity": "803 micro-mol/l",
      "Quality": "Increased"
    },
    {
      "Name": "Phenylalanine",
      "Age": "15.9 Year(s)",
      "Specimen": "blood",
      "Quantity": "614 micro-mol/l",
      "Quality": "Increased"
    },
    {
      "Name": "Phenylalanine",
      "Age": "15.98 Year(s)",
      "Specimen": "blood",
      "Quantity": "837 micro-mol/l",
      "Quality": "Increased"
    },
    {
      "Name": "Phenylalanine",
      "Age": "16.07 Year(s)",
      "Specimen": "blood",
      "Quantity": "590 micro-mol/l",
      "Quality": "Increased"
    },
    {
      "Name": "Phenylalanine",
      "Age": "16.15 Year(s)",
      "Specimen": "blood",
      "Quantity": "411 micro-mol/l",
      "Quality": "Increased"
    },
    {
      "Name": "Phenylalanine",
      "Age": "16.23 Year(s)",
      "Specimen": "blood",
      "Quantity": "791 micro-mol/l",
      "Quality": "Increased"
    },
    {
      "Name": "Phenylalanine",
      "Age": "16.28 Year(s)",
      "Specimen": "blood",
      "Quantity": "828 micro-mol/l",
      "Quality": "Increased"
    },
    {
      "Name": "Phenylalanine",
      "Age": "16.4 Year(s)",
      "Specimen": "blood",
      "Quantity": "829 micro-mol/l",
      "Quality": "Increased"
    },
    {
      "Name": "Phenylalanine",
      "Age": "16.48 Year(s)",
      "Specimen": "blood",
      "Quantity": "565 micro-mol/l",
      "Quality": "Increased"
    },
    {
      "Name": "Phenylalanine",
      "Age": "16.6 Year(s)",
      "Specimen": "blood",
      "Quantity": "705 micro-mol/l",
      "Quality": "Increased"
    },
    {
      "Name": "Phenylalanine",
      "Age": "16.82 Year(s)",
      "Specimen": "blood",
      "Quantity": "863 micro-mol/l",
      "Quality": "Increased"
    },
    {
      "Name": "Phenylalanine",
      "Age": "16.98 Year(s)",
      "Specimen": "blood",
      "Quantity": "919 micro-mol/l",
      "Quality": "Increased"
    },
    {
      "Name": "Phenylalanine",
      "Age": "17.02 Year(s)",
      "Specimen": "blood",
      "Quantity": "805 micro-mol/l",
      "Quality": "Increased"
    },
    {
      "Name": "Phenylalanine",
      "Age": "17.02 Year(s)",
      "Specimen": "blood",
      "Quantity": "74 micro-mol/l",
      "Quality": "Normal"
    },
    {
      "Name": "Phenylalanine",
      "Age": "17.12 Year(s)",
      "Specimen": "blood",
      "Quantity": "794 micro-mol/l",
      "Quality": "Increased"
    },
    {
      "Name": "Phenylalanine",
      "Age": "17.12 Year(s)",
      "Specimen": "blood",
      "Quantity": "682 micro-mol/l",
      "Quality": "Increased"
    },
    {
      "Name": "Phenylalanine",
      "Age": "17.23 Year(s)",
      "Specimen": "blood",
      "Quantity": "637 micro-mol/l",
      "Quality": "Increased"
    },
    {
      "Name": "Phenylalanine",
      "Age": "17.48 Year(s)",
      "Specimen": "blood",
      "Quantity": "694 micro-mol/l",
      "Quality": "Increased"
    },
    {
      "Name": "Phenylalanine",
      "Age": "17.56 Year(s)",
      "Specimen": "blood",
      "Quantity": "710 micro-mol/l",
      "Quality": "Increased"
    },
    {
      "Name": "Phenylalanine",
      "Age": "17.73 Year(s)",
      "Specimen": "blood",
      "Quantity": "465 micro-mol/l",
      "Quality": "Increased"
    },
    {
      "Name": "Phenylalanine",
      "Age": "17.76 Year(s)",
      "Specimen": "blood",
      "Quantity": "879 micro-mol/l",
      "Quality": "Increased"
    },
    {
      "Name": "Phenylalanine",
      "Age": "17.88 Year(s)",
      "Specimen": "blood",
      "Quantity": "1084 micro-mol/l",
      "Quality": "Increased"
    },
    {
      "Name": "Phenylalanine",
      "Age": "17.98 Year(s)",
      "Specimen": "blood",
      "Quantity": "808 micro-mol/l",
      "Quality": "Increased"
    },
    {
      "Name": "Phenylalanine",
      "Age": "18.06 Year(s)",
      "Specimen": "blood",
      "Quantity": "1104 micro-mol/l",
      "Quality": "Increased"
    },
    {
      "Name": "Phenylalanine",
      "Age": "18.14 Year(s)",
      "Specimen": "blood",
      "Quantity": "798 micro-mol/l",
      "Quality": "Increased"
    },
    {
      "Name": "Phenylalanine",
      "Age": "18.22 Year(s)",
      "Specimen": "blood",
      "Quantity": "807 micro-mol/l",
      "Quality": "Increased"
    },
    {
      "Name": "Phenylalanine",
      "Age": "18.4 Year(s)",
      "Specimen": "blood",
      "Quantity": "718 micro-mol/l",
      "Quality": "Increased"
    },
    {
      "Name": "Phenylalanine",
      "Age": "18.48 Year(s)",
      "Specimen": "blood",
      "Quantity": "729 micro-mol/l",
      "Quality": "Increased"
    },
    {
      "Name": "Phenylalanine",
      "Age": "18.64 Year(s)",
      "Specimen": "blood",
      "Quantity": "973 micro-mol/l",
      "Quality": "Increased"
    },
    {
      "Name": "Phenylalanine",
      "Age": "18.73 Year(s)",
      "Specimen": "blood",
      "Quantity": "813 micro-mol/l",
      "Quality": "Increased"
    },
    {
      "Name": "Phenylalanine",
      "Age": "18.89 Year(s)",
      "Specimen": "blood",
      "Quantity": "1205 micro-mol/l",
      "Quality": "Increased"
    },
    {
      "Name": "Phenylalanine",
      "Age": "19.07 Year(s)",
      "Specimen": "blood",
      "Quantity": "1060 micro-mol/l",
      "Quality": "Increased"
    },
    {
      "Name": "Phenylalanine",
      "Age": "19.15 Year(s)",
      "Specimen": "blood",
      "Quantity": "1073 micro-mol/l",
      "Quality": "Increased"
    },
    {
      "Name": "Phenylalanine",
      "Age": "19.3 Year(s)",
      "Specimen": "blood",
      "Quantity": "1130 micro-mol/l",
      "Quality": "Increased"
    },
    {
      "Name": "Phenylalanine",
      "Age": "19.65 Year(s)",
      "Specimen": "blood",
      "Quantity": "1141 micro-mol/l",
      "Quality": "Increased"
    },
    {
      "Name": "Phenylalanine",
      "Age": "19.73 Year(s)",
      "Specimen": "blood",
      "Quantity": "1120 micro-mol/l",
      "Quality": "Increased"
    },
    {
      "Name": "Phenylalanine",
      "Age": "20.07 Year(s)",
      "Specimen": "blood",
      "Quantity": "1175 micro-mol/l",
      "Quality": "Increased"
    },
    {
      "Name": "Phenylalanine",
      "Age": "20.22 Year(s)",
      "Specimen": "blood",
      "Quantity": "1241 micro-mol/l",
      "Quality": "Increased"
    },
    {
      "Name": "Phenylalanine",
      "Age": "20.23 Year(s)",
      "Specimen": "blood",
      "Quantity": "1195 micro-mol/l",
      "Quality": "Increased"
    },
    {
      "Name": "Tyrosine",
      "Age": "19.88 Month(s)",
      "Specimen": "blood",
      "Quantity": "117 micro-mol/l",
      "Quality": "Normal"
    },
    {
      "Name": "Tyrosine",
      "Age": "2.99 Year(s)",
      "Specimen": "blood",
      "Quantity": "62 micro-mol/l",
      "Quality": "Normal"
    },
    {
      "Name": "Tyrosine",
      "Age": "4.04 Year(s)",
      "Specimen": "blood",
      "Quantity": "256 micro-mol/l",
      "Quality": "Increased"
    },
    {
      "Name": "Tyrosine",
      "Age": "4.9 Year(s)",
      "Specimen": "blood",
      "Quantity": "109 micro-mol/l",
      "Quality": "Normal"
    },
    {
      "Name": "Tyrosine",
      "Age": "6.28 Year(s)",
      "Specimen": "blood",
      "Quantity": "84 micro-mol/l",
      "Quality": "Normal"
    },
    {
      "Name": "Tyrosine",
      "Age": "7.05 Year(s)",
      "Specimen": "blood",
      "Quantity": "86 micro-mol/l",
      "Quality": "Normal"
    },
    {
      "Name": "Tyrosine",
      "Age": "8.08 Year(s)",
      "Specimen": "blood",
      "Quantity": "98 micro-mol/l",
      "Quality": "Normal"
    },
    {
      "Name": "Tyrosine",
      "Age": "8.95 Year(s)",
      "Specimen": "blood",
      "Quantity": "89 micro-mol/l",
      "Quality": "Normal"
    },
    {
      "Name": "Tyrosine",
      "Age": "9.1 Year(s)",
      "Specimen": "blood",
      "Quantity": "69 micro-mol/l",
      "Quality": "Normal"
    },
    {
      "Name": "Tyrosine",
      "Age": "9.33 Year(s)",
      "Specimen": "blood",
      "Quantity": "49 micro-mol/l",
      "Quality": "Normal"
    },
    {
      "Name": "Tyrosine",
      "Age": "9.53 Year(s)",
      "Specimen": "blood",
      "Quantity": "85 micro-mol/l",
      "Quality": "Normal"
    },
    {
      "Name": "Tyrosine",
      "Age": "9.63 Year(s)",
      "Specimen": "blood",
      "Quantity": "60 micro-mol/l",
      "Quality": "Normal"
    },
    {
      "Name": "Tyrosine",
      "Age": "9.73 Year(s)",
      "Specimen": "blood",
      "Quantity": "77 micro-mol/l",
      "Quality": "Normal"
    },
    {
      "Name": "Tyrosine",
      "Age": "9.81 Year(s)",
      "Specimen": "blood",
      "Quantity": "51 micro-mol/l",
      "Quality": "Normal"
    },
    {
      "Name": "Tyrosine",
      "Age": "10.06 Year(s)",
      "Specimen": "blood",
      "Quantity": "84 micro-mol/l",
      "Quality": "Normal"
    },
    {
      "Name": "Tyrosine",
      "Age": "10.1 Year(s)",
      "Specimen": "blood",
      "Quantity": "66 micro-mol/l",
      "Quality": "Normal"
    },
    {
      "Name": "Tyrosine",
      "Age": "10.23 Year(s)",
      "Specimen": "blood",
      "Quantity": "129 micro-mol/l",
      "Quality": "Normal"
    },
    {
      "Name": "Tyrosine",
      "Age": "10.38 Year(s)",
      "Specimen": "blood",
      "Quantity": "144 micro-mol/l",
      "Quality": "Normal"
    },
    {
      "Name": "Tyrosine",
      "Age": "10.45 Year(s)",
      "Specimen": "blood",
      "Quantity": "80 micro-mol/l",
      "Quality": "Normal"
    },
    {
      "Name": "Tyrosine",
      "Age": "10.54 Year(s)",
      "Specimen": "blood",
      "Quantity": "70 micro-mol/l",
      "Quality": "Normal"
    },
    {
      "Name": "Tyrosine",
      "Age": "10.71 Year(s)",
      "Specimen": "blood",
      "Quantity": "39 micro-mol/l",
      "Quality": "Normal"
    },
    {
      "Name": "Tyrosine",
      "Age": "10.81 Year(s)",
      "Specimen": "blood",
      "Quantity": "56 micro-mol/l",
      "Quality": "Normal"
    },
    {
      "Name": "Tyrosine",
      "Age": "10.9 Year(s)",
      "Specimen": "blood",
      "Quantity": "64 micro-mol/l",
      "Quality": "Normal"
    },
    {
      "Name": "Tyrosine",
      "Age": "10.97 Year(s)",
      "Specimen": "blood",
      "Quantity": "85 micro-mol/l",
      "Quality": "Normal"
    },
    {
      "Name": "Tyrosine",
      "Age": "11.13 Year(s)",
      "Specimen": "blood",
      "Quantity": "122 micro-mol/l",
      "Quality": "Normal"
    },
    {
      "Name": "Tyrosine",
      "Age": "11.23 Year(s)",
      "Specimen": "blood",
      "Quantity": "115 micro-mol/l",
      "Quality": "Normal"
    },
    {
      "Name": "Tyrosine",
      "Age": "11.31 Year(s)",
      "Specimen": "blood",
      "Quantity": "50 micro-mol/l",
      "Quality": "Normal"
    },
    {
      "Name": "Tyrosine",
      "Age": "11.4 Year(s)",
      "Specimen": "blood",
      "Quantity": "179 micro-mol/l",
      "Quality": "Increased"
    },
    {
      "Name": "Tyrosine",
      "Age": "11.48 Year(s)",
      "Specimen": "blood",
      "Quantity": "93 micro-mol/l",
      "Quality": "Normal"
    },
    {
      "Name": "Tyrosine",
      "Age": "11.56 Year(s)",
      "Specimen": "blood",
      "Quantity": "49 micro-mol/l",
      "Quality": "Normal"
    },
    {
      "Name": "Tyrosine",
      "Age": "11.73 Year(s)",
      "Specimen": "blood",
      "Quantity": "136 micro-mol/l",
      "Quality": "Normal"
    },
    {
      "Name": "Tyrosine",
      "Age": "11.81 Year(s)",
      "Specimen": "blood",
      "Quantity": "154 micro-mol/l",
      "Quality": "Increased"
    },
    {
      "Name": "Tyrosine",
      "Age": "11.9 Year(s)",
      "Specimen": "blood",
      "Quantity": "120 micro-mol/l",
      "Quality": "Normal"
    },
    {
      "Name": "Tyrosine",
      "Age": "11.98 Year(s)",
      "Specimen": "blood",
      "Quantity": "57 micro-mol/l",
      "Quality": "Normal"
    },
    {
      "Name": "Tyrosine",
      "Age": "12.07 Year(s)",
      "Specimen": "blood",
      "Quantity": "63 micro-mol/l",
      "Quality": "Normal"
    },
    {
      "Name": "Tyrosine",
      "Age": "12.14 Year(s)",
      "Specimen": "blood",
      "Quantity": "100 micro-mol/l",
      "Quality": "Normal"
    },
    {
      "Name": "Tyrosine",
      "Age": "12.23 Year(s)",
      "Specimen": "blood",
      "Quantity": "77 micro-mol/l",
      "Quality": "Normal"
    },
    {
      "Name": "Tyrosine",
      "Age": "12.31 Year(s)",
      "Specimen": "blood",
      "Quantity": "169 micro-mol/l",
      "Quality": "Increased"
    },
    {
      "Name": "Tyrosine",
      "Age": "12.39 Year(s)",
      "Specimen": "blood",
      "Quantity": "83 micro-mol/l",
      "Quality": "Normal"
    },
    {
      "Name": "Tyrosine",
      "Age": "12.47 Year(s)",
      "Specimen": "blood",
      "Quantity": "79 micro-mol/l",
      "Quality": "Normal"
    },
    {
      "Name": "Tyrosine",
      "Age": "12.55 Year(s)",
      "Specimen": "blood",
      "Quantity": "96 micro-mol/l",
      "Quality": "Normal"
    },
    {
      "Name": "Tyrosine",
      "Age": "12.64 Year(s)",
      "Specimen": "blood",
      "Quantity": "125 micro-mol/l",
      "Quality": "Normal"
    },
    {
      "Name": "Tyrosine",
      "Age": "12.73 Year(s)",
      "Specimen": "blood",
      "Quantity": "64 micro-mol/l",
      "Quality": "Normal"
    },
    {
      "Name": "Tyrosine",
      "Age": "12.9 Year(s)",
      "Specimen": "blood",
      "Quantity": "51 micro-mol/l",
      "Quality": "Normal"
    },
    {
      "Name": "Tyrosine",
      "Age": "12.98 Year(s)",
      "Specimen": "blood",
      "Quantity": "63 micro-mol/l",
      "Quality": "Normal"
    },
    {
      "Name": "Tyrosine",
      "Age": "13.06 Year(s)",
      "Specimen": "blood",
      "Quantity": "78 micro-mol/l",
      "Quality": "Normal"
    },
    {
      "Name": "Tyrosine",
      "Age": "13.14 Year(s)",
      "Specimen": "blood",
      "Quantity": "484 micro-mol/l",
      "Quality": "Normal"
    },
    {
      "Name": "Tyrosine",
      "Age": "13.23 Year(s)",
      "Specimen": "blood",
      "Quantity": "177 micro-mol/l",
      "Quality": "Increased"
    },
    {
      "Name": "Tyrosine",
      "Age": "13.3 Year(s)",
      "Specimen": "blood",
      "Quantity": "92 micro-mol/l",
      "Quality": "Normal"
    },
    {
      "Name": "Tyrosine",
      "Age": "13.39 Year(s)",
      "Specimen": "blood",
      "Quantity": "43 micro-mol/l",
      "Quality": "Normal"
    },
    {
      "Name": "Tyrosine",
      "Age": "13.72 Year(s)",
      "Specimen": "blood",
      "Quantity": "30 micro-mol/l",
      "Quality": "Normal"
    },
    {
      "Name": "Tyrosine",
      "Age": "13.81 Year(s)",
      "Specimen": "blood",
      "Quantity": "63 micro-mol/l",
      "Quality": "Normal"
    },
    {
      "Name": "Tyrosine",
      "Age": "13.97 Year(s)",
      "Specimen": "blood",
      "Quantity": "48 micro-mol/l",
      "Quality": "Normal"
    },
    {
      "Name": "Tyrosine",
      "Age": "14.06 Year(s)",
      "Specimen": "blood",
      "Quantity": "44 micro-mol/l",
      "Quality": "Normal"
    },
    {
      "Name": "Tyrosine",
      "Age": "14.14 Year(s)",
      "Specimen": "blood",
      "Quantity": "46 micro-mol/l",
      "Quality": "Normal"
    },
    {
      "Name": "Tyrosine",
      "Age": "14.23 Year(s)",
      "Specimen": "blood",
      "Quantity": "65 micro-mol/l",
      "Quality": "Normal"
    },
    {
      "Name": "Tyrosine",
      "Age": "14.31 Year(s)",
      "Specimen": "blood",
      "Quantity": "42 micro-mol/l",
      "Quality": "Normal"
    },
    {
      "Name": "Tyrosine",
      "Age": "14.39 Year(s)",
      "Specimen": "blood",
      "Quantity": "25 micro-mol/l",
      "Quality": "Normal"
    },
    {
      "Name": "Tyrosine",
      "Age": "14.48 Year(s)",
      "Specimen": "blood",
      "Quantity": "64 micro-mol/l",
      "Quality": "Normal"
    },
    {
      "Name": "Tyrosine",
      "Age": "14.56 Year(s)",
      "Specimen": "blood",
      "Quantity": "61 micro-mol/l",
      "Quality": "Normal"
    },
    {
      "Name": "Tyrosine",
      "Age": "14.61 Year(s)",
      "Specimen": "blood",
      "Quantity": "46 micro-mol/l",
      "Quality": "Normal"
    },
    {
      "Name": "Tyrosine",
      "Age": "14.73 Year(s)",
      "Specimen": "blood",
      "Quantity": "34 micro-mol/l",
      "Quality": "Normal"
    },
    {
      "Name": "Tyrosine",
      "Age": "14.81 Year(s)",
      "Specimen": "blood",
      "Quantity": "68 micro-mol/l",
      "Quality": "Normal"
    },
    {
      "Name": "Tyrosine",
      "Age": "14.9 Year(s)",
      "Specimen": "blood",
      "Quantity": "48 micro-mol/l",
      "Quality": "Normal"
    },
    {
      "Name": "Tyrosine",
      "Age": "14.99 Year(s)",
      "Specimen": "blood",
      "Quantity": "40 micro-mol/l",
      "Quality": "Normal"
    },
    {
      "Name": "Tyrosine",
      "Age": "15.09 Year(s)",
      "Specimen": "blood",
      "Quantity": "39 micro-mol/l",
      "Quality": "Normal"
    },
    {
      "Name": "Tyrosine",
      "Age": "15.23 Year(s)",
      "Specimen": "blood",
      "Quantity": "92 micro-mol/l",
      "Quality": "Normal"
    },
    {
      "Name": "Tyrosine",
      "Age": "15.31 Year(s)",
      "Specimen": "blood",
      "Quantity": "45 micro-mol/l",
      "Quality": "Normal"
    },
    {
      "Name": "Tyrosine",
      "Age": "15.4 Year(s)",
      "Specimen": "blood",
      "Quantity": "36 micro-mol/l",
      "Quality": "Normal"
    },
    {
      "Name": "Tyrosine",
      "Age": "15.45 Year(s)",
      "Specimen": "blood",
      "Quantity": "45 micro-mol/l",
      "Quality": "Normal"
    },
    {
      "Name": "Tyrosine",
      "Age": "15.56 Year(s)",
      "Specimen": "blood",
      "Quantity": "52 micro-mol/l",
      "Quality": "Normal"
    },
    {
      "Name": "Tyrosine",
      "Age": "15.61 Year(s)",
      "Specimen": "blood",
      "Quantity": "89 micro-mol/l",
      "Quality": "Normal"
    },
    {
      "Name": "Tyrosine",
      "Age": "15.65 Year(s)",
      "Specimen": "blood",
      "Quantity": "38 micro-mol/l",
      "Quality": "Normal"
    },
    {
      "Name": "Tyrosine",
      "Age": "15.81 Year(s)",
      "Specimen": "blood",
      "Quantity": "88 micro-mol/l",
      "Quality": "Normal"
    },
    {
      "Name": "Tyrosine",
      "Age": "15.9 Year(s)",
      "Specimen": "blood",
      "Quantity": "47 micro-mol/l",
      "Quality": "Normal"
    },
    {
      "Name": "Tyrosine",
      "Age": "15.98 Year(s)",
      "Specimen": "blood",
      "Quantity": "77 micro-mol/l",
      "Quality": "Normal"
    },
    {
      "Name": "Tyrosine",
      "Age": "16.07 Year(s)",
      "Specimen": "blood",
      "Quantity": "78 micro-mol/l",
      "Quality": "Normal"
    },
    {
      "Name": "Tyrosine",
      "Age": "16.15 Year(s)",
      "Specimen": "blood",
      "Quantity": "39 micro-mol/l",
      "Quality": "Normal"
    },
    {
      "Name": "Tyrosine",
      "Age": "16.23 Year(s)",
      "Specimen": "blood",
      "Quantity": "48 micro-mol/l",
      "Quality": "Normal"
    },
    {
      "Name": "Tyrosine",
      "Age": "16.28 Year(s)",
      "Specimen": "blood",
      "Quantity": "69 micro-mol/l",
      "Quality": "Normal"
    },
    {
      "Name": "Tyrosine",
      "Age": "16.4 Year(s)",
      "Specimen": "blood",
      "Quantity": "77 micro-mol/l",
      "Quality": "Normal"
    },
    {
      "Name": "Tyrosine",
      "Age": "16.48 Year(s)",
      "Specimen": "blood",
      "Quantity": "39 micro-mol/l",
      "Quality": "Normal"
    },
    {
      "Name": "Tyrosine",
      "Age": "16.6 Year(s)",
      "Specimen": "blood",
      "Quantity": "57 micro-mol/l",
      "Quality": "Normal"
    },
    {
      "Name": "Tyrosine",
      "Age": "16.82 Year(s)",
      "Specimen": "blood",
      "Quantity": "73 micro-mol/l",
      "Quality": "Normal"
    },
    {
      "Name": "Tyrosine",
      "Age": "16.98 Year(s)",
      "Specimen": "blood",
      "Quantity": "57 micro-mol/l",
      "Quality": "Normal"
    },
    {
      "Name": "Tyrosine",
      "Age": "17.12 Year(s)",
      "Specimen": "blood",
      "Quantity": "49 micro-mol/l",
      "Quality": "Normal"
    },
    {
      "Name": "Tyrosine",
      "Age": "17.12 Year(s)",
      "Specimen": "blood",
      "Quantity": "38 micro-mol/l",
      "Quality": "Increased"
    },
    {
      "Name": "Tyrosine",
      "Age": "17.23 Year(s)",
      "Specimen": "blood",
      "Quantity": "99 micro-mol/l",
      "Quality": "Normal"
    },
    {
      "Name": "Tyrosine",
      "Age": "17.48 Year(s)",
      "Specimen": "blood",
      "Quantity": "66 micro-mol/l",
      "Quality": "Normal"
    },
    {
      "Name": "Tyrosine",
      "Age": "17.56 Year(s)",
      "Specimen": "blood",
      "Quantity": "46 micro-mol/l",
      "Quality": "Normal"
    },
    {
      "Name": "Tyrosine",
      "Age": "17.73 Year(s)",
      "Specimen": "blood",
      "Quantity": "57 micro-mol/l",
      "Quality": "Normal"
    },
    {
      "Name": "Tyrosine",
      "Age": "17.76 Year(s)",
      "Specimen": "blood",
      "Quantity": "35 micro-mol/l",
      "Quality": "Decreased"
    },
    {
      "Name": "Tyrosine",
      "Age": "17.88 Year(s)",
      "Specimen": "blood",
      "Quantity": "90 micro-mol/l",
      "Quality": "Normal"
    },
    {
      "Name": "Tyrosine",
      "Age": "17.98 Year(s)",
      "Specimen": "blood",
      "Quantity": "70 micro-mol/l",
      "Quality": "Normal"
    },
    {
      "Name": "Tyrosine",
      "Age": "18.06 Year(s)",
      "Specimen": "blood",
      "Quantity": "72 micro-mol/l",
      "Quality": "Normal"
    },
    {
      "Name": "Tyrosine",
      "Age": "18.14 Year(s)",
      "Specimen": "blood",
      "Quantity": "57 micro-mol/l",
      "Quality": "Normal"
    },
    {
      "Name": "Tyrosine",
      "Age": "18.22 Year(s)",
      "Specimen": "blood",
      "Quantity": "64 micro-mol/l",
      "Quality": "Normal"
    },
    {
      "Name": "Tyrosine",
      "Age": "18.4 Year(s)",
      "Specimen": "blood",
      "Quantity": "58 micro-mol/l",
      "Quality": "Normal"
    },
    {
      "Name": "Tyrosine",
      "Age": "18.48 Year(s)",
      "Specimen": "blood",
      "Quantity": "46 micro-mol/l",
      "Quality": "Normal"
    },
    {
      "Name": "Tyrosine",
      "Age": "18.64 Year(s)",
      "Specimen": "blood",
      "Quantity": "58 micro-mol/l",
      "Quality": "Normal"
    },
    {
      "Name": "Tyrosine",
      "Age": "18.73 Year(s)",
      "Specimen": "blood",
      "Quantity": "87 micro-mol/l",
      "Quality": "Normal"
    },
    {
      "Name": "Tyrosine",
      "Age": "18.89 Year(s)",
      "Specimen": "blood",
      "Quantity": "43 micro-mol/l",
      "Quality": "Normal"
    },
    {
      "Name": "Tyrosine",
      "Age": "19.07 Year(s)",
      "Specimen": "blood",
      "Quantity": "81 micro-mol/l",
      "Quality": "Normal"
    },
    {
      "Name": "Tyrosine",
      "Age": "19.15 Year(s)",
      "Specimen": "blood",
      "Quantity": "80 micro-mol/l",
      "Quality": "Normal"
    },
    {
      "Name": "Tyrosine",
      "Age": "19.3 Year(s)",
      "Specimen": "blood",
      "Quantity": "142 micro-mol/l",
      "Quality": "Increased"
    },
    {
      "Name": "Tyrosine",
      "Age": "19.65 Year(s)",
      "Specimen": "blood",
      "Quantity": "65 micro-mol/l",
      "Quality": "Normal"
    },
    {
      "Name": "Tyrosine",
      "Age": "19.73 Year(s)",
      "Specimen": "blood",
      "Quantity": "64 micro-mol/l",
      "Quality": "Normal"
    },
    {
      "Name": "Tyrosine",
      "Age": "20.07 Year(s)",
      "Specimen": "blood",
      "Quantity": "59 micro-mol/l",
      "Quality": "Normal"
    },
    {
      "Name": "Tyrosine",
      "Age": "20.22 Year(s)",
      "Specimen": "blood",
      "Quantity": "102 micro-mol/l",
      "Quality": "Normal"
    },
    {
      "Name": "Tyrosine",
      "Age": "20.23 Year(s)",
      "Specimen": "blood",
      "Quantity": "73 micro-mol/l",
      "Quality": "Normal"
    }
  ],
  "Symptoms": [
    {
      "Name": "infections [severe or recurrent]",
      "Age": "2.08 Year(s)",
      "Range": "yes"
    },
    {
      "Name": "no clinical signs or symptoms",
      "Age": "3.42 Month(s)",
      "Range": "yes"
    },
    {
      "Name": "no clinical signs or symptoms",
      "Age": "4.44 Year(s)",
      "Range": "yes"
    },
    {
      "Name": "no clinical signs or symptoms",
      "Age": "8.95 Year(s)",
      "Range": "yes"
    },
    {
      "Name": "no clinical signs or symptoms",
      "Age": "12.64 Year(s)",
      "Range": "yes"
    }
  ],
  "Diet/drugs": [
    {
      "Name": "artificial protein intake (specific amino acid mixture)",
      "Age": "3.42 Month(s)",
      "Dosage": "10.6 g/day",
      "Route": "oral"
    },
    {
      "Name": "artificial protein intake (specific amino acid mixture)",
      "Age": "5.55 Month(s)",
      "Dosage": "11.1 g/day",
      "Route": "oral"
    },
    {
      "Name": "artificial protein intake (specific amino acid mixture)",
      "Age": "2.09 Year(s)",
      "Dosage": "16 g/day",
      "Route": "oral"
    },
    {
      "Name": "artificial protein intake (specific amino acid mixture)",
      "Age": "3.16 Year(s)",
      "Dosage": "18 g/day",
      "Route": "oral"
    },
    {
      "Name": "artificial protein intake (specific amino acid mixture)",
      "Age": "4.47 Year(s)",
      "Dosage": "23.4 g/day",
      "Route": "oral"
    },
    {
      "Name": "phenylalanine",
      "Age": "3.42 Month(s)",
      "Dosage": "200 mg/day",
      "Route": "oral"
    },
    {
      "Name": "phenylalanine",
      "Age": "5.55 Month(s)",
      "Dosage": "200 mg/day",
      "Route": "oral"
    },
    {
      "Name": "phenylalanine",
      "Age": "2.09 Year(s)",
      "Dosage": "260 mg/day",
      "Route": "oral"
    },
    {
      "Name": "phenylalanine",
      "Age": "3.16 Year(s)",
      "Dosage": "250 mg/day",
      "Route": "oral"
    },
    {
      "Name": "phenylalanine",
      "Age": "4.47 Year(s)",
      "Dosage": "250 mg/day",
      "Route": "oral"
    },
    {
      "Name": "phenylalanine",
      "Age": "11.13 Year(s)",
      "Dosage": "380 mg/day",
      "Route": "oral"
    },
    {
      "Name": "phenylalanine",
      "Age": "12.64 Year(s)",
      "Dosage": "500 mg/day",
      "Route": "oral"
    },
    {
      "Name": "protein (total)",
      "Age": "3.42 Month(s)",
      "Dosage": "15.1 g/day",
      "Route": "oral"
    },
    {
      "Name": "protein (total)",
      "Age": "5.55 Month(s)",
      "Dosage": "16 g/day",
      "Route": "oral"
    },
    {
      "Name": "protein (total)",
      "Age": "2.09 Year(s)",
      "Dosage": "23 g/day",
      "Route": "oral"
    },
    {
      "Name": "protein (total)",
      "Age": "3.16 Year(s)",
      "Dosage": "25 g/day",
      "Route": "oral"
    },
    {
      "Name": "protein (total)",
      "Age": "4.47 Year(s)",
      "Dosage": "31 g/day",
      "Route": "oral"
    },
    {
      "Name": "tetrahydrobiopterin",
      "Age": "17.12 Year(s)",
      "Dosage": "20 kcal/kg/day",
      "Route": "oral"
    },
    {
      "Name": "withdrawal of the drug",
      "Age": "17.12 Year(s)",
      "Dosage": "0 mg/kg/day",
      "Route": "oral"
    }
  ],
  "Therapy/development": [
    {
      "Name": "head circumference",
      "Age": "3.42 Month(s)",
      "Quantity": "41  cm",
      "Type": "development"
    },
    {
      "Name": "head circumference",
      "Age": "6.31 Month(s)",
      "Quantity": "43  cm",
      "Type": "development"
    },
    {
      "Name": "head circumference",
      "Age": "14.09 Month(s)",
      "Quantity": "47.5  cm",
      "Type": "development"
    },
    {
      "Name": "head circumference",
      "Age": "17.41 Month(s)",
      "Quantity": "48  cm",
      "Type": "development"
    },
    {
      "Name": "head circumference",
      "Age": "21.68 Month(s)",
      "Quantity": "49  cm",
      "Type": "development"
    },
    {
      "Name": "length",
      "Age": "3.42 Month(s)",
      "Quantity": "66  cm",
      "Type": "development"
    },
    {
      "Name": "length",
      "Age": "14.09 Month(s)",
      "Quantity": "77  cm",
      "Type": "development"
    },
    {
      "Name": "length",
      "Age": "21.68 Month(s)",
      "Quantity": "84.5  cm",
      "Type": "development"
    },
    {
      "Name": "length",
      "Age": "5.03 Year(s)",
      "Quantity": "110  cm",
      "Type": "development"
    },
    {
      "Name": "length",
      "Age": "11.13 Year(s)",
      "Quantity": "144  cm",
      "Type": "development"
    },
    {
      "Name": "length",
      "Age": "12.64 Year(s)",
      "Quantity": "153.5  cm",
      "Type": "development"
    },
    {
      "Name": "length",
      "Age": "13.47 Year(s)",
      "Quantity": "162.2  cm",
      "Type": "development"
    },
    {
      "Name": "length",
      "Age": "16.28 Year(s)",
      "Quantity": "174.7  cm",
      "Type": "development"
    },
    {
      "Name": "phenylalanine-restricted diet",
      "Age": "16 Day(s)",
      "Quantity": "",
      "Type": ""
    },
    {
      "Name": "weight",
      "Age": "3.42 Month(s)",
      "Quantity": "7  kg",
      "Type": "development"
    },
    {
      "Name": "weight",
      "Age": "6.31 Month(s)",
      "Quantity": "8.1  kg",
      "Type": "development"
    },
    {
      "Name": "weight",
      "Age": "7.88 Month(s)",
      "Quantity": "9.3  kg",
      "Type": "development"
    },
    {
      "Name": "weight",
      "Age": "14.09 Month(s)",
      "Quantity": "10.9  kg",
      "Type": "development"
    },
    {
      "Name": "weight",
      "Age": "17.41 Month(s)",
      "Quantity": "11.3  kg",
      "Type": "development"
    },
    {
      "Name": "weight",
      "Age": "21.68 Month(s)",
      "Quantity": "12.5  kg",
      "Type": "development"
    },
    {
      "Name": "weight",
      "Age": "5.03 Year(s)",
      "Quantity": "17.4  kg",
      "Type": "development"
    },
    {
      "Name": "weight",
      "Age": "11.13 Year(s)",
      "Quantity": "31.7  kg",
      "Type": "development"
    },
    {
      "Name": "weight",
      "Age": "12.64 Year(s)",
      "Quantity": "39.5  kg",
      "Type": "development"
    },
    {
      "Name": "weight",
      "Age": "13.47 Year(s)",
      "Quantity": "45.7  kg",
      "Type": "development"
    },
    {
      "Name": "weight",
      "Age": "16.28 Year(s)",
      "Quantity": "63.4  kg",
      "Type": "development"
    }
  ]
}