{
  "MainData": {
    "Patient ID": "522",
    "Diagnosis": "CARNITINE DEFICIENCY, SYSTEMIC PRIMARY (MIM 212140)",
    "Gender": "m",
    "Age of symptoms onset": "0 Day(s)",
    "Age of diagnosis": "3.96 Year(s)",
    "Found in newborn screening": "n",
    "Diagnosis confirmed": "y",
    "Country": "Germany",
    "Ethnic origin": "Mother: German, Father: German",
    "History": "An apparently healthy younger brother died because of a severe metabolic decompensation. Metabolic screening showed decreased levels of free carnitine in the elder brother s serum.  The diagnosis of carnitine transport defect was conformed by carnitine uptake test in fibroblasts.\nAt the age of about 4 years, the patient presented with metabolic complications, too.\nSupplementation of carnitine was initiated.",
    "Author": "Willy Lehnert",
    "Hospital": "University Childrens Hospital Freiburg",
    "Coauthor(s)": "",
    "Date of entry": "2002-02-24"
  },
  "Molecular genetics": {
    "Gene name": "",
    "Genotype": "",
    "Allele 1": {
      "Trivial name": "",
      "Systematic name": "",
      "Amino acid change": "",
      "Nucleotide change": "",
      "Exon/Intron Boundary/Promotor": ""
    },
    "Allele 2": {
      "Trivial name": "",
      "Systematic name": "",
      "Amino acid change": "",
      "Nucleotide change": "",
      "Exon/Intron Boundary/Promotor": ""
    }
  },
  "Lab findings": [
    {
      "Name": "ALAT (GPT)",
      "Age": "4.42 Year(s)",
      "Specimen": "serum/plasma",
      "Quantity": "7 U/l",
      "Quality": "Normal"
    },
    {
      "Name": "ASAT (GOT)",
      "Age": "4.42 Year(s)",
      "Specimen": "serum/plasma",
      "Quantity": "19 U/l",
      "Quality": "Normal"
    },
    {
      "Name": "Carnitine uptake",
      "Age": "4.03 Year(s)",
      "Specimen": "fibroblasts",
      "Quantity": "0.1 pmol/min/mg",
      "Quality": "Decreased"
    },
    {
      "Name": "Carnitine, free",
      "Age": "3.96 Year(s)",
      "Specimen": "serum/plasma",
      "Quantity": "0.8 micro-mol/l",
      "Quality": "Decreased"
    },
    {
      "Name": "Carnitine, free",
      "Age": "4.42 Year(s)",
      "Specimen": "serum/plasma",
      "Quantity": "7 micro-mol/l",
      "Quality": "Decreased"
    },
    {
      "Name": "Carnitine, free",
      "Age": "4.44 Year(s)",
      "Specimen": "serum/plasma",
      "Quantity": "20 micro-mol/l",
      "Quality": "Normal"
    },
    {
      "Name": "Carnitine, free",
      "Age": "4.46 Year(s)",
      "Specimen": "serum/plasma",
      "Quantity": "31 micro-mol/l",
      "Quality": "Normal"
    },
    {
      "Name": "Carnitine, free",
      "Age": "4.49 Year(s)",
      "Specimen": "serum/plasma",
      "Quantity": "49 micro-mol/l",
      "Quality": "Normal"
    },
    {
      "Name": "Carnitine, free",
      "Age": "4.5 Year(s)",
      "Specimen": "serum/plasma",
      "Quantity": "24 micro-mol/l",
      "Quality": "Normal"
    },
    {
      "Name": "Lactate",
      "Age": "3.96 Year(s)",
      "Specimen": "urine",
      "Quantity": "",
      "Quality": "Increased"
    },
    {
      "Name": "Potassium",
      "Age": "4.42 Year(s)",
      "Specimen": "serum/plasma",
      "Quantity": "3.9 mmol/l",
      "Quality": "Normal"
    },
    {
      "Name": "Sodium",
      "Age": "4.42 Year(s)",
      "Specimen": "serum/plasma",
      "Quantity": "136 mmol/l",
      "Quality": "Normal"
    }
  ],
  "Symptoms": [
    {
      "Name": "Fever",
      "Age": "4.42 Year(s)",
      "Range": "slight [37,5-38,5 degrees Celsius]"
    },
    {
      "Name": "cardiomyopathy",
      "Age": "4.42 Year(s)",
      "Range": "yes"
    },
    {
      "Name": "gastroenteritis",
      "Age": "4.42 Year(s)",
      "Range": "yes"
    }
  ],
  "Diet/drugs": [],
  "Therapy/development": []
}