{
  "MainData": {
    "Patient ID": "524",
    "Diagnosis": "UNKNOWN (MIM 1)",
    "Gender": "f",
    "Age of symptoms onset": "6 Week(s)",
    "Age of diagnosis": "0 Day(s)",
    "Found in newborn screening": "n",
    "Diagnosis confirmed": "n",
    "Country": "Germany",
    "Ethnic origin": "Mother: German, Father: German",
    "History": "The girl presented with severe clinical signs like feeding problems and lethargia. During hospitalisation, seizures and apnea occured. Intensive care treatment was initiated. Increased levels of ammonia and lactate. The diagnosis is still unknown.",
    "Author": "Willy Lehnert",
    "Hospital": "University Childrens Hospital Freiburg",
    "Coauthor(s)": "",
    "Date of entry": "2002-03-03"
  },
  "Molecular genetics": {
    "Gene name": "",
    "Genotype": "",
    "Allele 1": {
      "Trivial name": "",
      "Systematic name": "",
      "Amino acid change": "",
      "Nucleotide change": "",
      "Exon/Intron Boundary/Promotor": ""
    },
    "Allele 2": {
      "Trivial name": "",
      "Systematic name": "",
      "Amino acid change": "",
      "Nucleotide change": "",
      "Exon/Intron Boundary/Promotor": ""
    }
  },
  "Lab findings": [
    {
      "Name": "Ammonia",
      "Age": "3.05 Month(s)",
      "Specimen": "serum/plasma",
      "Quantity": "",
      "Quality": "Increased"
    },
    {
      "Name": "Lactate",
      "Age": "3.05 Month(s)",
      "Specimen": "urine",
      "Quantity": "",
      "Quality": "Increased"
    },
    {
      "Name": "Pyruvate, Pyruvic acid",
      "Age": "3.05 Month(s)",
      "Specimen": "serum/plasma",
      "Quantity": "",
      "Quality": "Decreased"
    }
  ],
  "Symptoms": [
    {
      "Name": "apnea",
      "Age": "2.23 Month(s)",
      "Range": "yes"
    },
    {
      "Name": "feeding difficulties, poor feeding",
      "Age": "2.23 Month(s)",
      "Range": "severe"
    },
    {
      "Name": "hypotonia",
      "Age": "2.23 Month(s)",
      "Range": "yes"
    },
    {
      "Name": "infections [severe or recurrent]",
      "Age": "2.23 Month(s)",
      "Range": "yes"
    },
    {
      "Name": "lethargy, drowsiness, malaise or sleep disorder",
      "Age": "2.23 Month(s)",
      "Range": "yes"
    },
    {
      "Name": "metabolic acidosis",
      "Age": "2.23 Month(s)",
      "Range": "yes"
    },
    {
      "Name": "seizures",
      "Age": "2.23 Month(s)",
      "Range": "yes"
    }
  ],
  "Diet/drugs": [],
  "Therapy/development": []
}