{
  "MainData": {
    "Patient ID": "532",
    "Diagnosis": "ACYL-CoA DEHYDROGENASE, SHORT-CHAIN, DEFICIENCY OF (MIM 201470)",
    "Gender": "m",
    "Age of symptoms onset": "0 Day(s)",
    "Age of diagnosis": "6.86 Week(s)",
    "Found in newborn screening": "y",
    "Diagnosis confirmed": "y",
    "Country": "Germany",
    "Ethnic origin": "Mother: Turkish, Father: Turkish",
    "History": "The patient was found in the extended newborn screening program with elevated levels of butyrylcarnitine (Prof. Sander, Hannover, Germany).\n Diagnosis of short chain acyl-CoA dehydrogenase deficiency (SCAD) was confirmed by moleculargenetic analysis (Prof. Gregersen, Aarhus, Denmark).\nAs sudden decompensations can not be excluded, supplementation of carnitine was started.",
    "Author": "Friedrich Trefz",
    "Hospital": "Childrens Hospital Reutlingen",
    "Coauthor(s)": "",
    "Date of entry": "2002-03-12"
  },
  "Molecular genetics": {
    "Gene name": "SCAD gene",
    "Genotype": "",
    "Allele 1": {
      "Trivial name": "596C>T",
      "Systematic name": "",
      "Amino acid change": "Ala>Val",
      "Nucleotide change": "",
      "Exon/Intron Boundary/Promotor": ""
    },
    "Allele 2": {
      "Trivial name": "596C>T",
      "Systematic name": "",
      "Amino acid change": "Ala>Val",
      "Nucleotide change": "",
      "Exon/Intron Boundary/Promotor": ""
    }
  },
  "Lab findings": [
    {
      "Name": "Alanine",
      "Age": "8.14 Week(s)",
      "Specimen": "serum/plasma",
      "Quantity": "877 micro-mol/l",
      "Quality": "Increased"
    },
    {
      "Name": "ALAT (GPT)",
      "Age": "3.22 Month(s)",
      "Specimen": "serum/plasma",
      "Quantity": "26 U/l",
      "Quality": "Normal"
    },
    {
      "Name": "ASAT (GOT)",
      "Age": "3.22 Month(s)",
      "Specimen": "serum/plasma",
      "Quantity": "48 U/l",
      "Quality": "Increased"
    },
    {
      "Name": "Butyrylcarnitine (C4)",
      "Age": "2 Day(s)",
      "Specimen": "blood",
      "Quantity": "1.3 micro-mol/l",
      "Quality": "Increased"
    },
    {
      "Name": "Butyrylcarnitine (C4)",
      "Age": "20 Day(s)",
      "Specimen": "blood",
      "Quantity": "0.8 micro-mol/l",
      "Quality": "Normal"
    },
    {
      "Name": "Butyrylcarnitine (C4)",
      "Age": "6.86 Week(s)",
      "Specimen": "blood",
      "Quantity": "1 micro-mol/l",
      "Quality": "Increased"
    },
    {
      "Name": "Butyrylcarnitine (C4)",
      "Age": "8.14 Week(s)",
      "Specimen": "blood",
      "Quantity": "",
      "Quality": "Increased"
    },
    {
      "Name": "Butyrylcarnitine (C4)",
      "Age": "4.43 Month(s)",
      "Specimen": "blood",
      "Quantity": "2.9 micro-mol/l",
      "Quality": "Increased"
    },
    {
      "Name": "Carnitine, free",
      "Age": "8.14 Week(s)",
      "Specimen": "blood",
      "Quantity": "",
      "Quality": "Normal"
    },
    {
      "Name": "Creatinine kinase",
      "Age": "3.22 Month(s)",
      "Specimen": "serum/plasma",
      "Quantity": "1892 U/l",
      "Quality": "Increased"
    },
    {
      "Name": "Ethylmalonic acid",
      "Age": "4.43 Month(s)",
      "Specimen": "urine",
      "Quantity": "429 mmol/mol Crea",
      "Quality": "Increased"
    },
    {
      "Name": "Phosphatase, alkaline",
      "Age": "3.22 Month(s)",
      "Specimen": "serum/plasma",
      "Quantity": "822 U/l",
      "Quality": "Increased"
    },
    {
      "Name": "Propionylcarnitine (C3)",
      "Age": "8.14 Week(s)",
      "Specimen": "blood",
      "Quantity": "",
      "Quality": "Increased"
    },
    {
      "Name": "Tyrosine",
      "Age": "8.14 Week(s)",
      "Specimen": "blood",
      "Quantity": "151 micro-mol/l",
      "Quality": "Increased"
    }
  ],
  "Symptoms": [
    {
      "Name": "abnormal in neonatal screening",
      "Age": "2 Day(s)",
      "Range": "yes"
    },
    {
      "Name": "erythematous skin rash",
      "Age": "3.22 Month(s)",
      "Range": "yes"
    },
    {
      "Name": "hypotonia",
      "Age": "3.22 Month(s)",
      "Range": "yes"
    },
    {
      "Name": "sweating",
      "Age": "3.22 Month(s)",
      "Range": "yes"
    }
  ],
  "Diet/drugs": [
    {
      "Name": "L-carnitine",
      "Age": "3.22 Month(s)",
      "Dosage": "500 mg/day",
      "Route": "oral"
    }
  ],
  "Therapy/development": [
    {
      "Name": "head circumference",
      "Age": "3.22 Month(s)",
      "Quantity": "51.5  cm",
      "Type": "development"
    },
    {
      "Name": "length",
      "Age": "3.22 Month(s)",
      "Quantity": "61  cm",
      "Type": "development"
    },
    {
      "Name": "weight",
      "Age": "3.22 Month(s)",
      "Quantity": "5.9  kg",
      "Type": "development"
    },
    {
      "Name": "weight",
      "Age": "4.43 Month(s)",
      "Quantity": "6.8  kg",
      "Type": "development"
    }
  ]
}