{
  "MainData": {
    "Patient ID": "539",
    "Diagnosis": "COMPLEX IV, MITOCHONDRIAL RESPIRATORY CHAIN, DEFICIENCY OF (MIM 220110)",
    "Gender": "f",
    "Age of symptoms onset": "3 Month(s)",
    "Age of diagnosis": "0 Day(s)",
    "Found in newborn screening": "n",
    "Diagnosis confirmed": "y",
    "Country": "Germany",
    "Ethnic origin": "Mother: German, Father: German",
    "History": "At the age of 3 months, the boy presented with several neurologic signs. Metabolic investigation led to the diagnosis of cytochrome-C-oxidase deficiency. Reduced activity of complex II and III was found in muscle and liver. The boy died at the age of one year.",
    "Author": "Willy Lehnert",
    "Hospital": "University Childrens Hospital Freiburg",
    "Coauthor(s)": "",
    "Date of entry": "2002-03-17"
  },
  "Molecular genetics": {
    "Gene name": "",
    "Genotype": "",
    "Allele 1": {
      "Trivial name": "",
      "Systematic name": "",
      "Amino acid change": "",
      "Nucleotide change": "",
      "Exon/Intron Boundary/Promotor": ""
    },
    "Allele 2": {
      "Trivial name": "",
      "Systematic name": "",
      "Amino acid change": "",
      "Nucleotide change": "",
      "Exon/Intron Boundary/Promotor": ""
    }
  },
  "Lab findings": [
    {
      "Name": "Adipic acid",
      "Age": "7.72 Month(s)",
      "Specimen": "urine",
      "Quantity": "",
      "Quality": "Increased"
    },
    {
      "Name": "Complex II",
      "Age": "10.71 Month(s)",
      "Specimen": "muscle",
      "Quantity": "",
      "Quality": "Decreased"
    },
    {
      "Name": "Complex III",
      "Age": "10.71 Month(s)",
      "Specimen": "muscle",
      "Quantity": "",
      "Quality": "Decreased"
    },
    {
      "Name": "Lactate",
      "Age": "7.72 Month(s)",
      "Specimen": "urine",
      "Quantity": "",
      "Quality": "Increased"
    }
  ],
  "Symptoms": [
    {
      "Name": "hypotonia",
      "Age": "7.49 Month(s)",
      "Range": "yes"
    },
    {
      "Name": "motor retardation",
      "Age": "2.73 Month(s)",
      "Range": "yes"
    },
    {
      "Name": "seizures",
      "Age": "5.75 Month(s)",
      "Range": "yes"
    }
  ],
  "Diet/drugs": [],
  "Therapy/development": []
}