{
  "MainData": {
    "Patient ID": "543",
    "Diagnosis": "ACYL-CoA DEHYDROGENASE, MEDIUM-CHAIN, DEFICIENCY OF (MIM 201450)",
    "Gender": "f",
    "Age of symptoms onset": "0 Day(s)",
    "Age of diagnosis": "6 Day(s)",
    "Found in newborn screening": "y",
    "Diagnosis confirmed": "y",
    "Country": "Germany",
    "Ethnic origin": "Mother: German, Father: German",
    "History": "The patient was found in the extended newborn screening program with elevated levels of octanoylcarnitine ( 205mol/ l).\r\nTreatment: Avoidance of fasting, carnitine-supplementation.",
    "Author": "Friedrich Trefz",
    "Hospital": "Childrens Hospital Reutlingen",
    "Coauthor(s)": "",
    "Date of entry": "2002-03-25"
  },
  "Molecular genetics": {
    "Gene name": "MCAD gene",
    "Genotype": "p.K329E/ p.K329E",
    "Allele 1": {
      "Trivial name": "p.K329E",
      "Systematic name": "c.985A>G",
      "Amino acid change": "Lys>Glu",
      "Nucleotide change": "AAA>GAA",
      "Exon/Intron Boundary/Promotor": "11"
    },
    "Allele 2": {
      "Trivial name": "p.K329E",
      "Systematic name": "c.985A>G",
      "Amino acid change": "Lys>Glu",
      "Nucleotide change": "AAA>GAA",
      "Exon/Intron Boundary/Promotor": "11"
    }
  },
  "Lab findings": [
    {
      "Name": "Ammonia",
      "Age": "8.31 Month(s)",
      "Specimen": "serum/plasma",
      "Quantity": "47 micro-mol/l",
      "Quality": "Normal"
    },
    {
      "Name": "Carnitine, free",
      "Age": "3.68 Month(s)",
      "Specimen": "blood",
      "Quantity": "26 micro-mol/l",
      "Quality": "Normal"
    },
    {
      "Name": "Carnitine, free",
      "Age": "8.28 Month(s)",
      "Specimen": "blood",
      "Quantity": "23 micro-mol/l",
      "Quality": "Normal"
    },
    {
      "Name": "Carnitine, free",
      "Age": "20.14 Month(s)",
      "Specimen": "blood",
      "Quantity": "22 micro-mol/l",
      "Quality": "Normal"
    },
    {
      "Name": "Carnitine, free",
      "Age": "2.14 Year(s)",
      "Specimen": "blood",
      "Quantity": "17 micro-mol/l",
      "Quality": "Normal"
    },
    {
      "Name": "Carnitine, free",
      "Age": "2.64 Year(s)",
      "Specimen": "blood",
      "Quantity": "23 micro-mol/l",
      "Quality": "Normal"
    },
    {
      "Name": "Carnitine, free",
      "Age": "3.61 Year(s)",
      "Specimen": "blood",
      "Quantity": "25 micro-mol/l",
      "Quality": "Normal"
    },
    {
      "Name": "Decanoylcarnitine (C10)",
      "Age": "8.28 Month(s)",
      "Specimen": "blood",
      "Quantity": "0.5 micro-mol/l",
      "Quality": "Increased"
    },
    {
      "Name": "Decanoylcarnitine (C10)",
      "Age": "20.14 Month(s)",
      "Specimen": "blood",
      "Quantity": "0.5 micro-mol/l",
      "Quality": "Increased"
    },
    {
      "Name": "Decanoylcarnitine (C10)",
      "Age": "2.14 Year(s)",
      "Specimen": "blood",
      "Quantity": "0.4 micro-mol/l",
      "Quality": "Increased"
    },
    {
      "Name": "Decanoylcarnitine (C10)",
      "Age": "2.64 Year(s)",
      "Specimen": "blood",
      "Quantity": "0.3 micro-mol/l",
      "Quality": "Normal"
    },
    {
      "Name": "Decanoylcarnitine (C10)",
      "Age": "3.61 Year(s)",
      "Specimen": "blood",
      "Quantity": "0.1 micro-mol/l",
      "Quality": "Normal"
    },
    {
      "Name": "Decenoylcarnitine (C10:1)",
      "Age": "3.68 Month(s)",
      "Specimen": "blood",
      "Quantity": "0.5 micro-mol/l",
      "Quality": "Increased"
    },
    {
      "Name": "Decenoylcarnitine (C10:1)",
      "Age": "8.28 Month(s)",
      "Specimen": "blood",
      "Quantity": "1.4 micro-mol/l",
      "Quality": "Increased"
    },
    {
      "Name": "Decenoylcarnitine (C10:1)",
      "Age": "8.31 Month(s)",
      "Specimen": "blood",
      "Quantity": "1.3 micro-mol/l",
      "Quality": "Increased"
    },
    {
      "Name": "Decenoylcarnitine (C10:1)",
      "Age": "20.14 Month(s)",
      "Specimen": "blood",
      "Quantity": "1 micro-mol/l",
      "Quality": "Increased"
    },
    {
      "Name": "Decenoylcarnitine (C10:1)",
      "Age": "2.14 Year(s)",
      "Specimen": "blood",
      "Quantity": "0.9 micro-mol/l",
      "Quality": "Increased"
    },
    {
      "Name": "Decenoylcarnitine (C10:1)",
      "Age": "2.64 Year(s)",
      "Specimen": "blood",
      "Quantity": "0.6 micro-mol/l",
      "Quality": "Increased"
    },
    {
      "Name": "Decenoylcarnitine (C10:1)",
      "Age": "3.61 Year(s)",
      "Specimen": "blood",
      "Quantity": "0.4 micro-mol/l",
      "Quality": "Normal"
    },
    {
      "Name": "Dodecanoylcarnitine (C12)",
      "Age": "6 Day(s)",
      "Specimen": "blood",
      "Quantity": "",
      "Quality": "Increased"
    },
    {
      "Name": "Hexanoylcarnitine (C6)",
      "Age": "6 Day(s)",
      "Specimen": "blood",
      "Quantity": "",
      "Quality": "Increased"
    },
    {
      "Name": "Hexanoylcarnitine (C6)",
      "Age": "2.64 Year(s)",
      "Specimen": "blood",
      "Quantity": "0.4 micro-mol/l",
      "Quality": "Normal"
    },
    {
      "Name": "Hexanoylcarnitine (C6)",
      "Age": "3.61 Year(s)",
      "Specimen": "blood",
      "Quantity": "0.5 micro-mol/l",
      "Quality": "Normal"
    },
    {
      "Name": "Lactate",
      "Age": "8.31 Month(s)",
      "Specimen": "blood",
      "Quantity": "1.7 mmol/l",
      "Quality": "Normal"
    },
    {
      "Name": "Octanoyl-/Decanoylcarnitine (C8/C10)",
      "Age": "3.68 Month(s)",
      "Specimen": "blood",
      "Quantity": "13.5 (ratio)",
      "Quality": "Increased"
    },
    {
      "Name": "Octanoyl-/Decanoylcarnitine (C8/C10)",
      "Age": "8.28 Month(s)",
      "Specimen": "blood",
      "Quantity": "8.7 (ratio)",
      "Quality": "Increased"
    },
    {
      "Name": "Octanoyl-/Decanoylcarnitine (C8/C10)",
      "Age": "8.31 Month(s)",
      "Specimen": "blood",
      "Quantity": "7 (ratio)",
      "Quality": "Increased"
    },
    {
      "Name": "Octanoyl-/Decanoylcarnitine (C8/C10)",
      "Age": "20.14 Month(s)",
      "Specimen": "blood",
      "Quantity": "10.1 (ratio)",
      "Quality": "Increased"
    },
    {
      "Name": "Octanoyl-/Decanoylcarnitine (C8/C10)",
      "Age": "3.61 Year(s)",
      "Specimen": "blood",
      "Quantity": "26.8 (ratio)",
      "Quality": "Increased"
    },
    {
      "Name": "Octanoylcarnitine (C8)",
      "Age": "6 Day(s)",
      "Specimen": "blood",
      "Quantity": "20 micro-mol/l",
      "Quality": "Increased"
    },
    {
      "Name": "Octanoylcarnitine (C8)",
      "Age": "11 Day(s)",
      "Specimen": "blood",
      "Quantity": "2.3 micro-mol/l",
      "Quality": "Increased"
    },
    {
      "Name": "Octanoylcarnitine (C8)",
      "Age": "3.68 Month(s)",
      "Specimen": "blood",
      "Quantity": "3.5 micro-mol/l",
      "Quality": "Increased"
    },
    {
      "Name": "Octanoylcarnitine (C8)",
      "Age": "8.28 Month(s)",
      "Specimen": "blood",
      "Quantity": "4.4 micro-mol/l",
      "Quality": "Increased"
    },
    {
      "Name": "Octanoylcarnitine (C8)",
      "Age": "8.28 Month(s)",
      "Specimen": "blood",
      "Quantity": "3.5 micro-mol/l",
      "Quality": "Increased"
    },
    {
      "Name": "Octanoylcarnitine (C8)",
      "Age": "8.31 Month(s)",
      "Specimen": "blood",
      "Quantity": "8.7 micro-mol/l",
      "Quality": "Increased"
    },
    {
      "Name": "Octanoylcarnitine (C8)",
      "Age": "20.14 Month(s)",
      "Specimen": "blood",
      "Quantity": "4.7 micro-mol/l",
      "Quality": "Increased"
    },
    {
      "Name": "Octanoylcarnitine (C8)",
      "Age": "2.14 Year(s)",
      "Specimen": "blood",
      "Quantity": "4.5 micro-mol/l",
      "Quality": "Increased"
    },
    {
      "Name": "Octanoylcarnitine (C8)",
      "Age": "2.64 Year(s)",
      "Specimen": "blood",
      "Quantity": "2.7 micro-mol/l",
      "Quality": "Increased"
    },
    {
      "Name": "Octanoylcarnitine (C8)",
      "Age": "3.61 Year(s)",
      "Specimen": "blood",
      "Quantity": "2.2 micro-mol/l",
      "Quality": "Increased"
    }
  ],
  "Symptoms": [
    {
      "Name": "Hospitalization",
      "Age": "8.31 Month(s)",
      "Range": "yes"
    },
    {
      "Name": "abnormal in neonatal screening",
      "Age": "6 Day(s)",
      "Range": "yes"
    },
    {
      "Name": "diarrhea",
      "Age": "8.34 Month(s)",
      "Range": "moderate"
    },
    {
      "Name": "gastroenteritis",
      "Age": "8.34 Month(s)",
      "Range": "yes"
    },
    {
      "Name": "no clinical signs or symptoms",
      "Age": "11 Day(s)",
      "Range": "yes"
    },
    {
      "Name": "no clinical signs or symptoms",
      "Age": "20.14 Month(s)",
      "Range": "yes"
    },
    {
      "Name": "no clinical signs or symptoms",
      "Age": "2.14 Year(s)",
      "Range": "yes"
    },
    {
      "Name": "no clinical signs or symptoms",
      "Age": "3.61 Year(s)",
      "Range": "yes"
    },
    {
      "Name": "vomiting",
      "Age": "8.31 Month(s)",
      "Range": "moderate"
    }
  ],
  "Diet/drugs": [
    {
      "Name": "L-carnitine",
      "Age": "11 Day(s)",
      "Dosage": "600 mg/day",
      "Route": "oral"
    },
    {
      "Name": "L-carnitine",
      "Age": "11 Day(s)",
      "Dosage": "500 mg/day",
      "Route": "oral"
    }
  ],
  "Therapy/development": [
    {
      "Name": "avoidance of fasting",
      "Age": "11 Day(s)",
      "Quantity": "",
      "Type": ""
    },
    {
      "Name": "head circumference",
      "Age": "11 Day(s)",
      "Quantity": "35  cm",
      "Type": "development"
    },
    {
      "Name": "head circumference",
      "Age": "8.28 Month(s)",
      "Quantity": "43.5  cm",
      "Type": "development"
    },
    {
      "Name": "length",
      "Age": "11 Day(s)",
      "Quantity": "52  cm",
      "Type": "development"
    },
    {
      "Name": "length",
      "Age": "8.28 Month(s)",
      "Quantity": "68  cm",
      "Type": "development"
    },
    {
      "Name": "length",
      "Age": "20.14 Month(s)",
      "Quantity": "81  cm",
      "Type": "development"
    },
    {
      "Name": "length",
      "Age": "2.14 Year(s)",
      "Quantity": "89.3  cm",
      "Type": "development"
    },
    {
      "Name": "length",
      "Age": "3.61 Year(s)",
      "Quantity": "102  cm",
      "Type": "development"
    },
    {
      "Name": "weight",
      "Age": "11 Day(s)",
      "Quantity": "3.5  kg",
      "Type": "development"
    },
    {
      "Name": "weight",
      "Age": "8.28 Month(s)",
      "Quantity": "8.3  kg",
      "Type": "development"
    },
    {
      "Name": "weight",
      "Age": "20.14 Month(s)",
      "Quantity": "11  kg",
      "Type": "development"
    },
    {
      "Name": "weight",
      "Age": "2.14 Year(s)",
      "Quantity": "12.8  kg",
      "Type": "development"
    },
    {
      "Name": "weight",
      "Age": "3.61 Year(s)",
      "Quantity": "16.7  kg",
      "Type": "development"
    },
    {
      "Name": "weight at birth",
      "Age": "1 Day(s)",
      "Quantity": "3.4  kg",
      "Type": "perinatal"
    }
  ]
}