{
  "MainData": {
    "Patient ID": "545",
    "Diagnosis": "COMPLEX IV, MITOCHONDRIAL RESPIRATORY CHAIN, DEFICIENCY OF (MIM 220110)",
    "Gender": "f",
    "Age of symptoms onset": "2 Day(s)",
    "Age of diagnosis": "12.42 Month(s)",
    "Found in newborn screening": "n",
    "Diagnosis confirmed": "y",
    "Country": "Germany",
    "Ethnic origin": "Mother: German, Father: German",
    "History": "First child of healthy, nonconsanguineous parents. The girl was born at term after an uneventful pregnancy. At the age of two months, she was admitted to hospital, because of hypotonia and delayed motor development. A slightly elevated excretion of ethylmalonic, oxalic, adipic and glutaric acid was found.\nThe girl died at the age of 13 months due to respiratory insufficiency. Decreased activity of cytochrome-C-oxidase was found in a muscle specimen taken at 11 months and in a liver specimen taken 1.5 hours post-mortem. These metabolic investigations led to the diagnosis of cytochrome-c-oxidase deficiency.",
    "Author": "Willy Lehnert",
    "Hospital": "University Childrens Hospital Freiburg",
    "Coauthor(s)": "",
    "Date of entry": "2002-04-01"
  },
  "Molecular genetics": {
    "Gene name": "",
    "Genotype": "",
    "Allele 1": {
      "Trivial name": "",
      "Systematic name": "",
      "Amino acid change": "",
      "Nucleotide change": "",
      "Exon/Intron Boundary/Promotor": ""
    },
    "Allele 2": {
      "Trivial name": "",
      "Systematic name": "",
      "Amino acid change": "",
      "Nucleotide change": "",
      "Exon/Intron Boundary/Promotor": ""
    }
  },
  "Lab findings": [
    {
      "Name": "Adipic acid",
      "Age": "7.39 Month(s)",
      "Specimen": "urine",
      "Quantity": "",
      "Quality": "Increased"
    },
    {
      "Name": "Cytochrome c oxidase",
      "Age": "7.39 Month(s)",
      "Specimen": "liver",
      "Quantity": "7 % activity",
      "Quality": "Decreased"
    },
    {
      "Name": "Cytochrome c oxidase",
      "Age": "7.39 Month(s)",
      "Specimen": "muscle",
      "Quantity": "19 % activity",
      "Quality": "Decreased"
    },
    {
      "Name": "Ethylmalonic acid",
      "Age": "7.39 Month(s)",
      "Specimen": "urine",
      "Quantity": "",
      "Quality": "Increased"
    },
    {
      "Name": "Glutaric acid",
      "Age": "7.39 Month(s)",
      "Specimen": "urine",
      "Quantity": "",
      "Quality": "Increased"
    },
    {
      "Name": "Lactate",
      "Age": "7.39 Month(s)",
      "Specimen": "blood",
      "Quantity": "5.2 mmol/l",
      "Quality": "Increased"
    }
  ],
  "Symptoms": [
    {
      "Name": "decreased muscle volume, atrophy or hypoplasia",
      "Age": "7.39 Month(s)",
      "Range": "yes"
    },
    {
      "Name": "defect of deep tendon reflexes",
      "Age": "7.39 Month(s)",
      "Range": "yes"
    },
    {
      "Name": "hypotonia",
      "Age": "2.37 Month(s)",
      "Range": "yes"
    },
    {
      "Name": "lethargy, drowsiness, malaise or sleep disorder",
      "Age": "7.39 Month(s)",
      "Range": "yes"
    },
    {
      "Name": "petechiae",
      "Age": "7.39 Month(s)",
      "Range": "yes"
    },
    {
      "Name": "seizures",
      "Age": "10.41 Month(s)",
      "Range": "yes"
    }
  ],
  "Diet/drugs": [],
  "Therapy/development": []
}