{
  "MainData": {
    "Patient ID": "548",
    "Diagnosis": "FRUCTOSE-1,6-BISPHOSPHATASE 1 (MIM 229700)",
    "Gender": "f",
    "Age of symptoms onset": "5 Month(s)",
    "Age of diagnosis": "2.36 Year(s)",
    "Found in newborn screening": "n",
    "Diagnosis confirmed": "y",
    "Country": "Germany",
    "Ethnic origin": "Mother: German, Father: German",
    "History": "Child of healthy parents. At the age of about 5 months, the girl presented with apathia and lethargy. Metabolic investigation, highly increased levels of b-hydroxybutyrate and clinical signs led to the diagnosis of fructose-1.6-diphosphatase deficiency. Measuring of enzyme-activity in liver was not initiated.",
    "Author": "Willy Lehnert",
    "Hospital": "University Childrens Hospital Freiburg",
    "Coauthor(s)": "",
    "Date of entry": "2002-04-07"
  },
  "Molecular genetics": {
    "Gene name": "",
    "Genotype": "",
    "Allele 1": {
      "Trivial name": "",
      "Systematic name": "",
      "Amino acid change": "",
      "Nucleotide change": "",
      "Exon/Intron Boundary/Promotor": ""
    },
    "Allele 2": {
      "Trivial name": "",
      "Systematic name": "",
      "Amino acid change": "",
      "Nucleotide change": "",
      "Exon/Intron Boundary/Promotor": ""
    }
  },
  "Lab findings": [
    {
      "Name": "Fructose",
      "Age": "2.35 Year(s)",
      "Specimen": "urine",
      "Quantity": "",
      "Quality": "Increased"
    },
    {
      "Name": "Fructose",
      "Age": "2.36 Year(s)",
      "Specimen": "urine",
      "Quantity": "",
      "Quality": "Normal"
    },
    {
      "Name": "Glucose",
      "Age": "2.35 Year(s)",
      "Specimen": "serum/plasma",
      "Quantity": "",
      "Quality": "Increased"
    }
  ],
  "Symptoms": [
    {
      "Name": "apathia",
      "Age": "15.37 Month(s)",
      "Range": "yes"
    },
    {
      "Name": "hypoglycemia",
      "Age": "2.28 Year(s)",
      "Range": "yes"
    },
    {
      "Name": "lethargy, drowsiness, malaise or sleep disorder",
      "Age": "15.37 Month(s)",
      "Range": "yes"
    },
    {
      "Name": "lethargy, drowsiness, malaise or sleep disorder",
      "Age": "2.28 Year(s)",
      "Range": "yes"
    },
    {
      "Name": "metabolic acidosis",
      "Age": "2.28 Year(s)",
      "Range": "yes"
    }
  ],
  "Diet/drugs": [],
  "Therapy/development": []
}