{
  "MainData": {
    "Patient ID": "552",
    "Diagnosis": "FRUCTOSE INTOLERANCE, HEREDITARY (MIM 229600)",
    "Gender": "m",
    "Age of symptoms onset": "1 Month(s)",
    "Age of diagnosis": "0 Day(s)",
    "Found in newborn screening": "n",
    "Diagnosis confirmed": "n",
    "Country": "Germany",
    "Ethnic origin": "Mother: German, Father: German",
    "History": "First child of healthy parents. The boy was born at term after an uneventful pregnancy. The boy presented with increased levels of bilirubin, vomiting, seizures and jitterness. Metabolic investigation led to the\ndiagnosis if hereditary fructose intolerance. The diagnosis was not confirmed by reduced enzyme-activity.",
    "Author": "Willy Lehnert",
    "Hospital": "University Childrens Hospital Freiburg",
    "Coauthor(s)": "",
    "Date of entry": "2002-04-21"
  },
  "Molecular genetics": {
    "Gene name": "",
    "Genotype": "",
    "Allele 1": {
      "Trivial name": "",
      "Systematic name": "",
      "Amino acid change": "",
      "Nucleotide change": "",
      "Exon/Intron Boundary/Promotor": ""
    },
    "Allele 2": {
      "Trivial name": "",
      "Systematic name": "",
      "Amino acid change": "",
      "Nucleotide change": "",
      "Exon/Intron Boundary/Promotor": ""
    }
  },
  "Lab findings": [
    {
      "Name": "Bilirubin, total",
      "Age": "5.01 Week(s)",
      "Specimen": "serum/plasma",
      "Quantity": "221 micro-mol/l",
      "Quality": "Increased"
    },
    {
      "Name": "Hemoglobine",
      "Age": "5.01 Week(s)",
      "Specimen": "blood",
      "Quantity": "7.3 g/dl",
      "Quality": "Decreased"
    },
    {
      "Name": "Lactate",
      "Age": "5.01 Week(s)",
      "Specimen": "urine",
      "Quantity": "",
      "Quality": "Increased"
    },
    {
      "Name": "Triglycerides",
      "Age": "5.01 Week(s)",
      "Specimen": "serum/plasma",
      "Quantity": "53 mg/dl",
      "Quality": "Normal"
    },
    {
      "Name": "Bilirubin, direct",
      "Age": "5.01 Week(s)",
      "Specimen": "serum/plasma",
      "Quantity": "90 micro-mol/l",
      "Quality": "Increased"
    }
  ],
  "Symptoms": [
    {
      "Name": "flatulence",
      "Age": "4.01 Week(s)",
      "Range": "yes"
    },
    {
      "Name": "jitterness",
      "Age": "4.01 Week(s)",
      "Range": "yes"
    },
    {
      "Name": "large liver",
      "Age": "5.01 Week(s)",
      "Range": "yes"
    },
    {
      "Name": "seizures",
      "Age": "5.01 Week(s)",
      "Range": "yes"
    },
    {
      "Name": "vomiting",
      "Age": "4.01 Week(s)",
      "Range": "severe"
    }
  ],
  "Diet/drugs": [],
  "Therapy/development": []
}