{
  "MainData": {
    "Patient ID": "554",
    "Diagnosis": "GLUTARIC ACIDEMIA I (MIM 231670)",
    "Gender": "f",
    "Age of symptoms onset": "4 Month(s)",
    "Age of diagnosis": "19.81 Month(s)",
    "Found in newborn screening": "n",
    "Diagnosis confirmed": "y",
    "Country": "Germany",
    "Ethnic origin": "Mother: German, Father: German",
    "History": "At the age of 4 months, the girl presented with spasticity and psychomtoric retardation. Metabolic investigation, highly increased levels of  glutaric acid in urine, serum and spinal fluid as well as decreased levels of free carnitine in serum led to the diagnosis of glutaric aciduria type I. Initiation of lysine-reduced diet.",
    "Author": "Willy Lehnert",
    "Hospital": "University Childrens Hospital Freiburg",
    "Coauthor(s)": "",
    "Date of entry": "2002-04-21"
  },
  "Molecular genetics": {
    "Gene name": "",
    "Genotype": "",
    "Allele 1": {
      "Trivial name": "",
      "Systematic name": "",
      "Amino acid change": "",
      "Nucleotide change": "",
      "Exon/Intron Boundary/Promotor": ""
    },
    "Allele 2": {
      "Trivial name": "",
      "Systematic name": "",
      "Amino acid change": "",
      "Nucleotide change": "",
      "Exon/Intron Boundary/Promotor": ""
    }
  },
  "Lab findings": [
    {
      "Name": "3-Hydroxyglutaric acid",
      "Age": "19.81 Month(s)",
      "Specimen": "urine",
      "Quantity": "",
      "Quality": "Increased"
    },
    {
      "Name": "Carnitine, free",
      "Age": "19.81 Month(s)",
      "Specimen": "serum/plasma",
      "Quantity": "",
      "Quality": "Decreased"
    },
    {
      "Name": "Glutaconic acid",
      "Age": "19.81 Month(s)",
      "Specimen": "urine",
      "Quantity": "",
      "Quality": "Increased"
    },
    {
      "Name": "Glutaric acid",
      "Age": "19.81 Month(s)",
      "Specimen": "spinal fluid",
      "Quantity": "8 micro-mol/l",
      "Quality": "Increased"
    },
    {
      "Name": "Glutaric acid",
      "Age": "19.81 Month(s)",
      "Specimen": "serum/plasma",
      "Quantity": "10 micro-mol/l",
      "Quality": "Increased"
    },
    {
      "Name": "Glutaric acid",
      "Age": "19.81 Month(s)",
      "Specimen": "urine",
      "Quantity": "",
      "Quality": "Increased"
    }
  ],
  "Symptoms": [
    {
      "Name": "athetosis",
      "Age": "19.81 Month(s)",
      "Range": "yes"
    },
    {
      "Name": "cortical or cerebral atrophy",
      "Age": "19.81 Month(s)",
      "Range": "yes"
    },
    {
      "Name": "opisthotonus",
      "Age": "3.81 Month(s)",
      "Range": "yes"
    },
    {
      "Name": "spastic diplegia/quadriplegia",
      "Age": "19.81 Month(s)",
      "Range": "yes"
    }
  ],
  "Diet/drugs": [],
  "Therapy/development": []
}