{
  "MainData": {
    "Patient ID": "562",
    "Diagnosis": "GLUTARIC ACIDEMIA I (MIM 231670)",
    "Gender": "m",
    "Age of symptoms onset": "0 Day(s)",
    "Age of diagnosis": "19.62 Month(s)",
    "Found in newborn screening": "n",
    "Diagnosis confirmed": "y",
    "Country": "Germany",
    "Ethnic origin": "Mother: unknown, Father: unknown",
    "History": "The boy presented with macrocephaly,  hydrocephalus and neurological retardation. Highly increased levels of glutaric acid in urine, decreased levels of carnitine in serum, led to the diagnosis of glutaric aciduria type 1. Substitution of carnitine.",
    "Author": "Willy Lehnert",
    "Hospital": "University Childrens Hospital Freiburg",
    "Coauthor(s)": "",
    "Date of entry": "2002-04-28"
  },
  "Molecular genetics": {
    "Gene name": "",
    "Genotype": "",
    "Allele 1": {
      "Trivial name": "",
      "Systematic name": "",
      "Amino acid change": "",
      "Nucleotide change": "",
      "Exon/Intron Boundary/Promotor": ""
    },
    "Allele 2": {
      "Trivial name": "",
      "Systematic name": "",
      "Amino acid change": "",
      "Nucleotide change": "",
      "Exon/Intron Boundary/Promotor": ""
    }
  },
  "Lab findings": [
    {
      "Name": "Carnitine, free",
      "Age": "20.24 Month(s)",
      "Specimen": "serum/plasma",
      "Quantity": "",
      "Quality": "Decreased"
    },
    {
      "Name": "Glutaric acid",
      "Age": "19.62 Month(s)",
      "Specimen": "urine",
      "Quantity": "3070 mmol/mol Crea",
      "Quality": "Increased"
    },
    {
      "Name": "Glutaric acid",
      "Age": "20.01 Month(s)",
      "Specimen": "urine",
      "Quantity": "2380 mmol/mol Crea",
      "Quality": "Increased"
    },
    {
      "Name": "Glutaric acid",
      "Age": "20.14 Month(s)",
      "Specimen": "urine",
      "Quantity": "3522 mmol/mol Crea",
      "Quality": "Increased"
    },
    {
      "Name": "Glutaric acid",
      "Age": "22.8 Month(s)",
      "Specimen": "urine",
      "Quantity": "197 mmol/mol Crea",
      "Quality": "Increased"
    },
    {
      "Name": "Glutaric acid",
      "Age": "3.93 Year(s)",
      "Specimen": "serum/plasma",
      "Quantity": "30 micro-mol/l",
      "Quality": "Increased"
    },
    {
      "Name": "Glutaric acid",
      "Age": "3.93 Year(s)",
      "Specimen": "urine",
      "Quantity": "800 mmol/mol Crea",
      "Quality": "Increased"
    }
  ],
  "Symptoms": [
    {
      "Name": "anemia",
      "Age": "13.8 Month(s)",
      "Range": "yes"
    },
    {
      "Name": "hydrocephalus",
      "Age": "5.75 Month(s)",
      "Range": "yes"
    }
  ],
  "Diet/drugs": [],
  "Therapy/development": []
}