{
  "MainData": {
    "Patient ID": "569",
    "Diagnosis": "GLUTARIC ACIDEMIA I (MIM 231670)",
    "Gender": "m",
    "Age of symptoms onset": "4 Month(s)",
    "Age of diagnosis": "10.23 Year(s)",
    "Found in newborn screening": "n",
    "Diagnosis confirmed": "y",
    "Country": "Germany",
    "Ethnic origin": "Mother: unknown, Father: unknown",
    "History": "At the age of about 4 months, the boy presented with seizures and paresis. At the age of 10 years, metabolic investigation led to the diagnosis of glutaric aciduria type 1. The diagnosis was confirmed by decreased glutaryl CoA dehydrogenase activity in fibroblasts.",
    "Author": "Willy Lehnert",
    "Hospital": "University Childrens Hospital Freiburg",
    "Coauthor(s)": "",
    "Date of entry": "2002-05-12"
  },
  "Molecular genetics": {
    "Gene name": "",
    "Genotype": "",
    "Allele 1": {
      "Trivial name": "",
      "Systematic name": "",
      "Amino acid change": "",
      "Nucleotide change": "",
      "Exon/Intron Boundary/Promotor": ""
    },
    "Allele 2": {
      "Trivial name": "",
      "Systematic name": "",
      "Amino acid change": "",
      "Nucleotide change": "",
      "Exon/Intron Boundary/Promotor": ""
    }
  },
  "Lab findings": [
    {
      "Name": "3-Hydroxyglutaric acid",
      "Age": "10.3 Year(s)",
      "Specimen": "urine",
      "Quantity": "",
      "Quality": "Increased"
    },
    {
      "Name": "Glutaric acid",
      "Age": "10.3 Year(s)",
      "Specimen": "urine",
      "Quantity": "10 mmol/mol Crea",
      "Quality": "Increased"
    },
    {
      "Name": "Glutaryl CoA dehydrogenase",
      "Age": "10.72 Year(s)",
      "Specimen": "fibroblasts",
      "Quantity": "",
      "Quality": "Decreased"
    }
  ],
  "Symptoms": [
    {
      "Name": "dystonia",
      "Age": "3.71 Month(s)",
      "Range": "yes"
    },
    {
      "Name": "feeding difficulties, poor feeding",
      "Age": "3.71 Month(s)",
      "Range": "moderate"
    },
    {
      "Name": "paraparesis/paraplegia",
      "Age": "3.71 Month(s)",
      "Range": "yes"
    },
    {
      "Name": "seizures",
      "Age": "3.71 Month(s)",
      "Range": "yes"
    }
  ],
  "Diet/drugs": [],
  "Therapy/development": []
}