{
  "MainData": {
    "Patient ID": "573",
    "Diagnosis": "GLUTARIC ACIDEMIA I (MIM 231670)",
    "Gender": "m",
    "Age of symptoms onset": "21 Week(s)",
    "Age of diagnosis": "3.78 Year(s)",
    "Found in newborn screening": "n",
    "Diagnosis confirmed": "y",
    "Country": "Germany",
    "Ethnic origin": "Mother: German, Father: German",
    "History": "First child of non consanguineous parents. The boy was born at term after an uneventful pregnancy. At the age of 21 months, he presented with fever and several neurologic signs, muscular hypertonia and opisthotonus. Severe deterioration of psychomotoric development was noticed. Both, recurrent clinical signs and severe retardation of psychomotoric development, led to the diagnosis of glutaric aciduria type 1, at nearly 4 years of age. Highly increased levels of glutaric acid in urine, plasma and spinal fluid. The diagnosis was confirmed by reduced activity of glutaryl-CoA dehydrogenase in fibroblasts. But, there was still a higher residual activity than normally seen in classical GDH deficiency. Initiation of lysine and tryptophan reduced diet and supplementation of carnitine.",
    "Author": "Willy Lehnert",
    "Hospital": "University Childrens Hospital Freiburg",
    "Coauthor(s)": "",
    "Date of entry": "2002-05-15"
  },
  "Molecular genetics": {
    "Gene name": "",
    "Genotype": "",
    "Allele 1": {
      "Trivial name": "",
      "Systematic name": "",
      "Amino acid change": "",
      "Nucleotide change": "",
      "Exon/Intron Boundary/Promotor": ""
    },
    "Allele 2": {
      "Trivial name": "",
      "Systematic name": "",
      "Amino acid change": "",
      "Nucleotide change": "",
      "Exon/Intron Boundary/Promotor": ""
    }
  },
  "Lab findings": [
    {
      "Name": "Acylcarnitine",
      "Age": "3.84 Year(s)",
      "Specimen": "serum/plasma",
      "Quantity": "",
      "Quality": "Decreased"
    },
    {
      "Name": "Carnitine, free",
      "Age": "3.84 Year(s)",
      "Specimen": "serum/plasma",
      "Quantity": "0.1 micro-mol/l",
      "Quality": "Decreased"
    },
    {
      "Name": "Glutaric acid",
      "Age": "3.84 Year(s)",
      "Specimen": "spinal fluid",
      "Quantity": "0.9 micro-mol/l",
      "Quality": "Increased"
    },
    {
      "Name": "Glutaric acid",
      "Age": "3.84 Year(s)",
      "Specimen": "urine",
      "Quantity": "8 mmol/mol Crea",
      "Quality": "Increased"
    },
    {
      "Name": "Glutaric acid",
      "Age": "3.84 Year(s)",
      "Specimen": "serum/plasma",
      "Quantity": "1.9 micro-mol/l",
      "Quality": "Increased"
    }
  ],
  "Symptoms": [
    {
      "Name": "Fever",
      "Age": "20.27 Month(s)",
      "Range": "medium [38,5-39,5 degrees Celsius]"
    },
    {
      "Name": "ataxia",
      "Age": "20.27 Month(s)",
      "Range": "yes"
    },
    {
      "Name": "athetosis",
      "Age": "3.78 Year(s)",
      "Range": "yes"
    },
    {
      "Name": "dehydration",
      "Age": "3.78 Year(s)",
      "Range": "yes"
    },
    {
      "Name": "diarrhea",
      "Age": "20.27 Month(s)",
      "Range": "severe"
    },
    {
      "Name": "hand movements, abnormal, stereotyped",
      "Age": "3.78 Year(s)",
      "Range": "yes"
    },
    {
      "Name": "hypertonia, spasticity",
      "Age": "3.78 Year(s)",
      "Range": "yes"
    },
    {
      "Name": "neurologic deterioration",
      "Age": "3.78 Year(s)",
      "Range": "yes"
    },
    {
      "Name": "opisthotonus",
      "Age": "3.78 Year(s)",
      "Range": "yes"
    }
  ],
  "Diet/drugs": [],
  "Therapy/development": []
}