{
  "MainData": {
    "Patient ID": "575",
    "Diagnosis": "GLUTARIC ACIDEMIA I (MIM 231670)",
    "Gender": "f",
    "Age of symptoms onset": "5 Month(s)",
    "Age of diagnosis": "14.29 Year(s)",
    "Found in newborn screening": "n",
    "Diagnosis confirmed": "y",
    "Country": "Germany",
    "Ethnic origin": "Mother: any, Father: any",
    "History": "Child of consanguineous parents. After 5 months of normal development, the girl presented with retardation  psychomtoric development. At the age of 14 years, metabolic investigations led to the diagnosis of glutaric aciduria type 1. Highly increased levels of glutaric acid were found in urine. MRI showed a cerebral atrophy.  Initiation of lysine-reduced diet and substitution of carnitine.",
    "Author": "Willy Lehnert",
    "Hospital": "University Childrens Hospital Freiburg",
    "Coauthor(s)": "",
    "Date of entry": "2002-05-18"
  },
  "Molecular genetics": {
    "Gene name": "",
    "Genotype": "",
    "Allele 1": {
      "Trivial name": "",
      "Systematic name": "",
      "Amino acid change": "",
      "Nucleotide change": "",
      "Exon/Intron Boundary/Promotor": ""
    },
    "Allele 2": {
      "Trivial name": "",
      "Systematic name": "",
      "Amino acid change": "",
      "Nucleotide change": "",
      "Exon/Intron Boundary/Promotor": ""
    }
  },
  "Lab findings": [
    {
      "Name": "Acylcarnitine",
      "Age": "14.29 Year(s)",
      "Specimen": "serum/plasma",
      "Quantity": "0.2 micro-mol/l",
      "Quality": "Decreased"
    },
    {
      "Name": "Carnitine, free",
      "Age": "14.29 Year(s)",
      "Specimen": "serum/plasma",
      "Quantity": "4.8 micro-mol/l",
      "Quality": "Decreased"
    },
    {
      "Name": "Glutaric acid",
      "Age": "14.29 Year(s)",
      "Specimen": "urine",
      "Quantity": "",
      "Quality": "Increased"
    },
    {
      "Name": "Glutaric acid",
      "Age": "14.29 Year(s)",
      "Specimen": "urine",
      "Quantity": "405 mmol/mol Crea",
      "Quality": "Increased"
    }
  ],
  "Symptoms": [
    {
      "Name": "athetosis",
      "Age": "14.28 Year(s)",
      "Range": "yes"
    },
    {
      "Name": "cortical or cerebral atrophy",
      "Age": "14.28 Year(s)",
      "Range": "yes"
    },
    {
      "Name": "hypotonia",
      "Age": "14.28 Year(s)",
      "Range": "yes"
    },
    {
      "Name": "microcephaly [< 2SD for age]",
      "Age": "1 Day(s)",
      "Range": "yes"
    }
  ],
  "Diet/drugs": [],
  "Therapy/development": []
}