{
  "MainData": {
    "Patient ID": "577",
    "Diagnosis": "GLUTARIC ACIDEMIA I (MIM 231670)",
    "Gender": "f",
    "Age of symptoms onset": "8 Month(s)",
    "Age of diagnosis": "8.21 Month(s)",
    "Found in newborn screening": "n",
    "Diagnosis confirmed": "y",
    "Country": "Germany",
    "Ethnic origin": "Mother: German, Father: German",
    "History": "After 8 months of normal development, the boy presented with feeding problems, jitterness and recurrent infections. Severe signs of neurologic involvement, but no spasticity. Elevated excretion of glutaric acid in urine led to the diagnosis of glutaric aciduria type 1. The usual diet was started.",
    "Author": "Willy Lehnert",
    "Hospital": "University Childrens Hospital Freiburg",
    "Coauthor(s)": "",
    "Date of entry": "2002-05-20"
  },
  "Molecular genetics": {
    "Gene name": "",
    "Genotype": "",
    "Allele 1": {
      "Trivial name": "",
      "Systematic name": "",
      "Amino acid change": "",
      "Nucleotide change": "",
      "Exon/Intron Boundary/Promotor": ""
    },
    "Allele 2": {
      "Trivial name": "",
      "Systematic name": "",
      "Amino acid change": "",
      "Nucleotide change": "",
      "Exon/Intron Boundary/Promotor": ""
    }
  },
  "Lab findings": [
    {
      "Name": "3-Hydroxyglutaric acid",
      "Age": "9.72 Month(s)",
      "Specimen": "urine",
      "Quantity": "",
      "Quality": "Increased"
    },
    {
      "Name": "Glutaric acid",
      "Age": "8.15 Month(s)",
      "Specimen": "urine",
      "Quantity": "",
      "Quality": "Increased"
    },
    {
      "Name": "Glutaric acid",
      "Age": "8.21 Month(s)",
      "Specimen": "urine",
      "Quantity": "3147 mmol/mol Crea",
      "Quality": "Increased"
    },
    {
      "Name": "Glutaric acid",
      "Age": "8.51 Month(s)",
      "Specimen": "urine",
      "Quantity": "1975 mmol/mol Crea",
      "Quality": "Increased"
    },
    {
      "Name": "Glutaric acid",
      "Age": "8.9 Month(s)",
      "Specimen": "urine",
      "Quantity": "893 mmol/mol Crea",
      "Quality": "Increased"
    },
    {
      "Name": "Glutaric acid",
      "Age": "9.72 Month(s)",
      "Specimen": "urine",
      "Quantity": "110 mmol/mol Crea",
      "Quality": "Increased"
    },
    {
      "Name": "Glutaric acid",
      "Age": "13.04 Month(s)",
      "Specimen": "urine",
      "Quantity": "670 mmol/mol Crea",
      "Quality": "Increased"
    },
    {
      "Name": "Glutaric acid",
      "Age": "13.04 Month(s)",
      "Specimen": "serum/plasma",
      "Quantity": "0 micro-mol/l",
      "Quality": "Increased"
    },
    {
      "Name": "Glutaric acid",
      "Age": "20.99 Month(s)",
      "Specimen": "urine",
      "Quantity": "970 mmol/mol Crea",
      "Quality": "Increased"
    },
    {
      "Name": "Glutaric acid",
      "Age": "23.36 Month(s)",
      "Specimen": "urine",
      "Quantity": "750 mmol/mol Crea",
      "Quality": "Increased"
    }
  ],
  "Symptoms": [
    {
      "Name": "athetosis",
      "Age": "7.88 Month(s)",
      "Range": "yes"
    },
    {
      "Name": "feeding difficulties, poor feeding",
      "Age": "7.88 Month(s)",
      "Range": "moderate"
    },
    {
      "Name": "hypotonia",
      "Age": "7.88 Month(s)",
      "Range": "yes"
    },
    {
      "Name": "infections [severe or recurrent]",
      "Age": "7.88 Month(s)",
      "Range": "yes"
    },
    {
      "Name": "jitterness",
      "Age": "7.88 Month(s)",
      "Range": "yes"
    }
  ],
  "Diet/drugs": [],
  "Therapy/development": []
}