{
  "MainData": {
    "Patient ID": "578",
    "Diagnosis": "GLUTARIC ACIDEMIA I (MIM 231670)",
    "Gender": "f",
    "Age of symptoms onset": "4 Month(s)",
    "Age of diagnosis": "11.01 Month(s)",
    "Found in newborn screening": "n",
    "Diagnosis confirmed": "y",
    "Country": "Germany",
    "Ethnic origin": "Mother: Turkish, Father: Turkish",
    "History": "First child of consanguineous parents. After four months of normal development, the girl presented with retardation of neurologic development and muscular hypotonia. MRI showed dilated ventricles and a small arachnoid cyst. Metabolic investigation, highly increased levels of glutaric acid and 3-hydroxyglutaric acid in urine, led to the diagnosis of glutaric aciduria type 1. Lysine-reduced diet.",
    "Author": "Willy Lehnert",
    "Hospital": "University Childrens Hospital Freiburg",
    "Coauthor(s)": "",
    "Date of entry": "2002-05-20"
  },
  "Molecular genetics": {
    "Gene name": "",
    "Genotype": "",
    "Allele 1": {
      "Trivial name": "",
      "Systematic name": "",
      "Amino acid change": "",
      "Nucleotide change": "",
      "Exon/Intron Boundary/Promotor": ""
    },
    "Allele 2": {
      "Trivial name": "",
      "Systematic name": "",
      "Amino acid change": "",
      "Nucleotide change": "",
      "Exon/Intron Boundary/Promotor": ""
    }
  },
  "Lab findings": [
    {
      "Name": "Calcium",
      "Age": "11.01 Month(s)",
      "Specimen": "serum/plasma",
      "Quantity": "2.7 mmol/l",
      "Quality": "Increased"
    },
    {
      "Name": "Glutaric acid",
      "Age": "12.32 Month(s)",
      "Specimen": "urine",
      "Quantity": "5300 mmol/mol Crea",
      "Quality": "Increased"
    },
    {
      "Name": "Glutaric acid",
      "Age": "13.14 Month(s)",
      "Specimen": "urine",
      "Quantity": "4400 mmol/mol Crea",
      "Quality": "Increased"
    },
    {
      "Name": "Glutaric acid",
      "Age": "16.33 Month(s)",
      "Specimen": "urine",
      "Quantity": "2000 mmol/mol Crea",
      "Quality": "Increased"
    },
    {
      "Name": "Glutarylcarnitine (C5DC)",
      "Age": "14.19 Month(s)",
      "Specimen": "serum/plasma",
      "Quantity": "",
      "Quality": "Increased"
    },
    {
      "Name": "Lactate",
      "Age": "11.01 Month(s)",
      "Specimen": "blood",
      "Quantity": "2.8 mmol/l",
      "Quality": "Increased"
    },
    {
      "Name": "Lactate",
      "Age": "11.07 Month(s)",
      "Specimen": "blood",
      "Quantity": "1.5 mmol/l",
      "Quality": "Normal"
    },
    {
      "Name": "Lysine",
      "Age": "14.19 Month(s)",
      "Specimen": "serum/plasma",
      "Quantity": "",
      "Quality": "Decreased"
    }
  ],
  "Symptoms": [
    {
      "Name": "MRI, brain, abnormalities",
      "Age": "11.01 Month(s)",
      "Range": "yes"
    },
    {
      "Name": "hypotonia",
      "Age": "11.01 Month(s)",
      "Range": "yes"
    },
    {
      "Name": "macrocephaly [large calvaria, >2SD for age]",
      "Age": "11.01 Month(s)",
      "Range": "yes"
    }
  ],
  "Diet/drugs": [],
  "Therapy/development": []
}