{
  "MainData": {
    "Patient ID": "581",
    "Diagnosis": "GLUTARIC ACIDEMIA I (MIM 231670)",
    "Gender": "m",
    "Age of symptoms onset": "3 Year(s)",
    "Age of diagnosis": "17 Day(s)",
    "Found in newborn screening": "n",
    "Diagnosis confirmed": "y",
    "Country": "Germany",
    "Ethnic origin": "Mother: German, Father: German",
    "History": "After three years of normal development, the boy presented with ataxia and retardation of psychomotoric development.\nNo or normal excretion of glutaric acid, but slightly  increased levels of 3-hydroxyglutaric acid in urine and spinal fluid, led to the diagnosis of glutaric aciduria type 1. Very decreased glutaryl-CoA dehydrogenase (GDH) activity in leucocytes confirmed these findings. The activity found was only 3 per cent of normal mean. The activity of the mother was the heterozygous range.",
    "Author": "Willy Lehnert",
    "Hospital": "University Childrens Hospital Freiburg",
    "Coauthor(s)": "",
    "Date of entry": "2002-05-23"
  },
  "Molecular genetics": {
    "Gene name": "",
    "Genotype": "",
    "Allele 1": {
      "Trivial name": "",
      "Systematic name": "",
      "Amino acid change": "",
      "Nucleotide change": "",
      "Exon/Intron Boundary/Promotor": ""
    },
    "Allele 2": {
      "Trivial name": "",
      "Systematic name": "",
      "Amino acid change": "",
      "Nucleotide change": "",
      "Exon/Intron Boundary/Promotor": ""
    }
  },
  "Lab findings": [
    {
      "Name": "3-Hydroxyglutaric acid",
      "Age": "3.03 Year(s)",
      "Specimen": "urine",
      "Quantity": "16.3 mmol/mol Crea",
      "Quality": "Increased"
    },
    {
      "Name": "3-Hydroxyglutaric acid",
      "Age": "3.05 Year(s)",
      "Specimen": "urine",
      "Quantity": "58 mmol/mol Crea",
      "Quality": "Increased"
    },
    {
      "Name": "Carnitine, free",
      "Age": "3.05 Year(s)",
      "Specimen": "serum/plasma",
      "Quantity": "2 micro-mol/l",
      "Quality": "Decreased"
    },
    {
      "Name": "Glutaric acid",
      "Age": "3.05 Year(s)",
      "Specimen": "spinal fluid",
      "Quantity": "2.5 micro-mol/l",
      "Quality": "Increased"
    },
    {
      "Name": "Glutaric acid",
      "Age": "3.05 Year(s)",
      "Specimen": "serum/plasma",
      "Quantity": "2.6 micro-mol/l",
      "Quality": "Increased"
    },
    {
      "Name": "Glutaric acid",
      "Age": "3.05 Year(s)",
      "Specimen": "urine",
      "Quantity": "4.1 mmol/mol Crea",
      "Quality": "Normal"
    },
    {
      "Name": "Glutarylcarnitine (C5DC)",
      "Age": "3.05 Year(s)",
      "Specimen": "serum/plasma",
      "Quantity": "0.2 micro-mol/l",
      "Quality": "Increased"
    },
    {
      "Name": "Glutarylcarnitine (C5DC)",
      "Age": "3.2 Year(s)",
      "Specimen": "blood",
      "Quantity": "0.2 micro-mol/l",
      "Quality": "Increased"
    }
  ],
  "Symptoms": [
    {
      "Name": "ataxia",
      "Age": "3.01 Year(s)",
      "Range": "yes"
    },
    {
      "Name": "hand movements, abnormal, stereotyped",
      "Age": "3.01 Year(s)",
      "Range": "yes"
    },
    {
      "Name": "macrocephaly [large calvaria, >2SD for age]",
      "Age": "2 Day(s)",
      "Range": "yes"
    }
  ],
  "Diet/drugs": [],
  "Therapy/development": [
    {
      "Name": "head circumference",
      "Age": "3.01 Year(s)",
      "Quantity": "50  cm",
      "Type": "development"
    },
    {
      "Name": "length",
      "Age": "3.01 Year(s)",
      "Quantity": "94  cm",
      "Type": "development"
    },
    {
      "Name": "weight",
      "Age": "3.01 Year(s)",
      "Quantity": "15  kg",
      "Type": "development"
    }
  ]
}