{
  "MainData": {
    "Patient ID": "591",
    "Diagnosis": "GLUTARIC ACIDEMIA I (MIM 231670)",
    "Gender": "f",
    "Age of symptoms onset": "0 Day(s)",
    "Age of diagnosis": "4.7 Year(s)",
    "Found in newborn screening": "n",
    "Diagnosis confirmed": "y",
    "Country": "Germany",
    "Ethnic origin": "Mother: Turkish, Father: Turkish",
    "History": "The child presented with ataxia, feeding problems and severe ratardation of neurologic development. MRI showed white matter abnormalities. Highly increased levels of glutaric acid in urine and serum led to the diagnosis of glutaric aciduria type 1.",
    "Author": "Willy Lehnert",
    "Hospital": "University Childrens Hospital Freiburg",
    "Coauthor(s)": "",
    "Date of entry": "2002-06-02"
  },
  "Molecular genetics": {
    "Gene name": "",
    "Genotype": "",
    "Allele 1": {
      "Trivial name": "",
      "Systematic name": "",
      "Amino acid change": "",
      "Nucleotide change": "",
      "Exon/Intron Boundary/Promotor": ""
    },
    "Allele 2": {
      "Trivial name": "",
      "Systematic name": "",
      "Amino acid change": "",
      "Nucleotide change": "",
      "Exon/Intron Boundary/Promotor": ""
    }
  },
  "Lab findings": [
    {
      "Name": "Glutaric acid",
      "Age": "4.73 Year(s)",
      "Specimen": "urine",
      "Quantity": "9430 mmol/mol Crea",
      "Quality": "Increased"
    },
    {
      "Name": "Glutaric acid",
      "Age": "4.73 Year(s)",
      "Specimen": "urine",
      "Quantity": "21000 mmol/mol Crea",
      "Quality": "Increased"
    },
    {
      "Name": "Glutaric acid",
      "Age": "4.76 Year(s)",
      "Specimen": "urine",
      "Quantity": "1818 mmol/mol Crea",
      "Quality": "Increased"
    },
    {
      "Name": "Glutaric acid",
      "Age": "4.77 Year(s)",
      "Specimen": "serum/plasma",
      "Quantity": "0 micro-mol/l",
      "Quality": "Increased"
    },
    {
      "Name": "Glutaric acid",
      "Age": "4.77 Year(s)",
      "Specimen": "urine",
      "Quantity": "1193 mmol/mol Crea",
      "Quality": "Increased"
    },
    {
      "Name": "Glutaric acid",
      "Age": "5.55 Year(s)",
      "Specimen": "urine",
      "Quantity": "370 mmol/mol Crea",
      "Quality": "Increased"
    },
    {
      "Name": "Glutaric acid",
      "Age": "8.68 Year(s)",
      "Specimen": "urine",
      "Quantity": "1700 mmol/mol Crea",
      "Quality": "Increased"
    },
    {
      "Name": "Glutaric acid",
      "Age": "12.17 Year(s)",
      "Specimen": "urine",
      "Quantity": "489 mmol/mol Crea",
      "Quality": "Increased"
    }
  ],
  "Symptoms": [
    {
      "Name": "MRI, brain, white matter abnormalities",
      "Age": "4.7 Year(s)",
      "Range": "yes"
    },
    {
      "Name": "ataxia",
      "Age": "4.7 Year(s)",
      "Range": "yes"
    },
    {
      "Name": "feeding difficulties, poor feeding",
      "Age": "4.7 Year(s)",
      "Range": "moderate"
    },
    {
      "Name": "hypotonia",
      "Age": "4.7 Year(s)",
      "Range": "yes"
    },
    {
      "Name": "lethargy, drowsiness, malaise or sleep disorder",
      "Age": "4.7 Year(s)",
      "Range": "yes"
    }
  ],
  "Diet/drugs": [],
  "Therapy/development": []
}