{
  "MainData": {
    "Patient ID": "598",
    "Diagnosis": "3-@METHYLCROTONYL-CoA CARBOXYLASE 1 DEFICIENCY (MIM 210200)",
    "Gender": "f",
    "Age of symptoms onset": "0 Day(s)",
    "Age of diagnosis": "0 Day(s)",
    "Found in newborn screening": "y",
    "Diagnosis confirmed": "y",
    "Country": "Germany",
    "Ethnic origin": "Mother: any, Father: any",
    "History": "First child of consanguineous Iraqi parents. Weight at birth of 2950g and APGAR of 7/8/10. The girl was found in newborn screening because of increased levels of 3-hydroxyisovalerylcarnitine in blood and urine. \nMetabolic investigations led to the diagnosis of 3-methyl-crotonyl-glycinuria.",
    "Author": "Willy Lehnert",
    "Hospital": "University Childrens Hospital Freiburg",
    "Coauthor(s)": "",
    "Date of entry": "2002-06-12"
  },
  "Molecular genetics": {
    "Gene name": "",
    "Genotype": "",
    "Allele 1": {
      "Trivial name": "",
      "Systematic name": "",
      "Amino acid change": "",
      "Nucleotide change": "",
      "Exon/Intron Boundary/Promotor": ""
    },
    "Allele 2": {
      "Trivial name": "",
      "Systematic name": "",
      "Amino acid change": "",
      "Nucleotide change": "",
      "Exon/Intron Boundary/Promotor": ""
    }
  },
  "Lab findings": [
    {
      "Name": "3-Hydroxyisovaleric acid",
      "Age": "14 Day(s)",
      "Specimen": "urine",
      "Quantity": "177 mmol/mol Crea",
      "Quality": "Increased"
    },
    {
      "Name": "3-Hydroxyisovaleric acid",
      "Age": "2.83 Month(s)",
      "Specimen": "urine",
      "Quantity": "1315 mmol/mol Crea",
      "Quality": "Increased"
    },
    {
      "Name": "3-Hydroxyisovalerylcarnitine (C5-OH)",
      "Age": "7 Day(s)",
      "Specimen": "blood",
      "Quantity": "9.1 micro-mol/l",
      "Quality": "Increased"
    },
    {
      "Name": "3-Methylcrotonylglycine",
      "Age": "12.48 Month(s)",
      "Specimen": "urine",
      "Quantity": "140 mmol/mol Crea",
      "Quality": "Increased"
    }
  ],
  "Symptoms": [
    {
      "Name": "no clinical signs or symptoms",
      "Age": "1 Day(s)",
      "Range": "yes"
    }
  ],
  "Diet/drugs": [],
  "Therapy/development": [
    {
      "Name": "APGAR (10 min)",
      "Age": "1 Day(s)",
      "Quantity": "10",
      "Type": "perinatal"
    },
    {
      "Name": "APGAR (5 min)",
      "Age": "1 Day(s)",
      "Quantity": "8",
      "Type": "perinatal"
    },
    {
      "Name": "head circumference at birth",
      "Age": "1 Day(s)",
      "Quantity": "35  cm",
      "Type": "perinatal"
    },
    {
      "Name": "length at birth",
      "Age": "1 Day(s)",
      "Quantity": "51  cm",
      "Type": "perinatal"
    },
    {
      "Name": "weight at birth",
      "Age": "1 Day(s)",
      "Quantity": "3  kg",
      "Type": "perinatal"
    }
  ]
}