{
  "MainData": {
    "Patient ID": "601",
    "Diagnosis": "3-@METHYLCROTONYL-CoA CARBOXYLASE 1 DEFICIENCY (MIM 210200)",
    "Gender": "m",
    "Age of symptoms onset": "0 Day(s)",
    "Age of diagnosis": "0 Day(s)",
    "Found in newborn screening": "n",
    "Diagnosis confirmed": "y",
    "Country": "Germany",
    "Ethnic origin": "Mother: German, Father: German",
    "History": "Slightly increased excretion of 3-hydroxyisovaleric acid and 3-methylcrotonylglycine led to the diagnosis of 3-methyl-crotonyl-glycinuria.",
    "Author": "Willy Lehnert",
    "Hospital": "University Childrens Hospital Freiburg",
    "Coauthor(s)": "",
    "Date of entry": "2002-06-16"
  },
  "Molecular genetics": {
    "Gene name": "",
    "Genotype": "",
    "Allele 1": {
      "Trivial name": "",
      "Systematic name": "",
      "Amino acid change": "",
      "Nucleotide change": "",
      "Exon/Intron Boundary/Promotor": ""
    },
    "Allele 2": {
      "Trivial name": "",
      "Systematic name": "",
      "Amino acid change": "",
      "Nucleotide change": "",
      "Exon/Intron Boundary/Promotor": ""
    }
  },
  "Lab findings": [
    {
      "Name": "3-Hydroxyisovaleric acid",
      "Age": "2.17 Month(s)",
      "Specimen": "urine",
      "Quantity": "52 mmol/mol Crea",
      "Quality": "Increased"
    },
    {
      "Name": "3-Hydroxyisovalerylcarnitine (C5-OH)",
      "Age": "4.86 Week(s)",
      "Specimen": "blood",
      "Quantity": "1 micro-mol/l",
      "Quality": "Increased"
    },
    {
      "Name": "3-Methylcrotonylglycine",
      "Age": "2.17 Month(s)",
      "Specimen": "urine",
      "Quantity": "5 mmol/mol Crea",
      "Quality": "Increased"
    },
    {
      "Name": "Carnitine, free",
      "Age": "4.86 Week(s)",
      "Specimen": "blood",
      "Quantity": "22 micro-mol/l",
      "Quality": "Normal"
    }
  ],
  "Symptoms": [],
  "Diet/drugs": [],
  "Therapy/development": []
}