{
  "MainData": {
    "Patient ID": "605",
    "Diagnosis": "HOMOCYSTINURIA DUE TO DEFICIENCY OF N(5,10)-METHYLENETETRAHYDROFOLATEREDUCTASE ACTIVITY (MIM 236250)",
    "Gender": "m",
    "Age of symptoms onset": "30 Month(s)",
    "Age of diagnosis": "3.67 Year(s)",
    "Found in newborn screening": "n",
    "Diagnosis confirmed": "y",
    "Country": "Germany",
    "Ethnic origin": "Mother: Turkish, Father: Turkish",
    "History": "First child of nonconsanguineous Turkish parents. Normal development until the age of 2 years. \r\nAt 2 1/2 years of age, microcephaly, progressiv ataxia, delayed speech development and generalized seizures. At 3 1/2 years of age, complete unability to walk and total loss of speech.\r\nDecreased levels of methionine and increased levels of homocysteine led to the diagnosis of methylenetetrahydrofolate reductase deficiency, which was confirmed by  determination of extremely decreased enzyme activity in leucocytes.\r\nSpastic diplegia caused by micro-embolism.\r\nUnder treatment with betaine since 10/ 1988,\r\namelioration of neurological symptoms.",
    "Author": "Friedrich Trefz",
    "Hospital": "Childrens Hospital Reutlingen",
    "Coauthor(s)": "",
    "Date of entry": "2002-06-26"
  },
  "Molecular genetics": {
    "Gene name": "",
    "Genotype": "",
    "Allele 1": {
      "Trivial name": "",
      "Systematic name": "",
      "Amino acid change": "",
      "Nucleotide change": "",
      "Exon/Intron Boundary/Promotor": ""
    },
    "Allele 2": {
      "Trivial name": "",
      "Systematic name": "",
      "Amino acid change": "",
      "Nucleotide change": "",
      "Exon/Intron Boundary/Promotor": ""
    }
  },
  "Lab findings": [
    {
      "Name": "5,10-Methylenetetrahydrofolate reductase",
      "Age": "15.96 Year(s)",
      "Specimen": "fibroblasts",
      "Quantity": "2.8 % activity",
      "Quality": "Decreased"
    },
    {
      "Name": "5,10-Methylenetetrahydrofolate reductase",
      "Age": "15.96 Year(s)",
      "Specimen": "leucocytes",
      "Quantity": "0.9 % activity",
      "Quality": "Decreased"
    },
    {
      "Name": "Homocysteine",
      "Age": "3.67 Year(s)",
      "Specimen": "serum/plasma",
      "Quantity": "61.6 micro-mol/l",
      "Quality": "Increased"
    },
    {
      "Name": "Homocysteine",
      "Age": "14.31 Year(s)",
      "Specimen": "serum/plasma",
      "Quantity": "107 micro-mol/l",
      "Quality": "Increased"
    },
    {
      "Name": "Homocysteine",
      "Age": "15 Year(s)",
      "Specimen": "serum/plasma",
      "Quantity": "177 micro-mol/l",
      "Quality": "Increased"
    },
    {
      "Name": "Homocysteine",
      "Age": "15.1 Year(s)",
      "Specimen": "serum/plasma",
      "Quantity": "141 micro-mol/l",
      "Quality": "Increased"
    },
    {
      "Name": "Homocysteine",
      "Age": "15.61 Year(s)",
      "Specimen": "serum/plasma",
      "Quantity": "125 micro-mol/l",
      "Quality": "Increased"
    },
    {
      "Name": "Homocysteine",
      "Age": "17.31 Year(s)",
      "Specimen": "serum/plasma",
      "Quantity": "84.1 micro-mol/l",
      "Quality": "Increased"
    },
    {
      "Name": "Homocystine",
      "Age": "17.31 Year(s)",
      "Specimen": "urine",
      "Quantity": "4 mmol/mol Crea",
      "Quality": "Increased"
    },
    {
      "Name": "Methionine",
      "Age": "3.67 Year(s)",
      "Specimen": "serum/plasma",
      "Quantity": "6 micro-mol/l",
      "Quality": "Decreased"
    },
    {
      "Name": "Methionine",
      "Age": "14.31 Year(s)",
      "Specimen": "serum/plasma",
      "Quantity": "38 micro-mol/l",
      "Quality": "Normal"
    },
    {
      "Name": "Methionine",
      "Age": "15 Year(s)",
      "Specimen": "serum/plasma",
      "Quantity": "15 micro-mol/l",
      "Quality": "Normal"
    },
    {
      "Name": "Methionine",
      "Age": "15.1 Year(s)",
      "Specimen": "serum/plasma",
      "Quantity": "37 micro-mol/l",
      "Quality": "Normal"
    },
    {
      "Name": "Methionine",
      "Age": "15.61 Year(s)",
      "Specimen": "serum/plasma",
      "Quantity": "19 micro-mol/l",
      "Quality": "Normal"
    }
  ],
  "Symptoms": [
    {
      "Name": "MRI, brain, abnormalities",
      "Age": "15.1 Year(s)",
      "Range": "yes"
    },
    {
      "Name": "ataxia",
      "Age": "2.98 Year(s)",
      "Range": "yes"
    },
    {
      "Name": "mental retardation",
      "Age": "15.1 Year(s)",
      "Range": "++"
    },
    {
      "Name": "microcephaly [< 2SD for age]",
      "Age": "2.58 Year(s)",
      "Range": "yes"
    },
    {
      "Name": "optic atrophy",
      "Age": "3.65 Year(s)",
      "Range": "yes"
    },
    {
      "Name": "seizures",
      "Age": "2.98 Year(s)",
      "Range": "yes"
    },
    {
      "Name": "seizures",
      "Age": "15.1 Year(s)",
      "Range": "yes"
    },
    {
      "Name": "spastic diplegia/quadriplegia",
      "Age": "15.1 Year(s)",
      "Range": "yes"
    },
    {
      "Name": "speech development, delayed, abnormal",
      "Age": "2.98 Year(s)",
      "Range": "yes"
    },
    {
      "Name": "thromboembolism",
      "Age": "3.65 Year(s)",
      "Range": "yes"
    }
  ],
  "Diet/drugs": [
    {
      "Name": "betaine",
      "Age": "8.84 Year(s)",
      "Dosage": "36 g/day",
      "Route": "oral"
    },
    {
      "Name": "folic acid",
      "Age": "8.84 Year(s)",
      "Dosage": "10 mg/day",
      "Route": "oral"
    }
  ],
  "Therapy/development": [
    {
      "Name": "APGAR (10 min)",
      "Age": "1 Day(s)",
      "Quantity": "10",
      "Type": "perinatal"
    },
    {
      "Name": "APGAR (5 min)",
      "Age": "1 Day(s)",
      "Quantity": "9",
      "Type": "perinatal"
    },
    {
      "Name": "head circumference",
      "Age": "3.65 Year(s)",
      "Quantity": "44.5  cm",
      "Type": "development"
    },
    {
      "Name": "head circumference at birth",
      "Age": "1 Day(s)",
      "Quantity": "34  cm",
      "Type": "perinatal"
    },
    {
      "Name": "length",
      "Age": "3.65 Year(s)",
      "Quantity": "96  cm",
      "Type": "development"
    },
    {
      "Name": "length",
      "Age": "15.1 Year(s)",
      "Quantity": "155  cm",
      "Type": "development"
    },
    {
      "Name": "length",
      "Age": "20 Year(s)",
      "Quantity": "162  cm",
      "Type": "development"
    },
    {
      "Name": "length at birth",
      "Age": "1 Day(s)",
      "Quantity": "52  cm",
      "Type": "perinatal"
    },
    {
      "Name": "weight",
      "Age": "3.65 Year(s)",
      "Quantity": "13.1  kg",
      "Type": "development"
    },
    {
      "Name": "weight",
      "Age": "15.1 Year(s)",
      "Quantity": "49.7  kg",
      "Type": "development"
    },
    {
      "Name": "weight",
      "Age": "20 Year(s)",
      "Quantity": "61  kg",
      "Type": "development"
    },
    {
      "Name": "weight at birth",
      "Age": "1 Day(s)",
      "Quantity": "3  kg",
      "Type": "perinatal"
    }
  ]
}