{
  "MainData": {
    "Patient ID": "607",
    "Diagnosis": "HYPERGLYCEROLEMIA (MIM 307030)",
    "Gender": "m",
    "Age of symptoms onset": "2 Day(s)",
    "Age of diagnosis": "0 Day(s)",
    "Found in newborn screening": "n",
    "Diagnosis confirmed": "y",
    "Country": "Germany",
    "Ethnic origin": "Mother: German, Father: German",
    "History": "First child of healthy, young parents was born at term after an uneventful pregnancy with birth weight of 2980g. Two days after birth, the boy presented with retardation of motoric development, muscular hypotonia and lethargy.  MRI showed dilated ventricles.\nHighly increased levels of glycerol in urine led to the diagnosis of glycerol kinase deficiency. At the age of 4 months, the boy suddenly died.",
    "Author": "Willy Lehnert",
    "Hospital": "University Childrens Hospital Freiburg",
    "Coauthor(s)": "",
    "Date of entry": "2002-06-27"
  },
  "Molecular genetics": {
    "Gene name": "",
    "Genotype": "",
    "Allele 1": {
      "Trivial name": "",
      "Systematic name": "",
      "Amino acid change": "",
      "Nucleotide change": "",
      "Exon/Intron Boundary/Promotor": ""
    },
    "Allele 2": {
      "Trivial name": "",
      "Systematic name": "",
      "Amino acid change": "",
      "Nucleotide change": "",
      "Exon/Intron Boundary/Promotor": ""
    }
  },
  "Lab findings": [
    {
      "Name": "Creatinine kinase",
      "Age": "2 Day(s)",
      "Specimen": "serum/plasma",
      "Quantity": "2000 U/l",
      "Quality": "Increased"
    },
    {
      "Name": "Glycerol",
      "Age": "2 Day(s)",
      "Specimen": "urine",
      "Quantity": "",
      "Quality": "Increased"
    }
  ],
  "Symptoms": [
    {
      "Name": "early death",
      "Age": "3.55 Month(s)",
      "Range": "yes"
    },
    {
      "Name": "hypertonia, spasticity",
      "Age": "2 Day(s)",
      "Range": "yes"
    },
    {
      "Name": "hyporeflexia",
      "Age": "2 Day(s)",
      "Range": "yes"
    },
    {
      "Name": "hypotonia",
      "Age": "2 Day(s)",
      "Range": "yes"
    }
  ],
  "Diet/drugs": [],
  "Therapy/development": [
    {
      "Name": "APGAR (10 min)",
      "Age": "1 Day(s)",
      "Quantity": "10",
      "Type": "perinatal"
    },
    {
      "Name": "APGAR (5 min)",
      "Age": "1 Day(s)",
      "Quantity": "10",
      "Type": "perinatal"
    },
    {
      "Name": "head circumference at birth",
      "Age": "1 Day(s)",
      "Quantity": "37  cm",
      "Type": "perinatal"
    },
    {
      "Name": "length at birth",
      "Age": "1 Day(s)",
      "Quantity": "43  cm",
      "Type": "perinatal"
    },
    {
      "Name": "weight at birth",
      "Age": "1 Day(s)",
      "Quantity": "3  kg",
      "Type": "perinatal"
    }
  ]
}