{
  "MainData": {
    "Patient ID": "609",
    "Diagnosis": "HYPERGLYCEROLEMIA (MIM 307030)",
    "Gender": "m",
    "Age of symptoms onset": "0 Day(s)",
    "Age of diagnosis": "15.11 Month(s)",
    "Found in newborn screening": "n",
    "Diagnosis confirmed": "y",
    "Country": "Germany",
    "Ethnic origin": "Mother: German, Father: German",
    "History": "At the age of about 15 months, the boy presented with recurrent vomiting and severe retardation of psychomotoric development. Highly increased levels of glycerol in urine led to the diagnosis of glycerol kinase deficiency.",
    "Author": "Willy Lehnert",
    "Hospital": "University Childrens Hospital Freiburg",
    "Coauthor(s)": "",
    "Date of entry": "2002-06-29"
  },
  "Molecular genetics": {
    "Gene name": "",
    "Genotype": "",
    "Allele 1": {
      "Trivial name": "",
      "Systematic name": "",
      "Amino acid change": "",
      "Nucleotide change": "",
      "Exon/Intron Boundary/Promotor": ""
    },
    "Allele 2": {
      "Trivial name": "",
      "Systematic name": "",
      "Amino acid change": "",
      "Nucleotide change": "",
      "Exon/Intron Boundary/Promotor": ""
    }
  },
  "Lab findings": [
    {
      "Name": "Glycerol",
      "Age": "21.82 Month(s)",
      "Specimen": "urine",
      "Quantity": "",
      "Quality": "Increased"
    }
  ],
  "Symptoms": [],
  "Diet/drugs": [],
  "Therapy/development": []
}