{
  "MainData": {
    "Patient ID": "611",
    "Diagnosis": "HYPERGLYCEROLEMIA (MIM 307030)",
    "Gender": "m",
    "Age of symptoms onset": "2 Day(s)",
    "Age of diagnosis": "7.89 Year(s)",
    "Found in newborn screening": "n",
    "Diagnosis confirmed": "y",
    "Country": "Germany",
    "Ethnic origin": "Mother: German, Father: German",
    "History": "The boy was born after anuneventful pregnancy. APGAR of 10/10/10, weight at birth of 3680g. Postnatal, the child presented with recurrent vomiting. At the age of three years, retardation of psychomotoric development, especially delayed speech development and coordination defects. Highly increased levels of glycerol in urine led to the diagnosis of glycerol kinase deficiency.",
    "Author": "Willy Lehnert",
    "Hospital": "University Childrens Hospital Freiburg",
    "Coauthor(s)": "",
    "Date of entry": "2002-06-29"
  },
  "Molecular genetics": {
    "Gene name": "",
    "Genotype": "",
    "Allele 1": {
      "Trivial name": "",
      "Systematic name": "",
      "Amino acid change": "",
      "Nucleotide change": "",
      "Exon/Intron Boundary/Promotor": ""
    },
    "Allele 2": {
      "Trivial name": "",
      "Systematic name": "",
      "Amino acid change": "",
      "Nucleotide change": "",
      "Exon/Intron Boundary/Promotor": ""
    }
  },
  "Lab findings": [
    {
      "Name": "Glycerol",
      "Age": "7.89 Year(s)",
      "Specimen": "urine",
      "Quantity": "",
      "Quality": "Increased"
    }
  ],
  "Symptoms": [
    {
      "Name": "clumsiness, coordination defect or unsteadiness",
      "Age": "7.74 Year(s)",
      "Range": "yes"
    },
    {
      "Name": "speech development, delayed, abnormal",
      "Age": "3.01 Year(s)",
      "Range": "yes"
    },
    {
      "Name": "vomiting",
      "Age": "2 Day(s)",
      "Range": "severe"
    }
  ],
  "Diet/drugs": [],
  "Therapy/development": [
    {
      "Name": "APGAR (10 min)",
      "Age": "1 Day(s)",
      "Quantity": "10",
      "Type": "perinatal"
    },
    {
      "Name": "APGAR (5 min)",
      "Age": "1 Day(s)",
      "Quantity": "10",
      "Type": "perinatal"
    },
    {
      "Name": "head circumference",
      "Age": "7.74 Year(s)",
      "Quantity": "51  cm",
      "Type": "development"
    },
    {
      "Name": "head circumference at birth",
      "Age": "1 Day(s)",
      "Quantity": "35  cm",
      "Type": "perinatal"
    },
    {
      "Name": "length at birth",
      "Age": "1 Day(s)",
      "Quantity": "52  cm",
      "Type": "perinatal"
    },
    {
      "Name": "weight",
      "Age": "7.74 Year(s)",
      "Quantity": "24  kg",
      "Type": "development"
    },
    {
      "Name": "weight at birth",
      "Age": "1 Day(s)",
      "Quantity": "3.7  kg",
      "Type": "perinatal"
    }
  ]
}