{
  "MainData": {
    "Patient ID": "631",
    "Diagnosis": "PHENYLKETONURIA (MIM 261600)",
    "Gender": "m",
    "Age of symptoms onset": "8 Month(s)",
    "Age of diagnosis": "10.12 Month(s)",
    "Found in newborn screening": "n",
    "Diagnosis confirmed": "y",
    "Country": "Germany",
    "Ethnic origin": "Mother: Yugoslav, Father: Yugoslav",
    "History": "After seizures at 8 months of age, diagnosis of phenylketonuria was made at the age of 10 months. Phe-restricted diet was stopped in the 3rd year of age.\nAt the age of 28 years, the patient shows severe mental retardation, microcephaly and in MRI alteration of white matter.\nPhe-restricted diet since 11/2001 led to improvement of restlessness and anxiety and progresses in managing everyday life.",
    "Author": "Friedrich Trefz",
    "Hospital": "Childrens Hospital Reutlingen",
    "Coauthor(s)": "",
    "Date of entry": "2002-07-30"
  },
  "Molecular genetics": {
    "Gene name": "PAH gene",
    "Genotype": "p.R261Q/ p.S349P",
    "Allele 1": {
      "Trivial name": "p.R261Q",
      "Systematic name": "c.782G>A",
      "Amino acid change": "Arg>Gln",
      "Nucleotide change": "CGA>CAA",
      "Exon/Intron Boundary/Promotor": "7"
    },
    "Allele 2": {
      "Trivial name": "p.S349P",
      "Systematic name": "c.1045T>C",
      "Amino acid change": "Ser>Pro",
      "Nucleotide change": "TCA>CCA",
      "Exon/Intron Boundary/Promotor": "10"
    }
  },
  "Lab findings": [
    {
      "Name": "Phenylalanine",
      "Age": "27.93 Year(s)",
      "Specimen": "blood",
      "Quantity": "1996 micro-mol/l",
      "Quality": "Increased"
    },
    {
      "Name": "Phenylalanine",
      "Age": "28.17 Year(s)",
      "Specimen": "blood",
      "Quantity": "879 micro-mol/l",
      "Quality": "Increased"
    },
    {
      "Name": "Phenylalanine",
      "Age": "28.22 Year(s)",
      "Specimen": "blood",
      "Quantity": "1011 micro-mol/l",
      "Quality": "Increased"
    },
    {
      "Name": "Phenylalanine",
      "Age": "28.26 Year(s)",
      "Specimen": "blood",
      "Quantity": "332 micro-mol/l",
      "Quality": "Increased"
    },
    {
      "Name": "Phenylalanine",
      "Age": "28.3 Year(s)",
      "Specimen": "blood",
      "Quantity": "499 micro-mol/l",
      "Quality": "Increased"
    },
    {
      "Name": "Phenylalanine",
      "Age": "28.34 Year(s)",
      "Specimen": "blood",
      "Quantity": "488 micro-mol/l",
      "Quality": "Increased"
    },
    {
      "Name": "Phenylalanine",
      "Age": "28.38 Year(s)",
      "Specimen": "blood",
      "Quantity": "352 micro-mol/l",
      "Quality": "Increased"
    },
    {
      "Name": "Phenylalanine",
      "Age": "28.42 Year(s)",
      "Specimen": "blood",
      "Quantity": "384 micro-mol/l",
      "Quality": "Increased"
    },
    {
      "Name": "Phenylalanine",
      "Age": "28.47 Year(s)",
      "Specimen": "blood",
      "Quantity": "416 micro-mol/l",
      "Quality": "Increased"
    },
    {
      "Name": "Phenylalanine",
      "Age": "28.51 Year(s)",
      "Specimen": "blood",
      "Quantity": "345 micro-mol/l",
      "Quality": "Increased"
    },
    {
      "Name": "Phenylalanine",
      "Age": "28.55 Year(s)",
      "Specimen": "blood",
      "Quantity": "429 micro-mol/l",
      "Quality": "Increased"
    },
    {
      "Name": "Phenylalanine",
      "Age": "28.59 Year(s)",
      "Specimen": "blood",
      "Quantity": "336 micro-mol/l",
      "Quality": "Increased"
    },
    {
      "Name": "Phenylalanine",
      "Age": "28.63 Year(s)",
      "Specimen": "blood",
      "Quantity": "286 micro-mol/l",
      "Quality": "Increased"
    },
    {
      "Name": "Phenylalanine",
      "Age": "28.68 Year(s)",
      "Specimen": "blood",
      "Quantity": "619 micro-mol/l",
      "Quality": "Increased"
    },
    {
      "Name": "Phenylalanine",
      "Age": "28.72 Year(s)",
      "Specimen": "blood",
      "Quantity": "592 micro-mol/l",
      "Quality": "Increased"
    },
    {
      "Name": "Phenylalanine",
      "Age": "28.76 Year(s)",
      "Specimen": "blood",
      "Quantity": "94 micro-mol/l",
      "Quality": "Normal"
    },
    {
      "Name": "Phenylalanine",
      "Age": "28.8 Year(s)",
      "Specimen": "blood",
      "Quantity": "193 micro-mol/l",
      "Quality": "Increased"
    },
    {
      "Name": "Phenylalanine",
      "Age": "28.91 Year(s)",
      "Specimen": "blood",
      "Quantity": "226 micro-mol/l",
      "Quality": "Increased"
    },
    {
      "Name": "Phenylalanine",
      "Age": "28.96 Year(s)",
      "Specimen": "blood",
      "Quantity": "577 micro-mol/l",
      "Quality": "Increased"
    },
    {
      "Name": "Phenylalanine",
      "Age": "28.99 Year(s)",
      "Specimen": "blood",
      "Quantity": "608 micro-mol/l",
      "Quality": "Increased"
    },
    {
      "Name": "Phenylalanine",
      "Age": "29.03 Year(s)",
      "Specimen": "blood",
      "Quantity": "338 micro-mol/l",
      "Quality": "Increased"
    },
    {
      "Name": "Phenylalanine",
      "Age": "29.07 Year(s)",
      "Specimen": "blood",
      "Quantity": "275 micro-mol/l",
      "Quality": "Increased"
    },
    {
      "Name": "Phenylalanine",
      "Age": "29.11 Year(s)",
      "Specimen": "blood",
      "Quantity": "1716 micro-mol/l",
      "Quality": "Increased"
    },
    {
      "Name": "Phenylalanine",
      "Age": "29.24 Year(s)",
      "Specimen": "blood",
      "Quantity": "152 micro-mol/l",
      "Quality": "Increased"
    },
    {
      "Name": "Phenylalanine",
      "Age": "29.33 Year(s)",
      "Specimen": "blood",
      "Quantity": "199 micro-mol/l",
      "Quality": "Increased"
    },
    {
      "Name": "Phenylalanine",
      "Age": "29.41 Year(s)",
      "Specimen": "blood",
      "Quantity": "655 micro-mol/l",
      "Quality": "Increased"
    },
    {
      "Name": "Phenylalanine",
      "Age": "29.49 Year(s)",
      "Specimen": "blood",
      "Quantity": "829 micro-mol/l",
      "Quality": "Increased"
    },
    {
      "Name": "Phenylalanine",
      "Age": "29.58 Year(s)",
      "Specimen": "blood",
      "Quantity": "467 micro-mol/l",
      "Quality": "Increased"
    },
    {
      "Name": "Phenylalanine",
      "Age": "29.68 Year(s)",
      "Specimen": "blood",
      "Quantity": "566 micro-mol/l",
      "Quality": "Increased"
    },
    {
      "Name": "Phenylalanine",
      "Age": "29.76 Year(s)",
      "Specimen": "blood",
      "Quantity": "299 micro-mol/l",
      "Quality": "Increased"
    },
    {
      "Name": "Phenylalanine",
      "Age": "29.84 Year(s)",
      "Specimen": "blood",
      "Quantity": "396 micro-mol/l",
      "Quality": "Increased"
    },
    {
      "Name": "Phenylalanine",
      "Age": "29.91 Year(s)",
      "Specimen": "blood",
      "Quantity": "428 micro-mol/l",
      "Quality": "Increased"
    },
    {
      "Name": "Phenylalanine",
      "Age": "30.01 Year(s)",
      "Specimen": "blood",
      "Quantity": "450 micro-mol/l",
      "Quality": "Increased"
    },
    {
      "Name": "Phenylalanine",
      "Age": "30.08 Year(s)",
      "Specimen": "blood",
      "Quantity": "640 micro-mol/l",
      "Quality": "Increased"
    },
    {
      "Name": "Phenylalanine",
      "Age": "30.18 Year(s)",
      "Specimen": "blood",
      "Quantity": "677 micro-mol/l",
      "Quality": "Increased"
    },
    {
      "Name": "Phenylalanine",
      "Age": "30.33 Year(s)",
      "Specimen": "blood",
      "Quantity": "650 micro-mol/l",
      "Quality": "Increased"
    },
    {
      "Name": "Phenylalanine",
      "Age": "30.51 Year(s)",
      "Specimen": "blood",
      "Quantity": "550 micro-mol/l",
      "Quality": "Increased"
    },
    {
      "Name": "Phenylalanine",
      "Age": "30.58 Year(s)",
      "Specimen": "blood",
      "Quantity": "403 micro-mol/l",
      "Quality": "Increased"
    },
    {
      "Name": "Phenylalanine",
      "Age": "30.66 Year(s)",
      "Specimen": "blood",
      "Quantity": "427 micro-mol/l",
      "Quality": "Increased"
    },
    {
      "Name": "Phenylalanine",
      "Age": "30.75 Year(s)",
      "Specimen": "blood",
      "Quantity": "446 micro-mol/l",
      "Quality": "Increased"
    },
    {
      "Name": "Phenylalanine",
      "Age": "30.83 Year(s)",
      "Specimen": "blood",
      "Quantity": "800 micro-mol/l",
      "Quality": "Increased"
    },
    {
      "Name": "Phenylalanine",
      "Age": "30.93 Year(s)",
      "Specimen": "blood",
      "Quantity": "640 micro-mol/l",
      "Quality": "Increased"
    },
    {
      "Name": "Phenylalanine",
      "Age": "31 Year(s)",
      "Specimen": "blood",
      "Quantity": "429 micro-mol/l",
      "Quality": "Increased"
    },
    {
      "Name": "Phenylalanine",
      "Age": "31.08 Year(s)",
      "Specimen": "blood",
      "Quantity": "683 micro-mol/l",
      "Quality": "Increased"
    },
    {
      "Name": "Phenylalanine",
      "Age": "31.2 Year(s)",
      "Specimen": "blood",
      "Quantity": "805 micro-mol/l",
      "Quality": "Increased"
    },
    {
      "Name": "Phenylalanine",
      "Age": "31.27 Year(s)",
      "Specimen": "blood",
      "Quantity": "660 micro-mol/l",
      "Quality": "Increased"
    },
    {
      "Name": "Phenylalanine",
      "Age": "31.33 Year(s)",
      "Specimen": "blood",
      "Quantity": "1047 micro-mol/l",
      "Quality": "Increased"
    },
    {
      "Name": "Phenylalanine",
      "Age": "31.41 Year(s)",
      "Specimen": "blood",
      "Quantity": "1083 micro-mol/l",
      "Quality": "Increased"
    },
    {
      "Name": "Phenylalanine",
      "Age": "31.5 Year(s)",
      "Specimen": "blood",
      "Quantity": "990 micro-mol/l",
      "Quality": "Increased"
    },
    {
      "Name": "Phenylalanine",
      "Age": "31.58 Year(s)",
      "Specimen": "blood",
      "Quantity": "1093 micro-mol/l",
      "Quality": "Increased"
    },
    {
      "Name": "Phenylalanine",
      "Age": "31.67 Year(s)",
      "Specimen": "blood",
      "Quantity": "520 micro-mol/l",
      "Quality": "Increased"
    },
    {
      "Name": "Phenylalanine",
      "Age": "31.76 Year(s)",
      "Specimen": "blood",
      "Quantity": "1284 micro-mol/l",
      "Quality": "Increased"
    },
    {
      "Name": "Phenylalanine",
      "Age": "31.81 Year(s)",
      "Specimen": "blood",
      "Quantity": "1084 micro-mol/l",
      "Quality": "Increased"
    },
    {
      "Name": "Phenylalanine",
      "Age": "31.99 Year(s)",
      "Specimen": "blood",
      "Quantity": "1362 micro-mol/l",
      "Quality": "Increased"
    },
    {
      "Name": "Phenylalanine",
      "Age": "32.08 Year(s)",
      "Specimen": "blood",
      "Quantity": "1748 micro-mol/l",
      "Quality": "Increased"
    },
    {
      "Name": "Phenylalanine",
      "Age": "32.26 Year(s)",
      "Specimen": "blood",
      "Quantity": "1089 micro-mol/l",
      "Quality": "Increased"
    },
    {
      "Name": "Phenylalanine",
      "Age": "32.41 Year(s)",
      "Specimen": "blood",
      "Quantity": "1133 micro-mol/l",
      "Quality": "Increased"
    },
    {
      "Name": "Phenylalanine",
      "Age": "32.64 Year(s)",
      "Specimen": "blood",
      "Quantity": "1049 micro-mol/l",
      "Quality": "Increased"
    },
    {
      "Name": "Phenylalanine",
      "Age": "32.83 Year(s)",
      "Specimen": "blood",
      "Quantity": "870 micro-mol/l",
      "Quality": "Increased"
    },
    {
      "Name": "Phenylalanine",
      "Age": "33 Year(s)",
      "Specimen": "blood",
      "Quantity": "1134 micro-mol/l",
      "Quality": "Increased"
    },
    {
      "Name": "Phenylalanine",
      "Age": "33.17 Year(s)",
      "Specimen": "blood",
      "Quantity": "1717 micro-mol/l",
      "Quality": "Increased"
    },
    {
      "Name": "Phenylalanine",
      "Age": "33.26 Year(s)",
      "Specimen": "blood",
      "Quantity": "1170 micro-mol/l",
      "Quality": "Increased"
    },
    {
      "Name": "Phenylalanine",
      "Age": "33.51 Year(s)",
      "Specimen": "blood",
      "Quantity": "1209 micro-mol/l",
      "Quality": "Increased"
    },
    {
      "Name": "Phenylalanine",
      "Age": "34.83 Year(s)",
      "Specimen": "blood",
      "Quantity": "1728 micro-mol/l",
      "Quality": "Increased"
    },
    {
      "Name": "Phenylalanine",
      "Age": "36.07 Year(s)",
      "Specimen": "blood",
      "Quantity": "1434 micro-mol/l",
      "Quality": "Increased"
    },
    {
      "Name": "Tyrosine",
      "Age": "27.93 Year(s)",
      "Specimen": "blood",
      "Quantity": "80 micro-mol/l",
      "Quality": "Normal"
    },
    {
      "Name": "Tyrosine",
      "Age": "28.17 Year(s)",
      "Specimen": "blood",
      "Quantity": "94 micro-mol/l",
      "Quality": "Normal"
    },
    {
      "Name": "Tyrosine",
      "Age": "28.72 Year(s)",
      "Specimen": "blood",
      "Quantity": "135 micro-mol/l",
      "Quality": "Increased"
    },
    {
      "Name": "Tyrosine",
      "Age": "28.8 Year(s)",
      "Specimen": "blood",
      "Quantity": "133 micro-mol/l",
      "Quality": "Increased"
    },
    {
      "Name": "Tyrosine",
      "Age": "28.91 Year(s)",
      "Specimen": "blood",
      "Quantity": "59 micro-mol/l",
      "Quality": "Normal"
    },
    {
      "Name": "Tyrosine",
      "Age": "28.96 Year(s)",
      "Specimen": "blood",
      "Quantity": "66 micro-mol/l",
      "Quality": "Normal"
    },
    {
      "Name": "Tyrosine",
      "Age": "28.99 Year(s)",
      "Specimen": "blood",
      "Quantity": "70 micro-mol/l",
      "Quality": "Normal"
    },
    {
      "Name": "Tyrosine",
      "Age": "29.03 Year(s)",
      "Specimen": "blood",
      "Quantity": "86 micro-mol/l",
      "Quality": "Normal"
    },
    {
      "Name": "Tyrosine",
      "Age": "29.07 Year(s)",
      "Specimen": "blood",
      "Quantity": "89 micro-mol/l",
      "Quality": "Normal"
    },
    {
      "Name": "Tyrosine",
      "Age": "29.11 Year(s)",
      "Specimen": "blood",
      "Quantity": "81 micro-mol/l",
      "Quality": "Normal"
    },
    {
      "Name": "Tyrosine",
      "Age": "29.24 Year(s)",
      "Specimen": "blood",
      "Quantity": "70 micro-mol/l",
      "Quality": "Normal"
    },
    {
      "Name": "Tyrosine",
      "Age": "29.33 Year(s)",
      "Specimen": "blood",
      "Quantity": "70 micro-mol/l",
      "Quality": "Normal"
    },
    {
      "Name": "Tyrosine",
      "Age": "29.41 Year(s)",
      "Specimen": "blood",
      "Quantity": "68 micro-mol/l",
      "Quality": "Normal"
    },
    {
      "Name": "Tyrosine",
      "Age": "29.49 Year(s)",
      "Specimen": "blood",
      "Quantity": "75 micro-mol/l",
      "Quality": "Normal"
    },
    {
      "Name": "Tyrosine",
      "Age": "29.58 Year(s)",
      "Specimen": "blood",
      "Quantity": "96 micro-mol/l",
      "Quality": "Normal"
    },
    {
      "Name": "Tyrosine",
      "Age": "29.68 Year(s)",
      "Specimen": "blood",
      "Quantity": "52 micro-mol/l",
      "Quality": "Normal"
    },
    {
      "Name": "Tyrosine",
      "Age": "29.76 Year(s)",
      "Specimen": "blood",
      "Quantity": "77 micro-mol/l",
      "Quality": "Normal"
    },
    {
      "Name": "Tyrosine",
      "Age": "29.84 Year(s)",
      "Specimen": "blood",
      "Quantity": "108 micro-mol/l",
      "Quality": "Normal"
    },
    {
      "Name": "Tyrosine",
      "Age": "29.91 Year(s)",
      "Specimen": "blood",
      "Quantity": "129 micro-mol/l",
      "Quality": "Increased"
    },
    {
      "Name": "Tyrosine",
      "Age": "30.01 Year(s)",
      "Specimen": "blood",
      "Quantity": "154 micro-mol/l",
      "Quality": "Increased"
    },
    {
      "Name": "Tyrosine",
      "Age": "30.08 Year(s)",
      "Specimen": "blood",
      "Quantity": "123 micro-mol/l",
      "Quality": "Increased"
    },
    {
      "Name": "Tyrosine",
      "Age": "30.18 Year(s)",
      "Specimen": "blood",
      "Quantity": "75 micro-mol/l",
      "Quality": "Normal"
    },
    {
      "Name": "Tyrosine",
      "Age": "30.33 Year(s)",
      "Specimen": "blood",
      "Quantity": "132 micro-mol/l",
      "Quality": "Increased"
    },
    {
      "Name": "Tyrosine",
      "Age": "30.51 Year(s)",
      "Specimen": "blood",
      "Quantity": "71 micro-mol/l",
      "Quality": "Normal"
    },
    {
      "Name": "Tyrosine",
      "Age": "30.58 Year(s)",
      "Specimen": "blood",
      "Quantity": "127 micro-mol/l",
      "Quality": "Increased"
    },
    {
      "Name": "Tyrosine",
      "Age": "30.66 Year(s)",
      "Specimen": "blood",
      "Quantity": "126 micro-mol/l",
      "Quality": "Increased"
    },
    {
      "Name": "Tyrosine",
      "Age": "30.75 Year(s)",
      "Specimen": "blood",
      "Quantity": "125 micro-mol/l",
      "Quality": "Increased"
    },
    {
      "Name": "Tyrosine",
      "Age": "30.83 Year(s)",
      "Specimen": "blood",
      "Quantity": "110 micro-mol/l",
      "Quality": "Normal"
    },
    {
      "Name": "Tyrosine",
      "Age": "30.93 Year(s)",
      "Specimen": "blood",
      "Quantity": "115 micro-mol/l",
      "Quality": "Normal"
    },
    {
      "Name": "Tyrosine",
      "Age": "31 Year(s)",
      "Specimen": "blood",
      "Quantity": "117 micro-mol/l",
      "Quality": "Increased"
    },
    {
      "Name": "Tyrosine",
      "Age": "31.08 Year(s)",
      "Specimen": "blood",
      "Quantity": "110 micro-mol/l",
      "Quality": "Normal"
    },
    {
      "Name": "Tyrosine",
      "Age": "31.2 Year(s)",
      "Specimen": "blood",
      "Quantity": "116 micro-mol/l",
      "Quality": "Increased"
    },
    {
      "Name": "Tyrosine",
      "Age": "31.27 Year(s)",
      "Specimen": "blood",
      "Quantity": "68 micro-mol/l",
      "Quality": "Normal"
    },
    {
      "Name": "Tyrosine",
      "Age": "31.33 Year(s)",
      "Specimen": "blood",
      "Quantity": "160 micro-mol/l",
      "Quality": "Increased"
    },
    {
      "Name": "Tyrosine",
      "Age": "31.41 Year(s)",
      "Specimen": "blood",
      "Quantity": "111 micro-mol/l",
      "Quality": "Normal"
    },
    {
      "Name": "Tyrosine",
      "Age": "31.5 Year(s)",
      "Specimen": "blood",
      "Quantity": "119 micro-mol/l",
      "Quality": "Increased"
    },
    {
      "Name": "Tyrosine",
      "Age": "31.58 Year(s)",
      "Specimen": "blood",
      "Quantity": "64 micro-mol/l",
      "Quality": "Normal"
    },
    {
      "Name": "Tyrosine",
      "Age": "31.67 Year(s)",
      "Specimen": "blood",
      "Quantity": "108 micro-mol/l",
      "Quality": "Normal"
    },
    {
      "Name": "Tyrosine",
      "Age": "31.76 Year(s)",
      "Specimen": "blood",
      "Quantity": "127 micro-mol/l",
      "Quality": "Increased"
    },
    {
      "Name": "Tyrosine",
      "Age": "31.81 Year(s)",
      "Specimen": "blood",
      "Quantity": "216 micro-mol/l",
      "Quality": "Increased"
    },
    {
      "Name": "Tyrosine",
      "Age": "31.99 Year(s)",
      "Specimen": "blood",
      "Quantity": "123 micro-mol/l",
      "Quality": "Increased"
    },
    {
      "Name": "Tyrosine",
      "Age": "32.08 Year(s)",
      "Specimen": "blood",
      "Quantity": "68 micro-mol/l",
      "Quality": "Normal"
    },
    {
      "Name": "Tyrosine",
      "Age": "32.26 Year(s)",
      "Specimen": "blood",
      "Quantity": "108 micro-mol/l",
      "Quality": "Normal"
    },
    {
      "Name": "Tyrosine",
      "Age": "32.41 Year(s)",
      "Specimen": "blood",
      "Quantity": "182 micro-mol/l",
      "Quality": "Increased"
    },
    {
      "Name": "Tyrosine",
      "Age": "32.64 Year(s)",
      "Specimen": "blood",
      "Quantity": "49 micro-mol/l",
      "Quality": "Normal"
    },
    {
      "Name": "Tyrosine",
      "Age": "32.83 Year(s)",
      "Specimen": "blood",
      "Quantity": "68 micro-mol/l",
      "Quality": "Normal"
    },
    {
      "Name": "Tyrosine",
      "Age": "33 Year(s)",
      "Specimen": "blood",
      "Quantity": "60 micro-mol/l",
      "Quality": "Normal"
    },
    {
      "Name": "Tyrosine",
      "Age": "33.17 Year(s)",
      "Specimen": "blood",
      "Quantity": "110 micro-mol/l",
      "Quality": "Normal"
    },
    {
      "Name": "Tyrosine",
      "Age": "33.26 Year(s)",
      "Specimen": "blood",
      "Quantity": "30 micro-mol/l",
      "Quality": "Decreased"
    },
    {
      "Name": "Tyrosine",
      "Age": "33.51 Year(s)",
      "Specimen": "blood",
      "Quantity": "57 micro-mol/l",
      "Quality": "Normal"
    },
    {
      "Name": "Tyrosine",
      "Age": "34.83 Year(s)",
      "Specimen": "blood",
      "Quantity": "39 micro-mol/l",
      "Quality": "Normal"
    },
    {
      "Name": "Tyrosine",
      "Age": "36.07 Year(s)",
      "Specimen": "blood",
      "Quantity": "32 micro-mol/l",
      "Quality": "Decreased"
    }
  ],
  "Symptoms": [
    {
      "Name": "MRI, brain, white matter abnormalities",
      "Age": "28.11 Year(s)",
      "Range": "yes"
    },
    {
      "Name": "diabetes mellitus",
      "Age": "33.33 Year(s)",
      "Range": "yes"
    },
    {
      "Name": "mental retardation",
      "Age": "27.93 Year(s)",
      "Range": "+++"
    },
    {
      "Name": "microcephaly [< 2SD for age]",
      "Age": "27.93 Year(s)",
      "Range": "yes"
    },
    {
      "Name": "odor unusual",
      "Age": "27.93 Year(s)",
      "Range": "mousy body"
    },
    {
      "Name": "seizures",
      "Age": "7.79 Month(s)",
      "Range": "yes"
    }
  ],
  "Diet/drugs": [
    {
      "Name": "artificial protein intake (specific amino acid mixture)",
      "Age": "28.12 Year(s)",
      "Dosage": "58.1 g/day",
      "Route": "oral"
    },
    {
      "Name": "phenobarbital",
      "Age": "2.68 Year(s)",
      "Dosage": "",
      "Route": "oral"
    },
    {
      "Name": "phenylalanine",
      "Age": "28.12 Year(s)",
      "Dosage": "500 mg/day",
      "Route": "oral"
    },
    {
      "Name": "protein (total)",
      "Age": "28.12 Year(s)",
      "Dosage": "72.4 g/day",
      "Route": "oral"
    },
    {
      "Name": "vitamin B12 (hydroxycobalamin)",
      "Age": "35.5 Year(s)",
      "Dosage": ".3 mg/week",
      "Route": "intramuscular"
    }
  ],
  "Therapy/development": [
    {
      "Name": "length",
      "Age": "27.93 Year(s)",
      "Quantity": "174  cm",
      "Type": "development"
    },
    {
      "Name": "length",
      "Age": "30.84 Year(s)",
      "Quantity": "175.4  cm",
      "Type": "development"
    },
    {
      "Name": "length",
      "Age": "31.81 Year(s)",
      "Quantity": "176  cm",
      "Type": "development"
    },
    {
      "Name": "phenylalanine-restricted diet",
      "Age": "10.12 Month(s)",
      "Quantity": "",
      "Type": ""
    },
    {
      "Name": "phenylalanine-restricted diet",
      "Age": "28.12 Year(s)",
      "Quantity": "",
      "Type": ""
    },
    {
      "Name": "weight",
      "Age": "27.93 Year(s)",
      "Quantity": "89  kg",
      "Type": "development"
    },
    {
      "Name": "weight",
      "Age": "28.41 Year(s)",
      "Quantity": "87.1  kg",
      "Type": "development"
    },
    {
      "Name": "weight",
      "Age": "28.63 Year(s)",
      "Quantity": "86.8  kg",
      "Type": "development"
    },
    {
      "Name": "weight",
      "Age": "29.16 Year(s)",
      "Quantity": "82  kg",
      "Type": "development"
    },
    {
      "Name": "weight",
      "Age": "30.84 Year(s)",
      "Quantity": "78  kg",
      "Type": "development"
    },
    {
      "Name": "weight",
      "Age": "31.81 Year(s)",
      "Quantity": "68.8  kg",
      "Type": "development"
    },
    {
      "Name": "weight",
      "Age": "34.83 Year(s)",
      "Quantity": "72.9  kg",
      "Type": "development"
    },
    {
      "Name": "weight",
      "Age": "36.07 Year(s)",
      "Quantity": "72.5  kg",
      "Type": "development"
    }
  ]
}