{
  "MainData": {
    "Patient ID": "633",
    "Diagnosis": "CARBAMOYL PHOSPHATE SYNTHETASE I DEFICIENCY, HYPERAMMONEMIA DUE TO (MIM 237300)",
    "Gender": "m",
    "Age of symptoms onset": "3 Day(s)",
    "Age of diagnosis": "0 Day(s)",
    "Found in newborn screening": "n",
    "Diagnosis confirmed": "y",
    "Country": "Germany",
    "Ethnic origin": "Mother: German, Father: German",
    "History": "Premature boy  was born after an uneventful pregnancy. Healthy parents. The child presented with cerebral seizures. After development of cyanosis and cerebral edema, initiation of intensive care treatment. Metabolic investigation, highly inreased levels of ammonia, but not detectable levels of citrulline and arginine in serum, led to the diagnosis of carbamyl phosphate synthetase (CPS) deficiency. 16 days after birth, the boy died.",
    "Author": "Willy Lehnert",
    "Hospital": "University Childrens Hospital Freiburg",
    "Coauthor(s)": "",
    "Date of entry": "2002-07-30"
  },
  "Molecular genetics": {
    "Gene name": "",
    "Genotype": "",
    "Allele 1": {
      "Trivial name": "",
      "Systematic name": "",
      "Amino acid change": "",
      "Nucleotide change": "",
      "Exon/Intron Boundary/Promotor": ""
    },
    "Allele 2": {
      "Trivial name": "",
      "Systematic name": "",
      "Amino acid change": "",
      "Nucleotide change": "",
      "Exon/Intron Boundary/Promotor": ""
    }
  },
  "Lab findings": [
    {
      "Name": "Ammonia",
      "Age": "4 Day(s)",
      "Specimen": "serum/plasma",
      "Quantity": "",
      "Quality": "Increased"
    },
    {
      "Name": "Arginine",
      "Age": "4 Day(s)",
      "Specimen": "serum/plasma",
      "Quantity": "",
      "Quality": "Decreased"
    },
    {
      "Name": "Citrulline",
      "Age": "4 Day(s)",
      "Specimen": "serum/plasma",
      "Quantity": "",
      "Quality": "Decreased"
    },
    {
      "Name": "Lactate",
      "Age": "4 Day(s)",
      "Specimen": "urine",
      "Quantity": "",
      "Quality": "Increased"
    },
    {
      "Name": "Orotic acid",
      "Age": "4 Day(s)",
      "Specimen": "urine",
      "Quantity": "2.2 mmol/mol Crea",
      "Quality": "Decreased"
    }
  ],
  "Symptoms": [
    {
      "Name": "MRI, brain, abnormalities",
      "Age": "6 Day(s)",
      "Range": "yes"
    },
    {
      "Name": "cerebral edema",
      "Age": "6 Day(s)",
      "Range": "yes"
    },
    {
      "Name": "cyanosis",
      "Age": "3 Day(s)",
      "Range": "yes"
    },
    {
      "Name": "fasciculations",
      "Age": "6 Day(s)",
      "Range": "yes"
    },
    {
      "Name": "seizures",
      "Age": "3 Day(s)",
      "Range": "yes"
    },
    {
      "Name": "seizures",
      "Age": "6 Day(s)",
      "Range": "yes"
    }
  ],
  "Diet/drugs": [],
  "Therapy/development": [
    {
      "Name": "APGAR (10 min)",
      "Age": "1 Day(s)",
      "Quantity": "9",
      "Type": "perinatal"
    },
    {
      "Name": "APGAR (5 min)",
      "Age": "1 Day(s)",
      "Quantity": "7",
      "Type": "perinatal"
    },
    {
      "Name": "head circumference at birth",
      "Age": "1 Day(s)",
      "Quantity": "35  cm",
      "Type": "perinatal"
    },
    {
      "Name": "length at birth",
      "Age": "1 Day(s)",
      "Quantity": "49  cm",
      "Type": "perinatal"
    },
    {
      "Name": "weight at birth",
      "Age": "1 Day(s)",
      "Quantity": "2.8  kg",
      "Type": "perinatal"
    }
  ]
}