{
  "MainData": {
    "Patient ID": "644",
    "Diagnosis": "CARBAMOYL PHOSPHATE SYNTHETASE I DEFICIENCY, HYPERAMMONEMIA DUE TO (MIM 237300)",
    "Gender": "f",
    "Age of symptoms onset": "0 Day(s)",
    "Age of diagnosis": "4 Day(s)",
    "Found in newborn screening": "n",
    "Diagnosis confirmed": "y",
    "Country": "Germany",
    "Ethnic origin": "Mother: German, Father: German",
    "History": "Child of healthy parents was born at term after an uneventful pregnancy with weight at birth of 3390 g and an APGAR of 10/10/10. At her second day of life, the girl presented with dyspnea and jitterness. Metabolic investigation, decreased activity of carbamylphosphate synthetase (CPS), led to the diagnosis of CPS deficiency. After initiation of intensive care treatment, the girl suddenly died.",
    "Author": "Willy Lehnert",
    "Hospital": "University Childrens Hospital Freiburg",
    "Coauthor(s)": "",
    "Date of entry": "2002-08-18"
  },
  "Molecular genetics": {
    "Gene name": "",
    "Genotype": "",
    "Allele 1": {
      "Trivial name": "",
      "Systematic name": "",
      "Amino acid change": "",
      "Nucleotide change": "",
      "Exon/Intron Boundary/Promotor": ""
    },
    "Allele 2": {
      "Trivial name": "",
      "Systematic name": "",
      "Amino acid change": "",
      "Nucleotide change": "",
      "Exon/Intron Boundary/Promotor": ""
    }
  },
  "Lab findings": [
    {
      "Name": "Ammonia",
      "Age": "2 Day(s)",
      "Specimen": "serum/plasma",
      "Quantity": "2960 micro-mol/l",
      "Quality": "Increased"
    },
    {
      "Name": "Ammonia",
      "Age": "3 Day(s)",
      "Specimen": "serum/plasma",
      "Quantity": "5360 micro-mol/l",
      "Quality": "Increased"
    },
    {
      "Name": "Ammonia",
      "Age": "4 Day(s)",
      "Specimen": "serum/plasma",
      "Quantity": "2110 micro-mol/l",
      "Quality": "Increased"
    },
    {
      "Name": "Ammonia",
      "Age": "7 Day(s)",
      "Specimen": "serum/plasma",
      "Quantity": "3450 micro-mol/l",
      "Quality": "Increased"
    },
    {
      "Name": "Ammonia",
      "Age": "8 Day(s)",
      "Specimen": "serum/plasma",
      "Quantity": "3920 micro-mol/l",
      "Quality": "Increased"
    },
    {
      "Name": "Carbamylphosphate synthetase",
      "Age": "11 Day(s)",
      "Specimen": "liver",
      "Quantity": "5 % activity",
      "Quality": "Decreased"
    },
    {
      "Name": "Lactate",
      "Age": "11 Day(s)",
      "Specimen": "urine",
      "Quantity": "",
      "Quality": "Increased"
    },
    {
      "Name": "Orotic acid",
      "Age": "11 Day(s)",
      "Specimen": "urine",
      "Quantity": "",
      "Quality": "Normal"
    }
  ],
  "Symptoms": [
    {
      "Name": "death",
      "Age": "10 Day(s)",
      "Range": "yes"
    },
    {
      "Name": "dyspnea",
      "Age": "2 Day(s)",
      "Range": "yes"
    },
    {
      "Name": "jitterness",
      "Age": "2 Day(s)",
      "Range": "yes"
    }
  ],
  "Diet/drugs": [],
  "Therapy/development": [
    {
      "Name": "APGAR (10 min)",
      "Age": "1 Day(s)",
      "Quantity": "10",
      "Type": "perinatal"
    },
    {
      "Name": "APGAR (5 min)",
      "Age": "1 Day(s)",
      "Quantity": "10",
      "Type": "perinatal"
    },
    {
      "Name": "head circumference at birth",
      "Age": "1 Day(s)",
      "Quantity": "36  cm",
      "Type": "perinatal"
    },
    {
      "Name": "length at birth",
      "Age": "1 Day(s)",
      "Quantity": "53  cm",
      "Type": "perinatal"
    },
    {
      "Name": "weight at birth",
      "Age": "1 Day(s)",
      "Quantity": "3.4  kg",
      "Type": "perinatal"
    }
  ]
}