{
  "MainData": {
    "Patient ID": "647",
    "Diagnosis": "ORNITHINE TRANSCARBAMYLASE DEFICIENCY, HYPERAMMONEMIA DUE TO (MIM 311250)",
    "Gender": "f",
    "Age of symptoms onset": "0 Day(s)",
    "Age of diagnosis": "10.64 Month(s)",
    "Found in newborn screening": "n",
    "Diagnosis confirmed": "y",
    "Country": "Germany",
    "Ethnic origin": "Mother: any, Father: any",
    "History": "The girl presented with  vomiting, somnolence and irritability. Highly increased levels of ammonia in serum and elevated levels of orotic acid in urine led to the diagnosis of ornithine transcarbamylase deficiency.",
    "Author": "Willy Lehnert",
    "Hospital": "University Childrens Hospital Freiburg",
    "Coauthor(s)": "",
    "Date of entry": "2002-08-18"
  },
  "Molecular genetics": {
    "Gene name": "",
    "Genotype": "",
    "Allele 1": {
      "Trivial name": "",
      "Systematic name": "",
      "Amino acid change": "",
      "Nucleotide change": "",
      "Exon/Intron Boundary/Promotor": ""
    },
    "Allele 2": {
      "Trivial name": "",
      "Systematic name": "",
      "Amino acid change": "",
      "Nucleotide change": "",
      "Exon/Intron Boundary/Promotor": ""
    }
  },
  "Lab findings": [
    {
      "Name": "Ammonia",
      "Age": "10.35 Month(s)",
      "Specimen": "serum/plasma",
      "Quantity": "200 micro-mol/l",
      "Quality": "Increased"
    },
    {
      "Name": "Orotic acid",
      "Age": "10.64 Month(s)",
      "Specimen": "urine",
      "Quantity": "87 mmol/mol Crea",
      "Quality": "Increased"
    },
    {
      "Name": "Orotic acid",
      "Age": "11.07 Month(s)",
      "Specimen": "urine",
      "Quantity": "53 mmol/mol Crea",
      "Quality": "Increased"
    }
  ],
  "Symptoms": [
    {
      "Name": "jitterness",
      "Age": "10.15 Month(s)",
      "Range": "yes"
    },
    {
      "Name": "lethargy, drowsiness, malaise or sleep disorder",
      "Age": "10.15 Month(s)",
      "Range": "yes"
    },
    {
      "Name": "vomiting",
      "Age": "10.15 Month(s)",
      "Range": "severe"
    }
  ],
  "Diet/drugs": [],
  "Therapy/development": []
}