{
  "MainData": {
    "Patient ID": "648",
    "Diagnosis": "CARBAMOYL PHOSPHATE SYNTHETASE I DEFICIENCY, HYPERAMMONEMIA DUE TO (MIM 237300)",
    "Gender": "m",
    "Age of symptoms onset": "0 Day(s)",
    "Age of diagnosis": "0 Day(s)",
    "Found in newborn screening": "n",
    "Diagnosis confirmed": "y",
    "Country": "Germany",
    "Ethnic origin": "Mother: German, Father: German",
    "History": "Child of consanguineous parents. Highly increased levels of ammonia, increased excretion of lactate and normal levels of orotic acid in urine. Decreased activity of carbamyl phosphate synthetase (CPS) led to the diagnosis of CPS deficiency. At his twelfth day of life, the boy suddenly died.",
    "Author": "Willy Lehnert",
    "Hospital": "University Childrens Hospital Freiburg",
    "Coauthor(s)": "",
    "Date of entry": "2002-08-18"
  },
  "Molecular genetics": {
    "Gene name": "",
    "Genotype": "",
    "Allele 1": {
      "Trivial name": "",
      "Systematic name": "",
      "Amino acid change": "",
      "Nucleotide change": "",
      "Exon/Intron Boundary/Promotor": ""
    },
    "Allele 2": {
      "Trivial name": "",
      "Systematic name": "",
      "Amino acid change": "",
      "Nucleotide change": "",
      "Exon/Intron Boundary/Promotor": ""
    }
  },
  "Lab findings": [
    {
      "Name": "Ammonia",
      "Age": "4 Day(s)",
      "Specimen": "serum/plasma",
      "Quantity": "",
      "Quality": "Increased"
    },
    {
      "Name": "Carbamylphosphate synthetase",
      "Age": "4 Day(s)",
      "Specimen": "liver",
      "Quantity": "",
      "Quality": "Decreased"
    },
    {
      "Name": "Lactate",
      "Age": "4 Day(s)",
      "Specimen": "urine",
      "Quantity": "",
      "Quality": "Increased"
    },
    {
      "Name": "Orotic acid",
      "Age": "4 Day(s)",
      "Specimen": "urine",
      "Quantity": "1.4 mmol/mol Crea",
      "Quality": "Decreased"
    }
  ],
  "Symptoms": [
    {
      "Name": "death",
      "Age": "11 Day(s)",
      "Range": "yes"
    }
  ],
  "Diet/drugs": [],
  "Therapy/development": []
}