{
  "MainData": {
    "Patient ID": "652",
    "Diagnosis": "MATURITY-ONSET DIABETES OF THE YOUNG, TYPE I (MIM 125850)",
    "Gender": "f",
    "Age of symptoms onset": "33 Year(s)",
    "Age of diagnosis": "38 Year(s)",
    "Found in newborn screening": "n",
    "Diagnosis confirmed": "y",
    "Country": "China",
    "Ethnic origin": "Mother: Chinese, Father: Chinese",
    "History": "The patients disease started during pregnancy  (child is ID 651) with glycosuria. From diagnosis with 38 years she was treated with glibenclamide for 10 years. She developed proliferative retinopathy, nephropathy, peripheral neuropathy, necrobiosis lipoidica, hypertension and cataracts. After myocardial infarction followed by progressive deterioration of cardiac and renal functions she died at the age of 52 years from pulmonary oedema and septicaemia with a gangrenous foot. \n\nDiabetologia 2000, 43(6):816-81810907130",
    "Author": "Published Cases",
    "Hospital": "Published Case",
    "Coauthor(s)": "Ng MC, Li JK, So WY, Critchley JA, Cockram CS, Bell GI, Chan JC",
    "Date of entry": "2002-08-21"
  },
  "Molecular genetics": {
    "Gene name": "HNF1alpha",
    "Genotype": "Mody 3  (Intron 2)",
    "Allele 1": {
      "Trivial name": "",
      "Systematic name": "c.IVS2nt-1G->A",
      "Amino acid change": "",
      "Nucleotide change": "AG>AA",
      "Exon/Intron Boundary/Promotor": ""
    },
    "Allele 2": {
      "Trivial name": "",
      "Systematic name": "",
      "Amino acid change": "",
      "Nucleotide change": "",
      "Exon/Intron Boundary/Promotor": ""
    }
  },
  "Lab findings": [
    {
      "Name": "Glucose",
      "Age": "33 Year(s)",
      "Specimen": "urine",
      "Quantity": "",
      "Quality": "Increased"
    },
    {
      "Name": "HbA1C",
      "Age": "38 Year(s)",
      "Specimen": "blood",
      "Quantity": "17.2 %",
      "Quality": "Increased"
    },
    {
      "Name": "HbA1C",
      "Age": "38.58 Year(s)",
      "Specimen": "blood",
      "Quantity": "9.2 %",
      "Quality": "Increased"
    }
  ],
  "Symptoms": [
    {
      "Name": "cataract",
      "Age": "38 Year(s)",
      "Range": "yes"
    },
    {
      "Name": "heart failure",
      "Age": "52 Year(s)",
      "Range": "yes"
    },
    {
      "Name": "hypertension",
      "Age": "38 Year(s)",
      "Range": "yes"
    },
    {
      "Name": "myocardial infarction",
      "Age": "52 Year(s)",
      "Range": "yes"
    },
    {
      "Name": "neurologic deterioration",
      "Age": "52 Year(s)",
      "Range": "yes"
    },
    {
      "Name": "renal failure, acute/chronic",
      "Age": "52 Year(s)",
      "Range": "yes"
    },
    {
      "Name": "retinopathy",
      "Age": "38 Year(s)",
      "Range": "yes"
    },
    {
      "Name": "sepsis",
      "Age": "52 Year(s)",
      "Range": "yes"
    }
  ],
  "Diet/drugs": [
    {
      "Name": "insulin",
      "Age": "38 Year(s)",
      "Dosage": "20 U/day",
      "Route": "subcutan"
    }
  ],
  "Therapy/development": []
}