{
  "MainData": {
    "Patient ID": "667",
    "Diagnosis": "L-2-HYDROXYGLUTARIC ACIDURIA (MIM 236792)",
    "Gender": "m",
    "Age of symptoms onset": "2 Year(s)",
    "Age of diagnosis": "0 Day(s)",
    "Found in newborn screening": "n",
    "Diagnosis confirmed": "y",
    "Country": "Germany",
    "Ethnic origin": "Mother: Turkish, Father: Turkish",
    "History": "First child of healthy, non consanguineous, Turkish parents. The boy was born at term after an uneventful pregnancy and delivery. Weight at birth of 2750 g. At the age of two years, the boy presented with severe fever, followed by recurrent seizures. At the age of 13 years, mental retardation and ataxia. CT showed dilated ventricles, cerebral atrophy and degeneration. Highly increased excretion of L-2-hydroxyglutaric acid led to the diagnosis of L-2-hydroxyglutaric aciduria.",
    "Author": "Willy Lehnert",
    "Hospital": "University Childrens Hospital Freiburg",
    "Coauthor(s)": "",
    "Date of entry": "2002-08-29"
  },
  "Molecular genetics": {
    "Gene name": "",
    "Genotype": "",
    "Allele 1": {
      "Trivial name": "",
      "Systematic name": "",
      "Amino acid change": "",
      "Nucleotide change": "",
      "Exon/Intron Boundary/Promotor": ""
    },
    "Allele 2": {
      "Trivial name": "",
      "Systematic name": "",
      "Amino acid change": "",
      "Nucleotide change": "",
      "Exon/Intron Boundary/Promotor": ""
    }
  },
  "Lab findings": [
    {
      "Name": "2-Hydroxyglutaric acid (L)",
      "Age": "13.54 Year(s)",
      "Specimen": "urine",
      "Quantity": "",
      "Quality": "Increased"
    }
  ],
  "Symptoms": [
    {
      "Name": "Fever",
      "Age": "23.29 Month(s)",
      "Range": "high [39,5-40,5 degrees Celsius]"
    },
    {
      "Name": "ataxia",
      "Age": "13.54 Year(s)",
      "Range": "yes"
    },
    {
      "Name": "mental retardation",
      "Age": "13.54 Year(s)",
      "Range": "++"
    },
    {
      "Name": "seizures",
      "Age": "23.29 Month(s)",
      "Range": "yes"
    }
  ],
  "Diet/drugs": [],
  "Therapy/development": [
    {
      "Name": "length at birth",
      "Age": "1 Day(s)",
      "Quantity": "51  cm",
      "Type": "perinatal"
    },
    {
      "Name": "weight at birth",
      "Age": "1 Day(s)",
      "Quantity": "2750  kg",
      "Type": "perinatal"
    }
  ]
}