{
  "MainData": {
    "Patient ID": "672",
    "Diagnosis": "L-2-HYDROXYGLUTARIC ACIDURIA (MIM 236792)",
    "Gender": "f",
    "Age of symptoms onset": "12 Month(s)",
    "Age of diagnosis": "20.34 Month(s)",
    "Found in newborn screening": "n",
    "Diagnosis confirmed": "y",
    "Country": "Germany",
    "Ethnic origin": "Mother: any, Father: any",
    "History": "Child of healthy parents was born at term after an uneventful pregnancy and delivery. At the age of 12 months, the girl presented with retardation of psychomotoric development. Hospitalization because of severe seizures. Highly increased levels of L-2-hydroxyglutaric acid in urine led to the diagnosis of L-2-hydroxyglutaric aciduria. Similar inevestigation in 5 elder sibblings did not show increased excretion of 2-hydroxyglutaric acid.",
    "Author": "Willy Lehnert",
    "Hospital": "University Childrens Hospital Freiburg",
    "Coauthor(s)": "",
    "Date of entry": "2002-09-08"
  },
  "Molecular genetics": {
    "Gene name": "",
    "Genotype": "",
    "Allele 1": {
      "Trivial name": "",
      "Systematic name": "",
      "Amino acid change": "",
      "Nucleotide change": "",
      "Exon/Intron Boundary/Promotor": ""
    },
    "Allele 2": {
      "Trivial name": "",
      "Systematic name": "",
      "Amino acid change": "",
      "Nucleotide change": "",
      "Exon/Intron Boundary/Promotor": ""
    }
  },
  "Lab findings": [
    {
      "Name": "2-Hydroxyglutaric acid (L)",
      "Age": "20.34 Month(s)",
      "Specimen": "blood",
      "Quantity": "18 micro-mol/l",
      "Quality": "Increased"
    },
    {
      "Name": "2-Hydroxyglutaric acid (L)",
      "Age": "20.47 Month(s)",
      "Specimen": "urine",
      "Quantity": "",
      "Quality": "Increased"
    },
    {
      "Name": "2-Hydroxyglutaric acid (L)",
      "Age": "20.54 Month(s)",
      "Specimen": "spinal fluid",
      "Quantity": "6 micro-mol/l",
      "Quality": "Increased"
    },
    {
      "Name": "Ammonia",
      "Age": "20.34 Month(s)",
      "Specimen": "serum/plasma",
      "Quantity": "",
      "Quality": "Normal"
    },
    {
      "Name": "Lactate",
      "Age": "20.34 Month(s)",
      "Specimen": "blood",
      "Quantity": "",
      "Quality": "Normal"
    },
    {
      "Name": "Lactate",
      "Age": "20.34 Month(s)",
      "Specimen": "spinal fluid",
      "Quantity": "1.7 mmol/l",
      "Quality": "Normal"
    },
    {
      "Name": "Magnesium",
      "Age": "20.34 Month(s)",
      "Specimen": "serum/plasma",
      "Quantity": "0.7 mmol/l",
      "Quality": "Normal"
    }
  ],
  "Symptoms": [
    {
      "Name": "Fever",
      "Age": "20.34 Month(s)",
      "Range": "medium [38,5-39,5 degrees Celsius]"
    },
    {
      "Name": "MRI, brain, abnormalities",
      "Age": "20.34 Month(s)",
      "Range": "yes"
    },
    {
      "Name": "hearing defect, deafness",
      "Age": "20.34 Month(s)",
      "Range": "yes"
    },
    {
      "Name": "macrocephaly [large calvaria, >2SD for age]",
      "Age": "20.34 Month(s)",
      "Range": "yes"
    },
    {
      "Name": "mental retardation",
      "Age": "20.34 Month(s)",
      "Range": "+"
    },
    {
      "Name": "seizures",
      "Age": "20.34 Month(s)",
      "Range": "yes"
    },
    {
      "Name": "speech development, delayed, abnormal",
      "Age": "20.34 Month(s)",
      "Range": "yes"
    }
  ],
  "Diet/drugs": [],
  "Therapy/development": [
    {
      "Name": "head circumference",
      "Age": "20.34 Month(s)",
      "Quantity": "50  cm",
      "Type": "development"
    },
    {
      "Name": "length",
      "Age": "20.34 Month(s)",
      "Quantity": "84  cm",
      "Type": "development"
    },
    {
      "Name": "weight",
      "Age": "20.34 Month(s)",
      "Quantity": "13.7  kg",
      "Type": "development"
    }
  ]
}