{
  "MainData": {
    "Patient ID": "676",
    "Diagnosis": "HOLOCARBOXYLASE SYNTHETASE DEFICIENCY (MIM 253270)",
    "Gender": "m",
    "Age of symptoms onset": "3 Month(s)",
    "Age of diagnosis": "3.39 Month(s)",
    "Found in newborn screening": "n",
    "Diagnosis confirmed": "y",
    "Country": "Germany",
    "Ethnic origin": "Mother: German, Father: German",
    "History": "Child of healthy parents was born at term after an uneventful pregnancy and delivery. Weight at birth of 3500 g, length at birth of 53 cm. After 3 months of normal development, the boy presented with apathia, tachypnea and muscular hypotonia. Magnetic resonance imaging did not show any abnormalities. Highly increased excretion of 3-hydroxyisovaleric acid, 3-hydroxy-2-methylbutyric acid, 3-hydroxypropionic acid and 3-methylcrotonylglycine. Severely decreased activities of the mitochondrial biotin-dependent carboxylases (PCC, MCC, PC) in fibroblasts, but normal biotinidase activity (within the heterozygous range). These findings led to the diagnosis of holocarboxylase synthetase (HCS) deficiency. Biotin-substitution.",
    "Author": "Willy Lehnert",
    "Hospital": "University Childrens Hospital Freiburg",
    "Coauthor(s)": "",
    "Date of entry": "2002-09-15"
  },
  "Molecular genetics": {
    "Gene name": "",
    "Genotype": "",
    "Allele 1": {
      "Trivial name": "",
      "Systematic name": "",
      "Amino acid change": "",
      "Nucleotide change": "",
      "Exon/Intron Boundary/Promotor": ""
    },
    "Allele 2": {
      "Trivial name": "",
      "Systematic name": "",
      "Amino acid change": "",
      "Nucleotide change": "",
      "Exon/Intron Boundary/Promotor": ""
    }
  },
  "Lab findings": [
    {
      "Name": "3-Hydroxy-2-methylbutyric acid",
      "Age": "3.42 Month(s)",
      "Specimen": "urine",
      "Quantity": "",
      "Quality": "Increased"
    },
    {
      "Name": "3-Hydroxyisovaleric acid",
      "Age": "3.42 Month(s)",
      "Specimen": "urine",
      "Quantity": "20 mmol/mol Crea",
      "Quality": "Increased"
    },
    {
      "Name": "3-Hydroxypropionic acid",
      "Age": "3.42 Month(s)",
      "Specimen": "urine",
      "Quantity": "",
      "Quality": "Increased"
    },
    {
      "Name": "3-Methylcrotonyl-CoA carboxylase",
      "Age": "3.42 Month(s)",
      "Specimen": "fibroblasts",
      "Quantity": "8 % activity",
      "Quality": "Decreased"
    },
    {
      "Name": "3-Methylcrotonylglycine",
      "Age": "3.42 Month(s)",
      "Specimen": "urine",
      "Quantity": "3.5 mmol/mol Crea",
      "Quality": "Increased"
    },
    {
      "Name": "Ammonia",
      "Age": "3.39 Month(s)",
      "Specimen": "serum/plasma",
      "Quantity": "254 micro-mol/l",
      "Quality": "Increased"
    },
    {
      "Name": "Carnitine, free",
      "Age": "3.39 Month(s)",
      "Specimen": "serum/plasma",
      "Quantity": "",
      "Quality": "Decreased"
    },
    {
      "Name": "CRP",
      "Age": "3.39 Month(s)",
      "Specimen": "serum/plasma",
      "Quantity": "",
      "Quality": "Normal"
    },
    {
      "Name": "Isovalerylglycine",
      "Age": "3.42 Month(s)",
      "Specimen": "urine",
      "Quantity": "",
      "Quality": "Increased"
    },
    {
      "Name": "Lactate",
      "Age": "3.39 Month(s)",
      "Specimen": "blood",
      "Quantity": "15.7 mmol/l",
      "Quality": "Increased"
    },
    {
      "Name": "Lactate",
      "Age": "3.39 Month(s)",
      "Specimen": "urine",
      "Quantity": "16.9 nmol/mol Crea",
      "Quality": "Increased"
    },
    {
      "Name": "Phosphate",
      "Age": "3.39 Month(s)",
      "Specimen": "serum/plasma",
      "Quantity": "2.4 mmol/l",
      "Quality": "Normal"
    },
    {
      "Name": "Propionyl CoA carboxylase",
      "Age": "3.42 Month(s)",
      "Specimen": "fibroblasts",
      "Quantity": "18 % activity",
      "Quality": "Decreased"
    },
    {
      "Name": "Propionylglycine",
      "Age": "3.42 Month(s)",
      "Specimen": "urine",
      "Quantity": "",
      "Quality": "Increased"
    },
    {
      "Name": "Pyruvate carboxylase",
      "Age": "3.42 Month(s)",
      "Specimen": "fibroblasts",
      "Quantity": "15 % activity",
      "Quality": "Decreased"
    },
    {
      "Name": "Biotinidase",
      "Age": "3.39 Month(s)",
      "Specimen": "fibroblasts",
      "Quantity": "",
      "Quality": "Normal"
    }
  ],
  "Symptoms": [
    {
      "Name": "apathia",
      "Age": "3.35 Month(s)",
      "Range": "yes"
    },
    {
      "Name": "hypotonia",
      "Age": "3.35 Month(s)",
      "Range": "yes"
    },
    {
      "Name": "metabolic acidosis",
      "Age": "3.35 Month(s)",
      "Range": "yes"
    },
    {
      "Name": "tachypnea",
      "Age": "3.35 Month(s)",
      "Range": "yes"
    }
  ],
  "Diet/drugs": [],
  "Therapy/development": [
    {
      "Name": "length",
      "Age": "3.39 Month(s)",
      "Quantity": "62  cm",
      "Type": "development"
    },
    {
      "Name": "length at birth",
      "Age": "1 Day(s)",
      "Quantity": "53  cm",
      "Type": "perinatal"
    },
    {
      "Name": "weight",
      "Age": "3.39 Month(s)",
      "Quantity": "6.1  kg",
      "Type": "development"
    },
    {
      "Name": "weight at birth",
      "Age": "1 Day(s)",
      "Quantity": "3.5  kg",
      "Type": "perinatal"
    }
  ]
}