{
  "MainData": {
    "Patient ID": "677",
    "Diagnosis": "HOLOCARBOXYLASE SYNTHETASE DEFICIENCY (MIM 253270)",
    "Gender": "m",
    "Age of symptoms onset": "13 Month(s)",
    "Age of diagnosis": "0 Day(s)",
    "Found in newborn screening": "n",
    "Diagnosis confirmed": "y",
    "Country": "Germany",
    "Ethnic origin": "Mother: German, Father: German",
    "History": "First child of healthy parents was born at term after an uneventful pregnancy and delivery. APGAR of 10/10, weight at birth of 3560 g and length of 52 cm. At the age of 13 months, the boy presented with vomiting, apathia and muscular hypotonia. Metabolic investigation led to the diagnosis of holocarboxylase synthetase (HCS) deficiency, confirmed by severely decreased activities of the mitochondrial carboxylases (PCC, MCC, PC) in lymphocytes.",
    "Author": "Willy Lehnert",
    "Hospital": "University Childrens Hospital Freiburg",
    "Coauthor(s)": "",
    "Date of entry": "2002-09-15"
  },
  "Molecular genetics": {
    "Gene name": "",
    "Genotype": "",
    "Allele 1": {
      "Trivial name": "",
      "Systematic name": "",
      "Amino acid change": "",
      "Nucleotide change": "",
      "Exon/Intron Boundary/Promotor": ""
    },
    "Allele 2": {
      "Trivial name": "",
      "Systematic name": "",
      "Amino acid change": "",
      "Nucleotide change": "",
      "Exon/Intron Boundary/Promotor": ""
    }
  },
  "Lab findings": [
    {
      "Name": "3-Hydroxypropionic acid",
      "Age": "18.07 Month(s)",
      "Specimen": "urine",
      "Quantity": "",
      "Quality": "Increased"
    },
    {
      "Name": "3-Hydroxyvaleric acid",
      "Age": "18.07 Month(s)",
      "Specimen": "urine",
      "Quantity": "",
      "Quality": "Increased"
    },
    {
      "Name": "3-Methylcrotonyl-CoA carboxylase",
      "Age": "18.07 Month(s)",
      "Specimen": "leucocytes",
      "Quantity": "1.2 % activity",
      "Quality": "Decreased"
    },
    {
      "Name": "3-Methylcrotonylglycine",
      "Age": "18.07 Month(s)",
      "Specimen": "urine",
      "Quantity": "",
      "Quality": "Increased"
    },
    {
      "Name": "Ammonia",
      "Age": "12.94 Month(s)",
      "Specimen": "serum/plasma",
      "Quantity": "",
      "Quality": "Increased"
    },
    {
      "Name": "Lactate",
      "Age": "12.94 Month(s)",
      "Specimen": "urine",
      "Quantity": "",
      "Quality": "Increased"
    },
    {
      "Name": "Lactate",
      "Age": "18.07 Month(s)",
      "Specimen": "blood",
      "Quantity": "9.7 mmol/l",
      "Quality": "Increased"
    },
    {
      "Name": "Propionyl CoA carboxylase",
      "Age": "18.07 Month(s)",
      "Specimen": "leucocytes",
      "Quantity": "2 % activity",
      "Quality": "Decreased"
    },
    {
      "Name": "Pyruvate carboxylase",
      "Age": "18.07 Month(s)",
      "Specimen": "leucocytes",
      "Quantity": "1.1 % activity",
      "Quality": "Decreased"
    },
    {
      "Name": "Tiglylglycine",
      "Age": "18.07 Month(s)",
      "Specimen": "urine",
      "Quantity": "",
      "Quality": "Increased"
    }
  ],
  "Symptoms": [
    {
      "Name": "apathia",
      "Age": "12.94 Month(s)",
      "Range": "yes"
    },
    {
      "Name": "apathia",
      "Age": "18.07 Month(s)",
      "Range": "yes"
    },
    {
      "Name": "eczematoid skin rush",
      "Age": "2.43 Month(s)",
      "Range": "yes"
    },
    {
      "Name": "feeding difficulties, poor feeding",
      "Age": "18.07 Month(s)",
      "Range": "severe"
    },
    {
      "Name": "hypotonia",
      "Age": "12.94 Month(s)",
      "Range": "yes"
    },
    {
      "Name": "hypotonia",
      "Age": "18.07 Month(s)",
      "Range": "yes"
    },
    {
      "Name": "large liver",
      "Age": "12.94 Month(s)",
      "Range": "yes"
    },
    {
      "Name": "metabolic acidosis",
      "Age": "12.94 Month(s)",
      "Range": "yes"
    },
    {
      "Name": "metabolic acidosis",
      "Age": "18.07 Month(s)",
      "Range": "yes"
    },
    {
      "Name": "vomiting",
      "Age": "12.94 Month(s)",
      "Range": "severe"
    },
    {
      "Name": "vomiting",
      "Age": "18.07 Month(s)",
      "Range": "moderate"
    }
  ],
  "Diet/drugs": [],
  "Therapy/development": [
    {
      "Name": "APGAR (10 min)",
      "Age": "1 Day(s)",
      "Quantity": "10",
      "Type": "perinatal"
    },
    {
      "Name": "APGAR (5 min)",
      "Age": "1 Day(s)",
      "Quantity": "10",
      "Type": "perinatal"
    },
    {
      "Name": "head circumference",
      "Age": "18.07 Month(s)",
      "Quantity": "49  cm",
      "Type": "development"
    },
    {
      "Name": "head circumference at birth",
      "Age": "1 Day(s)",
      "Quantity": "36  cm",
      "Type": "perinatal"
    },
    {
      "Name": "length",
      "Age": "18.07 Month(s)",
      "Quantity": "84  cm",
      "Type": "development"
    },
    {
      "Name": "length at birth",
      "Age": "1 Day(s)",
      "Quantity": "52  cm",
      "Type": "perinatal"
    },
    {
      "Name": "weight",
      "Age": "18.07 Month(s)",
      "Quantity": "10.8  kg",
      "Type": "development"
    },
    {
      "Name": "weight at birth",
      "Age": "1 Day(s)",
      "Quantity": "3.6  kg",
      "Type": "perinatal"
    }
  ]
}