{
  "MainData": {
    "Patient ID": "683",
    "Diagnosis": "UNKNOWN (MIM 1)",
    "Gender": "m",
    "Age of symptoms onset": "17 Month(s)",
    "Age of diagnosis": "17.38 Month(s)",
    "Found in newborn screening": "n",
    "Diagnosis confirmed": "n",
    "Country": "Germany",
    "Ethnic origin": "Mother: Turkish, Father: Turkish",
    "History": "At 17 months of age, the patient was hospitalized because of gastroenteritis. After discharge, persistent vomiting and lactate acidosis led to metabolic screening: Acylcarnitine analysis in dried blood showed increased levels of  tetradecenoylcarnitine and led to the diagnosis of very-long-chain acyl CoA dehydrogenase deficiency (VLCAD).\nTreatment with high percentage of MCT in nutrition and avoidance of fasting.\nMolecular genetic analysis is initiated.",
    "Author": "Friedrich Trefz",
    "Hospital": "Childrens Hospital Reutlingen",
    "Coauthor(s)": "",
    "Date of entry": "2002-09-23"
  },
  "Molecular genetics": {
    "Gene name": "",
    "Genotype": "",
    "Allele 1": {
      "Trivial name": "",
      "Systematic name": "",
      "Amino acid change": "",
      "Nucleotide change": "",
      "Exon/Intron Boundary/Promotor": ""
    },
    "Allele 2": {
      "Trivial name": "",
      "Systematic name": "",
      "Amino acid change": "",
      "Nucleotide change": "",
      "Exon/Intron Boundary/Promotor": ""
    }
  },
  "Lab findings": [
    {
      "Name": "ALAT (GPT)",
      "Age": "17.35 Month(s)",
      "Specimen": "serum/plasma",
      "Quantity": "198 U/l",
      "Quality": "Increased"
    },
    {
      "Name": "ALAT (GPT)",
      "Age": "17.64 Month(s)",
      "Specimen": "serum/plasma",
      "Quantity": "173 U/l",
      "Quality": "Increased"
    },
    {
      "Name": "ALAT (GPT)",
      "Age": "20.11 Month(s)",
      "Specimen": "serum/plasma",
      "Quantity": "17 U/l",
      "Quality": "Normal"
    },
    {
      "Name": "Ammonia",
      "Age": "17.35 Month(s)",
      "Specimen": "serum/plasma",
      "Quantity": "70 micro-mol/l",
      "Quality": "Increased"
    },
    {
      "Name": "Ammonia",
      "Age": "17.64 Month(s)",
      "Specimen": "serum/plasma",
      "Quantity": "53 micro-mol/l",
      "Quality": "Normal"
    },
    {
      "Name": "ASAT (GOT)",
      "Age": "17.35 Month(s)",
      "Specimen": "serum/plasma",
      "Quantity": "278 U/l",
      "Quality": "Increased"
    },
    {
      "Name": "ASAT (GOT)",
      "Age": "17.64 Month(s)",
      "Specimen": "serum/plasma",
      "Quantity": "160 U/l",
      "Quality": "Increased"
    },
    {
      "Name": "ASAT (GOT)",
      "Age": "20.11 Month(s)",
      "Specimen": "serum/plasma",
      "Quantity": "32 U/l",
      "Quality": "Normal"
    },
    {
      "Name": "Carnitine, free",
      "Age": "2.05 Year(s)",
      "Specimen": "blood",
      "Quantity": "47 micro-mol/l",
      "Quality": "Normal"
    },
    {
      "Name": "Glucose",
      "Age": "17.35 Month(s)",
      "Specimen": "serum/plasma",
      "Quantity": "0.5 mmol/l",
      "Quality": "Decreased"
    },
    {
      "Name": "Glucose",
      "Age": "17.64 Month(s)",
      "Specimen": "serum/plasma",
      "Quantity": "4.4 mmol/l",
      "Quality": "Normal"
    },
    {
      "Name": "Hemoglobine",
      "Age": "17.64 Month(s)",
      "Specimen": "blood",
      "Quantity": "10.9 g/dl",
      "Quality": "Decreased"
    },
    {
      "Name": "Lactate",
      "Age": "17.35 Month(s)",
      "Specimen": "blood",
      "Quantity": "",
      "Quality": "Increased"
    },
    {
      "Name": "Lactate",
      "Age": "17.64 Month(s)",
      "Specimen": "blood",
      "Quantity": "2 mmol/l",
      "Quality": "Normal"
    },
    {
      "Name": "pCO2",
      "Age": "17.35 Month(s)",
      "Specimen": "blood",
      "Quantity": "12.4 /mm Hg",
      "Quality": "Decreased"
    },
    {
      "Name": "pH",
      "Age": "17.35 Month(s)",
      "Specimen": "blood",
      "Quantity": "7.2 no unit",
      "Quality": "Decreased"
    },
    {
      "Name": "Tetradecenoylcarnitine (C14:1)",
      "Age": "17.35 Month(s)",
      "Specimen": "blood",
      "Quantity": "0.5 micro-mol/l",
      "Quality": "Increased"
    },
    {
      "Name": "Tetradecenoylcarnitine (C14:1)",
      "Age": "17.67 Month(s)",
      "Specimen": "blood",
      "Quantity": "0 micro-mol/l",
      "Quality": "Normal"
    },
    {
      "Name": "Tetradecenoylcarnitine (C14:1)",
      "Age": "2.05 Year(s)",
      "Specimen": "blood",
      "Quantity": "",
      "Quality": "Normal"
    },
    {
      "Name": "Thrombocytes, Platelets",
      "Age": "17.64 Month(s)",
      "Specimen": "blood",
      "Quantity": "532999 /micro-l",
      "Quality": "Increased"
    },
    {
      "Name": "Quick",
      "Age": "17.35 Month(s)",
      "Specimen": "serum/plasma",
      "Quantity": "53 %",
      "Quality": "Decreased"
    }
  ],
  "Symptoms": [
    {
      "Name": "Fever",
      "Age": "17.35 Month(s)",
      "Range": "slight [37,5-38,5 degrees Celsius]"
    },
    {
      "Name": "apathia",
      "Age": "17.35 Month(s)",
      "Range": "yes"
    },
    {
      "Name": "apathia",
      "Age": "17.35 Month(s)",
      "Range": "yes"
    },
    {
      "Name": "dehydration",
      "Age": "17.08 Month(s)",
      "Range": "yes"
    },
    {
      "Name": "failure to thrive",
      "Age": "20.11 Month(s)",
      "Range": "moderate"
    },
    {
      "Name": "feeding difficulties, poor feeding",
      "Age": "17.31 Month(s)",
      "Range": "severe"
    },
    {
      "Name": "gastroenteritis",
      "Age": "17.08 Month(s)",
      "Range": "yes"
    },
    {
      "Name": "hypoglycemia",
      "Age": "17.35 Month(s)",
      "Range": "yes"
    },
    {
      "Name": "large liver",
      "Age": "17.35 Month(s)",
      "Range": "yes"
    },
    {
      "Name": "vomiting",
      "Age": "17.31 Month(s)",
      "Range": "moderate"
    }
  ],
  "Diet/drugs": [
    {
      "Name": "fat",
      "Age": "17.84 Month(s)",
      "Dosage": "32 g/day",
      "Route": "oral"
    }
  ],
  "Therapy/development": [
    {
      "Name": "avoidance of fasting",
      "Age": "17.35 Month(s)",
      "Quantity": "",
      "Type": ""
    },
    {
      "Name": "length",
      "Age": "17.35 Month(s)",
      "Quantity": "80  cm",
      "Type": "development"
    },
    {
      "Name": "length",
      "Age": "20.11 Month(s)",
      "Quantity": "80.5  cm",
      "Type": "development"
    },
    {
      "Name": "medium-chain triglycerides (MCT)",
      "Age": "17.84 Month(s)",
      "Quantity": "",
      "Type": ""
    },
    {
      "Name": "weight",
      "Age": "17.35 Month(s)",
      "Quantity": "10.4  kg",
      "Type": "development"
    },
    {
      "Name": "weight",
      "Age": "18.04 Month(s)",
      "Quantity": "10.6  kg",
      "Type": "development"
    },
    {
      "Name": "weight",
      "Age": "20.11 Month(s)",
      "Quantity": "10.4  kg",
      "Type": "development"
    }
  ]
}