{
  "MainData": {
    "Patient ID": "689",
    "Diagnosis": "METHYLMALONIC ACIDURIA DUE TO METHYLMALONYL-CoA MUTASE DEFICIENCY (MIM 251000)",
    "Gender": "m",
    "Age of symptoms onset": "1 Day(s)",
    "Age of diagnosis": "0 Day(s)",
    "Found in newborn screening": "n",
    "Diagnosis confirmed": "y",
    "Country": "Germany",
    "Ethnic origin": "Mother: German, Father: German",
    "History": "Second child of consanguineous parents. A few hours after birth, the boy presented with recurrent vomiting. At the age of 7 days, seizures, lethargy, apathia, respiratory insufficiency  and metabolic acidosis, as well. Initiation of intensive care treatment. At his eleventh day of life, the little boy suddenly died.  Highly increased levels of methylmalonic acid in urine led to the post-mortem diagnosis of methylmalonic aciduria (MMA).",
    "Author": "Willy Lehnert",
    "Hospital": "University Childrens Hospital Freiburg",
    "Coauthor(s)": "",
    "Date of entry": "2002-10-06"
  },
  "Molecular genetics": {
    "Gene name": "",
    "Genotype": "",
    "Allele 1": {
      "Trivial name": "",
      "Systematic name": "",
      "Amino acid change": "",
      "Nucleotide change": "",
      "Exon/Intron Boundary/Promotor": ""
    },
    "Allele 2": {
      "Trivial name": "",
      "Systematic name": "",
      "Amino acid change": "",
      "Nucleotide change": "",
      "Exon/Intron Boundary/Promotor": ""
    }
  },
  "Lab findings": [
    {
      "Name": "Methylmalonic acid",
      "Age": "4.79 Year(s)",
      "Specimen": "urine",
      "Quantity": "8900 mmol/mol Crea",
      "Quality": "Increased"
    }
  ],
  "Symptoms": [
    {
      "Name": "apathia",
      "Age": "6 Day(s)",
      "Range": "yes"
    },
    {
      "Name": "death",
      "Age": "10 Day(s)",
      "Range": "yes"
    },
    {
      "Name": "lethargy, drowsiness, malaise or sleep disorder",
      "Age": "6 Day(s)",
      "Range": "yes"
    },
    {
      "Name": "metabolic acidosis",
      "Age": "6 Day(s)",
      "Range": "yes"
    },
    {
      "Name": "seizures",
      "Age": "6 Day(s)",
      "Range": "yes"
    },
    {
      "Name": "vomiting",
      "Age": "1 Day(s)",
      "Range": "severe"
    },
    {
      "Name": "vomiting",
      "Age": "2 Day(s)",
      "Range": "severe"
    },
    {
      "Name": "vomiting",
      "Age": "6 Day(s)",
      "Range": "severe"
    }
  ],
  "Diet/drugs": [],
  "Therapy/development": []
}