{
  "MainData": {
    "Patient ID": "693",
    "Diagnosis": "METHYLMALONIC ACIDURIA DUE TO METHYLMALONYL-CoA MUTASE DEFICIENCY (MIM 251000)",
    "Gender": "f",
    "Age of symptoms onset": "1 Day(s)",
    "Age of diagnosis": "16 Day(s)",
    "Found in newborn screening": "n",
    "Diagnosis confirmed": "y",
    "Country": "Germany",
    "Ethnic origin": "Mother: Turkish, Father: Turkish",
    "History": "First child of healthy, consanguineous parents was born at term after an uneventful pregnancy and delivery with weight at birth of 3150g. Postnatal, the girl presented with feeding difficulties, weight loss and jitterness. At her 6th day of life, metabolic acidosis, apnea and muscular hypotonia. Initiation of intensive care treatment. Metabolic investigation showed highly increased excretion of methylmalonic acid and led to the diagnosis of methylmalonic aciduria (MMR). The diagnosis was confirmed by severly reduced activity of methylmalonyl CoA mutase in fibroblasts.",
    "Author": "Willy Lehnert",
    "Hospital": "University Childrens Hospital Freiburg",
    "Coauthor(s)": "",
    "Date of entry": "2002-10-16"
  },
  "Molecular genetics": {
    "Gene name": "",
    "Genotype": "",
    "Allele 1": {
      "Trivial name": "",
      "Systematic name": "",
      "Amino acid change": "",
      "Nucleotide change": "",
      "Exon/Intron Boundary/Promotor": ""
    },
    "Allele 2": {
      "Trivial name": "",
      "Systematic name": "",
      "Amino acid change": "",
      "Nucleotide change": "",
      "Exon/Intron Boundary/Promotor": ""
    }
  },
  "Lab findings": [
    {
      "Name": "Leucocytes",
      "Age": "4 Day(s)",
      "Specimen": "blood",
      "Quantity": "",
      "Quality": "Decreased"
    },
    {
      "Name": "Methylmalonic acid",
      "Age": "16 Day(s)",
      "Specimen": "urine",
      "Quantity": "4430 mmol/mol Crea",
      "Quality": "Increased"
    },
    {
      "Name": "Methylmalonic acid",
      "Age": "3.14 Week(s)",
      "Specimen": "urine",
      "Quantity": "1930 mmol/mol Crea",
      "Quality": "Increased"
    },
    {
      "Name": "Methylmalonic acid",
      "Age": "3.57 Week(s)",
      "Specimen": "urine",
      "Quantity": "2500 mmol/mol Crea",
      "Quality": "Increased"
    },
    {
      "Name": "Methylmalonic acid",
      "Age": "5.57 Week(s)",
      "Specimen": "urine",
      "Quantity": "910 mmol/mol Crea",
      "Quality": "Increased"
    },
    {
      "Name": "Methylmalonic acid",
      "Age": "6.29 Week(s)",
      "Specimen": "urine",
      "Quantity": "1480 mmol/mol Crea",
      "Quality": "Increased"
    },
    {
      "Name": "Methylmalonic acid",
      "Age": "7.29 Week(s)",
      "Specimen": "urine",
      "Quantity": "2950 mmol/mol Crea",
      "Quality": "Increased"
    },
    {
      "Name": "Methylmalonic acid",
      "Age": "8.29 Week(s)",
      "Specimen": "urine",
      "Quantity": "1930 mmol/mol Crea",
      "Quality": "Increased"
    },
    {
      "Name": "Methylmalonic acid",
      "Age": "2.14 Month(s)",
      "Specimen": "urine",
      "Quantity": "3580 mmol/mol Crea",
      "Quality": "Increased"
    },
    {
      "Name": "Methylmalonic acid",
      "Age": "2.37 Month(s)",
      "Specimen": "urine",
      "Quantity": "4770 mmol/mol Crea",
      "Quality": "Increased"
    },
    {
      "Name": "Methylmalonic acid",
      "Age": "2.6 Month(s)",
      "Specimen": "urine",
      "Quantity": "3030 mmol/mol Crea",
      "Quality": "Increased"
    },
    {
      "Name": "Methylmalonic acid",
      "Age": "2.86 Month(s)",
      "Specimen": "urine",
      "Quantity": "6080 mmol/mol Crea",
      "Quality": "Increased"
    },
    {
      "Name": "Methylmalonic acid",
      "Age": "3.75 Month(s)",
      "Specimen": "urine",
      "Quantity": "2500 mmol/mol Crea",
      "Quality": "Increased"
    },
    {
      "Name": "Methylmalonic acid",
      "Age": "4.44 Month(s)",
      "Specimen": "urine",
      "Quantity": "1410 mmol/mol Crea",
      "Quality": "Increased"
    },
    {
      "Name": "Methylmalonic acid",
      "Age": "4.67 Month(s)",
      "Specimen": "urine",
      "Quantity": "1045 mmol/mol Crea",
      "Quality": "Increased"
    },
    {
      "Name": "Methylmalonic acid",
      "Age": "4.93 Month(s)",
      "Specimen": "urine",
      "Quantity": "2180 mmol/mol Crea",
      "Quality": "Increased"
    },
    {
      "Name": "Methylmalonic acid",
      "Age": "5.13 Month(s)",
      "Specimen": "urine",
      "Quantity": "1470 mmol/mol Crea",
      "Quality": "Increased"
    },
    {
      "Name": "Methylmalonic acid",
      "Age": "5.36 Month(s)",
      "Specimen": "urine",
      "Quantity": "1205 mmol/mol Crea",
      "Quality": "Increased"
    },
    {
      "Name": "Methylmalonic acid",
      "Age": "6.38 Month(s)",
      "Specimen": "urine",
      "Quantity": "1772 mmol/mol Crea",
      "Quality": "Increased"
    },
    {
      "Name": "Methylmalonic acid",
      "Age": "13.77 Month(s)",
      "Specimen": "urine",
      "Quantity": "1580 mmol/mol Crea",
      "Quality": "Increased"
    },
    {
      "Name": "Methylmalonic acid",
      "Age": "14.72 Month(s)",
      "Specimen": "urine",
      "Quantity": "750 mmol/mol Crea",
      "Quality": "Increased"
    },
    {
      "Name": "Methylmalonic acid",
      "Age": "3.76 Year(s)",
      "Specimen": "urine",
      "Quantity": "870 mmol/mol Crea",
      "Quality": "Increased"
    },
    {
      "Name": "Methylmalonic acid",
      "Age": "4.11 Year(s)",
      "Specimen": "urine",
      "Quantity": "261 mmol/mol Crea",
      "Quality": "Increased"
    },
    {
      "Name": "Methylmalonyl CoA mutase",
      "Age": "4 Day(s)",
      "Specimen": "fibroblasts",
      "Quantity": "0 % activity",
      "Quality": "Decreased"
    },
    {
      "Name": "Thrombocytes, Platelets",
      "Age": "4 Day(s)",
      "Specimen": "blood",
      "Quantity": "",
      "Quality": "Decreased"
    }
  ],
  "Symptoms": [
    {
      "Name": "apnea",
      "Age": "4 Day(s)",
      "Range": "yes"
    },
    {
      "Name": "feeding difficulties, poor feeding",
      "Age": "1 Day(s)",
      "Range": "severe"
    },
    {
      "Name": "hypotonia",
      "Age": "6 Day(s)",
      "Range": "yes"
    },
    {
      "Name": "jitterness",
      "Age": "1 Day(s)",
      "Range": "yes"
    },
    {
      "Name": "metabolic acidosis",
      "Age": "4 Day(s)",
      "Range": "yes"
    }
  ],
  "Diet/drugs": [],
  "Therapy/development": [
    {
      "Name": "weight",
      "Age": "4 Day(s)",
      "Quantity": "2.8  kg",
      "Type": "development"
    },
    {
      "Name": "weight at birth",
      "Age": "1 Day(s)",
      "Quantity": "3.2  kg",
      "Type": "perinatal"
    }
  ]
}