{
  "MainData": {
    "Patient ID": "695",
    "Diagnosis": "METHYLMALONIC ACIDURIA DUE TO METHYLMALONYL-CoA MUTASE DEFICIENCY (MIM 251000)",
    "Gender": "m",
    "Age of symptoms onset": "3 Day(s)",
    "Age of diagnosis": "7 Day(s)",
    "Found in newborn screening": "n",
    "Diagnosis confirmed": "y",
    "Country": "Germany",
    "Ethnic origin": "Mother: German, Father: German",
    "History": "Second child of healthy parents. The boy was born spontaneously with an APGAR of 9/10/10 and weight at birth of 3200g. At the age of 3 days, the boy presented with cerebral signs, anemia, feeding problems and weight loss. Increased levels of methylmalonic acid in urine led to the diagnosis of methylmalonic aciduria (MMR).",
    "Author": "Willy Lehnert",
    "Hospital": "University Childrens Hospital Freiburg",
    "Coauthor(s)": "",
    "Date of entry": "2002-10-22"
  },
  "Molecular genetics": {
    "Gene name": "",
    "Genotype": "",
    "Allele 1": {
      "Trivial name": "",
      "Systematic name": "",
      "Amino acid change": "",
      "Nucleotide change": "",
      "Exon/Intron Boundary/Promotor": ""
    },
    "Allele 2": {
      "Trivial name": "",
      "Systematic name": "",
      "Amino acid change": "",
      "Nucleotide change": "",
      "Exon/Intron Boundary/Promotor": ""
    }
  },
  "Lab findings": [
    {
      "Name": "Methylmalonic acid",
      "Age": "7 Day(s)",
      "Specimen": "urine",
      "Quantity": "2100 mmol/mol Crea",
      "Quality": "Increased"
    },
    {
      "Name": "Methylmalonic acid",
      "Age": "9 Day(s)",
      "Specimen": "urine",
      "Quantity": "880 mmol/mol Crea",
      "Quality": "Increased"
    },
    {
      "Name": "Methylmalonic acid",
      "Age": "10 Day(s)",
      "Specimen": "urine",
      "Quantity": "340 mmol/mol Crea",
      "Quality": "Increased"
    },
    {
      "Name": "Methylmalonic acid",
      "Age": "13 Day(s)",
      "Specimen": "urine",
      "Quantity": "380 mmol/mol Crea",
      "Quality": "Increased"
    },
    {
      "Name": "Methylmalonic acid",
      "Age": "15 Day(s)",
      "Specimen": "urine",
      "Quantity": "240 mmol/mol Crea",
      "Quality": "Increased"
    },
    {
      "Name": "Methylmalonic acid",
      "Age": "17 Day(s)",
      "Specimen": "urine",
      "Quantity": "193 mmol/mol Crea",
      "Quality": "Increased"
    },
    {
      "Name": "Methylmalonic acid",
      "Age": "20 Day(s)",
      "Specimen": "urine",
      "Quantity": "227 mmol/mol Crea",
      "Quality": "Increased"
    },
    {
      "Name": "Methylmalonic acid",
      "Age": "3.14 Week(s)",
      "Specimen": "urine",
      "Quantity": "144 mmol/mol Crea",
      "Quality": "Increased"
    },
    {
      "Name": "Methylmalonic acid",
      "Age": "3.43 Week(s)",
      "Specimen": "urine",
      "Quantity": "196 mmol/mol Crea",
      "Quality": "Increased"
    },
    {
      "Name": "Methylmalonic acid",
      "Age": "3.86 Week(s)",
      "Specimen": "urine",
      "Quantity": "112 mmol/mol Crea",
      "Quality": "Increased"
    },
    {
      "Name": "Methylmalonic acid",
      "Age": "4.86 Week(s)",
      "Specimen": "urine",
      "Quantity": "170 mmol/mol Crea",
      "Quality": "Increased"
    },
    {
      "Name": "Methylmalonic acid",
      "Age": "6.29 Week(s)",
      "Specimen": "urine",
      "Quantity": "818 mmol/mol Crea",
      "Quality": "Increased"
    },
    {
      "Name": "Methylmalonic acid",
      "Age": "7 Week(s)",
      "Specimen": "urine",
      "Quantity": "795 mmol/mol Crea",
      "Quality": "Increased"
    },
    {
      "Name": "Methylmalonic acid",
      "Age": "8 Week(s)",
      "Specimen": "urine",
      "Quantity": "727 mmol/mol Crea",
      "Quality": "Increased"
    },
    {
      "Name": "Methylmalonic acid",
      "Age": "2.07 Month(s)",
      "Specimen": "urine",
      "Quantity": "1443 mmol/mol Crea",
      "Quality": "Increased"
    },
    {
      "Name": "Methylmalonic acid",
      "Age": "2.53 Month(s)",
      "Specimen": "urine",
      "Quantity": "1625 mmol/mol Crea",
      "Quality": "Increased"
    },
    {
      "Name": "Methylmalonic acid",
      "Age": "2.56 Month(s)",
      "Specimen": "urine",
      "Quantity": "1488 mmol/mol Crea",
      "Quality": "Increased"
    },
    {
      "Name": "Methylmalonic acid",
      "Age": "2.86 Month(s)",
      "Specimen": "urine",
      "Quantity": "2011 mmol/mol Crea",
      "Quality": "Increased"
    },
    {
      "Name": "Methylmalonic acid",
      "Age": "3.25 Month(s)",
      "Specimen": "urine",
      "Quantity": "2386 mmol/mol Crea",
      "Quality": "Increased"
    },
    {
      "Name": "Methylmalonic acid",
      "Age": "3.45 Month(s)",
      "Specimen": "urine",
      "Quantity": "2580 mmol/mol Crea",
      "Quality": "Increased"
    },
    {
      "Name": "Methylmalonic acid",
      "Age": "3.71 Month(s)",
      "Specimen": "urine",
      "Quantity": "1784 mmol/mol Crea",
      "Quality": "Increased"
    },
    {
      "Name": "Methylmalonic acid",
      "Age": "3.91 Month(s)",
      "Specimen": "urine",
      "Quantity": "4318 mmol/mol Crea",
      "Quality": "Increased"
    },
    {
      "Name": "Methylmalonic acid",
      "Age": "4.24 Month(s)",
      "Specimen": "urine",
      "Quantity": "1261 mmol/mol Crea",
      "Quality": "Increased"
    },
    {
      "Name": "Methylmalonic acid",
      "Age": "4.4 Month(s)",
      "Specimen": "urine",
      "Quantity": "3113 mmol/mol Crea",
      "Quality": "Increased"
    },
    {
      "Name": "Methylmalonic acid",
      "Age": "4.83 Month(s)",
      "Specimen": "urine",
      "Quantity": "2761 mmol/mol Crea",
      "Quality": "Increased"
    },
    {
      "Name": "Methylmalonic acid",
      "Age": "5.09 Month(s)",
      "Specimen": "urine",
      "Quantity": "3568 mmol/mol Crea",
      "Quality": "Increased"
    },
    {
      "Name": "Methylmalonic acid",
      "Age": "5.32 Month(s)",
      "Specimen": "urine",
      "Quantity": "1830 mmol/mol Crea",
      "Quality": "Increased"
    }
  ],
  "Symptoms": [
    {
      "Name": "feeding difficulties, poor feeding",
      "Age": "3 Day(s)",
      "Range": "severe"
    },
    {
      "Name": "hypotonia",
      "Age": "3 Day(s)",
      "Range": "yes"
    },
    {
      "Name": "jitterness",
      "Age": "3 Day(s)",
      "Range": "yes"
    },
    {
      "Name": "lethargy, drowsiness, malaise or sleep disorder",
      "Age": "4 Day(s)",
      "Range": "yes"
    },
    {
      "Name": "seizures",
      "Age": "4 Day(s)",
      "Range": "yes"
    }
  ],
  "Diet/drugs": [],
  "Therapy/development": [
    {
      "Name": "APGAR (10 min)",
      "Age": "1 Day(s)",
      "Quantity": "10",
      "Type": "perinatal"
    },
    {
      "Name": "APGAR (5 min)",
      "Age": "1 Day(s)",
      "Quantity": "10",
      "Type": "perinatal"
    },
    {
      "Name": "head circumference at birth",
      "Age": "1 Day(s)",
      "Quantity": "37  cm",
      "Type": "perinatal"
    },
    {
      "Name": "length at birth",
      "Age": "1 Day(s)",
      "Quantity": "52  cm",
      "Type": "perinatal"
    },
    {
      "Name": "weight",
      "Age": "3 Day(s)",
      "Quantity": "2.9  kg",
      "Type": "development"
    },
    {
      "Name": "weight",
      "Age": "4.86 Month(s)",
      "Quantity": "5130  kg",
      "Type": "development"
    },
    {
      "Name": "weight at birth",
      "Age": "1 Day(s)",
      "Quantity": "3.2  kg",
      "Type": "perinatal"
    }
  ]
}