{
  "MainData": {
    "Patient ID": "698",
    "Diagnosis": "METHYLMALONIC ACIDURIA DUE TO METHYLMALONYL-CoA MUTASE DEFICIENCY (MIM 251000)",
    "Gender": "f",
    "Age of symptoms onset": "0 Day(s)",
    "Age of diagnosis": "0 Day(s)",
    "Found in newborn screening": "n",
    "Diagnosis confirmed": "y",
    "Country": "Germany",
    "Ethnic origin": "Mother: German, Father: German",
    "History": "At the age of 4 years, the girl presented with retardation of psychomotoric development, recurrent vomiting and metabolic acidosis. Highly elevated levels of methylmalonic acid in urine led to the diagnosis of methylmalonic aciduria (MMR).",
    "Author": "Willy Lehnert",
    "Hospital": "University Childrens Hospital Freiburg",
    "Coauthor(s)": "",
    "Date of entry": "2002-10-27"
  },
  "Molecular genetics": {
    "Gene name": "",
    "Genotype": "",
    "Allele 1": {
      "Trivial name": "",
      "Systematic name": "",
      "Amino acid change": "",
      "Nucleotide change": "",
      "Exon/Intron Boundary/Promotor": ""
    },
    "Allele 2": {
      "Trivial name": "",
      "Systematic name": "",
      "Amino acid change": "",
      "Nucleotide change": "",
      "Exon/Intron Boundary/Promotor": ""
    }
  },
  "Lab findings": [
    {
      "Name": "Methylmalonic acid",
      "Age": "4.51 Year(s)",
      "Specimen": "urine",
      "Quantity": "3840 mmol/mol Crea",
      "Quality": "Increased"
    },
    {
      "Name": "Methylmalonic acid",
      "Age": "4.53 Year(s)",
      "Specimen": "urine",
      "Quantity": "3800 mmol/mol Crea",
      "Quality": "Increased"
    },
    {
      "Name": "Methylmalonic acid",
      "Age": "4.53 Year(s)",
      "Specimen": "urine",
      "Quantity": "3380 mmol/mol Crea",
      "Quality": "Increased"
    },
    {
      "Name": "Methylmalonic acid",
      "Age": "5.62 Year(s)",
      "Specimen": "urine",
      "Quantity": "3750 mmol/mol Crea",
      "Quality": "Increased"
    },
    {
      "Name": "Methylmalonic acid",
      "Age": "5.62 Year(s)",
      "Specimen": "urine",
      "Quantity": "2170 mmol/mol Crea",
      "Quality": "Increased"
    },
    {
      "Name": "Methylmalonic acid",
      "Age": "5.63 Year(s)",
      "Specimen": "urine",
      "Quantity": "3829 mmol/mol Crea",
      "Quality": "Increased"
    },
    {
      "Name": "Methylmalonic acid",
      "Age": "5.63 Year(s)",
      "Specimen": "urine",
      "Quantity": "3079 mmol/mol Crea",
      "Quality": "Increased"
    },
    {
      "Name": "Methylmalonic acid",
      "Age": "5.63 Year(s)",
      "Specimen": "urine",
      "Quantity": "3011 mmol/mol Crea",
      "Quality": "Increased"
    },
    {
      "Name": "Methylmalonic acid",
      "Age": "5.64 Year(s)",
      "Specimen": "urine",
      "Quantity": "3863 mmol/mol Crea",
      "Quality": "Increased"
    }
  ],
  "Symptoms": [
    {
      "Name": "metabolic acidosis",
      "Age": "3.88 Year(s)",
      "Range": "yes"
    },
    {
      "Name": "vomiting",
      "Age": "3.88 Year(s)",
      "Range": "severe"
    }
  ],
  "Diet/drugs": [],
  "Therapy/development": []
}