{
  "MainData": {
    "Patient ID": "704",
    "Diagnosis": "CITRULLINEMIA, CLASSIC (MIM 215700)",
    "Gender": "f",
    "Age of symptoms onset": "0 Day(s)",
    "Age of diagnosis": "7 Day(s)",
    "Found in newborn screening": "y",
    "Diagnosis confirmed": "y",
    "Country": "Germany",
    "Ethnic origin": "Mother: Turkish, Father: Turkish",
    "History": "The patient was found in the extended newborn screening program with elevated levels of citrulline (Prof. Sander, Hannover, Germany).\nThe first child of nonconsanguineous Turkish parents did not show any clinical symptoms.\nThis mild form of citrullinemia does not need any treatment.",
    "Author": "Friedrich Trefz",
    "Hospital": "Childrens Hospital Reutlingen",
    "Coauthor(s)": "",
    "Date of entry": "2002-12-13"
  },
  "Molecular genetics": {
    "Gene name": "ASS gene",
    "Genotype": "p.G362V/ p.G362V",
    "Allele 1": {
      "Trivial name": "p.G362V",
      "Systematic name": "c.1085G>T",
      "Amino acid change": "",
      "Nucleotide change": "",
      "Exon/Intron Boundary/Promotor": "14"
    },
    "Allele 2": {
      "Trivial name": "p.G362V",
      "Systematic name": "c.1085G>T",
      "Amino acid change": "",
      "Nucleotide change": "",
      "Exon/Intron Boundary/Promotor": "14"
    }
  },
  "Lab findings": [
    {
      "Name": "Ammonia",
      "Age": "7 Day(s)",
      "Specimen": "serum/plasma",
      "Quantity": "66 micro-mol/l",
      "Quality": "Increased"
    },
    {
      "Name": "Ammonia",
      "Age": "9 Day(s)",
      "Specimen": "serum/plasma",
      "Quantity": "81 micro-mol/l",
      "Quality": "Increased"
    },
    {
      "Name": "Ammonia",
      "Age": "16 Day(s)",
      "Specimen": "serum/plasma",
      "Quantity": "52 micro-mol/l",
      "Quality": "Increased"
    },
    {
      "Name": "Citrulline",
      "Age": "7 Day(s)",
      "Specimen": "serum/plasma",
      "Quantity": "125.6 micro-mol/l",
      "Quality": "Increased"
    },
    {
      "Name": "Citrulline",
      "Age": "8 Day(s)",
      "Specimen": "serum/plasma",
      "Quantity": "188.4 micro-mol/l",
      "Quality": "Increased"
    },
    {
      "Name": "Citrulline",
      "Age": "16 Day(s)",
      "Specimen": "serum/plasma",
      "Quantity": "389 micro-mol/l",
      "Quality": "Increased"
    },
    {
      "Name": "Citrulline",
      "Age": "2.5 Month(s)",
      "Specimen": "serum/plasma",
      "Quantity": "432 micro-mol/l",
      "Quality": "Increased"
    }
  ],
  "Symptoms": [
    {
      "Name": "abnormal in neonatal screening",
      "Age": "1 Day(s)",
      "Range": "yes"
    },
    {
      "Name": "no clinical signs or symptoms",
      "Age": "7 Day(s)",
      "Range": "yes"
    },
    {
      "Name": "shortened gestation time",
      "Age": "1 Day(s)",
      "Range": "yes"
    }
  ],
  "Diet/drugs": [],
  "Therapy/development": [
    {
      "Name": "APGAR (10 min)",
      "Age": "1 Day(s)",
      "Quantity": "10",
      "Type": "perinatal"
    },
    {
      "Name": "APGAR (5 min)",
      "Age": "1 Day(s)",
      "Quantity": "10",
      "Type": "perinatal"
    },
    {
      "Name": "head circumference at birth",
      "Age": "1 Day(s)",
      "Quantity": "33  cm",
      "Type": "perinatal"
    },
    {
      "Name": "length",
      "Age": "13 Day(s)",
      "Quantity": "50  cm",
      "Type": "development"
    },
    {
      "Name": "length at birth",
      "Age": "1 Day(s)",
      "Quantity": "50  cm",
      "Type": "perinatal"
    },
    {
      "Name": "weight",
      "Age": "13 Day(s)",
      "Quantity": "3.2  kg",
      "Type": "development"
    },
    {
      "Name": "weight at birth",
      "Age": "1 Day(s)",
      "Quantity": "2.9  kg",
      "Type": "perinatal"
    }
  ]
}