{
  "MainData": {
    "Patient ID": "705",
    "Diagnosis": "HYDROXYACYL-CoA DEHYDROGENASE/3-KETOACYL-CoA THIOLASE/ENOYL-CoA HYDRATASE,ALPHA SUBUNIT (MIM 600890)",
    "Gender": "f",
    "Age of symptoms onset": "0 Day(s)",
    "Age of diagnosis": "1 Day(s)",
    "Found in newborn screening": "n",
    "Diagnosis confirmed": "n",
    "Country": "Germany",
    "Ethnic origin": "Mother: Turkish, Father: Turkish",
    "History": "After HELLP-syndrome, the patient - 5th child of consanguineous Turkish parents - was delivered after 36 weeks of pregnancy. The parents had already lost 3 children in their first days of life.\nAsphyxia, symptoms of cardiomyopathy and severe lactate acidosis required emergency treatment. 23 hours after birth the baby died.\nIncreased levels of hydroxyacylcarnitines between C14 and C18 confirmed that the patient died of the same inherited metabolic disease as her siblings.",
    "Author": "Friedrich Trefz",
    "Hospital": "Childrens Hospital Reutlingen",
    "Coauthor(s)": "",
    "Date of entry": "2002-12-17"
  },
  "Molecular genetics": {
    "Gene name": "",
    "Genotype": "",
    "Allele 1": {
      "Trivial name": "",
      "Systematic name": "",
      "Amino acid change": "",
      "Nucleotide change": "",
      "Exon/Intron Boundary/Promotor": ""
    },
    "Allele 2": {
      "Trivial name": "",
      "Systematic name": "",
      "Amino acid change": "",
      "Nucleotide change": "",
      "Exon/Intron Boundary/Promotor": ""
    }
  },
  "Lab findings": [
    {
      "Name": "3-Hydroxy-Tetradecanoylcarnitine (C14-OH)",
      "Age": "1 Day(s)",
      "Specimen": "blood",
      "Quantity": "",
      "Quality": "Increased"
    },
    {
      "Name": "3-Hydroxypalmitoylcarnitine (C16-OH)",
      "Age": "1 Day(s)",
      "Specimen": "blood",
      "Quantity": "",
      "Quality": "Increased"
    },
    {
      "Name": "3-Hydroxystearoylcarnitine (C18-OH)",
      "Age": "1 Day(s)",
      "Specimen": "blood",
      "Quantity": "",
      "Quality": "Increased"
    },
    {
      "Name": "Creatinine",
      "Age": "1 Day(s)",
      "Specimen": "serum/plasma",
      "Quantity": "148 micro-mol/l",
      "Quality": "Increased"
    },
    {
      "Name": "Lactate",
      "Age": "1 Day(s)",
      "Specimen": "blood",
      "Quantity": "27 mmol/l",
      "Quality": "Increased"
    },
    {
      "Name": "Urea nitrogen",
      "Age": "1 Day(s)",
      "Specimen": "serum/plasma",
      "Quantity": "7.5 mmol/l",
      "Quality": "Increased"
    }
  ],
  "Symptoms": [
    {
      "Name": "HELLP-syndrome",
      "Age": "1 Day(s)",
      "Range": "yes"
    },
    {
      "Name": "birthweight",
      "Age": "1 Day(s)",
      "Range": "low [small for gestational age]"
    },
    {
      "Name": "cardiomyopathy",
      "Age": "1 Day(s)",
      "Range": "yes"
    },
    {
      "Name": "cerebral calcifications",
      "Age": "1 Day(s)",
      "Range": "yes"
    },
    {
      "Name": "dyspnea",
      "Age": "1 Day(s)",
      "Range": "yes"
    },
    {
      "Name": "ear anomalies [pits, creases]",
      "Age": "1 Day(s)",
      "Range": "yes"
    },
    {
      "Name": "early death",
      "Age": "1 Day(s)",
      "Range": "yes"
    },
    {
      "Name": "metabolic acidosis",
      "Age": "1 Day(s)",
      "Range": "yes"
    },
    {
      "Name": "shortened gestation time",
      "Age": "1 Day(s)",
      "Range": "yes"
    }
  ],
  "Diet/drugs": [],
  "Therapy/development": [
    {
      "Name": "APGAR (10 min)",
      "Age": "1 Day(s)",
      "Quantity": "7",
      "Type": "perinatal"
    },
    {
      "Name": "APGAR (5 min)",
      "Age": "1 Day(s)",
      "Quantity": "7",
      "Type": "perinatal"
    },
    {
      "Name": "head circumference at birth",
      "Age": "1 Day(s)",
      "Quantity": "28  cm",
      "Type": "perinatal"
    },
    {
      "Name": "length at birth",
      "Age": "1 Day(s)",
      "Quantity": "42  cm",
      "Type": "perinatal"
    },
    {
      "Name": "weight at birth",
      "Age": "1 Day(s)",
      "Quantity": "1.4  kg",
      "Type": "perinatal"
    }
  ]
}