{
  "MainData": {
    "Patient ID": "713",
    "Diagnosis": "TYROSINE TRANSAMINASE DEFICIENCY (MIM 276600)",
    "Gender": "f",
    "Age of symptoms onset": "18 Month(s)",
    "Age of diagnosis": "6 Year(s)",
    "Found in newborn screening": "n",
    "Diagnosis confirmed": "y",
    "Country": "Turkey",
    "Ethnic origin": "Mother: Turkish, Father: Turkish",
    "History": "The girl is sister of the boy with ID 714.The main complaint of her is painful palmo-plantar hyperkeratosis. the cutaneous lesions improved with low protein, low phenylalanine and low tyrosine diet.\n\nEur J Pediatr (2003), 162: 81-8312548382",
    "Author": "Published Cases",
    "Hospital": "Published Case",
    "Coauthor(s)": "Aydin OF, Zorlu P, Kunak B, Tezic T, Eken A",
    "Date of entry": "2003-02-12"
  },
  "Molecular genetics": {
    "Gene name": "",
    "Genotype": "",
    "Allele 1": {
      "Trivial name": "",
      "Systematic name": "",
      "Amino acid change": "",
      "Nucleotide change": "",
      "Exon/Intron Boundary/Promotor": ""
    },
    "Allele 2": {
      "Trivial name": "",
      "Systematic name": "",
      "Amino acid change": "",
      "Nucleotide change": "",
      "Exon/Intron Boundary/Promotor": ""
    }
  },
  "Lab findings": [
    {
      "Name": "Tyrosine",
      "Age": "6 Year(s)",
      "Specimen": "blood",
      "Quantity": "1500.6 micro-mol/l",
      "Quality": "Increased"
    },
    {
      "Name": "Tyrosine",
      "Age": "6.09 Year(s)",
      "Specimen": "blood",
      "Quantity": "37.7 micro-mol/l",
      "Quality": "Increased"
    }
  ],
  "Symptoms": [
    {
      "Name": "conjunctivitis",
      "Age": "6 Year(s)",
      "Range": "yes"
    },
    {
      "Name": "hyperkeratosis",
      "Age": "6 Year(s)",
      "Range": "yes"
    },
    {
      "Name": "hyperlacrimation",
      "Age": "6 Year(s)",
      "Range": "yes"
    },
    {
      "Name": "mental retardation",
      "Age": "6 Year(s)",
      "Range": "+"
    },
    {
      "Name": "photophobia or photosensitive defect in light-exposed area",
      "Age": "6 Year(s)",
      "Range": "yes"
    },
    {
      "Name": "seizures",
      "Age": "2 Year(s)",
      "Range": "yes"
    },
    {
      "Name": "seizures",
      "Age": "4 Year(s)",
      "Range": "yes"
    },
    {
      "Name": "seizures",
      "Age": "6 Year(s)",
      "Range": "yes"
    }
  ],
  "Diet/drugs": [
    {
      "Name": "phenylalanine",
      "Age": "1003.38 Year(s)",
      "Dosage": "",
      "Route": "oral"
    },
    {
      "Name": "protein (natural)",
      "Age": "1003.38 Year(s)",
      "Dosage": "",
      "Route": "oral"
    },
    {
      "Name": "tyrosine",
      "Age": "1003.38 Year(s)",
      "Dosage": "",
      "Route": "oral"
    }
  ],
  "Therapy/development": []
}