{
  "MainData": {
    "Patient ID": "714",
    "Diagnosis": "TYROSINE TRANSAMINASE DEFICIENCY (MIM 276600)",
    "Gender": "m",
    "Age of symptoms onset": "18 Month(s)",
    "Age of diagnosis": "3.43 Year(s)",
    "Found in newborn screening": "n",
    "Diagnosis confirmed": "y",
    "Country": "Turkey",
    "Ethnic origin": "Mother: Turkish, Father: Turkish",
    "History": "The boy is brother of the girl with ID 713.\nAdditional to palmo-plantar hyperkeratosis combined with painful fissuring the boy presents conjunctival injection, photophobia, lacrimation and conjunctivitis. The conjunctivitis disappeared after one month of treatment with low protein, low phenylalanine and low tyrosine diet.\n\nEur J Pediatr (2003) 162: 81-8312548382",
    "Author": "Published Cases",
    "Hospital": "Published Case",
    "Coauthor(s)": "Aydin OF, Zorlu P, Kunak B,  Tezic T, Eken A",
    "Date of entry": "2003-02-12"
  },
  "Molecular genetics": {
    "Gene name": "",
    "Genotype": "",
    "Allele 1": {
      "Trivial name": "",
      "Systematic name": "",
      "Amino acid change": "",
      "Nucleotide change": "",
      "Exon/Intron Boundary/Promotor": ""
    },
    "Allele 2": {
      "Trivial name": "",
      "Systematic name": "",
      "Amino acid change": "",
      "Nucleotide change": "",
      "Exon/Intron Boundary/Promotor": ""
    }
  },
  "Lab findings": [
    {
      "Name": "Tyrosine",
      "Age": "1003.38 Year(s)",
      "Specimen": "blood",
      "Quantity": "202.3 micro-mol/l",
      "Quality": "Increased"
    },
    {
      "Name": "Tyrosine",
      "Age": "1003.46 Year(s)",
      "Specimen": "blood",
      "Quantity": "65.6 micro-mol/l",
      "Quality": "Increased"
    }
  ],
  "Symptoms": [
    {
      "Name": "conjunctivitis",
      "Age": "3.41 Year(s)",
      "Range": "yes"
    },
    {
      "Name": "hyperkeratosis",
      "Age": "3.41 Year(s)",
      "Range": "yes"
    },
    {
      "Name": "hyperlacrimation",
      "Age": "3.41 Year(s)",
      "Range": "yes"
    },
    {
      "Name": "keratitis",
      "Age": "3.41 Year(s)",
      "Range": "yes"
    },
    {
      "Name": "mental retardation",
      "Age": "3.41 Year(s)",
      "Range": "+"
    },
    {
      "Name": "photophobia or photosensitive defect in light-exposed area",
      "Age": "3.41 Year(s)",
      "Range": "yes"
    },
    {
      "Name": "seizures",
      "Age": "3.41 Year(s)",
      "Range": "yes"
    }
  ],
  "Diet/drugs": [
    {
      "Name": "phenylalanine",
      "Age": "1003.38 Year(s)",
      "Dosage": "",
      "Route": "oral"
    },
    {
      "Name": "protein (natural)",
      "Age": "1003.38 Year(s)",
      "Dosage": "1.5 g/kg/day",
      "Route": "oral"
    },
    {
      "Name": "tyrosine",
      "Age": "1003.38 Year(s)",
      "Dosage": "",
      "Route": "oral"
    }
  ],
  "Therapy/development": [
    {
      "Name": "tyrosine-/phenylalanine-restricted diet",
      "Age": "3.41 Year(s)",
      "Quantity": "",
      "Type": ""
    }
  ]
}