{
  "MainData": {
    "Patient ID": "715",
    "Diagnosis": "PHENYLKETONURIA (MIM 261600)",
    "Gender": "f",
    "Age of symptoms onset": "0 Day(s)",
    "Age of diagnosis": "10 Day(s)",
    "Found in newborn screening": "y",
    "Diagnosis confirmed": "y",
    "Country": "Germany",
    "Ethnic origin": "Mother: Turkish, Father: Turkish",
    "History": "The patient was found in the newborn screening program with increased levels of phenylalanine. BH4 loading did not lead to significant decrease of phe-levels. Numerous infections during the first years of life lead to several hospitalizations. Later up, phe-restricted diet was not followed strictly, thus blood phe fluctuated intensely.\r\nIQ of 92 (07.2000). Sister of ID 976.\r\nAt the age of 13 years, BH4 loading test was repeated with sapropterin: Decrease of blood phe of >30%.",
    "Author": "Friedrich Trefz",
    "Hospital": "Childrens Hospital Reutlingen",
    "Coauthor(s)": "",
    "Date of entry": "2003-02-17"
  },
  "Molecular genetics": {
    "Gene name": "PAH gene",
    "Genotype": "p.R261Q/ p.R243L",
    "Allele 1": {
      "Trivial name": "p.R261Q",
      "Systematic name": "c.782G>A",
      "Amino acid change": "Arg>Gln",
      "Nucleotide change": "CGA>CAA",
      "Exon/Intron Boundary/Promotor": "7"
    },
    "Allele 2": {
      "Trivial name": "p.R243L",
      "Systematic name": "c.728G>T",
      "Amino acid change": "Arg>Leu",
      "Nucleotide change": "CGA>CTA",
      "Exon/Intron Boundary/Promotor": "7"
    }
  },
  "Lab findings": [
    {
      "Name": "Phenylalanine",
      "Age": "7 Day(s)",
      "Specimen": "blood",
      "Quantity": "1464 micro-mol/l",
      "Quality": "Increased"
    },
    {
      "Name": "Phenylalanine",
      "Age": "10 Day(s)",
      "Specimen": "blood",
      "Quantity": "1554 micro-mol/l",
      "Quality": "Increased"
    },
    {
      "Name": "Phenylalanine",
      "Age": "15 Day(s)",
      "Specimen": "blood",
      "Quantity": "240 micro-mol/l",
      "Quality": "Increased"
    },
    {
      "Name": "Phenylalanine",
      "Age": "19 Day(s)",
      "Specimen": "blood",
      "Quantity": "144 micro-mol/l",
      "Quality": "Normal"
    },
    {
      "Name": "Phenylalanine",
      "Age": "3.71 Week(s)",
      "Specimen": "blood",
      "Quantity": "104.4 micro-mol/l",
      "Quality": "Normal"
    },
    {
      "Name": "Phenylalanine",
      "Age": "4.86 Week(s)",
      "Specimen": "blood",
      "Quantity": "96 micro-mol/l",
      "Quality": "Normal"
    },
    {
      "Name": "Phenylalanine",
      "Age": "5 Week(s)",
      "Specimen": "blood",
      "Quantity": "96 micro-mol/l",
      "Quality": "Normal"
    },
    {
      "Name": "Phenylalanine",
      "Age": "5.86 Week(s)",
      "Specimen": "blood",
      "Quantity": "85.2 micro-mol/l",
      "Quality": "Normal"
    },
    {
      "Name": "Phenylalanine",
      "Age": "7.86 Week(s)",
      "Specimen": "blood",
      "Quantity": "96 micro-mol/l",
      "Quality": "Normal"
    },
    {
      "Name": "Phenylalanine",
      "Age": "2.14 Month(s)",
      "Specimen": "blood",
      "Quantity": "79.2 micro-mol/l",
      "Quality": "Normal"
    },
    {
      "Name": "Phenylalanine",
      "Age": "2.69 Month(s)",
      "Specimen": "blood",
      "Quantity": "882 micro-mol/l",
      "Quality": "Increased"
    },
    {
      "Name": "Phenylalanine",
      "Age": "2.92 Month(s)",
      "Specimen": "blood",
      "Quantity": "636 micro-mol/l",
      "Quality": "Increased"
    },
    {
      "Name": "Phenylalanine",
      "Age": "4.21 Month(s)",
      "Specimen": "blood",
      "Quantity": "714 micro-mol/l",
      "Quality": "Increased"
    },
    {
      "Name": "Phenylalanine",
      "Age": "4.34 Month(s)",
      "Specimen": "blood",
      "Quantity": "1188 micro-mol/l",
      "Quality": "Increased"
    },
    {
      "Name": "Phenylalanine",
      "Age": "5.23 Month(s)",
      "Specimen": "blood",
      "Quantity": "450 micro-mol/l",
      "Quality": "Increased"
    },
    {
      "Name": "Phenylalanine",
      "Age": "5.78 Month(s)",
      "Specimen": "blood",
      "Quantity": "594 micro-mol/l",
      "Quality": "Increased"
    },
    {
      "Name": "Phenylalanine",
      "Age": "6.61 Month(s)",
      "Specimen": "blood",
      "Quantity": "468 micro-mol/l",
      "Quality": "Increased"
    },
    {
      "Name": "Phenylalanine",
      "Age": "7.52 Month(s)",
      "Specimen": "blood",
      "Quantity": "156 micro-mol/l",
      "Quality": "Increased"
    },
    {
      "Name": "Phenylalanine",
      "Age": "8.31 Month(s)",
      "Specimen": "blood",
      "Quantity": "504 micro-mol/l",
      "Quality": "Increased"
    },
    {
      "Name": "Phenylalanine",
      "Age": "9.5 Month(s)",
      "Specimen": "blood",
      "Quantity": "144 micro-mol/l",
      "Quality": "Increased"
    },
    {
      "Name": "Phenylalanine",
      "Age": "10.58 Month(s)",
      "Specimen": "blood",
      "Quantity": "180 micro-mol/l",
      "Quality": "Increased"
    },
    {
      "Name": "Phenylalanine",
      "Age": "12.02 Month(s)",
      "Specimen": "blood",
      "Quantity": "222 micro-mol/l",
      "Quality": "Increased"
    },
    {
      "Name": "Phenylalanine",
      "Age": "12.48 Month(s)",
      "Specimen": "blood",
      "Quantity": "684 micro-mol/l",
      "Quality": "Increased"
    },
    {
      "Name": "Phenylalanine",
      "Age": "13.08 Month(s)",
      "Specimen": "blood",
      "Quantity": "540 micro-mol/l",
      "Quality": "Increased"
    },
    {
      "Name": "Phenylalanine",
      "Age": "15.24 Month(s)",
      "Specimen": "blood",
      "Quantity": "780 micro-mol/l",
      "Quality": "Increased"
    },
    {
      "Name": "Phenylalanine",
      "Age": "17.22 Month(s)",
      "Specimen": "blood",
      "Quantity": "900 micro-mol/l",
      "Quality": "Increased"
    },
    {
      "Name": "Phenylalanine",
      "Age": "18.79 Month(s)",
      "Specimen": "blood",
      "Quantity": "600 micro-mol/l",
      "Quality": "Increased"
    },
    {
      "Name": "Phenylalanine",
      "Age": "21 Month(s)",
      "Specimen": "blood",
      "Quantity": "324 micro-mol/l",
      "Quality": "Increased"
    },
    {
      "Name": "Phenylalanine",
      "Age": "22.37 Month(s)",
      "Specimen": "blood",
      "Quantity": "1224 micro-mol/l",
      "Quality": "Increased"
    },
    {
      "Name": "Phenylalanine",
      "Age": "23.16 Month(s)",
      "Specimen": "blood",
      "Quantity": "564 micro-mol/l",
      "Quality": "Increased"
    },
    {
      "Name": "Phenylalanine",
      "Age": "2.06 Year(s)",
      "Specimen": "blood",
      "Quantity": "312 micro-mol/l",
      "Quality": "Increased"
    },
    {
      "Name": "Phenylalanine",
      "Age": "2.13 Year(s)",
      "Specimen": "blood",
      "Quantity": "738 micro-mol/l",
      "Quality": "Increased"
    },
    {
      "Name": "Phenylalanine",
      "Age": "2.25 Year(s)",
      "Specimen": "blood",
      "Quantity": "181 micro-mol/l",
      "Quality": "Increased"
    },
    {
      "Name": "Phenylalanine",
      "Age": "2.32 Year(s)",
      "Specimen": "blood",
      "Quantity": "541 micro-mol/l",
      "Quality": "Increased"
    },
    {
      "Name": "Phenylalanine",
      "Age": "2.42 Year(s)",
      "Specimen": "blood",
      "Quantity": "183 micro-mol/l",
      "Quality": "Increased"
    },
    {
      "Name": "Phenylalanine",
      "Age": "2.52 Year(s)",
      "Specimen": "blood",
      "Quantity": "270 micro-mol/l",
      "Quality": "Increased"
    },
    {
      "Name": "Phenylalanine",
      "Age": "2.6 Year(s)",
      "Specimen": "blood",
      "Quantity": "1058 micro-mol/l",
      "Quality": "Increased"
    },
    {
      "Name": "Phenylalanine",
      "Age": "2.72 Year(s)",
      "Specimen": "blood",
      "Quantity": "498 micro-mol/l",
      "Quality": "Increased"
    },
    {
      "Name": "Phenylalanine",
      "Age": "2.8 Year(s)",
      "Specimen": "blood",
      "Quantity": "968 micro-mol/l",
      "Quality": "Increased"
    },
    {
      "Name": "Phenylalanine",
      "Age": "2.93 Year(s)",
      "Specimen": "blood",
      "Quantity": "299 micro-mol/l",
      "Quality": "Increased"
    },
    {
      "Name": "Phenylalanine",
      "Age": "3.04 Year(s)",
      "Specimen": "blood",
      "Quantity": "540 micro-mol/l",
      "Quality": "Increased"
    },
    {
      "Name": "Phenylalanine",
      "Age": "3.13 Year(s)",
      "Specimen": "blood",
      "Quantity": "388 micro-mol/l",
      "Quality": "Increased"
    },
    {
      "Name": "Phenylalanine",
      "Age": "3.28 Year(s)",
      "Specimen": "blood",
      "Quantity": "372 micro-mol/l",
      "Quality": "Increased"
    },
    {
      "Name": "Phenylalanine",
      "Age": "3.36 Year(s)",
      "Specimen": "blood",
      "Quantity": "220 micro-mol/l",
      "Quality": "Increased"
    },
    {
      "Name": "Phenylalanine",
      "Age": "3.47 Year(s)",
      "Specimen": "blood",
      "Quantity": "739 micro-mol/l",
      "Quality": "Increased"
    },
    {
      "Name": "Phenylalanine",
      "Age": "3.55 Year(s)",
      "Specimen": "blood",
      "Quantity": "382 micro-mol/l",
      "Quality": "Increased"
    },
    {
      "Name": "Phenylalanine",
      "Age": "3.68 Year(s)",
      "Specimen": "blood",
      "Quantity": "655 micro-mol/l",
      "Quality": "Increased"
    },
    {
      "Name": "Phenylalanine",
      "Age": "3.97 Year(s)",
      "Specimen": "blood",
      "Quantity": "207 micro-mol/l",
      "Quality": "Increased"
    },
    {
      "Name": "Phenylalanine",
      "Age": "4.18 Year(s)",
      "Specimen": "blood",
      "Quantity": "517 micro-mol/l",
      "Quality": "Increased"
    },
    {
      "Name": "Phenylalanine",
      "Age": "4.45 Year(s)",
      "Specimen": "blood",
      "Quantity": "300 micro-mol/l",
      "Quality": "Increased"
    },
    {
      "Name": "Phenylalanine",
      "Age": "4.62 Year(s)",
      "Specimen": "blood",
      "Quantity": "375 micro-mol/l",
      "Quality": "Increased"
    },
    {
      "Name": "Phenylalanine",
      "Age": "4.89 Year(s)",
      "Specimen": "blood",
      "Quantity": "523 micro-mol/l",
      "Quality": "Increased"
    },
    {
      "Name": "Phenylalanine",
      "Age": "5.12 Year(s)",
      "Specimen": "blood",
      "Quantity": "302 micro-mol/l",
      "Quality": "Increased"
    },
    {
      "Name": "Phenylalanine",
      "Age": "5.39 Year(s)",
      "Specimen": "blood",
      "Quantity": "327 micro-mol/l",
      "Quality": "Increased"
    },
    {
      "Name": "Phenylalanine",
      "Age": "5.66 Year(s)",
      "Specimen": "blood",
      "Quantity": "224 micro-mol/l",
      "Quality": "Increased"
    },
    {
      "Name": "Phenylalanine",
      "Age": "5.91 Year(s)",
      "Specimen": "blood",
      "Quantity": "846 micro-mol/l",
      "Quality": "Increased"
    },
    {
      "Name": "Phenylalanine",
      "Age": "6.1 Year(s)",
      "Specimen": "blood",
      "Quantity": "348 micro-mol/l",
      "Quality": "Increased"
    },
    {
      "Name": "Phenylalanine",
      "Age": "6.41 Year(s)",
      "Specimen": "blood",
      "Quantity": "849 micro-mol/l",
      "Quality": "Increased"
    },
    {
      "Name": "Phenylalanine",
      "Age": "6.62 Year(s)",
      "Specimen": "blood",
      "Quantity": "810 micro-mol/l",
      "Quality": "Increased"
    },
    {
      "Name": "Phenylalanine",
      "Age": "6.89 Year(s)",
      "Specimen": "blood",
      "Quantity": "602 micro-mol/l",
      "Quality": "Increased"
    },
    {
      "Name": "Phenylalanine",
      "Age": "7.13 Year(s)",
      "Specimen": "blood",
      "Quantity": "733 micro-mol/l",
      "Quality": "Increased"
    },
    {
      "Name": "Phenylalanine",
      "Age": "7.4 Year(s)",
      "Specimen": "blood",
      "Quantity": "421 micro-mol/l",
      "Quality": "Increased"
    },
    {
      "Name": "Phenylalanine",
      "Age": "7.63 Year(s)",
      "Specimen": "blood",
      "Quantity": "643 micro-mol/l",
      "Quality": "Increased"
    },
    {
      "Name": "Phenylalanine",
      "Age": "7.86 Year(s)",
      "Specimen": "blood",
      "Quantity": "627 micro-mol/l",
      "Quality": "Increased"
    },
    {
      "Name": "Phenylalanine",
      "Age": "8.13 Year(s)",
      "Specimen": "blood",
      "Quantity": "677 micro-mol/l",
      "Quality": "Increased"
    },
    {
      "Name": "Phenylalanine",
      "Age": "8.4 Year(s)",
      "Specimen": "blood",
      "Quantity": "863 micro-mol/l",
      "Quality": "Increased"
    },
    {
      "Name": "Phenylalanine",
      "Age": "8.63 Year(s)",
      "Specimen": "blood",
      "Quantity": "914 micro-mol/l",
      "Quality": "Increased"
    },
    {
      "Name": "Phenylalanine",
      "Age": "8.97 Year(s)",
      "Specimen": "blood",
      "Quantity": "974 micro-mol/l",
      "Quality": "Increased"
    },
    {
      "Name": "Phenylalanine",
      "Age": "9.36 Year(s)",
      "Specimen": "blood",
      "Quantity": "1239 micro-mol/l",
      "Quality": "Increased"
    },
    {
      "Name": "Phenylalanine",
      "Age": "9.47 Year(s)",
      "Specimen": "blood",
      "Quantity": "1001 micro-mol/l",
      "Quality": "Increased"
    },
    {
      "Name": "Phenylalanine",
      "Age": "9.76 Year(s)",
      "Specimen": "blood",
      "Quantity": "1196 micro-mol/l",
      "Quality": "Increased"
    },
    {
      "Name": "Phenylalanine",
      "Age": "9.91 Year(s)",
      "Specimen": "blood",
      "Quantity": "1026 micro-mol/l",
      "Quality": "Increased"
    },
    {
      "Name": "Phenylalanine",
      "Age": "10.14 Year(s)",
      "Specimen": "blood",
      "Quantity": "931 micro-mol/l",
      "Quality": "Increased"
    },
    {
      "Name": "Phenylalanine",
      "Age": "10.32 Year(s)",
      "Specimen": "blood",
      "Quantity": "1256 micro-mol/l",
      "Quality": "Increased"
    },
    {
      "Name": "Phenylalanine",
      "Age": "10.55 Year(s)",
      "Specimen": "blood",
      "Quantity": "1582 micro-mol/l",
      "Quality": "Increased"
    },
    {
      "Name": "Phenylalanine",
      "Age": "10.7 Year(s)",
      "Specimen": "blood",
      "Quantity": "1230 micro-mol/l",
      "Quality": "Increased"
    },
    {
      "Name": "Phenylalanine",
      "Age": "10.87 Year(s)",
      "Specimen": "blood",
      "Quantity": "1312 micro-mol/l",
      "Quality": "Increased"
    },
    {
      "Name": "Phenylalanine",
      "Age": "10.88 Year(s)",
      "Specimen": "blood",
      "Quantity": "769 micro-mol/l",
      "Quality": "Increased"
    },
    {
      "Name": "Phenylalanine",
      "Age": "10.89 Year(s)",
      "Specimen": "blood",
      "Quantity": "758 micro-mol/l",
      "Quality": "Increased"
    },
    {
      "Name": "Phenylalanine",
      "Age": "10.9 Year(s)",
      "Specimen": "blood",
      "Quantity": "773 micro-mol/l",
      "Quality": "Increased"
    },
    {
      "Name": "Phenylalanine",
      "Age": "10.92 Year(s)",
      "Specimen": "blood",
      "Quantity": "831 micro-mol/l",
      "Quality": "Increased"
    },
    {
      "Name": "Phenylalanine",
      "Age": "10.94 Year(s)",
      "Specimen": "blood",
      "Quantity": "468 micro-mol/l",
      "Quality": "Increased"
    },
    {
      "Name": "Phenylalanine",
      "Age": "11.1 Year(s)",
      "Specimen": "blood",
      "Quantity": "1050 micro-mol/l",
      "Quality": "Increased"
    },
    {
      "Name": "Phenylalanine",
      "Age": "11.33 Year(s)",
      "Specimen": "blood",
      "Quantity": "1497 micro-mol/l",
      "Quality": "Increased"
    },
    {
      "Name": "Phenylalanine",
      "Age": "11.37 Year(s)",
      "Specimen": "blood",
      "Quantity": "945 micro-mol/l",
      "Quality": "Increased"
    },
    {
      "Name": "Phenylalanine",
      "Age": "11.39 Year(s)",
      "Specimen": "blood",
      "Quantity": "1577 micro-mol/l",
      "Quality": "Increased"
    },
    {
      "Name": "Phenylalanine",
      "Age": "11.43 Year(s)",
      "Specimen": "blood",
      "Quantity": "1410 micro-mol/l",
      "Quality": "Increased"
    },
    {
      "Name": "Phenylalanine",
      "Age": "11.7 Year(s)",
      "Specimen": "blood",
      "Quantity": "1602 micro-mol/l",
      "Quality": "Increased"
    },
    {
      "Name": "Phenylalanine",
      "Age": "11.85 Year(s)",
      "Specimen": "blood",
      "Quantity": "1269 micro-mol/l",
      "Quality": "Increased"
    },
    {
      "Name": "Phenylalanine",
      "Age": "11.92 Year(s)",
      "Specimen": "blood",
      "Quantity": "1217 micro-mol/l",
      "Quality": "Increased"
    },
    {
      "Name": "Phenylalanine",
      "Age": "12 Year(s)",
      "Specimen": "blood",
      "Quantity": "1167 micro-mol/l",
      "Quality": "Increased"
    },
    {
      "Name": "Phenylalanine",
      "Age": "12.12 Year(s)",
      "Specimen": "blood",
      "Quantity": "1152 micro-mol/l",
      "Quality": "Increased"
    },
    {
      "Name": "Phenylalanine",
      "Age": "12.14 Year(s)",
      "Specimen": "blood",
      "Quantity": "1054 micro-mol/l",
      "Quality": "Increased"
    },
    {
      "Name": "Phenylalanine",
      "Age": "12.25 Year(s)",
      "Specimen": "blood",
      "Quantity": "831 micro-mol/l",
      "Quality": "Increased"
    },
    {
      "Name": "Phenylalanine",
      "Age": "12.46 Year(s)",
      "Specimen": "blood",
      "Quantity": "1182 micro-mol/l",
      "Quality": "Increased"
    },
    {
      "Name": "Phenylalanine",
      "Age": "12.67 Year(s)",
      "Specimen": "blood",
      "Quantity": "1148 micro-mol/l",
      "Quality": "Increased"
    },
    {
      "Name": "Phenylalanine",
      "Age": "12.78 Year(s)",
      "Specimen": "blood",
      "Quantity": "902 micro-mol/l",
      "Quality": "Increased"
    },
    {
      "Name": "Phenylalanine",
      "Age": "12.85 Year(s)",
      "Specimen": "blood",
      "Quantity": "1264 micro-mol/l",
      "Quality": "Increased"
    },
    {
      "Name": "Phenylalanine",
      "Age": "12.87 Year(s)",
      "Specimen": "blood",
      "Quantity": "838 micro-mol/l",
      "Quality": "Increased"
    },
    {
      "Name": "Phenylalanine",
      "Age": "13.53 Year(s)",
      "Specimen": "blood",
      "Quantity": "1415 micro-mol/l",
      "Quality": "Increased"
    },
    {
      "Name": "Phenylalanine",
      "Age": "13.57 Year(s)",
      "Specimen": "blood",
      "Quantity": "1201 micro-mol/l",
      "Quality": "Increased"
    },
    {
      "Name": "Phenylalanine",
      "Age": "13.6 Year(s)",
      "Specimen": "blood",
      "Quantity": "1145 micro-mol/l",
      "Quality": "Increased"
    },
    {
      "Name": "Phenylalanine",
      "Age": "13.64 Year(s)",
      "Specimen": "blood",
      "Quantity": "1053 micro-mol/l",
      "Quality": "Increased"
    },
    {
      "Name": "Phenylalanine",
      "Age": "13.72 Year(s)",
      "Specimen": "blood",
      "Quantity": "1125 micro-mol/l",
      "Quality": "Increased"
    },
    {
      "Name": "Phenylalanine",
      "Age": "13.76 Year(s)",
      "Specimen": "blood",
      "Quantity": "1222 micro-mol/l",
      "Quality": "Increased"
    },
    {
      "Name": "Phenylalanine",
      "Age": "13.83 Year(s)",
      "Specimen": "blood",
      "Quantity": "1340 micro-mol/l",
      "Quality": "Increased"
    },
    {
      "Name": "Phenylalanine",
      "Age": "13.91 Year(s)",
      "Specimen": "blood",
      "Quantity": "1024 micro-mol/l",
      "Quality": "Increased"
    },
    {
      "Name": "Phenylalanine",
      "Age": "13.95 Year(s)",
      "Specimen": "blood",
      "Quantity": "1055 micro-mol/l",
      "Quality": "Increased"
    },
    {
      "Name": "Phenylalanine",
      "Age": "14.41 Year(s)",
      "Specimen": "blood",
      "Quantity": "1178 micro-mol/l",
      "Quality": "Increased"
    },
    {
      "Name": "Phenylalanine",
      "Age": "14.64 Year(s)",
      "Specimen": "blood",
      "Quantity": "1149 micro-mol/l",
      "Quality": "Increased"
    },
    {
      "Name": "Phenylalanine",
      "Age": "14.89 Year(s)",
      "Specimen": "blood",
      "Quantity": "1324 micro-mol/l",
      "Quality": "Increased"
    },
    {
      "Name": "Phenylalanine",
      "Age": "15.14 Year(s)",
      "Specimen": "blood",
      "Quantity": "1180 micro-mol/l",
      "Quality": "Increased"
    },
    {
      "Name": "Phenylalanine",
      "Age": "15.4 Year(s)",
      "Specimen": "blood",
      "Quantity": "1188 micro-mol/l",
      "Quality": "Increased"
    },
    {
      "Name": "Phenylalanine",
      "Age": "15.64 Year(s)",
      "Specimen": "blood",
      "Quantity": "1176 micro-mol/l",
      "Quality": "Increased"
    },
    {
      "Name": "Phenylalanine",
      "Age": "15.89 Year(s)",
      "Specimen": "blood",
      "Quantity": "1020 micro-mol/l",
      "Quality": "Increased"
    },
    {
      "Name": "Phenylalanine",
      "Age": "16.14 Year(s)",
      "Specimen": "blood",
      "Quantity": "1509 micro-mol/l",
      "Quality": "Increased"
    },
    {
      "Name": "Phenylalanine",
      "Age": "16.83 Year(s)",
      "Specimen": "blood",
      "Quantity": "1651 micro-mol/l",
      "Quality": "Increased"
    },
    {
      "Name": "Phenylalanine",
      "Age": "16.88 Year(s)",
      "Specimen": "blood",
      "Quantity": "1198 micro-mol/l",
      "Quality": "Increased"
    },
    {
      "Name": "Tyrosine",
      "Age": "2.25 Year(s)",
      "Specimen": "blood",
      "Quantity": "114 micro-mol/l",
      "Quality": "Normal"
    },
    {
      "Name": "Tyrosine",
      "Age": "2.52 Year(s)",
      "Specimen": "blood",
      "Quantity": "55 micro-mol/l",
      "Quality": "Normal"
    },
    {
      "Name": "Tyrosine",
      "Age": "3.55 Year(s)",
      "Specimen": "blood",
      "Quantity": "37 micro-mol/l",
      "Quality": "Normal"
    },
    {
      "Name": "Tyrosine",
      "Age": "4.45 Year(s)",
      "Specimen": "blood",
      "Quantity": "101 micro-mol/l",
      "Quality": "Normal"
    },
    {
      "Name": "Tyrosine",
      "Age": "5.66 Year(s)",
      "Specimen": "blood",
      "Quantity": "59 micro-mol/l",
      "Quality": "Normal"
    },
    {
      "Name": "Tyrosine",
      "Age": "6.62 Year(s)",
      "Specimen": "blood",
      "Quantity": "100 micro-mol/l",
      "Quality": "Normal"
    },
    {
      "Name": "Tyrosine",
      "Age": "7.63 Year(s)",
      "Specimen": "blood",
      "Quantity": "33 micro-mol/l",
      "Quality": "Normal"
    },
    {
      "Name": "Tyrosine",
      "Age": "8.63 Year(s)",
      "Specimen": "blood",
      "Quantity": "91 micro-mol/l",
      "Quality": "Normal"
    },
    {
      "Name": "Tyrosine",
      "Age": "9.76 Year(s)",
      "Specimen": "blood",
      "Quantity": "66 micro-mol/l",
      "Quality": "Normal"
    },
    {
      "Name": "Tyrosine",
      "Age": "10.55 Year(s)",
      "Specimen": "blood",
      "Quantity": "161 micro-mol/l",
      "Quality": "Increased"
    },
    {
      "Name": "Tyrosine",
      "Age": "10.87 Year(s)",
      "Specimen": "blood",
      "Quantity": "118 micro-mol/l",
      "Quality": "Normal"
    },
    {
      "Name": "Tyrosine",
      "Age": "10.88 Year(s)",
      "Specimen": "blood",
      "Quantity": "122 micro-mol/l",
      "Quality": "Normal"
    },
    {
      "Name": "Tyrosine",
      "Age": "10.89 Year(s)",
      "Specimen": "blood",
      "Quantity": "112 micro-mol/l",
      "Quality": "Normal"
    },
    {
      "Name": "Tyrosine",
      "Age": "10.9 Year(s)",
      "Specimen": "blood",
      "Quantity": "87 micro-mol/l",
      "Quality": "Normal"
    },
    {
      "Name": "Tyrosine",
      "Age": "10.92 Year(s)",
      "Specimen": "blood",
      "Quantity": "62 micro-mol/l",
      "Quality": "Normal"
    },
    {
      "Name": "Tyrosine",
      "Age": "10.94 Year(s)",
      "Specimen": "blood",
      "Quantity": "83 micro-mol/l",
      "Quality": "Normal"
    },
    {
      "Name": "Tyrosine",
      "Age": "11.1 Year(s)",
      "Specimen": "blood",
      "Quantity": "86 micro-mol/l",
      "Quality": "Normal"
    },
    {
      "Name": "Tyrosine",
      "Age": "11.33 Year(s)",
      "Specimen": "blood",
      "Quantity": "96 micro-mol/l",
      "Quality": "Normal"
    },
    {
      "Name": "Tyrosine",
      "Age": "11.37 Year(s)",
      "Specimen": "blood",
      "Quantity": "113 micro-mol/l",
      "Quality": "Normal"
    },
    {
      "Name": "Tyrosine",
      "Age": "11.39 Year(s)",
      "Specimen": "blood",
      "Quantity": "184 micro-mol/l",
      "Quality": "Increased"
    },
    {
      "Name": "Tyrosine",
      "Age": "11.43 Year(s)",
      "Specimen": "blood",
      "Quantity": "117 micro-mol/l",
      "Quality": "Normal"
    },
    {
      "Name": "Tyrosine",
      "Age": "11.85 Year(s)",
      "Specimen": "blood",
      "Quantity": "112 micro-mol/l",
      "Quality": "Normal"
    },
    {
      "Name": "Tyrosine",
      "Age": "11.92 Year(s)",
      "Specimen": "blood",
      "Quantity": "141 micro-mol/l",
      "Quality": "Normal"
    },
    {
      "Name": "Tyrosine",
      "Age": "12 Year(s)",
      "Specimen": "blood",
      "Quantity": "171 micro-mol/l",
      "Quality": "Increased"
    },
    {
      "Name": "Tyrosine",
      "Age": "12.12 Year(s)",
      "Specimen": "blood",
      "Quantity": "149 micro-mol/l",
      "Quality": "Increased"
    },
    {
      "Name": "Tyrosine",
      "Age": "12.14 Year(s)",
      "Specimen": "blood",
      "Quantity": "206 micro-mol/l",
      "Quality": "Increased"
    },
    {
      "Name": "Tyrosine",
      "Age": "12.25 Year(s)",
      "Specimen": "blood",
      "Quantity": "125 micro-mol/l",
      "Quality": "Normal"
    },
    {
      "Name": "Tyrosine",
      "Age": "12.46 Year(s)",
      "Specimen": "blood",
      "Quantity": "176 micro-mol/l",
      "Quality": "Increased"
    },
    {
      "Name": "Tyrosine",
      "Age": "12.67 Year(s)",
      "Specimen": "blood",
      "Quantity": "112 micro-mol/l",
      "Quality": "Normal"
    },
    {
      "Name": "Tyrosine",
      "Age": "16.83 Year(s)",
      "Specimen": "blood",
      "Quantity": "73 micro-mol/l",
      "Quality": "Normal"
    }
  ],
  "Symptoms": [
    {
      "Name": "Fever",
      "Age": "2.47 Year(s)",
      "Range": "slight [37,5-38,5 degrees Celsius]"
    },
    {
      "Name": "Fever",
      "Age": "2.62 Year(s)",
      "Range": "slight [37,5-38,5 degrees Celsius]"
    },
    {
      "Name": "Hospitalization",
      "Age": "2.6 Month(s)",
      "Range": "yes"
    },
    {
      "Name": "Hospitalization",
      "Age": "2.62 Year(s)",
      "Range": "yes"
    },
    {
      "Name": "Hospitalization",
      "Age": "2.84 Year(s)",
      "Range": "yes"
    },
    {
      "Name": "Hospitalization",
      "Age": "3.93 Year(s)",
      "Range": "yes"
    },
    {
      "Name": "diarrhea",
      "Age": "2.6 Month(s)",
      "Range": "moderate"
    },
    {
      "Name": "diarrhea",
      "Age": "15.24 Month(s)",
      "Range": "moderate"
    },
    {
      "Name": "eczematoid skin rush",
      "Age": "2.47 Year(s)",
      "Range": "yes"
    },
    {
      "Name": "gastroenteritis",
      "Age": "2.6 Month(s)",
      "Range": "yes"
    },
    {
      "Name": "hypotonia",
      "Age": "7.29 Week(s)",
      "Range": "yes"
    },
    {
      "Name": "infections [local, abscesses]",
      "Age": "2.84 Year(s)",
      "Range": "yes"
    },
    {
      "Name": "infections [severe or recurrent]",
      "Age": "9.56 Month(s)",
      "Range": "yes"
    },
    {
      "Name": "infections [severe or recurrent]",
      "Age": "15.24 Month(s)",
      "Range": "yes"
    },
    {
      "Name": "infections [severe or recurrent]",
      "Age": "2.13 Year(s)",
      "Range": "yes"
    },
    {
      "Name": "infections [severe or recurrent]",
      "Age": "2.62 Year(s)",
      "Range": "yes"
    },
    {
      "Name": "obesity",
      "Age": "12.78 Year(s)",
      "Range": "yes"
    },
    {
      "Name": "polycystic ovaries",
      "Age": "16.47 Year(s)",
      "Range": "yes"
    },
    {
      "Name": "vomiting",
      "Age": "7.29 Week(s)",
      "Range": "moderate"
    },
    {
      "Name": "vomiting",
      "Age": "7.29 Week(s)",
      "Range": "moderate"
    }
  ],
  "Diet/drugs": [
    {
      "Name": "artificial protein intake (specific amino acid mixture)",
      "Age": "7.86 Week(s)",
      "Dosage": "6.5 g/day",
      "Route": "oral"
    },
    {
      "Name": "artificial protein intake (specific amino acid mixture)",
      "Age": "4.34 Month(s)",
      "Dosage": "8.3 g/day",
      "Route": "oral"
    },
    {
      "Name": "artificial protein intake (specific amino acid mixture)",
      "Age": "6.28 Month(s)",
      "Dosage": "9.9 g/day",
      "Route": "oral"
    },
    {
      "Name": "artificial protein intake (specific amino acid mixture)",
      "Age": "8.77 Month(s)",
      "Dosage": "12.1 g/day",
      "Route": "oral"
    },
    {
      "Name": "artificial protein intake (specific amino acid mixture)",
      "Age": "11.56 Month(s)",
      "Dosage": "10.5 g/day",
      "Route": "oral"
    },
    {
      "Name": "artificial protein intake (specific amino acid mixture)",
      "Age": "16.33 Month(s)",
      "Dosage": "8 g/day",
      "Route": "oral"
    },
    {
      "Name": "artificial protein intake (specific amino acid mixture)",
      "Age": "17.68 Month(s)",
      "Dosage": "16.7 g/day",
      "Route": "oral"
    },
    {
      "Name": "artificial protein intake (specific amino acid mixture)",
      "Age": "2.22 Year(s)",
      "Dosage": "16 g/day",
      "Route": "oral"
    },
    {
      "Name": "artificial protein intake (specific amino acid mixture)",
      "Age": "4.91 Year(s)",
      "Dosage": "22.1 g/day",
      "Route": "oral"
    },
    {
      "Name": "artificial protein intake (specific amino acid mixture)",
      "Age": "6.28 Year(s)",
      "Dosage": "22.7 g/day",
      "Route": "oral"
    },
    {
      "Name": "artificial protein intake (specific amino acid mixture)",
      "Age": "7.41 Year(s)",
      "Dosage": "26.7 g/day",
      "Route": "oral"
    },
    {
      "Name": "artificial protein intake (specific amino acid mixture)",
      "Age": "7.98 Year(s)",
      "Dosage": "26.7 g/day",
      "Route": "oral"
    },
    {
      "Name": "artificial protein intake (specific amino acid mixture)",
      "Age": "8.71 Year(s)",
      "Dosage": "26.7 g/day",
      "Route": "oral"
    },
    {
      "Name": "artificial protein intake (specific amino acid mixture)",
      "Age": "9.47 Year(s)",
      "Dosage": "28.1 g/day",
      "Route": "oral"
    },
    {
      "Name": "artificial protein intake (specific amino acid mixture)",
      "Age": "10.7 Year(s)",
      "Dosage": "26.8 g/day",
      "Route": "oral"
    },
    {
      "Name": "phenylalanine",
      "Age": "7.86 Week(s)",
      "Dosage": "240 mg/day",
      "Route": "oral"
    },
    {
      "Name": "phenylalanine",
      "Age": "2.6 Month(s)",
      "Dosage": "50 mg/kg/day",
      "Route": "oral"
    },
    {
      "Name": "phenylalanine",
      "Age": "4.34 Month(s)",
      "Dosage": "270 mg/day",
      "Route": "oral"
    },
    {
      "Name": "phenylalanine",
      "Age": "6.28 Month(s)",
      "Dosage": "220 mg/day",
      "Route": "oral"
    },
    {
      "Name": "phenylalanine",
      "Age": "8.77 Month(s)",
      "Dosage": "220 mg/day",
      "Route": "oral"
    },
    {
      "Name": "phenylalanine",
      "Age": "11.56 Month(s)",
      "Dosage": "220 mg/day",
      "Route": "oral"
    },
    {
      "Name": "phenylalanine",
      "Age": "16.33 Month(s)",
      "Dosage": "200 mg/day",
      "Route": "oral"
    },
    {
      "Name": "phenylalanine",
      "Age": "17.68 Month(s)",
      "Dosage": "173 mg/day",
      "Route": "oral"
    },
    {
      "Name": "phenylalanine",
      "Age": "2.22 Year(s)",
      "Dosage": "200 mg/day",
      "Route": "oral"
    },
    {
      "Name": "phenylalanine",
      "Age": "3.7 Year(s)",
      "Dosage": "220 mg/day",
      "Route": "oral"
    },
    {
      "Name": "phenylalanine",
      "Age": "4.91 Year(s)",
      "Dosage": "250 mg/day",
      "Route": "oral"
    },
    {
      "Name": "phenylalanine",
      "Age": "6.28 Year(s)",
      "Dosage": "250 mg/day",
      "Route": "oral"
    },
    {
      "Name": "phenylalanine",
      "Age": "7.41 Year(s)",
      "Dosage": "250 mg/day",
      "Route": "oral"
    },
    {
      "Name": "phenylalanine",
      "Age": "7.98 Year(s)",
      "Dosage": "250 mg/day",
      "Route": "oral"
    },
    {
      "Name": "phenylalanine",
      "Age": "8.71 Year(s)",
      "Dosage": "250 mg/day",
      "Route": "oral"
    },
    {
      "Name": "phenylalanine",
      "Age": "9.47 Year(s)",
      "Dosage": "250 mg/day",
      "Route": "oral"
    },
    {
      "Name": "protein (total)",
      "Age": "4.34 Month(s)",
      "Dosage": "14.9 g/day",
      "Route": "oral"
    },
    {
      "Name": "protein (total)",
      "Age": "6.28 Month(s)",
      "Dosage": "16 g/day",
      "Route": "oral"
    },
    {
      "Name": "protein (total)",
      "Age": "8.77 Month(s)",
      "Dosage": "16.4 g/day",
      "Route": "oral"
    },
    {
      "Name": "protein (total)",
      "Age": "11.56 Month(s)",
      "Dosage": "16 g/day",
      "Route": "oral"
    },
    {
      "Name": "protein (total)",
      "Age": "16.33 Month(s)",
      "Dosage": "13.6 g/day",
      "Route": "oral"
    },
    {
      "Name": "protein (total)",
      "Age": "17.68 Month(s)",
      "Dosage": "21.6 g/day",
      "Route": "oral"
    },
    {
      "Name": "protein (total)",
      "Age": "2.22 Year(s)",
      "Dosage": "22 g/day",
      "Route": "oral"
    },
    {
      "Name": "protein (total)",
      "Age": "3.7 Year(s)",
      "Dosage": "22 g/day",
      "Route": "oral"
    },
    {
      "Name": "protein (total)",
      "Age": "4.91 Year(s)",
      "Dosage": "30 g/day",
      "Route": "oral"
    },
    {
      "Name": "protein (total)",
      "Age": "6.28 Year(s)",
      "Dosage": "32 g/day",
      "Route": "oral"
    },
    {
      "Name": "protein (total)",
      "Age": "7.41 Year(s)",
      "Dosage": "34 g/day",
      "Route": "oral"
    },
    {
      "Name": "protein (total)",
      "Age": "9.47 Year(s)",
      "Dosage": "46 g/day",
      "Route": "oral"
    },
    {
      "Name": "tetrahydrobiopterin",
      "Age": "12.97 Year(s)",
      "Dosage": "20 mg/kg/day",
      "Route": "oral"
    }
  ],
  "Therapy/development": [
    {
      "Name": "head circumference",
      "Age": "7 Day(s)",
      "Quantity": "35  cm",
      "Type": "development"
    },
    {
      "Name": "head circumference",
      "Age": "7.86 Week(s)",
      "Quantity": "37.5  cm",
      "Type": "development"
    },
    {
      "Name": "head circumference",
      "Age": "2.22 Year(s)",
      "Quantity": "46  cm",
      "Type": "development"
    },
    {
      "Name": "head circumference",
      "Age": "2.62 Year(s)",
      "Quantity": "47  cm",
      "Type": "development"
    },
    {
      "Name": "length",
      "Age": "7 Day(s)",
      "Quantity": "51  cm",
      "Type": "development"
    },
    {
      "Name": "length",
      "Age": "7.86 Week(s)",
      "Quantity": "57  cm",
      "Type": "development"
    },
    {
      "Name": "length",
      "Age": "2.22 Year(s)",
      "Quantity": "88  cm",
      "Type": "development"
    },
    {
      "Name": "length",
      "Age": "2.62 Year(s)",
      "Quantity": "91  cm",
      "Type": "development"
    },
    {
      "Name": "length",
      "Age": "3.55 Year(s)",
      "Quantity": "98.5  cm",
      "Type": "development"
    },
    {
      "Name": "length",
      "Age": "3.93 Year(s)",
      "Quantity": "99  cm",
      "Type": "development"
    },
    {
      "Name": "length",
      "Age": "4.18 Year(s)",
      "Quantity": "102  cm",
      "Type": "development"
    },
    {
      "Name": "length",
      "Age": "4.89 Year(s)",
      "Quantity": "106.6  cm",
      "Type": "development"
    },
    {
      "Name": "length",
      "Age": "6.25 Year(s)",
      "Quantity": "114  cm",
      "Type": "development"
    },
    {
      "Name": "length",
      "Age": "6.67 Year(s)",
      "Quantity": "119  cm",
      "Type": "development"
    },
    {
      "Name": "length",
      "Age": "7.37 Year(s)",
      "Quantity": "120  cm",
      "Type": "development"
    },
    {
      "Name": "length",
      "Age": "7.98 Year(s)",
      "Quantity": "124  cm",
      "Type": "development"
    },
    {
      "Name": "length",
      "Age": "8.71 Year(s)",
      "Quantity": "127  cm",
      "Type": "development"
    },
    {
      "Name": "length",
      "Age": "9.47 Year(s)",
      "Quantity": "132  cm",
      "Type": "development"
    },
    {
      "Name": "length",
      "Age": "11.41 Year(s)",
      "Quantity": "143  cm",
      "Type": "development"
    },
    {
      "Name": "length",
      "Age": "12.78 Year(s)",
      "Quantity": "158.3  cm",
      "Type": "development"
    },
    {
      "Name": "length",
      "Age": "13.53 Year(s)",
      "Quantity": "161.9  cm",
      "Type": "development"
    },
    {
      "Name": "length",
      "Age": "14.41 Year(s)",
      "Quantity": "170  cm",
      "Type": "development"
    },
    {
      "Name": "length",
      "Age": "15.14 Year(s)",
      "Quantity": "174.4  cm",
      "Type": "development"
    },
    {
      "Name": "length",
      "Age": "15.64 Year(s)",
      "Quantity": "175.4  cm",
      "Type": "development"
    },
    {
      "Name": "length",
      "Age": "16.14 Year(s)",
      "Quantity": "175.4  cm",
      "Type": "development"
    },
    {
      "Name": "phenylalanine-restricted diet",
      "Age": "11 Day(s)",
      "Quantity": "",
      "Type": ""
    },
    {
      "Name": "weight",
      "Age": "7 Day(s)",
      "Quantity": "3.8  kg",
      "Type": "development"
    },
    {
      "Name": "weight",
      "Age": "5.14 Week(s)",
      "Quantity": "4.5  kg",
      "Type": "development"
    },
    {
      "Name": "weight",
      "Age": "7.86 Week(s)",
      "Quantity": "4.8  kg",
      "Type": "development"
    },
    {
      "Name": "weight",
      "Age": "5.23 Month(s)",
      "Quantity": "6.7  kg",
      "Type": "development"
    },
    {
      "Name": "weight",
      "Age": "9.04 Month(s)",
      "Quantity": "7.8  kg",
      "Type": "development"
    },
    {
      "Name": "weight",
      "Age": "13.31 Month(s)",
      "Quantity": "9.4  kg",
      "Type": "development"
    },
    {
      "Name": "weight",
      "Age": "15.24 Month(s)",
      "Quantity": "9.8  kg",
      "Type": "development"
    },
    {
      "Name": "weight",
      "Age": "21 Month(s)",
      "Quantity": "11.3  kg",
      "Type": "development"
    },
    {
      "Name": "weight",
      "Age": "2.13 Year(s)",
      "Quantity": "13  kg",
      "Type": "development"
    },
    {
      "Name": "weight",
      "Age": "2.22 Year(s)",
      "Quantity": "13.3  kg",
      "Type": "development"
    },
    {
      "Name": "weight",
      "Age": "2.42 Year(s)",
      "Quantity": "14.5  kg",
      "Type": "development"
    },
    {
      "Name": "weight",
      "Age": "2.62 Year(s)",
      "Quantity": "14.7  kg",
      "Type": "development"
    },
    {
      "Name": "weight",
      "Age": "2.86 Year(s)",
      "Quantity": "15.2  kg",
      "Type": "development"
    },
    {
      "Name": "weight",
      "Age": "3.55 Year(s)",
      "Quantity": "15.4  kg",
      "Type": "development"
    },
    {
      "Name": "weight",
      "Age": "3.93 Year(s)",
      "Quantity": "16  kg",
      "Type": "development"
    },
    {
      "Name": "weight",
      "Age": "4.18 Year(s)",
      "Quantity": "16.8  kg",
      "Type": "development"
    },
    {
      "Name": "weight",
      "Age": "4.89 Year(s)",
      "Quantity": "17.8  kg",
      "Type": "development"
    },
    {
      "Name": "weight",
      "Age": "6.25 Year(s)",
      "Quantity": "20.7  kg",
      "Type": "development"
    },
    {
      "Name": "weight",
      "Age": "6.67 Year(s)",
      "Quantity": "23.2  kg",
      "Type": "development"
    },
    {
      "Name": "weight",
      "Age": "7.37 Year(s)",
      "Quantity": "23.9  kg",
      "Type": "development"
    },
    {
      "Name": "weight",
      "Age": "7.98 Year(s)",
      "Quantity": "25.9  kg",
      "Type": "development"
    },
    {
      "Name": "weight",
      "Age": "8.71 Year(s)",
      "Quantity": "29.7  kg",
      "Type": "development"
    },
    {
      "Name": "weight",
      "Age": "9.47 Year(s)",
      "Quantity": "33  kg",
      "Type": "development"
    },
    {
      "Name": "weight",
      "Age": "11.41 Year(s)",
      "Quantity": "46  kg",
      "Type": "development"
    },
    {
      "Name": "weight",
      "Age": "11.7 Year(s)",
      "Quantity": "50  kg",
      "Type": "development"
    },
    {
      "Name": "weight",
      "Age": "12.78 Year(s)",
      "Quantity": "61.1  kg",
      "Type": "development"
    },
    {
      "Name": "weight",
      "Age": "12.85 Year(s)",
      "Quantity": "63.7  kg",
      "Type": "development"
    },
    {
      "Name": "weight",
      "Age": "13.53 Year(s)",
      "Quantity": "70.9  kg",
      "Type": "development"
    },
    {
      "Name": "weight",
      "Age": "13.69 Year(s)",
      "Quantity": "73.6  kg",
      "Type": "development"
    },
    {
      "Name": "weight",
      "Age": "13.95 Year(s)",
      "Quantity": "78.5  kg",
      "Type": "development"
    },
    {
      "Name": "weight",
      "Age": "14.41 Year(s)",
      "Quantity": "81  kg",
      "Type": "development"
    },
    {
      "Name": "weight",
      "Age": "15.14 Year(s)",
      "Quantity": "90.6  kg",
      "Type": "development"
    },
    {
      "Name": "weight",
      "Age": "15.64 Year(s)",
      "Quantity": "92  kg",
      "Type": "development"
    },
    {
      "Name": "weight",
      "Age": "16.14 Year(s)",
      "Quantity": "97.5  kg",
      "Type": "development"
    },
    {
      "Name": "weight",
      "Age": "16.64 Year(s)",
      "Quantity": "90.8  kg",
      "Type": "development"
    },
    {
      "Name": "weight",
      "Age": "16.83 Year(s)",
      "Quantity": "87.7  kg",
      "Type": "development"
    },
    {
      "Name": "weight at birth",
      "Age": "1 Day(s)",
      "Quantity": "4.1  kg",
      "Type": "perinatal"
    }
  ]
}