{
  "MainData": {
    "Patient ID": "723",
    "Diagnosis": "HYDROXYACYL-CoA DEHYDROGENASE/3-KETOACYL-CoA THIOLASE/ENOYL-CoA HYDRATASE,ALPHA SUBUNIT (MIM 600890)",
    "Gender": "m",
    "Age of symptoms onset": "10 Week(s)",
    "Age of diagnosis": "1 Day(s)",
    "Found in newborn screening": "n",
    "Diagnosis confirmed": "y",
    "Country": "Germany",
    "Ethnic origin": "Mother: Arabian, Father: Arabian",
    "History": "After the perinatal death of four children of a consanguineous Egyptian couple this patient was born after 36 weeks of gestation by caesarean section. Because of the family history the apparently healthy newborn was given i.v. glucose imediately following birth. \nHis further clinical course is given in this record.\nA sister born after this patient died with 12 hours also of MTP deficiency. \n\n\nEur J Pediatr (2003) 162: 90-9512548384",
    "Author": "Published Cases",
    "Hospital": "Published Case",
    "Coauthor(s)": "Schwab KO, Ensenauer R, Matern D, Uyanik G et al.",
    "Date of entry": "2003-04-08"
  },
  "Molecular genetics": {
    "Gene name": "",
    "Genotype": "",
    "Allele 1": {
      "Trivial name": "A326P",
      "Systematic name": "c.976G>C",
      "Amino acid change": "Ala>Pro",
      "Nucleotide change": "GC?>CC?",
      "Exon/Intron Boundary/Promotor": "11"
    },
    "Allele 2": {
      "Trivial name": "A326P",
      "Systematic name": "c.976G>C",
      "Amino acid change": "Ala>Pro",
      "Nucleotide change": "GC?>CC?-",
      "Exon/Intron Boundary/Promotor": "11"
    }
  },
  "Lab findings": [
    {
      "Name": "Carnitine, free",
      "Age": "8.57 Week(s)",
      "Specimen": "serum/plasma",
      "Quantity": "",
      "Quality": "Normal"
    },
    {
      "Name": "Creatinine kinase",
      "Age": "6.43 Week(s)",
      "Specimen": "serum/plasma",
      "Quantity": "3000 U/l",
      "Quality": "Increased"
    }
  ],
  "Symptoms": [
    {
      "Name": "death",
      "Age": "2.99 Month(s)",
      "Range": "yes"
    },
    {
      "Name": "hypotonia",
      "Age": "6.43 Week(s)",
      "Range": "yes"
    },
    {
      "Name": "infections [severe or recurrent]",
      "Age": "6.43 Week(s)",
      "Range": "yes"
    },
    {
      "Name": "metabolic acidosis",
      "Age": "6.43 Week(s)",
      "Range": "yes"
    },
    {
      "Name": "myopathy",
      "Age": "6.43 Week(s)",
      "Range": "yes"
    },
    {
      "Name": "no clinical signs or symptoms",
      "Age": "1 Day(s)",
      "Range": "yes"
    }
  ],
  "Diet/drugs": [
    {
      "Name": "L-carnitine",
      "Age": "4 Day(s)",
      "Dosage": "50 mg/kg/day",
      "Route": "oral"
    },
    {
      "Name": "artificial protein intake (specific amino acid mixture)",
      "Age": "4 Day(s)",
      "Dosage": "",
      "Route": "oral"
    }
  ],
  "Therapy/development": [
    {
      "Name": "head circumference",
      "Age": "1 Day(s)",
      "Quantity": "31.5  cm",
      "Type": "development"
    },
    {
      "Name": "high-carbohydrate diet",
      "Age": "4 Day(s)",
      "Quantity": "",
      "Type": ""
    },
    {
      "Name": "length",
      "Age": "1 Day(s)",
      "Quantity": "43  cm",
      "Type": "development"
    },
    {
      "Name": "low-fat diet",
      "Age": "4 Day(s)",
      "Quantity": "",
      "Type": ""
    },
    {
      "Name": "medium-chain triglycerides (MCT)",
      "Age": "4 Day(s)",
      "Quantity": "",
      "Type": ""
    },
    {
      "Name": "weight",
      "Age": "1 Day(s)",
      "Quantity": "2.1  kg",
      "Type": "development"
    }
  ]
}