{
  "MainData": {
    "Patient ID": "733",
    "Diagnosis": "CONGENITAL DISORDER OF GLYCOSYLATION, TYPE Ia (MIM 212065)",
    "Gender": "m",
    "Age of symptoms onset": "8 Month(s)",
    "Age of diagnosis": "9 Month(s)",
    "Found in newborn screening": "n",
    "Diagnosis confirmed": "y",
    "Country": "Spain",
    "Ethnic origin": "Mother: Caucasian, Father: Caucasian",
    "History": "At 8 months of age, the patient presented with psychomotor retardation,  abnormal fat distribution, inverted nipples, hepatic dysfunction, hypocholesterolaemia and hypoproteinaemia. \nActivity of phosphomannomutase in fibroblasts was undetactable. MRI revealed cerebellar vermis hypoplasia. Lysosmal enzymes in serum were  increased.\nThe patient has a younger sister, who suffers from CDG Ia, too.",
    "Author": "Published Cases",
    "Hospital": "Published Case",
    "Coauthor(s)": "",
    "Date of entry": "2003-04-18"
  },
  "Molecular genetics": {
    "Gene name": "CDG Ia",
    "Genotype": "PMM gene",
    "Allele 1": {
      "Trivial name": "R141H",
      "Systematic name": "c.423G>A",
      "Amino acid change": "Arg>His",
      "Nucleotide change": "CGC>CAC",
      "Exon/Intron Boundary/Promotor": ""
    },
    "Allele 2": {
      "Trivial name": "Y64C",
      "Systematic name": "c.192A>G",
      "Amino acid change": "Tyr>Cys",
      "Nucleotide change": "TAT>TGT",
      "Exon/Intron Boundary/Promotor": ""
    }
  },
  "Lab findings": [
    {
      "Name": "Cholesterol",
      "Age": "8.18 Month(s)",
      "Specimen": "serum/plasma",
      "Quantity": "",
      "Quality": "Decreased"
    },
    {
      "Name": "Protein, total",
      "Age": "8.18 Month(s)",
      "Specimen": "serum/plasma",
      "Quantity": "",
      "Quality": "Decreased"
    }
  ],
  "Symptoms": [
    {
      "Name": "cerebellar atrophy or hypoplasia",
      "Age": "8.18 Month(s)",
      "Range": "yes"
    },
    {
      "Name": "lipodystrophia",
      "Age": "8.18 Month(s)",
      "Range": "yes"
    },
    {
      "Name": "liver involvement [acute, chronic, hepatitis]",
      "Age": "8.18 Month(s)",
      "Range": "yes"
    },
    {
      "Name": "mental retardation",
      "Age": "8.18 Month(s)",
      "Range": "+"
    },
    {
      "Name": "motor retardation",
      "Age": "8.18 Month(s)",
      "Range": "yes"
    }
  ],
  "Diet/drugs": [],
  "Therapy/development": []
}