{
  "MainData": {
    "Patient ID": "743",
    "Diagnosis": "CONGENITAL DISORDER OF GLYCOSYLATION, TYPE Ia (MIM 212065)",
    "Gender": "f",
    "Age of symptoms onset": "5 Month(s)",
    "Age of diagnosis": "5.98 Month(s)",
    "Found in newborn screening": "n",
    "Diagnosis confirmed": "y",
    "Country": "Spain",
    "Ethnic origin": "Mother: Caucasian, Father: Caucasian",
    "History": "At the age of 5  months, the patient presented with feeding difficulties, failure to thrive, altered hepatic enzymes, hypotonia, deficient visual contact and inverted nipples. MRI revealed cerebellar vermis hypoplasia. Lysosomal enzymes in serum were increased. And decreased activity of phosphomannomutase in fibroblasts led to the diagnosis of CDG Ia.",
    "Author": "Published Cases",
    "Hospital": "Published Case",
    "Coauthor(s)": "",
    "Date of entry": "2003-04-22"
  },
  "Molecular genetics": {
    "Gene name": "CDG Ia",
    "Genotype": "PMM gene",
    "Allele 1": {
      "Trivial name": "I153T",
      "Systematic name": "c.459T>C",
      "Amino acid change": "Ile>Thr",
      "Nucleotide change": "ATT>ACT",
      "Exon/Intron Boundary/Promotor": ""
    },
    "Allele 2": {
      "Trivial name": "R123X",
      "Systematic name": "",
      "Amino acid change": "",
      "Nucleotide change": "",
      "Exon/Intron Boundary/Promotor": ""
    }
  },
  "Lab findings": [
    {
      "Name": "Phosphomannomutase",
      "Age": "5.78 Month(s)",
      "Specimen": "fibroblasts",
      "Quantity": "8.5 % activity",
      "Quality": "Decreased"
    }
  ],
  "Symptoms": [
    {
      "Name": "cerebellar atrophy or hypoplasia",
      "Age": "4.99 Month(s)",
      "Range": "yes"
    },
    {
      "Name": "failure to thrive",
      "Age": "4.99 Month(s)",
      "Range": "moderate"
    },
    {
      "Name": "feeding difficulties, poor feeding",
      "Age": "4.99 Month(s)",
      "Range": "moderate"
    },
    {
      "Name": "transaminases",
      "Age": "4.99 Month(s)",
      "Range": "yes"
    }
  ],
  "Diet/drugs": [],
  "Therapy/development": []
}