{
  "MainData": {
    "Patient ID": "744",
    "Diagnosis": "CONGENITAL DISORDER OF GLYCOSYLATION, TYPE Ia (MIM 212065)",
    "Gender": "m",
    "Age of symptoms onset": "12 Day(s)",
    "Age of diagnosis": "4.43 Week(s)",
    "Found in newborn screening": "n",
    "Diagnosis confirmed": "y",
    "Country": "Spain",
    "Ethnic origin": "Mother: Caucasian, Father: Caucasian",
    "History": "At the age of 12 days, the patient presented with neonatal hepatopathy, severe encephalopathy and dysmorphic features. MRI revealed olivopontocerebellar hypoplasia. Lysosomal enzymes in serum were increased. Decreased activity of phosphomannomutase in fibroblasts led to the diagnosis of CDG Ia.\nThe patient died at 13 years of age.",
    "Author": "Published Cases",
    "Hospital": "Published Case",
    "Coauthor(s)": "",
    "Date of entry": "2003-04-22"
  },
  "Molecular genetics": {
    "Gene name": "CDG Ia",
    "Genotype": "PMM gene",
    "Allele 1": {
      "Trivial name": "Y76C",
      "Systematic name": "c.228A>G",
      "Amino acid change": "Tyr>Cys",
      "Nucleotide change": "TAT>TGT",
      "Exon/Intron Boundary/Promotor": ""
    },
    "Allele 2": {
      "Trivial name": "F207S",
      "Systematic name": "c.621T>C",
      "Amino acid change": "Phe>Ser",
      "Nucleotide change": "TTT>TCT",
      "Exon/Intron Boundary/Promotor": ""
    }
  },
  "Lab findings": [
    {
      "Name": "Phosphomannomutase",
      "Age": "19 Day(s)",
      "Specimen": "fibroblasts",
      "Quantity": "44 % activity",
      "Quality": "Decreased"
    }
  ],
  "Symptoms": [
    {
      "Name": "cerebellar atrophy or hypoplasia",
      "Age": "12 Day(s)",
      "Range": "yes"
    },
    {
      "Name": "death",
      "Age": "13 Year(s)",
      "Range": "yes"
    },
    {
      "Name": "dysmorphism",
      "Age": "12 Day(s)",
      "Range": "yes"
    },
    {
      "Name": "encephalopathy",
      "Age": "12 Day(s)",
      "Range": "yes"
    },
    {
      "Name": "liver involvement [acute, chronic, hepatitis]",
      "Age": "12 Day(s)",
      "Range": "yes"
    }
  ],
  "Diet/drugs": [],
  "Therapy/development": []
}