{
  "MainData": {
    "Patient ID": "745",
    "Diagnosis": "CONGENITAL DISORDER OF GLYCOSYLATION, TYPE Ia (MIM 212065)",
    "Gender": "f",
    "Age of symptoms onset": "2 Year(s)",
    "Age of diagnosis": "2.09 Year(s)",
    "Found in newborn screening": "n",
    "Diagnosis confirmed": "y",
    "Country": "Spain",
    "Ethnic origin": "Mother: Caucasian, Father: Caucasian",
    "History": "At the age of 2 years, the patient presented neuropathy. MRI revealed cerebellar hypoplasia. Clotting factors were normal. Activity of phosphomannomutase in fibroblasts was undetectable. The patient has an older sister(ID 746) who suffers from CDG Ia, too.",
    "Author": "Published Cases",
    "Hospital": "Published Case",
    "Coauthor(s)": "",
    "Date of entry": "2003-04-22"
  },
  "Molecular genetics": {
    "Gene name": "CDG Ia",
    "Genotype": "PMM gene",
    "Allele 1": {
      "Trivial name": "R141H",
      "Systematic name": "c.423G>A",
      "Amino acid change": "Arg>His",
      "Nucleotide change": "CGT>CAT",
      "Exon/Intron Boundary/Promotor": ""
    },
    "Allele 2": {
      "Trivial name": "T237M",
      "Systematic name": "c.711C>T",
      "Amino acid change": "Thr>Met",
      "Nucleotide change": "ACG>ATG",
      "Exon/Intron Boundary/Promotor": ""
    }
  },
  "Lab findings": [],
  "Symptoms": [
    {
      "Name": "cerebellar atrophy or hypoplasia",
      "Age": "2 Year(s)",
      "Range": "yes"
    },
    {
      "Name": "thromboembolism",
      "Age": "2 Year(s)",
      "Range": "no"
    }
  ],
  "Diet/drugs": [],
  "Therapy/development": []
}