{
  "MainData": {
    "Patient ID": "748",
    "Diagnosis": "CONGENITAL DISORDER OF GLYCOSYLATION, TYPE Ia (MIM 212065)",
    "Gender": "f",
    "Age of symptoms onset": "12 Month(s)",
    "Age of diagnosis": "13.67 Month(s)",
    "Found in newborn screening": "n",
    "Diagnosis confirmed": "y",
    "Country": "Spain",
    "Ethnic origin": "Mother: Caucasian, Father: Caucasian",
    "History": "At 12 months of age, the patient presented with psychomotor retardation, hypotonia, truncal ataxia, ophthalmoplegia, cerebellar syndrome, axonal peripheral neuropathy, retinitis pigmentosa and altered VEP.The patient was unable to walk. She showed no hepatopathy and normal coagulation factors. \nThe activity of phosphomannomutase in fibroblasts was undetectable.",
    "Author": "Published Cases",
    "Hospital": "Published Case",
    "Coauthor(s)": "",
    "Date of entry": "2003-04-23"
  },
  "Molecular genetics": {
    "Gene name": "CDG Ia",
    "Genotype": "PMM gene",
    "Allele 1": {
      "Trivial name": "R141H",
      "Systematic name": "c.423G>A",
      "Amino acid change": "Arg>His",
      "Nucleotide change": "CGC>CAC",
      "Exon/Intron Boundary/Promotor": ""
    },
    "Allele 2": {
      "Trivial name": "P113L",
      "Systematic name": "c.339C>T",
      "Amino acid change": "Pro>Leu",
      "Nucleotide change": "CCT>CTT",
      "Exon/Intron Boundary/Promotor": ""
    }
  },
  "Lab findings": [
    {
      "Name": "Coagulation factors",
      "Age": "12.02 Month(s)",
      "Specimen": "serum/plasma",
      "Quantity": "",
      "Quality": "Normal"
    }
  ],
  "Symptoms": [
    {
      "Name": "VEP [visual evoked potentials], abnormal",
      "Age": "12.02 Month(s)",
      "Range": "yes"
    },
    {
      "Name": "ataxia",
      "Age": "12.02 Month(s)",
      "Range": "yes"
    },
    {
      "Name": "cerebellar atrophy or hypoplasia",
      "Age": "12.02 Month(s)",
      "Range": "yes"
    },
    {
      "Name": "hypotonia",
      "Age": "12.02 Month(s)",
      "Range": "yes"
    },
    {
      "Name": "liver involvement [acute, chronic, hepatitis]",
      "Age": "12.02 Month(s)",
      "Range": "no"
    },
    {
      "Name": "mental retardation",
      "Age": "12.02 Month(s)",
      "Range": "++"
    },
    {
      "Name": "motor retardation",
      "Age": "12.02 Month(s)",
      "Range": "yes"
    },
    {
      "Name": "ophthalmoplegia",
      "Age": "12.02 Month(s)",
      "Range": "yes"
    },
    {
      "Name": "retinitis pigmentosa",
      "Age": "12.02 Month(s)",
      "Range": "yes"
    },
    {
      "Name": "thromboembolism",
      "Age": "12.02 Month(s)",
      "Range": "no"
    }
  ],
  "Diet/drugs": [],
  "Therapy/development": []
}