{
  "MainData": {
    "Patient ID": "755",
    "Diagnosis": "CONGENITAL DISORDER OF GLYCOSYLATION, TYPE Ia (MIM 212065)",
    "Gender": "m",
    "Age of symptoms onset": "15 Month(s)",
    "Age of diagnosis": "15.61 Month(s)",
    "Found in newborn screening": "n",
    "Diagnosis confirmed": "y",
    "Country": "Spain",
    "Ethnic origin": "Mother: Caucasian, Father: Caucasian",
    "History": "At 15 months of age, the patient presented with dysmorphic features, mental retardation, ataxia, hypotonus and strabismus. MRI revealed cerebellar hypoplasia.\nDecreased activity of phosphomannomutase in fibroblasts and leukocytes led to the diagnosis of CDG Ia.\nThe patient is the younger brother of the patient with the ID 756, who suffers from CDG Ia, too.",
    "Author": "Published Cases",
    "Hospital": "Published Case",
    "Coauthor(s)": "",
    "Date of entry": "2003-04-23"
  },
  "Molecular genetics": {
    "Gene name": "CDG Ia",
    "Genotype": "PMM gene",
    "Allele 1": {
      "Trivial name": "R123Q",
      "Systematic name": "c.369G>A",
      "Amino acid change": "Arg>Gln",
      "Nucleotide change": "CGA>CAA",
      "Exon/Intron Boundary/Promotor": ""
    },
    "Allele 2": {
      "Trivial name": "T226S",
      "Systematic name": "c.678C>G",
      "Amino acid change": "Thr>Ser",
      "Nucleotide change": "ACT>AGT",
      "Exon/Intron Boundary/Promotor": ""
    }
  },
  "Lab findings": [
    {
      "Name": "Phosphomannomutase",
      "Age": "15.28 Month(s)",
      "Specimen": "leucocytes",
      "Quantity": "13 % activity",
      "Quality": "Decreased"
    },
    {
      "Name": "Phosphomannomutase",
      "Age": "15.28 Month(s)",
      "Specimen": "fibroblasts",
      "Quantity": "62 % activity",
      "Quality": "Decreased"
    }
  ],
  "Symptoms": [
    {
      "Name": "ataxia",
      "Age": "14.98 Month(s)",
      "Range": "yes"
    },
    {
      "Name": "cerebellar atrophy or hypoplasia",
      "Age": "14.98 Month(s)",
      "Range": "yes"
    },
    {
      "Name": "dysmorphism",
      "Age": "14.98 Month(s)",
      "Range": "yes"
    },
    {
      "Name": "hypotonia",
      "Age": "14.98 Month(s)",
      "Range": "yes"
    },
    {
      "Name": "mental retardation",
      "Age": "14.98 Month(s)",
      "Range": "++"
    },
    {
      "Name": "strabismus",
      "Age": "14.98 Month(s)",
      "Range": "yes"
    }
  ],
  "Diet/drugs": [],
  "Therapy/development": []
}