{
  "MainData": {
    "Patient ID": "762",
    "Diagnosis": "ARGININOSUCCINIC ACIDURIA (MIM 207900)",
    "Gender": "f",
    "Age of symptoms onset": "2 Day(s)",
    "Age of diagnosis": "3 Day(s)",
    "Found in newborn screening": "y",
    "Diagnosis confirmed": "n",
    "Country": "Germany",
    "Ethnic origin": "Mother: German, Father: German",
    "History": "The 4th day of life, the patient was hospitalized with coma and highly increased ammonia levels. In the extended newborn screening program, elevated levels of citrulline and decreased arginine-levels were found.\nPsychomotor development is normal. Constant hepatopathy with hepatomegaly and increased transaminases and alkaline phosphatase.",
    "Author": "Friedrich Trefz",
    "Hospital": "Childrens Hospital Reutlingen",
    "Coauthor(s)": "",
    "Date of entry": "2003-05-07"
  },
  "Molecular genetics": {
    "Gene name": "",
    "Genotype": "",
    "Allele 1": {
      "Trivial name": "",
      "Systematic name": "",
      "Amino acid change": "",
      "Nucleotide change": "",
      "Exon/Intron Boundary/Promotor": ""
    },
    "Allele 2": {
      "Trivial name": "",
      "Systematic name": "",
      "Amino acid change": "",
      "Nucleotide change": "",
      "Exon/Intron Boundary/Promotor": ""
    }
  },
  "Lab findings": [
    {
      "Name": "ALAT (GPT)",
      "Age": "4.07 Month(s)",
      "Specimen": "serum/plasma",
      "Quantity": "428 U/l",
      "Quality": "Increased"
    },
    {
      "Name": "ALAT (GPT)",
      "Age": "5.88 Month(s)",
      "Specimen": "serum/plasma",
      "Quantity": "411 U/l",
      "Quality": "Increased"
    },
    {
      "Name": "ALAT (GPT)",
      "Age": "17.61 Month(s)",
      "Specimen": "serum/plasma",
      "Quantity": "942 U/l",
      "Quality": "Increased"
    },
    {
      "Name": "ALAT (GPT)",
      "Age": "2.19 Year(s)",
      "Specimen": "serum/plasma",
      "Quantity": "1160 U/l",
      "Quality": "Increased"
    },
    {
      "Name": "Ammonia",
      "Age": "3 Day(s)",
      "Specimen": "serum/plasma",
      "Quantity": "653 micro-mol/l",
      "Quality": "Increased"
    },
    {
      "Name": "Ammonia",
      "Age": "4 Day(s)",
      "Specimen": "serum/plasma",
      "Quantity": "569 micro-mol/l",
      "Quality": "Increased"
    },
    {
      "Name": "Ammonia",
      "Age": "4 Day(s)",
      "Specimen": "serum/plasma",
      "Quantity": "166 micro-mol/l",
      "Quality": "Increased"
    },
    {
      "Name": "Ammonia",
      "Age": "9 Day(s)",
      "Specimen": "serum/plasma",
      "Quantity": "49 micro-mol/l",
      "Quality": "Normal"
    },
    {
      "Name": "Ammonia",
      "Age": "14 Day(s)",
      "Specimen": "serum/plasma",
      "Quantity": "25 micro-mol/l",
      "Quality": "Normal"
    },
    {
      "Name": "Ammonia",
      "Age": "3.86 Week(s)",
      "Specimen": "serum/plasma",
      "Quantity": "42 micro-mol/l",
      "Quality": "Normal"
    },
    {
      "Name": "Ammonia",
      "Age": "4.86 Week(s)",
      "Specimen": "serum/plasma",
      "Quantity": "25 micro-mol/l",
      "Quality": "Normal"
    },
    {
      "Name": "Ammonia",
      "Age": "6 Week(s)",
      "Specimen": "serum/plasma",
      "Quantity": "25 micro-mol/l",
      "Quality": "Normal"
    },
    {
      "Name": "Ammonia",
      "Age": "4.07 Month(s)",
      "Specimen": "serum/plasma",
      "Quantity": "24 micro-mol/l",
      "Quality": "Normal"
    },
    {
      "Name": "Ammonia",
      "Age": "5.88 Month(s)",
      "Specimen": "serum/plasma",
      "Quantity": "18 micro-mol/l",
      "Quality": "Normal"
    },
    {
      "Name": "Ammonia",
      "Age": "17.61 Month(s)",
      "Specimen": "serum/plasma",
      "Quantity": "66 micro-mol/l",
      "Quality": "Increased"
    },
    {
      "Name": "Ammonia",
      "Age": "2.19 Year(s)",
      "Specimen": "serum/plasma",
      "Quantity": "148 micro-mol/l",
      "Quality": "Increased"
    },
    {
      "Name": "Ammonia",
      "Age": "2.2 Year(s)",
      "Specimen": "serum/plasma",
      "Quantity": "101 micro-mol/l",
      "Quality": "Increased"
    },
    {
      "Name": "Ammonia",
      "Age": "5.37 Year(s)",
      "Specimen": "serum/plasma",
      "Quantity": "74 micro-mol/l",
      "Quality": "Increased"
    },
    {
      "Name": "Ammonia",
      "Age": "5.39 Year(s)",
      "Specimen": "serum/plasma",
      "Quantity": "90 micro-mol/l",
      "Quality": "Increased"
    },
    {
      "Name": "Ammonia",
      "Age": "6.57 Year(s)",
      "Specimen": "serum/plasma",
      "Quantity": "110 micro-mol/l",
      "Quality": "Increased"
    },
    {
      "Name": "Arginine",
      "Age": "5.88 Month(s)",
      "Specimen": "serum/plasma",
      "Quantity": "202 micro-mol/l",
      "Quality": "Increased"
    },
    {
      "Name": "Arginine",
      "Age": "13.27 Month(s)",
      "Specimen": "serum/plasma",
      "Quantity": "142 micro-mol/l",
      "Quality": "Increased"
    },
    {
      "Name": "Arginine",
      "Age": "17.61 Month(s)",
      "Specimen": "serum/plasma",
      "Quantity": "125 micro-mol/l",
      "Quality": "Normal"
    },
    {
      "Name": "Arginine",
      "Age": "2.19 Year(s)",
      "Specimen": "serum/plasma",
      "Quantity": "120 micro-mol/l",
      "Quality": "Normal"
    },
    {
      "Name": "Arginine",
      "Age": "4.05 Year(s)",
      "Specimen": "serum/plasma",
      "Quantity": "50 micro-mol/l",
      "Quality": "Normal"
    },
    {
      "Name": "Arginine",
      "Age": "5.34 Year(s)",
      "Specimen": "serum/plasma",
      "Quantity": "63 micro-mol/l",
      "Quality": "Normal"
    },
    {
      "Name": "Argininosuccinate",
      "Age": "4 Day(s)",
      "Specimen": "serum/plasma",
      "Quantity": "484 micro-mol/l",
      "Quality": "Increased"
    },
    {
      "Name": "Argininosuccinate",
      "Age": "14 Day(s)",
      "Specimen": "serum/plasma",
      "Quantity": "335 micro-mol/l",
      "Quality": "Increased"
    },
    {
      "Name": "Argininosuccinate",
      "Age": "4.11 Month(s)",
      "Specimen": "urine",
      "Quantity": "",
      "Quality": "Increased"
    },
    {
      "Name": "ASAT (GOT)",
      "Age": "4.07 Month(s)",
      "Specimen": "serum/plasma",
      "Quantity": "153 U/l",
      "Quality": "Increased"
    },
    {
      "Name": "ASAT (GOT)",
      "Age": "5.88 Month(s)",
      "Specimen": "serum/plasma",
      "Quantity": "157 U/l",
      "Quality": "Increased"
    },
    {
      "Name": "ASAT (GOT)",
      "Age": "17.61 Month(s)",
      "Specimen": "serum/plasma",
      "Quantity": "493 U/l",
      "Quality": "Increased"
    },
    {
      "Name": "ASAT (GOT)",
      "Age": "2.19 Year(s)",
      "Specimen": "serum/plasma",
      "Quantity": "434 U/l",
      "Quality": "Increased"
    },
    {
      "Name": "Carnitine, free",
      "Age": "17.61 Month(s)",
      "Specimen": "blood",
      "Quantity": "39 micro-mol/l",
      "Quality": "Normal"
    },
    {
      "Name": "Citrulline",
      "Age": "4 Day(s)",
      "Specimen": "serum/plasma",
      "Quantity": "244 micro-mol/l",
      "Quality": "Increased"
    },
    {
      "Name": "Citrulline",
      "Age": "14 Day(s)",
      "Specimen": "serum/plasma",
      "Quantity": "93 micro-mol/l",
      "Quality": "Increased"
    },
    {
      "Name": "Citrulline",
      "Age": "4.11 Month(s)",
      "Specimen": "urine",
      "Quantity": "66 mmol/mol Crea",
      "Quality": "Increased"
    },
    {
      "Name": "Citrulline",
      "Age": "5.88 Month(s)",
      "Specimen": "serum/plasma",
      "Quantity": "428 micro-mol/l",
      "Quality": "Increased"
    },
    {
      "Name": "Citrulline",
      "Age": "13.27 Month(s)",
      "Specimen": "serum/plasma",
      "Quantity": "332 micro-mol/l",
      "Quality": "Increased"
    },
    {
      "Name": "Citrulline",
      "Age": "17.61 Month(s)",
      "Specimen": "serum/plasma",
      "Quantity": "232 micro-mol/l",
      "Quality": "Increased"
    },
    {
      "Name": "Citrulline",
      "Age": "2.19 Year(s)",
      "Specimen": "serum/plasma",
      "Quantity": "140 micro-mol/l",
      "Quality": "Increased"
    },
    {
      "Name": "Citrulline",
      "Age": "4.05 Year(s)",
      "Specimen": "serum/plasma",
      "Quantity": "113 micro-mol/l",
      "Quality": "Increased"
    },
    {
      "Name": "Citrulline",
      "Age": "4.38 Year(s)",
      "Specimen": "serum/plasma",
      "Quantity": "126 micro-mol/l",
      "Quality": "Increased"
    },
    {
      "Name": "Citrulline",
      "Age": "5.34 Year(s)",
      "Specimen": "serum/plasma",
      "Quantity": "223 micro-mol/l",
      "Quality": "Increased"
    },
    {
      "Name": "Citrulline",
      "Age": "6.34 Year(s)",
      "Specimen": "serum/plasma",
      "Quantity": "65 micro-mol/l",
      "Quality": "Increased"
    },
    {
      "Name": "Citrulline",
      "Age": "6.55 Year(s)",
      "Specimen": "serum/plasma",
      "Quantity": "164 micro-mol/l",
      "Quality": "Increased"
    },
    {
      "Name": "Citrulline",
      "Age": "6.66 Year(s)",
      "Specimen": "serum/plasma",
      "Quantity": "257 micro-mol/l",
      "Quality": "Increased"
    },
    {
      "Name": "gamma-Glutamyl transpeptidase",
      "Age": "4.07 Month(s)",
      "Specimen": "serum/plasma",
      "Quantity": "62 U/l",
      "Quality": "Normal"
    },
    {
      "Name": "gamma-Glutamyl transpeptidase",
      "Age": "17.61 Month(s)",
      "Specimen": "serum/plasma",
      "Quantity": "48 U/l",
      "Quality": "Increased"
    },
    {
      "Name": "Isoleucine",
      "Age": "5.88 Month(s)",
      "Specimen": "serum/plasma",
      "Quantity": "470 micro-mol/l",
      "Quality": "Increased"
    },
    {
      "Name": "Isoleucine",
      "Age": "13.27 Month(s)",
      "Specimen": "serum/plasma",
      "Quantity": "390 micro-mol/l",
      "Quality": "Increased"
    },
    {
      "Name": "Isoleucine",
      "Age": "17.61 Month(s)",
      "Specimen": "serum/plasma",
      "Quantity": "36 micro-mol/l",
      "Quality": "Normal"
    },
    {
      "Name": "Lactate",
      "Age": "4 Day(s)",
      "Specimen": "blood",
      "Quantity": "7.1 mmol/l",
      "Quality": "Increased"
    },
    {
      "Name": "Leucine",
      "Age": "17.61 Month(s)",
      "Specimen": "serum/plasma",
      "Quantity": "423 micro-mol/l",
      "Quality": "Increased"
    },
    {
      "Name": "Orotic acid",
      "Age": "4 Day(s)",
      "Specimen": "urine",
      "Quantity": "47 mmol/mol Crea",
      "Quality": "Increased"
    },
    {
      "Name": "Orotic acid",
      "Age": "3 Week(s)",
      "Specimen": "urine",
      "Quantity": "0.4 mmol/mol Crea",
      "Quality": "Normal"
    },
    {
      "Name": "Orotic acid",
      "Age": "6.34 Year(s)",
      "Specimen": "urine",
      "Quantity": "287 mmol/mol Crea",
      "Quality": "Increased"
    },
    {
      "Name": "Orotic acid",
      "Age": "6.36 Year(s)",
      "Specimen": "urine",
      "Quantity": "1 mmol/mol Crea",
      "Quality": "Normal"
    },
    {
      "Name": "Orotic acid",
      "Age": "6.55 Year(s)",
      "Specimen": "urine",
      "Quantity": "0.9 mmol/mol Crea",
      "Quality": "Normal"
    },
    {
      "Name": "Orotic acid",
      "Age": "6.66 Year(s)",
      "Specimen": "urine",
      "Quantity": "0.8 mmol/mol Crea",
      "Quality": "Normal"
    },
    {
      "Name": "pH",
      "Age": "4 Day(s)",
      "Specimen": "blood",
      "Quantity": "7.6 no unit",
      "Quality": "Increased"
    },
    {
      "Name": "Phenylalanine",
      "Age": "13.27 Month(s)",
      "Specimen": "serum/plasma",
      "Quantity": "162 micro-mol/l",
      "Quality": "Increased"
    },
    {
      "Name": "Phosphatase, alkaline",
      "Age": "4.07 Month(s)",
      "Specimen": "serum/plasma",
      "Quantity": "1380 U/l",
      "Quality": "Increased"
    },
    {
      "Name": "Phosphatase, alkaline",
      "Age": "5.88 Month(s)",
      "Specimen": "serum/plasma",
      "Quantity": "1616 U/l",
      "Quality": "Increased"
    },
    {
      "Name": "Phosphatase, alkaline",
      "Age": "17.61 Month(s)",
      "Specimen": "serum/plasma",
      "Quantity": "407 U/l",
      "Quality": "Increased"
    },
    {
      "Name": "Uracil",
      "Age": "6.34 Year(s)",
      "Specimen": "urine",
      "Quantity": "80 mmol/mol Crea",
      "Quality": "Increased"
    },
    {
      "Name": "Uracil",
      "Age": "6.36 Year(s)",
      "Specimen": "urine",
      "Quantity": "62 mmol/mol Crea",
      "Quality": "Increased"
    },
    {
      "Name": "Uracil",
      "Age": "6.55 Year(s)",
      "Specimen": "urine",
      "Quantity": "41 mmol/mol Crea",
      "Quality": "Normal"
    },
    {
      "Name": "Uracil",
      "Age": "6.66 Year(s)",
      "Specimen": "urine",
      "Quantity": "53 mmol/mol Crea",
      "Quality": "Normal"
    },
    {
      "Name": "Argininosuccinate Lyase",
      "Age": "12 Day(s)",
      "Specimen": "erythrocytes",
      "Quantity": "12 mU/g Hb",
      "Quality": "Decreased"
    }
  ],
  "Symptoms": [
    {
      "Name": "Fever",
      "Age": "3.84 Month(s)",
      "Range": "medium [38,5-39,5 degrees Celsius]"
    },
    {
      "Name": "Fever",
      "Age": "2.18 Year(s)",
      "Range": "high [39,5-40,5 degrees Celsius]"
    },
    {
      "Name": "Hospitalization",
      "Age": "3 Day(s)",
      "Range": "yes"
    },
    {
      "Name": "Hospitalization",
      "Age": "3 Day(s)",
      "Range": "yes"
    },
    {
      "Name": "Hospitalization",
      "Age": "5.05 Year(s)",
      "Range": "yes"
    },
    {
      "Name": "Hospitalization",
      "Age": "5.37 Year(s)",
      "Range": "yes"
    },
    {
      "Name": "abnormal in neonatal screening",
      "Age": "3 Day(s)",
      "Range": "yes"
    },
    {
      "Name": "constipation",
      "Age": "5.85 Month(s)",
      "Range": "yes"
    },
    {
      "Name": "fatigue, severe or unusual",
      "Age": "3 Day(s)",
      "Range": "yes"
    },
    {
      "Name": "feeding difficulties, poor feeding",
      "Age": "3 Day(s)",
      "Range": "severe"
    },
    {
      "Name": "feeding difficulties, poor feeding",
      "Age": "3 Day(s)",
      "Range": "severe"
    },
    {
      "Name": "feeding difficulties, poor feeding",
      "Age": "3.91 Month(s)",
      "Range": "moderate"
    },
    {
      "Name": "feeding difficulties, poor feeding",
      "Age": "5.85 Month(s)",
      "Range": "moderate"
    },
    {
      "Name": "gastroenteritis",
      "Age": "5.05 Year(s)",
      "Range": "yes"
    },
    {
      "Name": "gastroenteritis",
      "Age": "5.37 Year(s)",
      "Range": "yes"
    },
    {
      "Name": "infections [local, abscesses]",
      "Age": "2.16 Year(s)",
      "Range": "yes"
    },
    {
      "Name": "infections [severe or recurrent]",
      "Age": "16 Day(s)",
      "Range": "yes"
    },
    {
      "Name": "large liver",
      "Age": "4.07 Month(s)",
      "Range": "yes"
    },
    {
      "Name": "large liver",
      "Age": "5.88 Month(s)",
      "Range": "yes"
    },
    {
      "Name": "lethargy, drowsiness, malaise or sleep disorder",
      "Age": "5.88 Month(s)",
      "Range": "yes"
    },
    {
      "Name": "metabolic decompensation",
      "Age": "5.05 Year(s)",
      "Range": "yes"
    },
    {
      "Name": "metabolic decompensation",
      "Age": "5.37 Year(s)",
      "Range": "yes"
    }
  ],
  "Diet/drugs": [
    {
      "Name": "arginine",
      "Age": "6 Week(s)",
      "Dosage": "2 g/day",
      "Route": "oral"
    },
    {
      "Name": "arginine",
      "Age": "2.33 Month(s)",
      "Dosage": "3 g/day",
      "Route": "oral"
    },
    {
      "Name": "arginine",
      "Age": "17.61 Month(s)",
      "Dosage": "4 g/day",
      "Route": "oral"
    },
    {
      "Name": "arginine",
      "Age": "5.34 Year(s)",
      "Dosage": "3 g/day",
      "Route": "oral"
    },
    {
      "Name": "artificial protein intake (specific amino acid mixture)",
      "Age": "5.91 Month(s)",
      "Dosage": ".7 g/kg/day",
      "Route": "oral"
    },
    {
      "Name": "isoleucine",
      "Age": "2.33 Month(s)",
      "Dosage": "600 mg/day",
      "Route": "oral"
    },
    {
      "Name": "isoleucine",
      "Age": "5.34 Year(s)",
      "Dosage": "700 mg/day",
      "Route": "oral"
    },
    {
      "Name": "maltodextrin",
      "Age": "2.33 Month(s)",
      "Dosage": "50 g/day",
      "Route": "oral"
    },
    {
      "Name": "potassium citrate",
      "Age": "6 Week(s)",
      "Dosage": ".5 g/day",
      "Route": "oral"
    },
    {
      "Name": "protein (natural)",
      "Age": "2.33 Month(s)",
      "Dosage": ".5 g/kg/day",
      "Route": "oral"
    },
    {
      "Name": "protein (natural)",
      "Age": "5.91 Month(s)",
      "Dosage": ".7 g/kg/day",
      "Route": "oral"
    },
    {
      "Name": "protein (natural)",
      "Age": "17.61 Month(s)",
      "Dosage": "10 g/day",
      "Route": "oral"
    },
    {
      "Name": "sodium benzoate",
      "Age": "2.2 Year(s)",
      "Dosage": "1.5 g/day",
      "Route": "oral"
    },
    {
      "Name": "sodium benzoate",
      "Age": "5.34 Year(s)",
      "Dosage": "3 g/day",
      "Route": "oral"
    },
    {
      "Name": "sodium citrate",
      "Age": "6 Week(s)",
      "Dosage": "1.5 g/day",
      "Route": "oral"
    },
    {
      "Name": "sodium citrate",
      "Age": "5.34 Year(s)",
      "Dosage": "1.5 g/day",
      "Route": "oral"
    },
    {
      "Name": "vitamin D",
      "Age": "1 Day(s)",
      "Dosage": "500 U/day",
      "Route": "oral"
    },
    {
      "Name": "vitamin D",
      "Age": "5.88 Month(s)",
      "Dosage": "1000 U/day",
      "Route": "oral"
    }
  ],
  "Therapy/development": [
    {
      "Name": "APGAR (10 min)",
      "Age": "1 Day(s)",
      "Quantity": "10",
      "Type": "perinatal"
    },
    {
      "Name": "APGAR (5 min)",
      "Age": "1 Day(s)",
      "Quantity": "10",
      "Type": "perinatal"
    },
    {
      "Name": "length",
      "Age": "4.07 Month(s)",
      "Quantity": "65  cm",
      "Type": "development"
    },
    {
      "Name": "length",
      "Age": "5.88 Month(s)",
      "Quantity": "69.5  cm",
      "Type": "development"
    },
    {
      "Name": "weight",
      "Age": "6 Week(s)",
      "Quantity": "4.4  kg",
      "Type": "development"
    },
    {
      "Name": "weight",
      "Age": "4.07 Month(s)",
      "Quantity": "6.1  kg",
      "Type": "development"
    },
    {
      "Name": "weight",
      "Age": "5.88 Month(s)",
      "Quantity": "7.3  kg",
      "Type": "development"
    },
    {
      "Name": "weight",
      "Age": "17.61 Month(s)",
      "Quantity": "10.8  kg",
      "Type": "development"
    },
    {
      "Name": "weight at birth",
      "Age": "1 Day(s)",
      "Quantity": "3.4  kg",
      "Type": "perinatal"
    }
  ]
}