{
  "MainData": {
    "Patient ID": "821",
    "Diagnosis": "PROPIONIC ACIDEMIA (MIM 606054)",
    "Gender": "m",
    "Age of symptoms onset": "3 Day(s)",
    "Age of diagnosis": "6 Day(s)",
    "Found in newborn screening": "n",
    "Diagnosis confirmed": "y",
    "Country": "Germany",
    "Ethnic origin": "Mother: Turkish, Father: Turkish",
    "History": "Before the birth of the patient, the family lost 4 children who suffered from propionic acidemia. The patient spent several years in hospital because of metabolic decompensations. \nThe patient presents with dwarfism, obesity, muscular hypotonia, osteoporosis, coordination defect and severe hearing defect.",
    "Author": "Friedrich Trefz",
    "Hospital": "Childrens Hospital Reutlingen",
    "Coauthor(s)": "",
    "Date of entry": "2003-05-14"
  },
  "Molecular genetics": {
    "Gene name": "",
    "Genotype": "",
    "Allele 1": {
      "Trivial name": "",
      "Systematic name": "",
      "Amino acid change": "",
      "Nucleotide change": "",
      "Exon/Intron Boundary/Promotor": ""
    },
    "Allele 2": {
      "Trivial name": "",
      "Systematic name": "",
      "Amino acid change": "",
      "Nucleotide change": "",
      "Exon/Intron Boundary/Promotor": ""
    }
  },
  "Lab findings": [
    {
      "Name": "Alanine",
      "Age": "15.76 Year(s)",
      "Specimen": "serum/plasma",
      "Quantity": "936 micro-mol/l",
      "Quality": "Increased"
    },
    {
      "Name": "ALAT (GPT)",
      "Age": "12.07 Year(s)",
      "Specimen": "serum/plasma",
      "Quantity": "47 U/l",
      "Quality": "Increased"
    },
    {
      "Name": "Ammonia",
      "Age": "8.02 Year(s)",
      "Specimen": "serum/plasma",
      "Quantity": "142 micro-mol/l",
      "Quality": "Increased"
    },
    {
      "Name": "Ammonia",
      "Age": "8.24 Year(s)",
      "Specimen": "serum/plasma",
      "Quantity": "104 micro-mol/l",
      "Quality": "Increased"
    },
    {
      "Name": "Ammonia",
      "Age": "9.28 Year(s)",
      "Specimen": "serum/plasma",
      "Quantity": "105 micro-mol/l",
      "Quality": "Increased"
    },
    {
      "Name": "Ammonia",
      "Age": "9.61 Year(s)",
      "Specimen": "serum/plasma",
      "Quantity": "76 micro-mol/l",
      "Quality": "Increased"
    },
    {
      "Name": "Ammonia",
      "Age": "9.77 Year(s)",
      "Specimen": "serum/plasma",
      "Quantity": "88 micro-mol/l",
      "Quality": "Increased"
    },
    {
      "Name": "Ammonia",
      "Age": "9.95 Year(s)",
      "Specimen": "serum/plasma",
      "Quantity": "92 micro-mol/l",
      "Quality": "Increased"
    },
    {
      "Name": "Ammonia",
      "Age": "10.37 Year(s)",
      "Specimen": "serum/plasma",
      "Quantity": "50 micro-mol/l",
      "Quality": "Normal"
    },
    {
      "Name": "Ammonia",
      "Age": "12.07 Year(s)",
      "Specimen": "serum/plasma",
      "Quantity": "103 micro-mol/l",
      "Quality": "Increased"
    },
    {
      "Name": "Ammonia",
      "Age": "13.2 Year(s)",
      "Specimen": "serum/plasma",
      "Quantity": "90 micro-mol/l",
      "Quality": "Increased"
    },
    {
      "Name": "Ammonia",
      "Age": "16.01 Year(s)",
      "Specimen": "serum/plasma",
      "Quantity": "51 micro-mol/l",
      "Quality": "Normal"
    },
    {
      "Name": "Ammonia",
      "Age": "18.02 Year(s)",
      "Specimen": "serum/plasma",
      "Quantity": "60 micro-mol/l",
      "Quality": "Increased"
    },
    {
      "Name": "Ammonia",
      "Age": "19.1 Year(s)",
      "Specimen": "serum/plasma",
      "Quantity": "241 micro-mol/l",
      "Quality": "Increased"
    },
    {
      "Name": "ASAT (GOT)",
      "Age": "12.07 Year(s)",
      "Specimen": "serum/plasma",
      "Quantity": "49 U/l",
      "Quality": "Increased"
    },
    {
      "Name": "Carnitine, free",
      "Age": "12.48 Year(s)",
      "Specimen": "blood",
      "Quantity": "15 micro-mol/l",
      "Quality": "Normal"
    },
    {
      "Name": "Carnitine, free",
      "Age": "13.2 Year(s)",
      "Specimen": "blood",
      "Quantity": "83 micro-mol/l",
      "Quality": "Increased"
    },
    {
      "Name": "Carnitine, free",
      "Age": "14.2 Year(s)",
      "Specimen": "blood",
      "Quantity": "144 micro-mol/l",
      "Quality": "Increased"
    },
    {
      "Name": "Carnitine, free",
      "Age": "15.76 Year(s)",
      "Specimen": "blood",
      "Quantity": "113 micro-mol/l",
      "Quality": "Increased"
    },
    {
      "Name": "Carnitine, free",
      "Age": "15.97 Year(s)",
      "Specimen": "blood",
      "Quantity": "58 micro-mol/l",
      "Quality": "Normal"
    },
    {
      "Name": "Carnitine, free",
      "Age": "16.01 Year(s)",
      "Specimen": "blood",
      "Quantity": "79 micro-mol/l",
      "Quality": "Increased"
    },
    {
      "Name": "Carnitine, free",
      "Age": "16.78 Year(s)",
      "Specimen": "blood",
      "Quantity": "44 micro-mol/l",
      "Quality": "Normal"
    },
    {
      "Name": "Carnitine, free",
      "Age": "17.89 Year(s)",
      "Specimen": "blood",
      "Quantity": "39 micro-mol/l",
      "Quality": "Normal"
    },
    {
      "Name": "Carnitine, free",
      "Age": "18.57 Year(s)",
      "Specimen": "blood",
      "Quantity": "46 micro-mol/l",
      "Quality": "Normal"
    },
    {
      "Name": "Carnitine, free",
      "Age": "19.1 Year(s)",
      "Specimen": "blood",
      "Quantity": "37 micro-mol/l",
      "Quality": "Normal"
    },
    {
      "Name": "Carnitine, free",
      "Age": "19.52 Year(s)",
      "Specimen": "blood",
      "Quantity": "66 micro-mol/l",
      "Quality": "Normal"
    },
    {
      "Name": "Carnitine, free",
      "Age": "21.15 Year(s)",
      "Specimen": "blood",
      "Quantity": "49 micro-mol/l",
      "Quality": "Normal"
    },
    {
      "Name": "Carnitine, free",
      "Age": "22.14 Year(s)",
      "Specimen": "blood",
      "Quantity": "27 micro-mol/l",
      "Quality": "Normal"
    },
    {
      "Name": "Glycine",
      "Age": "14.2 Year(s)",
      "Specimen": "serum/plasma",
      "Quantity": "1072 micro-mol/l",
      "Quality": "Increased"
    },
    {
      "Name": "Glycine",
      "Age": "15.76 Year(s)",
      "Specimen": "serum/plasma",
      "Quantity": "1200 micro-mol/l",
      "Quality": "Increased"
    },
    {
      "Name": "Glycine",
      "Age": "15.97 Year(s)",
      "Specimen": "serum/plasma",
      "Quantity": "463 micro-mol/l",
      "Quality": "Increased"
    },
    {
      "Name": "Glycine",
      "Age": "18.57 Year(s)",
      "Specimen": "serum/plasma",
      "Quantity": "825 micro-mol/l",
      "Quality": "Increased"
    },
    {
      "Name": "Glycine",
      "Age": "19.1 Year(s)",
      "Specimen": "serum/plasma",
      "Quantity": "2413 micro-mol/l",
      "Quality": "Increased"
    },
    {
      "Name": "Glycine",
      "Age": "19.52 Year(s)",
      "Specimen": "serum/plasma",
      "Quantity": "1048 micro-mol/l",
      "Quality": "Increased"
    },
    {
      "Name": "Glycine",
      "Age": "22.14 Year(s)",
      "Specimen": "blood",
      "Quantity": "423 micro-mol/l",
      "Quality": "Normal"
    },
    {
      "Name": "Hemoglobine",
      "Age": "8.02 Year(s)",
      "Specimen": "blood",
      "Quantity": "12.9 g/dl",
      "Quality": "Decreased"
    },
    {
      "Name": "Hemoglobine",
      "Age": "9.28 Year(s)",
      "Specimen": "blood",
      "Quantity": "12.6 g/dl",
      "Quality": "Decreased"
    },
    {
      "Name": "Hemoglobine",
      "Age": "9.61 Year(s)",
      "Specimen": "blood",
      "Quantity": "12.6 g/dl",
      "Quality": "Decreased"
    },
    {
      "Name": "Hemoglobine",
      "Age": "9.77 Year(s)",
      "Specimen": "blood",
      "Quantity": "12.2 g/dl",
      "Quality": "Decreased"
    },
    {
      "Name": "Hemoglobine",
      "Age": "9.95 Year(s)",
      "Specimen": "blood",
      "Quantity": "12.8 g/dl",
      "Quality": "Decreased"
    },
    {
      "Name": "Hemoglobine",
      "Age": "10.37 Year(s)",
      "Specimen": "blood",
      "Quantity": "11.8 g/dl",
      "Quality": "Decreased"
    },
    {
      "Name": "Hemoglobine",
      "Age": "12.07 Year(s)",
      "Specimen": "blood",
      "Quantity": "12.4 g/dl",
      "Quality": "Decreased"
    },
    {
      "Name": "Hemoglobine",
      "Age": "16.01 Year(s)",
      "Specimen": "blood",
      "Quantity": "9.6 g/dl",
      "Quality": "Decreased"
    },
    {
      "Name": "Leucine",
      "Age": "19.52 Year(s)",
      "Specimen": "serum/plasma",
      "Quantity": "451 micro-mol/l",
      "Quality": "Increased"
    },
    {
      "Name": "Leucocytes",
      "Age": "8.02 Year(s)",
      "Specimen": "blood",
      "Quantity": "4900 /micro-l",
      "Quality": "Normal"
    },
    {
      "Name": "Leucocytes",
      "Age": "9.28 Year(s)",
      "Specimen": "blood",
      "Quantity": "3700 /micro-l",
      "Quality": "Normal"
    },
    {
      "Name": "Leucocytes",
      "Age": "9.61 Year(s)",
      "Specimen": "blood",
      "Quantity": "4800 /micro-l",
      "Quality": "Normal"
    },
    {
      "Name": "Leucocytes",
      "Age": "9.77 Year(s)",
      "Specimen": "blood",
      "Quantity": "3700 /micro-l",
      "Quality": "Decreased"
    },
    {
      "Name": "Leucocytes",
      "Age": "9.95 Year(s)",
      "Specimen": "blood",
      "Quantity": "7100 /micro-l",
      "Quality": "Normal"
    },
    {
      "Name": "Leucocytes",
      "Age": "10.37 Year(s)",
      "Specimen": "blood",
      "Quantity": "5200 /micro-l",
      "Quality": "Normal"
    },
    {
      "Name": "Leucocytes",
      "Age": "12.07 Year(s)",
      "Specimen": "blood",
      "Quantity": "3700 /micro-l",
      "Quality": "Decreased"
    },
    {
      "Name": "Propionylcarnitine (C3)",
      "Age": "12.48 Year(s)",
      "Specimen": "blood",
      "Quantity": "50 micro-mol/l",
      "Quality": "Increased"
    },
    {
      "Name": "Propionylcarnitine (C3)",
      "Age": "13.2 Year(s)",
      "Specimen": "blood",
      "Quantity": "49 micro-mol/l",
      "Quality": "Increased"
    },
    {
      "Name": "Propionylcarnitine (C3)",
      "Age": "14.2 Year(s)",
      "Specimen": "blood",
      "Quantity": "105 micro-mol/l",
      "Quality": "Increased"
    },
    {
      "Name": "Propionylcarnitine (C3)",
      "Age": "15.76 Year(s)",
      "Specimen": "blood",
      "Quantity": "43 micro-mol/l",
      "Quality": "Increased"
    },
    {
      "Name": "Propionylcarnitine (C3)",
      "Age": "15.97 Year(s)",
      "Specimen": "blood",
      "Quantity": "39 micro-mol/l",
      "Quality": "Increased"
    },
    {
      "Name": "Propionylcarnitine (C3)",
      "Age": "16.01 Year(s)",
      "Specimen": "blood",
      "Quantity": "34 micro-mol/l",
      "Quality": "Increased"
    },
    {
      "Name": "Propionylcarnitine (C3)",
      "Age": "16.78 Year(s)",
      "Specimen": "blood",
      "Quantity": "24 micro-mol/l",
      "Quality": "Increased"
    },
    {
      "Name": "Propionylcarnitine (C3)",
      "Age": "17.89 Year(s)",
      "Specimen": "blood",
      "Quantity": "20.6 micro-mol/l",
      "Quality": "Increased"
    },
    {
      "Name": "Propionylcarnitine (C3)",
      "Age": "18.57 Year(s)",
      "Specimen": "blood",
      "Quantity": "31 micro-mol/l",
      "Quality": "Increased"
    },
    {
      "Name": "Propionylcarnitine (C3)",
      "Age": "19.1 Year(s)",
      "Specimen": "blood",
      "Quantity": "16 micro-mol/l",
      "Quality": "Increased"
    },
    {
      "Name": "Propionylcarnitine (C3)",
      "Age": "19.52 Year(s)",
      "Specimen": "blood",
      "Quantity": "27 micro-mol/l",
      "Quality": "Increased"
    },
    {
      "Name": "Propionylcarnitine (C3)",
      "Age": "21.15 Year(s)",
      "Specimen": "blood",
      "Quantity": "67 micro-mol/l",
      "Quality": "Increased"
    },
    {
      "Name": "Propionylcarnitine (C3)",
      "Age": "22.14 Year(s)",
      "Specimen": "blood",
      "Quantity": "51 micro-mol/l",
      "Quality": "Increased"
    },
    {
      "Name": "Propionylcarnitine/Palmitoylcarnitine (C3/C16)",
      "Age": "12.48 Year(s)",
      "Specimen": "blood",
      "Quantity": "26.2 (ratio)",
      "Quality": "Increased"
    },
    {
      "Name": "Propionylcarnitine/Palmitoylcarnitine (C3/C16)",
      "Age": "13.2 Year(s)",
      "Specimen": "blood",
      "Quantity": "31 (ratio)",
      "Quality": "Increased"
    },
    {
      "Name": "Propionylcarnitine/Palmitoylcarnitine (C3/C16)",
      "Age": "14.2 Year(s)",
      "Specimen": "blood",
      "Quantity": "70 (ratio)",
      "Quality": "Increased"
    },
    {
      "Name": "Propionylcarnitine/Palmitoylcarnitine (C3/C16)",
      "Age": "15.76 Year(s)",
      "Specimen": "blood",
      "Quantity": "8 (ratio)",
      "Quality": "Increased"
    },
    {
      "Name": "Propionylcarnitine/Palmitoylcarnitine (C3/C16)",
      "Age": "15.97 Year(s)",
      "Specimen": "blood",
      "Quantity": "50 (ratio)",
      "Quality": "Increased"
    },
    {
      "Name": "Propionylcarnitine/Palmitoylcarnitine (C3/C16)",
      "Age": "16.01 Year(s)",
      "Specimen": "blood",
      "Quantity": "12 (ratio)",
      "Quality": "Increased"
    },
    {
      "Name": "Propionylcarnitine/Palmitoylcarnitine (C3/C16)",
      "Age": "16.78 Year(s)",
      "Specimen": "blood",
      "Quantity": "11 (ratio)",
      "Quality": "Increased"
    },
    {
      "Name": "Propionylcarnitine/Palmitoylcarnitine (C3/C16)",
      "Age": "17.89 Year(s)",
      "Specimen": "blood",
      "Quantity": "11.4 (ratio)",
      "Quality": "Increased"
    },
    {
      "Name": "Propionylcarnitine/Palmitoylcarnitine (C3/C16)",
      "Age": "18.57 Year(s)",
      "Specimen": "blood",
      "Quantity": "13 (ratio)",
      "Quality": "Increased"
    },
    {
      "Name": "Propionylcarnitine/Palmitoylcarnitine (C3/C16)",
      "Age": "19.1 Year(s)",
      "Specimen": "blood",
      "Quantity": "11 (ratio)",
      "Quality": "Increased"
    },
    {
      "Name": "Propionylcarnitine/Palmitoylcarnitine (C3/C16)",
      "Age": "19.52 Year(s)",
      "Specimen": "blood",
      "Quantity": "22 (ratio)",
      "Quality": "Increased"
    },
    {
      "Name": "Propionylcarnitine/Palmitoylcarnitine (C3/C16)",
      "Age": "21.15 Year(s)",
      "Specimen": "blood",
      "Quantity": "28 (ratio)",
      "Quality": "Increased"
    },
    {
      "Name": "Propionylcarnitine/Palmitoylcarnitine (C3/C16)",
      "Age": "22.14 Year(s)",
      "Specimen": "blood",
      "Quantity": "67 (ratio)",
      "Quality": "Increased"
    }
  ],
  "Symptoms": [
    {
      "Name": "Hospitalization",
      "Age": "18.02 Year(s)",
      "Range": "yes"
    },
    {
      "Name": "clumsiness, coordination defect or unsteadiness",
      "Age": "8.02 Year(s)",
      "Range": "yes"
    },
    {
      "Name": "dwarfism",
      "Age": "8.02 Year(s)",
      "Range": "yes"
    },
    {
      "Name": "foot deformities",
      "Age": "8.02 Year(s)",
      "Range": "yes"
    },
    {
      "Name": "gastroenteritis",
      "Age": "18.01 Year(s)",
      "Range": "yes"
    },
    {
      "Name": "hearing defect, deafness",
      "Age": "8.24 Year(s)",
      "Range": "yes"
    },
    {
      "Name": "hypotonia",
      "Age": "8.02 Year(s)",
      "Range": "yes"
    },
    {
      "Name": "obesity",
      "Age": "8.02 Year(s)",
      "Range": "yes"
    },
    {
      "Name": "osteoporosis",
      "Age": "8.24 Year(s)",
      "Range": "yes"
    }
  ],
  "Diet/drugs": [
    {
      "Name": "L-carnitine",
      "Age": "8.24 Year(s)",
      "Dosage": "4 g/day",
      "Route": "oral"
    },
    {
      "Name": "artificial protein intake (specific amino acid mixture)",
      "Age": "13.23 Year(s)",
      "Dosage": ".4 g/kg/day",
      "Route": "oral"
    },
    {
      "Name": "protein (natural)",
      "Age": "13.23 Year(s)",
      "Dosage": ".6 g/kg/day",
      "Route": "oral"
    },
    {
      "Name": "protein (total)",
      "Age": "13.23 Year(s)",
      "Dosage": "1 g/kg/day",
      "Route": "oral"
    },
    {
      "Name": "vitamin D",
      "Age": "12.48 Year(s)",
      "Dosage": "1000 U/day",
      "Route": "oral"
    }
  ],
  "Therapy/development": [
    {
      "Name": "length",
      "Age": "8.02 Year(s)",
      "Quantity": "121.7  cm",
      "Type": "development"
    },
    {
      "Name": "length",
      "Age": "8.24 Year(s)",
      "Quantity": "123.4  cm",
      "Type": "development"
    },
    {
      "Name": "length",
      "Age": "8.53 Year(s)",
      "Quantity": "128.5  cm",
      "Type": "development"
    },
    {
      "Name": "length",
      "Age": "9.28 Year(s)",
      "Quantity": "131.3  cm",
      "Type": "development"
    },
    {
      "Name": "length",
      "Age": "9.61 Year(s)",
      "Quantity": "134.8  cm",
      "Type": "development"
    },
    {
      "Name": "length",
      "Age": "9.95 Year(s)",
      "Quantity": "137.6  cm",
      "Type": "development"
    },
    {
      "Name": "length",
      "Age": "10.37 Year(s)",
      "Quantity": "138.5  cm",
      "Type": "development"
    },
    {
      "Name": "length",
      "Age": "10.51 Year(s)",
      "Quantity": "140  cm",
      "Type": "development"
    },
    {
      "Name": "length",
      "Age": "12.48 Year(s)",
      "Quantity": "148  cm",
      "Type": "development"
    },
    {
      "Name": "length",
      "Age": "13.2 Year(s)",
      "Quantity": "151  cm",
      "Type": "development"
    },
    {
      "Name": "length",
      "Age": "16.01 Year(s)",
      "Quantity": "164.5  cm",
      "Type": "development"
    },
    {
      "Name": "length",
      "Age": "17.89 Year(s)",
      "Quantity": "168  cm",
      "Type": "development"
    },
    {
      "Name": "length",
      "Age": "19.1 Year(s)",
      "Quantity": "169  cm",
      "Type": "development"
    },
    {
      "Name": "weight",
      "Age": "8.02 Year(s)",
      "Quantity": "32.5  kg",
      "Type": "development"
    },
    {
      "Name": "weight",
      "Age": "8.24 Year(s)",
      "Quantity": "33.5  kg",
      "Type": "development"
    },
    {
      "Name": "weight",
      "Age": "8.53 Year(s)",
      "Quantity": "38.7  kg",
      "Type": "development"
    },
    {
      "Name": "weight",
      "Age": "9.28 Year(s)",
      "Quantity": "41.5  kg",
      "Type": "development"
    },
    {
      "Name": "weight",
      "Age": "9.61 Year(s)",
      "Quantity": "42.9  kg",
      "Type": "development"
    },
    {
      "Name": "weight",
      "Age": "9.95 Year(s)",
      "Quantity": "44.7  kg",
      "Type": "development"
    },
    {
      "Name": "weight",
      "Age": "10.37 Year(s)",
      "Quantity": "43.8  kg",
      "Type": "development"
    },
    {
      "Name": "weight",
      "Age": "12.48 Year(s)",
      "Quantity": "50  kg",
      "Type": "development"
    },
    {
      "Name": "weight",
      "Age": "13.2 Year(s)",
      "Quantity": "53.5  kg",
      "Type": "development"
    },
    {
      "Name": "weight",
      "Age": "16.01 Year(s)",
      "Quantity": "68.8  kg",
      "Type": "development"
    },
    {
      "Name": "weight",
      "Age": "17.89 Year(s)",
      "Quantity": "74.5  kg",
      "Type": "development"
    },
    {
      "Name": "weight",
      "Age": "19.1 Year(s)",
      "Quantity": "77  kg",
      "Type": "development"
    }
  ]
}