{
  "MainData": {
    "Patient ID": "830",
    "Diagnosis": "CEROID LIPOFUSCINOSIS, NEURONAL, 1 (MIM 256730)",
    "Gender": "f",
    "Age of symptoms onset": "3 Year(s)",
    "Age of diagnosis": "5.23 Year(s)",
    "Found in newborn screening": "n",
    "Diagnosis confirmed": "y",
    "Country": "Germany",
    "Ethnic origin": "Mother: German, Father: German",
    "History": "The patient is the third child of healthy parents. In her first two years of life, the patient presented with  asymmetric facies, torticollis and retarded speech development. At 3 1/2 years of age, first cerebral seizures and loss of motor and mental abilities.\nAt the age of 5 years, diagnosis of neuronal ceroidlipofuscinosis was made\nMRI shows general cerebral atrophy.",
    "Author": "Friedrich Trefz",
    "Hospital": "Childrens Hospital Reutlingen",
    "Coauthor(s)": "",
    "Date of entry": "2003-05-27"
  },
  "Molecular genetics": {
    "Gene name": "",
    "Genotype": "",
    "Allele 1": {
      "Trivial name": "",
      "Systematic name": "",
      "Amino acid change": "",
      "Nucleotide change": "",
      "Exon/Intron Boundary/Promotor": ""
    },
    "Allele 2": {
      "Trivial name": "",
      "Systematic name": "",
      "Amino acid change": "",
      "Nucleotide change": "",
      "Exon/Intron Boundary/Promotor": ""
    }
  },
  "Lab findings": [],
  "Symptoms": [
    {
      "Name": "MRI, brain, abnormalities",
      "Age": "5.23 Year(s)",
      "Range": "yes"
    },
    {
      "Name": "MRI, brain, gray matter abnormalities",
      "Age": "5.23 Year(s)",
      "Range": "yes"
    },
    {
      "Name": "ataxia",
      "Age": "4.29 Year(s)",
      "Range": "yes"
    },
    {
      "Name": "athetosis",
      "Age": "4.29 Year(s)",
      "Range": "yes"
    },
    {
      "Name": "behaviour, hyperactive, restless",
      "Age": "2.72 Year(s)",
      "Range": "yes"
    },
    {
      "Name": "cerebral atrophy",
      "Age": "5.23 Year(s)",
      "Range": "yes"
    },
    {
      "Name": "diarrhea",
      "Age": "9.27 Year(s)",
      "Range": "severe"
    },
    {
      "Name": "dyskinesia",
      "Age": "4.29 Year(s)",
      "Range": "yes"
    },
    {
      "Name": "facies",
      "Age": "2 Day(s)",
      "Range": "asymmetric"
    },
    {
      "Name": "microcephaly [< 2SD for age]",
      "Age": "2.72 Year(s)",
      "Range": "yes"
    },
    {
      "Name": "opisthotonus",
      "Age": "7.32 Year(s)",
      "Range": "yes"
    },
    {
      "Name": "pneumonia",
      "Age": "7.32 Year(s)",
      "Range": "yes"
    },
    {
      "Name": "retinal or macular degeneration",
      "Age": "5.23 Year(s)",
      "Range": "yes"
    },
    {
      "Name": "seizures",
      "Age": "3.36 Year(s)",
      "Range": "yes"
    },
    {
      "Name": "spastic diplegia/quadriplegia",
      "Age": "7.32 Year(s)",
      "Range": "yes"
    },
    {
      "Name": "speech development, delayed, abnormal",
      "Age": "17.67 Month(s)",
      "Range": "yes"
    },
    {
      "Name": "torticollis",
      "Age": "3.51 Month(s)",
      "Range": "yes"
    }
  ],
  "Diet/drugs": [],
  "Therapy/development": [
    {
      "Name": "APGAR (10 min)",
      "Age": "1 Day(s)",
      "Quantity": "10",
      "Type": "perinatal"
    },
    {
      "Name": "APGAR (5 min)",
      "Age": "1 Day(s)",
      "Quantity": "10",
      "Type": "perinatal"
    },
    {
      "Name": "head circumference",
      "Age": "5.22 Year(s)",
      "Quantity": "47.3  cm",
      "Type": "development"
    },
    {
      "Name": "head circumference",
      "Age": "7.32 Year(s)",
      "Quantity": "46  cm",
      "Type": "development"
    },
    {
      "Name": "head circumference at birth",
      "Age": "1 Day(s)",
      "Quantity": "34  cm",
      "Type": "perinatal"
    },
    {
      "Name": "length",
      "Age": "5.22 Year(s)",
      "Quantity": "108.5  cm",
      "Type": "development"
    },
    {
      "Name": "length",
      "Age": "7.32 Year(s)",
      "Quantity": "120  cm",
      "Type": "development"
    },
    {
      "Name": "length at birth",
      "Age": "1 Day(s)",
      "Quantity": "51  cm",
      "Type": "perinatal"
    },
    {
      "Name": "weight",
      "Age": "5.22 Year(s)",
      "Quantity": "18  kg",
      "Type": "development"
    },
    {
      "Name": "weight",
      "Age": "7.32 Year(s)",
      "Quantity": "21  kg",
      "Type": "development"
    },
    {
      "Name": "weight at birth",
      "Age": "1 Day(s)",
      "Quantity": "3.6  kg",
      "Type": "perinatal"
    }
  ]
}