{
  "MainData": {
    "Patient ID": "841",
    "Diagnosis": "PHENYLKETONURIA (MIM 261600)",
    "Gender": "f",
    "Age of symptoms onset": "0 Day(s)",
    "Age of diagnosis": "8 Day(s)",
    "Found in newborn screening": "y",
    "Diagnosis confirmed": "y",
    "Country": "Germany",
    "Ethnic origin": "Mother: German, Father: German",
    "History": "The patient was found in the newborn screening program with elevated levels of phenylalanine (720 micro-mol/l). At 3 weeks of age, start of dietary  treatment with 150 mg phe/ day. 2 weeks later, phe-restricted diet was stopped and never again restarted.\nPhe-levels always remained below 480 micro-mol/l. Normal development, normal intelligence.\nDietary treatment is not indicated before and during pregnancy for this patient with her mild hyperphenylalaninemia.",
    "Author": "Friedrich Trefz",
    "Hospital": "Childrens Hospital Reutlingen",
    "Coauthor(s)": "",
    "Date of entry": "2003-07-25"
  },
  "Molecular genetics": {
    "Gene name": "PAH gene",
    "Genotype": "p.A403V/ p.R408W",
    "Allele 1": {
      "Trivial name": "p.A403V",
      "Systematic name": "c.1209C>T",
      "Amino acid change": "Ala>Val",
      "Nucleotide change": "GCT>GTT",
      "Exon/Intron Boundary/Promotor": "12"
    },
    "Allele 2": {
      "Trivial name": "p.R408W",
      "Systematic name": "c.1222C>T",
      "Amino acid change": "Arg>Trp",
      "Nucleotide change": "CGG>TGG",
      "Exon/Intron Boundary/Promotor": "12"
    }
  },
  "Lab findings": [
    {
      "Name": "Phenylalanine",
      "Age": "1 Day(s)",
      "Specimen": "blood",
      "Quantity": "132 micro-mol/l",
      "Quality": "Normal"
    },
    {
      "Name": "Phenylalanine",
      "Age": "5 Day(s)",
      "Specimen": "blood",
      "Quantity": "600 micro-mol/l",
      "Quality": "Increased"
    },
    {
      "Name": "Phenylalanine",
      "Age": "8 Day(s)",
      "Specimen": "blood",
      "Quantity": "720 micro-mol/l",
      "Quality": "Increased"
    },
    {
      "Name": "Phenylalanine",
      "Age": "20 Day(s)",
      "Specimen": "blood",
      "Quantity": "264 micro-mol/l",
      "Quality": "Increased"
    },
    {
      "Name": "Phenylalanine",
      "Age": "3.29 Week(s)",
      "Specimen": "blood",
      "Quantity": "180 micro-mol/l",
      "Quality": "Increased"
    },
    {
      "Name": "Phenylalanine",
      "Age": "4.43 Week(s)",
      "Specimen": "blood",
      "Quantity": "126 micro-mol/l",
      "Quality": "Normal"
    },
    {
      "Name": "Phenylalanine",
      "Age": "5.43 Week(s)",
      "Specimen": "blood",
      "Quantity": "330 micro-mol/l",
      "Quality": "Increased"
    },
    {
      "Name": "Phenylalanine",
      "Age": "6.43 Week(s)",
      "Specimen": "blood",
      "Quantity": "372 micro-mol/l",
      "Quality": "Increased"
    },
    {
      "Name": "Phenylalanine",
      "Age": "7.43 Week(s)",
      "Specimen": "blood",
      "Quantity": "420 micro-mol/l",
      "Quality": "Increased"
    },
    {
      "Name": "Phenylalanine",
      "Age": "8.43 Week(s)",
      "Specimen": "blood",
      "Quantity": "450 micro-mol/l",
      "Quality": "Increased"
    },
    {
      "Name": "Phenylalanine",
      "Age": "2.17 Month(s)",
      "Specimen": "blood",
      "Quantity": "300 micro-mol/l",
      "Quality": "Increased"
    },
    {
      "Name": "Phenylalanine",
      "Age": "15.29 Year(s)",
      "Specimen": "blood",
      "Quantity": "381 micro-mol/l",
      "Quality": "Increased"
    },
    {
      "Name": "Phenylalanine",
      "Age": "15.38 Year(s)",
      "Specimen": "blood",
      "Quantity": "339 micro-mol/l",
      "Quality": "Increased"
    },
    {
      "Name": "Phenylalanine",
      "Age": "15.4 Year(s)",
      "Specimen": "blood",
      "Quantity": "508 micro-mol/l",
      "Quality": "Increased"
    },
    {
      "Name": "Phenylalanine",
      "Age": "24.86 Year(s)",
      "Specimen": "blood",
      "Quantity": "366 micro-mol/l",
      "Quality": "Increased"
    },
    {
      "Name": "Phenylalanine",
      "Age": "24.86 Year(s)",
      "Specimen": "blood",
      "Quantity": "258 micro-mol/l",
      "Quality": "Increased"
    },
    {
      "Name": "Phenylalanine",
      "Age": "24.86 Year(s)",
      "Specimen": "blood",
      "Quantity": "312 micro-mol/l",
      "Quality": "Increased"
    },
    {
      "Name": "Phenylalanine",
      "Age": "24.87 Year(s)",
      "Specimen": "blood",
      "Quantity": "294 micro-mol/l",
      "Quality": "Increased"
    },
    {
      "Name": "Phenylalanine",
      "Age": "24.87 Year(s)",
      "Specimen": "blood",
      "Quantity": "312 micro-mol/l",
      "Quality": "Increased"
    },
    {
      "Name": "Phenylalanine",
      "Age": "24.87 Year(s)",
      "Specimen": "blood",
      "Quantity": "318 micro-mol/l",
      "Quality": "Increased"
    },
    {
      "Name": "Phenylalanine",
      "Age": "24.87 Year(s)",
      "Specimen": "blood",
      "Quantity": "222 micro-mol/l",
      "Quality": "Increased"
    },
    {
      "Name": "Phenylalanine",
      "Age": "24.87 Year(s)",
      "Specimen": "blood",
      "Quantity": "276 micro-mol/l",
      "Quality": "Increased"
    },
    {
      "Name": "Phenylalanine",
      "Age": "24.87 Year(s)",
      "Specimen": "blood",
      "Quantity": "228 micro-mol/l",
      "Quality": "Increased"
    },
    {
      "Name": "Phenylalanine",
      "Age": "24.87 Year(s)",
      "Specimen": "blood",
      "Quantity": "390 micro-mol/l",
      "Quality": "Increased"
    },
    {
      "Name": "Phenylalanine",
      "Age": "24.87 Year(s)",
      "Specimen": "blood",
      "Quantity": "342 micro-mol/l",
      "Quality": "Increased"
    },
    {
      "Name": "Phenylalanine",
      "Age": "26.17 Year(s)",
      "Specimen": "blood",
      "Quantity": "380 micro-mol/l",
      "Quality": "Increased"
    },
    {
      "Name": "Phenylalanine",
      "Age": "26.23 Year(s)",
      "Specimen": "blood",
      "Quantity": "357 micro-mol/l",
      "Quality": "Increased"
    },
    {
      "Name": "Phenylalanine",
      "Age": "26.26 Year(s)",
      "Specimen": "blood",
      "Quantity": "267 micro-mol/l",
      "Quality": "Increased"
    },
    {
      "Name": "Phenylalanine",
      "Age": "26.47 Year(s)",
      "Specimen": "blood",
      "Quantity": "309 micro-mol/l",
      "Quality": "Increased"
    },
    {
      "Name": "Phenylalanine",
      "Age": "26.52 Year(s)",
      "Specimen": "blood",
      "Quantity": "321 micro-mol/l",
      "Quality": "Increased"
    },
    {
      "Name": "Phenylalanine",
      "Age": "26.56 Year(s)",
      "Specimen": "blood",
      "Quantity": "267 micro-mol/l",
      "Quality": "Increased"
    },
    {
      "Name": "Phenylalanine",
      "Age": "26.58 Year(s)",
      "Specimen": "blood",
      "Quantity": "230 micro-mol/l",
      "Quality": "Increased"
    },
    {
      "Name": "Phenylalanine",
      "Age": "26.65 Year(s)",
      "Specimen": "blood",
      "Quantity": "296 micro-mol/l",
      "Quality": "Increased"
    },
    {
      "Name": "Phenylalanine",
      "Age": "26.69 Year(s)",
      "Specimen": "blood",
      "Quantity": "293 micro-mol/l",
      "Quality": "Increased"
    },
    {
      "Name": "Phenylalanine",
      "Age": "26.71 Year(s)",
      "Specimen": "blood",
      "Quantity": "317 micro-mol/l",
      "Quality": "Increased"
    },
    {
      "Name": "Phenylalanine",
      "Age": "26.77 Year(s)",
      "Specimen": "blood",
      "Quantity": "270 micro-mol/l",
      "Quality": "Increased"
    },
    {
      "Name": "Tyrosine",
      "Age": "24.86 Year(s)",
      "Specimen": "blood",
      "Quantity": "72 micro-mol/l",
      "Quality": "Normal"
    },
    {
      "Name": "Tyrosine",
      "Age": "26.17 Year(s)",
      "Specimen": "blood",
      "Quantity": "77 micro-mol/l",
      "Quality": "Normal"
    },
    {
      "Name": "Tyrosine",
      "Age": "26.23 Year(s)",
      "Specimen": "blood",
      "Quantity": "95 micro-mol/l",
      "Quality": "Normal"
    },
    {
      "Name": "Tyrosine",
      "Age": "26.26 Year(s)",
      "Specimen": "blood",
      "Quantity": "52 micro-mol/l",
      "Quality": "Normal"
    },
    {
      "Name": "Tyrosine",
      "Age": "26.47 Year(s)",
      "Specimen": "blood",
      "Quantity": "47 micro-mol/l",
      "Quality": "Normal"
    },
    {
      "Name": "Tyrosine",
      "Age": "26.52 Year(s)",
      "Specimen": "blood",
      "Quantity": "57 micro-mol/l",
      "Quality": "Normal"
    },
    {
      "Name": "Tyrosine",
      "Age": "26.56 Year(s)",
      "Specimen": "blood",
      "Quantity": "54 micro-mol/l",
      "Quality": "Normal"
    },
    {
      "Name": "Tyrosine",
      "Age": "26.58 Year(s)",
      "Specimen": "blood",
      "Quantity": "47 micro-mol/l",
      "Quality": "Normal"
    },
    {
      "Name": "Tyrosine",
      "Age": "26.65 Year(s)",
      "Specimen": "blood",
      "Quantity": "60 micro-mol/l",
      "Quality": "Normal"
    },
    {
      "Name": "Tyrosine",
      "Age": "26.69 Year(s)",
      "Specimen": "blood",
      "Quantity": "80 micro-mol/l",
      "Quality": "Normal"
    },
    {
      "Name": "Tyrosine",
      "Age": "26.71 Year(s)",
      "Specimen": "blood",
      "Quantity": "70 micro-mol/l",
      "Quality": "Normal"
    },
    {
      "Name": "Tyrosine",
      "Age": "26.77 Year(s)",
      "Specimen": "blood",
      "Quantity": "69 micro-mol/l",
      "Quality": "Normal"
    }
  ],
  "Symptoms": [
    {
      "Name": "abnormal in neonatal screening",
      "Age": "8 Day(s)",
      "Range": "yes"
    },
    {
      "Name": "no clinical signs or symptoms",
      "Age": "2.33 Month(s)",
      "Range": "yes"
    },
    {
      "Name": "no clinical signs or symptoms",
      "Age": "15.33 Year(s)",
      "Range": "yes"
    }
  ],
  "Diet/drugs": [
    {
      "Name": "phenylalanine",
      "Age": "3 Week(s)",
      "Dosage": "150 mg/day",
      "Route": "oral"
    },
    {
      "Name": "phenylalanine",
      "Age": "5.14 Week(s)",
      "Dosage": "460 mg/day",
      "Route": "oral"
    }
  ],
  "Therapy/development": [
    {
      "Name": "phenylalanine-restricted diet",
      "Age": "3 Week(s)",
      "Quantity": "",
      "Type": ""
    },
    {
      "Name": "stop of dietary treatment",
      "Age": "5.14 Week(s)",
      "Quantity": "",
      "Type": ""
    },
    {
      "Name": "weight at birth",
      "Age": "1 Day(s)",
      "Quantity": "3.3  kg",
      "Type": "perinatal"
    }
  ]
}