{
  "MainData": {
    "Patient ID": "866",
    "Diagnosis": "PORPHYRIA, ACUTE INTERMITTENT (MIM 176000)",
    "Gender": "f",
    "Age of symptoms onset": "7 Year(s)",
    "Age of diagnosis": "9.97 Year(s)",
    "Found in newborn screening": "n",
    "Diagnosis confirmed": "y",
    "Country": "Germany",
    "Ethnic origin": "Mother: German, Father: German",
    "History": "At 7 years of age, the patient woke up from sleep with abdominal pain and following vomiting one or two times per week. After vomiting, she always felt better.\nAn elder sister suffers from acute intermittent porphyria, a sister of her mother died of this disease at the age of 45 years.\nDiagnosis of acute intermittent porphyria was confirmed by molecular genetic analysis (mutation heterocygote).\nSister of ID 867",
    "Author": "Friedrich Trefz",
    "Hospital": "Childrens Hospital Reutlingen",
    "Coauthor(s)": "",
    "Date of entry": "2003-11-04"
  },
  "Molecular genetics": {
    "Gene name": "PBGD gene",
    "Genotype": "",
    "Allele 1": {
      "Trivial name": "p.G111R",
      "Systematic name": "c.333G>C",
      "Amino acid change": "Gly>Arg",
      "Nucleotide change": "",
      "Exon/Intron Boundary/Promotor": "7"
    },
    "Allele 2": {
      "Trivial name": "",
      "Systematic name": "",
      "Amino acid change": "",
      "Nucleotide change": "",
      "Exon/Intron Boundary/Promotor": ""
    }
  },
  "Lab findings": [
    {
      "Name": "Guanidinoacetate",
      "Age": "7.82 Year(s)",
      "Specimen": "urine",
      "Quantity": "",
      "Quality": "Normal"
    }
  ],
  "Symptoms": [
    {
      "Name": "Hospitalization",
      "Age": "9.92 Year(s)",
      "Range": "yes"
    },
    {
      "Name": "infections [severe or recurrent]",
      "Age": "9.92 Year(s)",
      "Range": "yes"
    },
    {
      "Name": "pain abdominal",
      "Age": "7.79 Year(s)",
      "Range": "yes"
    },
    {
      "Name": "vomiting",
      "Age": "7.79 Year(s)",
      "Range": "moderate"
    }
  ],
  "Diet/drugs": [],
  "Therapy/development": [
    {
      "Name": "blood pressure, diastolic",
      "Age": "7.82 Year(s)",
      "Quantity": "70 mmHG",
      "Type": ""
    },
    {
      "Name": "blood pressure, diastolic",
      "Age": "10.02 Year(s)",
      "Quantity": "64 mmHG",
      "Type": ""
    },
    {
      "Name": "blood pressure, diastolic",
      "Age": "13.32 Year(s)",
      "Quantity": "66 mmHG",
      "Type": ""
    },
    {
      "Name": "blood pressure, systolic",
      "Age": "7.82 Year(s)",
      "Quantity": "113 mmHG",
      "Type": ""
    },
    {
      "Name": "blood pressure, systolic",
      "Age": "10.02 Year(s)",
      "Quantity": "107 mmHG",
      "Type": ""
    },
    {
      "Name": "blood pressure, systolic",
      "Age": "13.32 Year(s)",
      "Quantity": "133 mmHG",
      "Type": ""
    },
    {
      "Name": "length",
      "Age": "7.82 Year(s)",
      "Quantity": "129.8  cm",
      "Type": "development"
    },
    {
      "Name": "length",
      "Age": "10.02 Year(s)",
      "Quantity": "141  cm",
      "Type": "development"
    },
    {
      "Name": "length",
      "Age": "13.32 Year(s)",
      "Quantity": "163.1  cm",
      "Type": "development"
    },
    {
      "Name": "weight",
      "Age": "7.82 Year(s)",
      "Quantity": "24.6  kg",
      "Type": "development"
    },
    {
      "Name": "weight",
      "Age": "10.02 Year(s)",
      "Quantity": "33.2  kg",
      "Type": "development"
    },
    {
      "Name": "weight",
      "Age": "13.32 Year(s)",
      "Quantity": "48.8  kg",
      "Type": "development"
    }
  ]
}