{
  "MainData": {
    "Patient ID": "867",
    "Diagnosis": "PORPHYRIA, ACUTE INTERMITTENT (MIM 176000)",
    "Gender": "f",
    "Age of symptoms onset": "16 Year(s)",
    "Age of diagnosis": "24.09 Year(s)",
    "Found in newborn screening": "n",
    "Diagnosis confirmed": "y",
    "Country": "Germany",
    "Ethnic origin": "Mother: German, Father: German",
    "History": "First attacks of abdominal pain and vomiting in adolescence. Diagnosis was made in 1995 at 24 years of age, confirmed in 2003 by moleculargenetic analysis (mutation heterozygote).  Since several years without symptoms.\nSister of ID 866, mother of ID 951 and ID 952.",
    "Author": "Friedrich Trefz",
    "Hospital": "Childrens Hospital Reutlingen",
    "Coauthor(s)": "",
    "Date of entry": "2003-11-07"
  },
  "Molecular genetics": {
    "Gene name": "PBGD gene",
    "Genotype": "",
    "Allele 1": {
      "Trivial name": "p.G111R",
      "Systematic name": "c.333G>C",
      "Amino acid change": "Gly>Arg",
      "Nucleotide change": "",
      "Exon/Intron Boundary/Promotor": "7"
    },
    "Allele 2": {
      "Trivial name": "",
      "Systematic name": "",
      "Amino acid change": "",
      "Nucleotide change": "",
      "Exon/Intron Boundary/Promotor": ""
    }
  },
  "Lab findings": [],
  "Symptoms": [
    {
      "Name": "pain abdominal",
      "Age": "6.19 Year(s)",
      "Range": "yes"
    },
    {
      "Name": "vomiting",
      "Age": "6.19 Year(s)",
      "Range": "moderate"
    }
  ],
  "Diet/drugs": [],
  "Therapy/development": []
}