{
  "MainData": {
    "Patient ID": "882",
    "Diagnosis": "CITRULLINEMIA, CLASSIC (MIM 215700)",
    "Gender": "f",
    "Age of symptoms onset": "4 Day(s)",
    "Age of diagnosis": "3 Day(s)",
    "Found in newborn screening": "n",
    "Diagnosis confirmed": "y",
    "Country": "Japan",
    "Ethnic origin": "Mother: Japanese, Father: Japanese",
    "History": "Patient P233 from this publication.\nGender not told in publication.\nSevere phenotype,patient died.\n\nHum Mutat 22:24-34, 200312815590",
    "Author": "Published Cases",
    "Hospital": "Published Case",
    "Coauthor(s)": "Gao H-Z, Kobayashi K, Tabata A et al.",
    "Date of entry": "2004-01-22"
  },
  "Molecular genetics": {
    "Gene name": "severe",
    "Genotype": "",
    "Allele 1": {
      "Trivial name": "299delG",
      "Systematic name": "c.299delG",
      "Amino acid change": "P100fsX139",
      "Nucleotide change": "",
      "Exon/Intron Boundary/Promotor": "5"
    },
    "Allele 2": {
      "Trivial name": "299delG",
      "Systematic name": "c.299delG",
      "Amino acid change": "",
      "Nucleotide change": "",
      "Exon/Intron Boundary/Promotor": "5"
    }
  },
  "Lab findings": [
    {
      "Name": "Ammonia",
      "Age": "3 Day(s)",
      "Specimen": "serum/plasma",
      "Quantity": "235 micro-mol/l",
      "Quality": "Increased"
    },
    {
      "Name": "Argininosuccinate synthetase",
      "Age": "3 Day(s)",
      "Specimen": "fibroblasts",
      "Quantity": "9 % activity",
      "Quality": "Decreased"
    },
    {
      "Name": "Citrulline",
      "Age": "3 Day(s)",
      "Specimen": "serum/plasma",
      "Quantity": "3248 micro-mol/l",
      "Quality": "Increased"
    }
  ],
  "Symptoms": [],
  "Diet/drugs": [],
  "Therapy/development": []
}