{
  "MainData": {
    "Patient ID": "888",
    "Diagnosis": "CITRULLINEMIA, CLASSIC (MIM 215700)",
    "Gender": "f",
    "Age of symptoms onset": "3 Day(s)",
    "Age of diagnosis": "2 Day(s)",
    "Found in newborn screening": "n",
    "Diagnosis confirmed": "y",
    "Country": "Japan",
    "Ethnic origin": "Mother: Japanese, Father: Japanese",
    "History": "Patient is P443 of this publication.\nGender not known from publication.\nSevere phenotype.\n\nHum Mutat 22:24-34, 200312815590",
    "Author": "Published Cases",
    "Hospital": "Published Case",
    "Coauthor(s)": "Gao H_Z, Kobayashi K, Tabata A et al.",
    "Date of entry": "2004-01-22"
  },
  "Molecular genetics": {
    "Gene name": "severe",
    "Genotype": "",
    "Allele 1": {
      "Trivial name": "R157C (Father)",
      "Systematic name": "c.469C>T",
      "Amino acid change": "",
      "Nucleotide change": "",
      "Exon/Intron Boundary/Promotor": "7"
    },
    "Allele 2": {
      "Trivial name": "R157C (Mother)",
      "Systematic name": "c.469C>T",
      "Amino acid change": "",
      "Nucleotide change": "",
      "Exon/Intron Boundary/Promotor": "7"
    }
  },
  "Lab findings": [
    {
      "Name": "Ammonia",
      "Age": "2 Day(s)",
      "Specimen": "serum/plasma",
      "Quantity": "2350 micro-mol/l",
      "Quality": "Increased"
    },
    {
      "Name": "Argininosuccinate synthetase",
      "Age": "2 Day(s)",
      "Specimen": "liver",
      "Quantity": "0 % activity",
      "Quality": "Decreased"
    },
    {
      "Name": "Citrulline",
      "Age": "2 Day(s)",
      "Specimen": "serum/plasma",
      "Quantity": "2020 micro-mol/l",
      "Quality": "Increased"
    }
  ],
  "Symptoms": [],
  "Diet/drugs": [],
  "Therapy/development": []
}