{
  "MainData": {
    "Patient ID": "889",
    "Diagnosis": "CITRULLINEMIA, CLASSIC (MIM 215700)",
    "Gender": "f",
    "Age of symptoms onset": "4 Day(s)",
    "Age of diagnosis": "3 Day(s)",
    "Found in newborn screening": "n",
    "Diagnosis confirmed": "n",
    "Country": "Japan",
    "Ethnic origin": "Mother: Japanese, Father: Japanese",
    "History": "Patient is P698 of this publication.\nGender not told in publication.\nSevere phenotype, patient died.\n\nHum Mutat 22:24-34, 200312815590",
    "Author": "Published Cases",
    "Hospital": "Published Case",
    "Coauthor(s)": "Gao H-Z, Kobayashi K, Tabata A et al.",
    "Date of entry": "2004-01-22"
  },
  "Molecular genetics": {
    "Gene name": "severe",
    "Genotype": "",
    "Allele 1": {
      "Trivial name": "R272C (Father)",
      "Systematic name": "c.814C>T",
      "Amino acid change": "",
      "Nucleotide change": "",
      "Exon/Intron Boundary/Promotor": "12"
    },
    "Allele 2": {
      "Trivial name": "R272C (Mother)",
      "Systematic name": "c.814C>T",
      "Amino acid change": "",
      "Nucleotide change": "",
      "Exon/Intron Boundary/Promotor": "12"
    }
  },
  "Lab findings": [
    {
      "Name": "Ammonia",
      "Age": "3 Day(s)",
      "Specimen": "serum/plasma",
      "Quantity": "600 micro-mol/l",
      "Quality": "Increased"
    },
    {
      "Name": "Citrulline",
      "Age": "3 Day(s)",
      "Specimen": "serum/plasma",
      "Quantity": "4193 micro-mol/l",
      "Quality": "Increased"
    }
  ],
  "Symptoms": [],
  "Diet/drugs": [],
  "Therapy/development": []
}