{
  "MainData": {
    "Patient ID": "890",
    "Diagnosis": "CITRULLINEMIA, CLASSIC (MIM 215700)",
    "Gender": "f",
    "Age of symptoms onset": "5 Day(s)",
    "Age of diagnosis": "4 Day(s)",
    "Found in newborn screening": "n",
    "Diagnosis confirmed": "n",
    "Country": "Austria",
    "Ethnic origin": "Mother: Turkish, Father: Turkish",
    "History": "Patient is P372 of this publication.\nGender not told in text.\nSevere phenotype.\n\nHum Mutat 22:24-34, 200312815590",
    "Author": "Published Cases",
    "Hospital": "Published Case",
    "Coauthor(s)": "Gao H-Z, Kobayashi K, Tabata A et al.",
    "Date of entry": "2004-01-22"
  },
  "Molecular genetics": {
    "Gene name": "severe",
    "Genotype": "",
    "Allele 1": {
      "Trivial name": "G117S (Father)",
      "Systematic name": "c.349G>A",
      "Amino acid change": "",
      "Nucleotide change": "",
      "Exon/Intron Boundary/Promotor": "5"
    },
    "Allele 2": {
      "Trivial name": "G117S (Mother)",
      "Systematic name": "c.349G>A",
      "Amino acid change": "",
      "Nucleotide change": "",
      "Exon/Intron Boundary/Promotor": "5"
    }
  },
  "Lab findings": [
    {
      "Name": "Ammonia",
      "Age": "4 Day(s)",
      "Specimen": "serum/plasma",
      "Quantity": "221 micro-mol/l",
      "Quality": "Increased"
    },
    {
      "Name": "Citrulline",
      "Age": "4 Day(s)",
      "Specimen": "serum/plasma",
      "Quantity": "1218 micro-mol/l",
      "Quality": "Increased"
    }
  ],
  "Symptoms": [],
  "Diet/drugs": [],
  "Therapy/development": []
}