{
  "MainData": {
    "Patient ID": "909",
    "Diagnosis": "CITRULLINEMIA, CLASSIC (MIM 215700)",
    "Gender": "m",
    "Age of symptoms onset": "14 Year(s)",
    "Age of diagnosis": "14 Year(s)",
    "Found in newborn screening": "n",
    "Diagnosis confirmed": "y",
    "Country": "Japan",
    "Ethnic origin": "Mother: Japanese, Father: Japanese",
    "History": "Patient is P319 of this publication.\nP319 is brother of P324 (ID 917).\nMild/asymptomatic phenotype.\n\nHum Mutat 22:24-34, 200312815590",
    "Author": "Published Cases",
    "Hospital": "Published Case",
    "Coauthor(s)": "Gao H-Z, Kobayashi K, Tabata A et al.",
    "Date of entry": "2004-01-23"
  },
  "Molecular genetics": {
    "Gene name": "mild/asymptomatic",
    "Genotype": "",
    "Allele 1": {
      "Trivial name": "R265H (mother)",
      "Systematic name": "c.794G>A",
      "Amino acid change": "",
      "Nucleotide change": "",
      "Exon/Intron Boundary/Promotor": "12"
    },
    "Allele 2": {
      "Trivial name": "R265H",
      "Systematic name": "c.794G>A",
      "Amino acid change": "",
      "Nucleotide change": "",
      "Exon/Intron Boundary/Promotor": "12"
    }
  },
  "Lab findings": [
    {
      "Name": "Ammonia",
      "Age": "14 Year(s)",
      "Specimen": "serum/plasma",
      "Quantity": "108 micro-mol/l",
      "Quality": "Increased"
    },
    {
      "Name": "Argininosuccinate synthetase",
      "Age": "14 Year(s)",
      "Specimen": "fibroblasts",
      "Quantity": "0 % activity",
      "Quality": "Decreased"
    },
    {
      "Name": "Citrulline",
      "Age": "14 Year(s)",
      "Specimen": "serum/plasma",
      "Quantity": "1765 micro-mol/l",
      "Quality": "Increased"
    }
  ],
  "Symptoms": [],
  "Diet/drugs": [],
  "Therapy/development": []
}