{
  "MainData": {
    "Patient ID": "912",
    "Diagnosis": "CITRULLINEMIA, CLASSIC (MIM 215700)",
    "Gender": "f",
    "Age of symptoms onset": "5 Day(s)",
    "Age of diagnosis": "4 Day(s)",
    "Found in newborn screening": "n",
    "Diagnosis confirmed": "n",
    "Country": "Germany",
    "Ethnic origin": "Mother: German, Father: German",
    "History": "Patient is P524 of this publication.\nGender not told in text.\nMild/asymptomatic phenotype.\n\nHum Mutat 22:24-34, 200312815590",
    "Author": "Published Cases",
    "Hospital": "Published Case",
    "Coauthor(s)": "Gao H-Z, Kobayashi K, Tabata A et al.",
    "Date of entry": "2004-01-23"
  },
  "Molecular genetics": {
    "Gene name": "mild/asymptomatic",
    "Genotype": "",
    "Allele 1": {
      "Trivial name": "R363W (father)",
      "Systematic name": "c.1087C>T",
      "Amino acid change": "",
      "Nucleotide change": "",
      "Exon/Intron Boundary/Promotor": "14"
    },
    "Allele 2": {
      "Trivial name": "V269M (mother)",
      "Systematic name": "c.805G>A",
      "Amino acid change": "",
      "Nucleotide change": "",
      "Exon/Intron Boundary/Promotor": "12"
    }
  },
  "Lab findings": [
    {
      "Name": "Ammonia",
      "Age": "4 Day(s)",
      "Specimen": "serum/plasma",
      "Quantity": "66 micro-mol/l",
      "Quality": "Normal"
    },
    {
      "Name": "Citrulline",
      "Age": "4 Day(s)",
      "Specimen": "serum/plasma",
      "Quantity": "651 micro-mol/l",
      "Quality": "Increased"
    }
  ],
  "Symptoms": [],
  "Diet/drugs": [],
  "Therapy/development": []
}