{
  "MainData": {
    "Patient ID": "915",
    "Diagnosis": "CITRULLINEMIA, CLASSIC (MIM 215700)",
    "Gender": "f",
    "Age of symptoms onset": "2 Month(s)",
    "Age of diagnosis": "8.57 Week(s)",
    "Found in newborn screening": "n",
    "Diagnosis confirmed": "n",
    "Country": "Germany",
    "Ethnic origin": "Mother: Turkish, Father: Turkish",
    "History": "Patient is P649 of this publication.\nGender not managed in text.\nMild/asymptomatic phenotype.\n\nHum Mutat 22:24-34, 200312815590",
    "Author": "Published Cases",
    "Hospital": "Published Case",
    "Coauthor(s)": "Gao H-Z, Kobayashi K, Tabata A et al.",
    "Date of entry": "2004-01-23"
  },
  "Molecular genetics": {
    "Gene name": "mild/asymptomatic",
    "Genotype": "",
    "Allele 1": {
      "Trivial name": "G362V",
      "Systematic name": "c.1085G>T",
      "Amino acid change": "",
      "Nucleotide change": "",
      "Exon/Intron Boundary/Promotor": "14"
    },
    "Allele 2": {
      "Trivial name": "G362V",
      "Systematic name": "c.1085G>T",
      "Amino acid change": "",
      "Nucleotide change": "",
      "Exon/Intron Boundary/Promotor": "14"
    }
  },
  "Lab findings": [
    {
      "Name": "Ammonia",
      "Age": "8.57 Week(s)",
      "Specimen": "serum/plasma",
      "Quantity": "18 micro-mol/l",
      "Quality": "Normal"
    },
    {
      "Name": "Citrulline",
      "Age": "8.57 Week(s)",
      "Specimen": "serum/plasma",
      "Quantity": "250 micro-mol/l",
      "Quality": "Increased"
    }
  ],
  "Symptoms": [],
  "Diet/drugs": [],
  "Therapy/development": []
}