{
  "MainData": {
    "Patient ID": "920",
    "Diagnosis": "MEVALONATE KINASE (MIM 251170)",
    "Gender": "f",
    "Age of symptoms onset": "0 Day(s)",
    "Age of diagnosis": "0 Day(s)",
    "Found in newborn screening": "n",
    "Diagnosis confirmed": "n",
    "Country": "Germany",
    "Ethnic origin": "Mother: unknown, Father: unknown",
    "History": "Patient is patient 1 of this publication.\nShe died with 6 months during a crisis with\nfever, vomiting and diarrhea. The patient\nshowed no cerebellar athrophy.\nA younger sibling was diagnosed prenatally \nand the pregnancy was terminated. \n\nPediatrics 91:915-921, 19938386351",
    "Author": "Published Cases",
    "Hospital": "Published Case",
    "Coauthor(s)": "Hoffmann GF, Charpentier C, Mayatepek E et al.",
    "Date of entry": "2004-01-26"
  },
  "Molecular genetics": {
    "Gene name": "",
    "Genotype": "",
    "Allele 1": {
      "Trivial name": "",
      "Systematic name": "",
      "Amino acid change": "",
      "Nucleotide change": "",
      "Exon/Intron Boundary/Promotor": ""
    },
    "Allele 2": {
      "Trivial name": "",
      "Systematic name": "",
      "Amino acid change": "",
      "Nucleotide change": "",
      "Exon/Intron Boundary/Promotor": ""
    }
  },
  "Lab findings": [
    {
      "Name": "ALAT (GPT)",
      "Age": "4.99 Month(s)",
      "Specimen": "serum/plasma",
      "Quantity": "4 U/l",
      "Quality": "Normal"
    },
    {
      "Name": "ASAT (GOT)",
      "Age": "4.99 Month(s)",
      "Specimen": "serum/plasma",
      "Quantity": "7 U/l",
      "Quality": "Normal"
    },
    {
      "Name": "Cholesterol",
      "Age": "4.99 Month(s)",
      "Specimen": "serum/plasma",
      "Quantity": "3.4 mmol/l",
      "Quality": "Normal"
    },
    {
      "Name": "Creatinine kinase",
      "Age": "4.99 Month(s)",
      "Specimen": "serum/plasma",
      "Quantity": "8 U/l",
      "Quality": "Normal"
    },
    {
      "Name": "Hemoglobine",
      "Age": "4.99 Month(s)",
      "Specimen": "blood",
      "Quantity": "6.1 g/dl",
      "Quality": "Decreased"
    },
    {
      "Name": "Mevalonate kinase",
      "Age": "4.99 Month(s)",
      "Specimen": "fibroblasts",
      "Quantity": "0 % activity",
      "Quality": "Decreased"
    },
    {
      "Name": "Mevalonic acid",
      "Age": "4.99 Month(s)",
      "Specimen": "urine",
      "Quantity": "26 mmol/mol Crea",
      "Quality": "Increased"
    },
    {
      "Name": "Mevalonic acid",
      "Age": "4.99 Month(s)",
      "Specimen": "serum/plasma",
      "Quantity": "540 micro-mol/l",
      "Quality": "Increased"
    }
  ],
  "Symptoms": [
    {
      "Name": "Fever",
      "Age": "4.99 Month(s)",
      "Range": "high [39,5-40,5 degrees Celsius]"
    },
    {
      "Name": "ataxia",
      "Age": "4.99 Month(s)",
      "Range": "no"
    },
    {
      "Name": "blue eyes",
      "Age": "4.99 Month(s)",
      "Range": "yes"
    },
    {
      "Name": "cataract",
      "Age": "4.99 Month(s)",
      "Range": "no"
    },
    {
      "Name": "diarrhea",
      "Age": "4.99 Month(s)",
      "Range": "severe"
    },
    {
      "Name": "dysmorphism",
      "Age": "4.99 Month(s)",
      "Range": "yes"
    },
    {
      "Name": "failure to thrive",
      "Age": "4.99 Month(s)",
      "Range": "severe"
    },
    {
      "Name": "growth retardation",
      "Age": "4.99 Month(s)",
      "Range": "yes"
    },
    {
      "Name": "hypotonia",
      "Age": "4.99 Month(s)",
      "Range": "yes"
    },
    {
      "Name": "large liver",
      "Age": "4.99 Month(s)",
      "Range": "yes"
    },
    {
      "Name": "large spleen",
      "Age": "4.99 Month(s)",
      "Range": "yes"
    },
    {
      "Name": "motor retardation",
      "Age": "8.57 Week(s)",
      "Range": "yes"
    },
    {
      "Name": "myopathy",
      "Age": "4.99 Month(s)",
      "Range": "yes"
    },
    {
      "Name": "seizures",
      "Age": "4.99 Month(s)",
      "Range": "no"
    },
    {
      "Name": "vomiting",
      "Age": "4.99 Month(s)",
      "Range": "severe"
    }
  ],
  "Diet/drugs": [],
  "Therapy/development": []
}