{
  "MainData": {
    "Patient ID": "922",
    "Diagnosis": "MEVALONATE KINASE (MIM 251170)",
    "Gender": "m",
    "Age of symptoms onset": "0 Day(s)",
    "Age of diagnosis": "0 Day(s)",
    "Found in newborn screening": "n",
    "Diagnosis confirmed": "n",
    "Country": "Germany",
    "Ethnic origin": "Mother: unknown, Father: unknown",
    "History": "Patient is patient 3 of this publication.\nHe died with 11 months during a crisis with\nfever, vomiting an diarrhea. \n\nPediatrics 91:915-921, 19938386351",
    "Author": "Published Cases",
    "Hospital": "Published Case",
    "Coauthor(s)": "Hoffmann GF, Charpentier C, Mayatepek E et al.",
    "Date of entry": "2004-01-26"
  },
  "Molecular genetics": {
    "Gene name": "",
    "Genotype": "",
    "Allele 1": {
      "Trivial name": "",
      "Systematic name": "",
      "Amino acid change": "",
      "Nucleotide change": "",
      "Exon/Intron Boundary/Promotor": ""
    },
    "Allele 2": {
      "Trivial name": "",
      "Systematic name": "",
      "Amino acid change": "",
      "Nucleotide change": "",
      "Exon/Intron Boundary/Promotor": ""
    }
  },
  "Lab findings": [
    {
      "Name": "Cholesterol",
      "Age": "10.02 Month(s)",
      "Specimen": "serum/plasma",
      "Quantity": "3.1 mmol/l",
      "Quality": "Normal"
    },
    {
      "Name": "Hemoglobine",
      "Age": "10.02 Month(s)",
      "Specimen": "blood",
      "Quantity": "",
      "Quality": "Decreased"
    },
    {
      "Name": "Mevalonate kinase",
      "Age": "10.02 Month(s)",
      "Specimen": "fibroblasts",
      "Quantity": "60 % activity",
      "Quality": "Decreased"
    },
    {
      "Name": "Mevalonic acid",
      "Age": "10.02 Month(s)",
      "Specimen": "urine",
      "Quantity": "3.6 mmol/mol Crea",
      "Quality": "Increased"
    }
  ],
  "Symptoms": [
    {
      "Name": "blue eyes",
      "Age": "10.02 Month(s)",
      "Range": "yes"
    },
    {
      "Name": "cataract",
      "Age": "10.02 Month(s)",
      "Range": "no"
    },
    {
      "Name": "dysmorphism",
      "Age": "10.02 Month(s)",
      "Range": "yes"
    },
    {
      "Name": "failure to thrive",
      "Age": "10.02 Month(s)",
      "Range": "moderate"
    },
    {
      "Name": "growth retardation",
      "Age": "10.02 Month(s)",
      "Range": "yes"
    },
    {
      "Name": "hypotonia",
      "Age": "10.02 Month(s)",
      "Range": "yes"
    },
    {
      "Name": "large liver",
      "Age": "10.02 Month(s)",
      "Range": "yes"
    },
    {
      "Name": "large spleen",
      "Age": "10.02 Month(s)",
      "Range": "yes"
    },
    {
      "Name": "motor retardation",
      "Age": "10.02 Month(s)",
      "Range": "yes"
    },
    {
      "Name": "myopathy",
      "Age": "10.02 Month(s)",
      "Range": "yes"
    }
  ],
  "Diet/drugs": [],
  "Therapy/development": []
}