{
  "MainData": {
    "Patient ID": "923",
    "Diagnosis": "MEVALONATE KINASE (MIM 251170)",
    "Gender": "f",
    "Age of symptoms onset": "0 Day(s)",
    "Age of diagnosis": "0 Day(s)",
    "Found in newborn screening": "n",
    "Diagnosis confirmed": "n",
    "Country": "Germany",
    "Ethnic origin": "Mother: unknown, Father: unknown",
    "History": "Patient is patient 4 of this publication.\nShe died at the age of 4 years due to a \ncrisis with fever, vomiting and diarrhea.\n\n\nPediatrics 91:915-921, 19938386351",
    "Author": "Published Cases",
    "Hospital": "Published Case",
    "Coauthor(s)": "",
    "Date of entry": "2004-01-26"
  },
  "Molecular genetics": {
    "Gene name": "",
    "Genotype": "",
    "Allele 1": {
      "Trivial name": "",
      "Systematic name": "",
      "Amino acid change": "",
      "Nucleotide change": "",
      "Exon/Intron Boundary/Promotor": ""
    },
    "Allele 2": {
      "Trivial name": "",
      "Systematic name": "",
      "Amino acid change": "",
      "Nucleotide change": "",
      "Exon/Intron Boundary/Promotor": ""
    }
  },
  "Lab findings": [
    {
      "Name": "ALAT (GPT)",
      "Age": "4 Year(s)",
      "Specimen": "serum/plasma",
      "Quantity": "",
      "Quality": "Increased"
    },
    {
      "Name": "ASAT (GOT)",
      "Age": "4 Year(s)",
      "Specimen": "serum/plasma",
      "Quantity": "",
      "Quality": "Increased"
    },
    {
      "Name": "Creatinine kinase",
      "Age": "4 Year(s)",
      "Specimen": "serum/plasma",
      "Quantity": "",
      "Quality": "Increased"
    }
  ],
  "Symptoms": [
    {
      "Name": "Fever",
      "Age": "4 Year(s)",
      "Range": "high [39,5-40,5 degrees Celsius]"
    },
    {
      "Name": "ataxia",
      "Age": "4 Year(s)",
      "Range": "yes"
    },
    {
      "Name": "cataract",
      "Age": "4 Year(s)",
      "Range": "no"
    },
    {
      "Name": "diarrhea",
      "Age": "4 Year(s)",
      "Range": "moderate"
    },
    {
      "Name": "dysmorphism",
      "Age": "4 Year(s)",
      "Range": "yes"
    },
    {
      "Name": "failure to thrive",
      "Age": "4 Year(s)",
      "Range": "moderate"
    },
    {
      "Name": "hypotonia",
      "Age": "4 Year(s)",
      "Range": "yes"
    },
    {
      "Name": "large liver",
      "Age": "4 Year(s)",
      "Range": "yes"
    },
    {
      "Name": "large spleen",
      "Age": "4 Year(s)",
      "Range": "yes"
    },
    {
      "Name": "motor retardation",
      "Age": "4 Year(s)",
      "Range": "yes"
    },
    {
      "Name": "myopathy",
      "Age": "4 Year(s)",
      "Range": "yes"
    },
    {
      "Name": "seizures",
      "Age": "4 Year(s)",
      "Range": "no"
    },
    {
      "Name": "vomiting",
      "Age": "4 Year(s)",
      "Range": "moderate"
    }
  ],
  "Diet/drugs": [],
  "Therapy/development": []
}