{
  "MainData": {
    "Patient ID": "932",
    "Diagnosis": "VITAMIN D-DEPENDENT RICKETS, TYPE II (MIM 277440)",
    "Gender": "m",
    "Age of symptoms onset": "3 Year(s)",
    "Age of diagnosis": "3 Year(s)",
    "Found in newborn screening": "n",
    "Diagnosis confirmed": "n",
    "Country": "Netherlands",
    "Ethnic origin": "Mother: Turkish, Father: Turkish",
    "History": "A 3 year old boy suspected for nocturnal hypoglycaemia showed normal fasting glucose levels and no metabolic acidosis. But a strongly elevated excretion of MMA was found. From seven siblings further five (one brother, four sisters) showed elevated excretion of MMA. None of the childs showed symptoms that could be attributed to methylmalonic aciduria.\n\nEur J Pediatr 161:219-220, 200212014390",
    "Author": "Published Cases",
    "Hospital": "Published Case",
    "Coauthor(s)": "Martens DHJ, Bakker JA, van der Meer SB, Spaapen LJM",
    "Date of entry": "2004-01-27"
  },
  "Molecular genetics": {
    "Gene name": "",
    "Genotype": "",
    "Allele 1": {
      "Trivial name": "",
      "Systematic name": "",
      "Amino acid change": "",
      "Nucleotide change": "",
      "Exon/Intron Boundary/Promotor": ""
    },
    "Allele 2": {
      "Trivial name": "",
      "Systematic name": "",
      "Amino acid change": "",
      "Nucleotide change": "",
      "Exon/Intron Boundary/Promotor": ""
    }
  },
  "Lab findings": [
    {
      "Name": "3-Hydroxypropionic acid",
      "Age": "3 Year(s)",
      "Specimen": "urine",
      "Quantity": "",
      "Quality": "Increased"
    },
    {
      "Name": "Acylcarnitine/carnitine",
      "Age": "3 Year(s)",
      "Specimen": "urine",
      "Quantity": "",
      "Quality": "Normal"
    },
    {
      "Name": "Carnitine, free",
      "Age": "3 Year(s)",
      "Specimen": "serum/plasma",
      "Quantity": "",
      "Quality": "Normal"
    },
    {
      "Name": "Hemoglobine",
      "Age": "3 Year(s)",
      "Specimen": "blood",
      "Quantity": "",
      "Quality": "Normal"
    },
    {
      "Name": "Homocysteine",
      "Age": "3 Year(s)",
      "Specimen": "serum/plasma",
      "Quantity": "4.3 micro-mol/l",
      "Quality": "Normal"
    },
    {
      "Name": "Methylcitric acid",
      "Age": "3 Year(s)",
      "Specimen": "urine",
      "Quantity": "",
      "Quality": "Increased"
    },
    {
      "Name": "Methylmalonic acid",
      "Age": "3 Year(s)",
      "Specimen": "serum/plasma",
      "Quantity": "",
      "Quality": "Normal"
    },
    {
      "Name": "Methylmalonic acid",
      "Age": "3 Year(s)",
      "Specimen": "urine",
      "Quantity": "1171 mmol/mol Crea",
      "Quality": "Increased"
    },
    {
      "Name": "Methylmalonyl CoA mutase",
      "Age": "3 Year(s)",
      "Specimen": "fibroblasts",
      "Quantity": "",
      "Quality": "Normal"
    },
    {
      "Name": "Vitamin B12",
      "Age": "3 Year(s)",
      "Specimen": "serum/plasma",
      "Quantity": "",
      "Quality": "Normal"
    }
  ],
  "Symptoms": [
    {
      "Name": "eye movements, abnormal",
      "Age": "3 Year(s)",
      "Range": "yes"
    },
    {
      "Name": "hand movements, abnormal, stereotyped",
      "Age": "3 Year(s)",
      "Range": "yes"
    },
    {
      "Name": "sweating",
      "Age": "3 Year(s)",
      "Range": "yes"
    }
  ],
  "Diet/drugs": [],
  "Therapy/development": []
}