{
  "MainData": {
    "Patient ID": "936",
    "Diagnosis": "PHENYLKETONURIA (MIM 261600)",
    "Gender": "f",
    "Age of symptoms onset": "0 Day(s)",
    "Age of diagnosis": "6 Day(s)",
    "Found in newborn screening": "y",
    "Diagnosis confirmed": "y",
    "Country": "Germany",
    "Ethnic origin": "Mother: German, Father: German",
    "History": "The patient was found in the newborn screening program with increased levels of phenylalanine. Molecular genetic analysis revealed two mutations for a classical form of phenylketonuria.\r\nExcellent dietary treatment from the second week of life up to the age of 10 years. In the following years, slackening  and finally stop of diet.\r\nBH4 loading test did not show any decrease of blood phenylalanine.",
    "Author": "Friedrich Trefz",
    "Hospital": "Childrens Hospital Reutlingen",
    "Coauthor(s)": "",
    "Date of entry": "2004-03-02"
  },
  "Molecular genetics": {
    "Gene name": "PAH gene",
    "Genotype": "p.F39L/ p.R252W",
    "Allele 1": {
      "Trivial name": "p.F39L",
      "Systematic name": "c.117C>G",
      "Amino acid change": "Phe>Leu",
      "Nucleotide change": "TTC>TTG",
      "Exon/Intron Boundary/Promotor": ""
    },
    "Allele 2": {
      "Trivial name": "p.R252W",
      "Systematic name": "c.754C>T",
      "Amino acid change": "Arg>Trp",
      "Nucleotide change": "CGG>TGG",
      "Exon/Intron Boundary/Promotor": ""
    }
  },
  "Lab findings": [
    {
      "Name": "Phenylalanine",
      "Age": "4.45 Year(s)",
      "Specimen": "blood",
      "Quantity": "609 micro-mol/l",
      "Quality": "Increased"
    },
    {
      "Name": "Phenylalanine",
      "Age": "4.48 Year(s)",
      "Specimen": "blood",
      "Quantity": "1230 micro-mol/l",
      "Quality": "Increased"
    },
    {
      "Name": "Phenylalanine",
      "Age": "4.5 Year(s)",
      "Specimen": "blood",
      "Quantity": "1368 micro-mol/l",
      "Quality": "Increased"
    },
    {
      "Name": "Phenylalanine",
      "Age": "4.53 Year(s)",
      "Specimen": "blood",
      "Quantity": "1896 micro-mol/l",
      "Quality": "Increased"
    },
    {
      "Name": "Phenylalanine",
      "Age": "4.62 Year(s)",
      "Specimen": "blood",
      "Quantity": "1571 micro-mol/l",
      "Quality": "Increased"
    },
    {
      "Name": "Phenylalanine",
      "Age": "26.13 Year(s)",
      "Specimen": "blood",
      "Quantity": "1687 micro-mol/l",
      "Quality": "Increased"
    },
    {
      "Name": "Phenylalanine",
      "Age": "27.32 Year(s)",
      "Specimen": "blood",
      "Quantity": "1700 micro-mol/l",
      "Quality": "Increased"
    },
    {
      "Name": "Tyrosine",
      "Age": "4.45 Year(s)",
      "Specimen": "blood",
      "Quantity": "88 micro-mol/l",
      "Quality": "Normal"
    },
    {
      "Name": "Tyrosine",
      "Age": "26.13 Year(s)",
      "Specimen": "blood",
      "Quantity": "70 micro-mol/l",
      "Quality": "Normal"
    },
    {
      "Name": "Tyrosine",
      "Age": "27.32 Year(s)",
      "Specimen": "blood",
      "Quantity": "89 micro-mol/l",
      "Quality": "Normal"
    }
  ],
  "Symptoms": [
    {
      "Name": "abnormal in neonatal screening",
      "Age": "6 Day(s)",
      "Range": "yes"
    }
  ],
  "Diet/drugs": [],
  "Therapy/development": [
    {
      "Name": "length",
      "Age": "26.13 Year(s)",
      "Quantity": "164  cm",
      "Type": "development"
    },
    {
      "Name": "no specific treatment",
      "Age": "26.13 Year(s)",
      "Quantity": "",
      "Type": ""
    },
    {
      "Name": "phenylalanine-restricted diet",
      "Age": "8 Day(s)",
      "Quantity": "",
      "Type": ""
    },
    {
      "Name": "weight",
      "Age": "26.13 Year(s)",
      "Quantity": "65  kg",
      "Type": "development"
    }
  ]
}