{
  "MainData": {
    "Patient ID": "939",
    "Diagnosis": "PHENYLKETONURIA (MIM 261600)",
    "Gender": "m",
    "Age of symptoms onset": "0 Day(s)",
    "Age of diagnosis": "4 Day(s)",
    "Found in newborn screening": "y",
    "Diagnosis confirmed": "y",
    "Country": "Germany",
    "Ethnic origin": "Mother: Turkish, Father: Turkish",
    "History": "The patient was found in the newborn screening program with elevated levels of phenylalanine. BH4-loading test revealed BH4-sensitive hyperphenylalaninemia without indication of treatment. Normal development.",
    "Author": "Friedrich Trefz",
    "Hospital": "Childrens Hospital Reutlingen",
    "Coauthor(s)": "",
    "Date of entry": "2004-03-31"
  },
  "Molecular genetics": {
    "Gene name": "PAH gene",
    "Genotype": "p.A403V/ p.A403V",
    "Allele 1": {
      "Trivial name": "p.A403V",
      "Systematic name": "c.1208C>T",
      "Amino acid change": "Ala>Val",
      "Nucleotide change": "GCT>GTT",
      "Exon/Intron Boundary/Promotor": "12"
    },
    "Allele 2": {
      "Trivial name": "p.A403V",
      "Systematic name": "c.1208C>T",
      "Amino acid change": "Ala>Val",
      "Nucleotide change": "GCT>GTT",
      "Exon/Intron Boundary/Promotor": "12"
    }
  },
  "Lab findings": [
    {
      "Name": "Phenylalanine",
      "Age": "3.14 Week(s)",
      "Specimen": "blood",
      "Quantity": "84 micro-mol/l",
      "Quality": "Normal"
    },
    {
      "Name": "Phenylalanine",
      "Age": "3.14 Week(s)",
      "Specimen": "blood",
      "Quantity": "54 micro-mol/l",
      "Quality": "Normal"
    },
    {
      "Name": "Phenylalanine",
      "Age": "3.14 Week(s)",
      "Specimen": "blood",
      "Quantity": "306 micro-mol/l",
      "Quality": "Increased"
    },
    {
      "Name": "Phenylalanine",
      "Age": "3.29 Week(s)",
      "Specimen": "blood",
      "Quantity": "222 micro-mol/l",
      "Quality": "Increased"
    },
    {
      "Name": "Phenylalanine",
      "Age": "3.29 Week(s)",
      "Specimen": "blood",
      "Quantity": "60 micro-mol/l",
      "Quality": "Normal"
    },
    {
      "Name": "Phenylalanine",
      "Age": "8.86 Week(s)",
      "Specimen": "blood",
      "Quantity": "367 micro-mol/l",
      "Quality": "Increased"
    },
    {
      "Name": "Phenylalanine",
      "Age": "2.53 Month(s)",
      "Specimen": "blood",
      "Quantity": "477 micro-mol/l",
      "Quality": "Increased"
    },
    {
      "Name": "Phenylalanine",
      "Age": "3.15 Month(s)",
      "Specimen": "blood",
      "Quantity": "375 micro-mol/l",
      "Quality": "Increased"
    },
    {
      "Name": "Phenylalanine",
      "Age": "4.37 Month(s)",
      "Specimen": "blood",
      "Quantity": "170 micro-mol/l",
      "Quality": "Increased"
    },
    {
      "Name": "Phenylalanine",
      "Age": "5.06 Month(s)",
      "Specimen": "blood",
      "Quantity": "278 micro-mol/l",
      "Quality": "Increased"
    },
    {
      "Name": "Phenylalanine",
      "Age": "6.27 Month(s)",
      "Specimen": "blood",
      "Quantity": "82 micro-mol/l",
      "Quality": "Normal"
    },
    {
      "Name": "Phenylalanine",
      "Age": "8.93 Month(s)",
      "Specimen": "blood",
      "Quantity": "161 micro-mol/l",
      "Quality": "Increased"
    },
    {
      "Name": "Phenylalanine",
      "Age": "2.55 Year(s)",
      "Specimen": "blood",
      "Quantity": "267 micro-mol/l",
      "Quality": "Increased"
    },
    {
      "Name": "Tyrosine",
      "Age": "8.86 Week(s)",
      "Specimen": "blood",
      "Quantity": "162 micro-mol/l",
      "Quality": "Normal"
    },
    {
      "Name": "Tyrosine",
      "Age": "2.53 Month(s)",
      "Specimen": "blood",
      "Quantity": "262 micro-mol/l",
      "Quality": "Increased"
    },
    {
      "Name": "Tyrosine",
      "Age": "3.15 Month(s)",
      "Specimen": "blood",
      "Quantity": "234 micro-mol/l",
      "Quality": "Increased"
    },
    {
      "Name": "Tyrosine",
      "Age": "4.37 Month(s)",
      "Specimen": "blood",
      "Quantity": "92 micro-mol/l",
      "Quality": "Normal"
    },
    {
      "Name": "Tyrosine",
      "Age": "5.06 Month(s)",
      "Specimen": "blood",
      "Quantity": "264 micro-mol/l",
      "Quality": "Increased"
    },
    {
      "Name": "Tyrosine",
      "Age": "6.27 Month(s)",
      "Specimen": "blood",
      "Quantity": "124 micro-mol/l",
      "Quality": "Normal"
    },
    {
      "Name": "Tyrosine",
      "Age": "8.93 Month(s)",
      "Specimen": "blood",
      "Quantity": "108 micro-mol/l",
      "Quality": "Normal"
    },
    {
      "Name": "Tyrosine",
      "Age": "2.55 Year(s)",
      "Specimen": "blood",
      "Quantity": "59 micro-mol/l",
      "Quality": "Normal"
    }
  ],
  "Symptoms": [
    {
      "Name": "abnormal in neonatal screening",
      "Age": "4 Day(s)",
      "Range": "yes"
    },
    {
      "Name": "no clinical signs or symptoms",
      "Age": "3.14 Week(s)",
      "Range": "yes"
    },
    {
      "Name": "no clinical signs or symptoms",
      "Age": "4.44 Month(s)",
      "Range": "yes"
    },
    {
      "Name": "speech development, delayed, abnormal",
      "Age": "2.55 Year(s)",
      "Range": "yes"
    },
    {
      "Name": "tetrahydrobiopterin-sensitivity",
      "Age": "3.29 Week(s)",
      "Range": "yes"
    }
  ],
  "Diet/drugs": [],
  "Therapy/development": [
    {
      "Name": "head circumference",
      "Age": "3.14 Week(s)",
      "Quantity": "37.2  cm",
      "Type": "development"
    },
    {
      "Name": "head circumference",
      "Age": "4.44 Month(s)",
      "Quantity": "42.5  cm",
      "Type": "development"
    },
    {
      "Name": "head circumference",
      "Age": "6.37 Month(s)",
      "Quantity": "42.5  cm",
      "Type": "development"
    },
    {
      "Name": "length",
      "Age": "3.14 Week(s)",
      "Quantity": "57  cm",
      "Type": "development"
    },
    {
      "Name": "length",
      "Age": "4.44 Month(s)",
      "Quantity": "66  cm",
      "Type": "development"
    },
    {
      "Name": "length",
      "Age": "6.37 Month(s)",
      "Quantity": "70  cm",
      "Type": "development"
    },
    {
      "Name": "length",
      "Age": "8.93 Month(s)",
      "Quantity": "",
      "Type": "development"
    },
    {
      "Name": "no treatment indicated/recommended",
      "Age": "3.29 Week(s)",
      "Quantity": "",
      "Type": ""
    },
    {
      "Name": "weight",
      "Age": "3.14 Week(s)",
      "Quantity": "4.5  kg",
      "Type": "development"
    },
    {
      "Name": "weight",
      "Age": "4.44 Month(s)",
      "Quantity": "6.8  kg",
      "Type": "development"
    },
    {
      "Name": "weight",
      "Age": "6.37 Month(s)",
      "Quantity": "7.4  kg",
      "Type": "development"
    },
    {
      "Name": "weight",
      "Age": "8.93 Month(s)",
      "Quantity": "8.6  kg",
      "Type": "development"
    },
    {
      "Name": "weight",
      "Age": "2.55 Year(s)",
      "Quantity": "13.2  kg",
      "Type": "development"
    },
    {
      "Name": "weight at birth",
      "Age": "1 Day(s)",
      "Quantity": "3.9  kg",
      "Type": "perinatal"
    }
  ]
}