{
  "MainData": {
    "Patient ID": "942",
    "Diagnosis": "3-@HYDROXY-3-METHYLGLUTARYL-CoA LYASE DEFICIENCY (MIM 246450)",
    "Gender": "m",
    "Age of symptoms onset": "3 Day(s)",
    "Age of diagnosis": "2 Day(s)",
    "Found in newborn screening": "n",
    "Diagnosis confirmed": "y",
    "Country": "Czech Republic",
    "Ethnic origin": "Mother: Caucasian, Father: Caucasian",
    "History": "The 6 year-old boy was born at term from the first uncomplicated pregnancy. After a metabolic crisis at three days of life he remained without decompensation under low protein diet with carnitine and leucine-free amino acid mixture. Antiepileptic therapy was started at the age of 3 years, because of two attacks of generalized seizures.\n\nJ. Inherit. Metab. Dis. 26 (2003) 433-44114518825",
    "Author": "Published Cases",
    "Hospital": "Published Case",
    "Coauthor(s)": "Poapisilova E, Mrazova L, Hrda J, Martincova O, Zeman J",
    "Date of entry": "2004-04-30"
  },
  "Molecular genetics": {
    "Gene name": "",
    "Genotype": "HL gene on chromosome 1p36.1",
    "Allele 1": {
      "Trivial name": "H233R",
      "Systematic name": "c.698A>G",
      "Amino acid change": "",
      "Nucleotide change": "",
      "Exon/Intron Boundary/Promotor": "7"
    },
    "Allele 2": {
      "Trivial name": "H233R",
      "Systematic name": "c.698A>G",
      "Amino acid change": "",
      "Nucleotide change": "",
      "Exon/Intron Boundary/Promotor": "7"
    }
  },
  "Lab findings": [
    {
      "Name": "3-Hydroxy-3-methylglutaric acid",
      "Age": "5 Day(s)",
      "Specimen": "urine",
      "Quantity": "6971 mmol/mol Crea",
      "Quality": "Increased"
    },
    {
      "Name": "3-Hydroxy-3-methylglutaryl-CoA lyase",
      "Age": "5 Day(s)",
      "Specimen": "leucocytes",
      "Quantity": "0.5 % activity",
      "Quality": "Decreased"
    },
    {
      "Name": "3-Hydroxy-3-methylglutaryl-CoA lyase",
      "Age": "5 Day(s)",
      "Specimen": "fibroblasts",
      "Quantity": "0.5 % activity",
      "Quality": "Decreased"
    },
    {
      "Name": "3-Hydroxyisovaleric acid",
      "Age": "5 Day(s)",
      "Specimen": "urine",
      "Quantity": "364 mmol/mol Crea",
      "Quality": "Increased"
    },
    {
      "Name": "3-Methylglutaconic acid",
      "Age": "5 Day(s)",
      "Specimen": "urine",
      "Quantity": "4238 mmol/mol Crea",
      "Quality": "Increased"
    },
    {
      "Name": "Dicarboxylic acids",
      "Age": "5 Day(s)",
      "Specimen": "urine",
      "Quantity": "",
      "Quality": "Increased"
    },
    {
      "Name": "Lactate",
      "Age": "5 Day(s)",
      "Specimen": "urine",
      "Quantity": "",
      "Quality": "Increased"
    }
  ],
  "Symptoms": [
    {
      "Name": "hypotonia",
      "Age": "2 Day(s)",
      "Range": "yes"
    },
    {
      "Name": "irritability",
      "Age": "3 Day(s)",
      "Range": "yes"
    },
    {
      "Name": "metabolic acidosis",
      "Age": "3 Day(s)",
      "Range": "yes"
    },
    {
      "Name": "metabolic acidosis",
      "Age": "13 Day(s)",
      "Range": "no"
    },
    {
      "Name": "opisthotonus",
      "Age": "3 Day(s)",
      "Range": "yes"
    },
    {
      "Name": "seizures",
      "Age": "3 Day(s)",
      "Range": "yes"
    },
    {
      "Name": "seizures",
      "Age": "3 Year(s)",
      "Range": "yes"
    },
    {
      "Name": "seizures",
      "Age": "3.16 Year(s)",
      "Range": "yes"
    }
  ],
  "Diet/drugs": [
    {
      "Name": "L-carnitine",
      "Age": "13 Day(s)",
      "Dosage": "",
      "Route": "oral"
    },
    {
      "Name": "essential amino acids, protein intake",
      "Age": "13 Day(s)",
      "Dosage": "",
      "Route": "oral"
    },
    {
      "Name": "leucine",
      "Age": "13 Day(s)",
      "Dosage": "0 g/kg/day",
      "Route": "oral"
    },
    {
      "Name": "protein (natural)",
      "Age": "13 Day(s)",
      "Dosage": "1.5 g/kg/day",
      "Route": "oral"
    }
  ],
  "Therapy/development": [
    {
      "Name": "glucose intake",
      "Age": "2 Day(s)",
      "Quantity": "",
      "Type": ""
    },
    {
      "Name": "length at birth",
      "Age": "1 Day(s)",
      "Quantity": "53  cm",
      "Type": "perinatal"
    },
    {
      "Name": "ventilatory support",
      "Age": "2 Day(s)",
      "Quantity": "",
      "Type": ""
    },
    {
      "Name": "weight at birth",
      "Age": "1 Day(s)",
      "Quantity": "3.6  kg",
      "Type": "perinatal"
    }
  ]
}