{
  "MainData": {
    "Patient ID": "945",
    "Diagnosis": "HOMOCYSTINURIA (MIM 236200)",
    "Gender": "f",
    "Age of symptoms onset": "0 Day(s)",
    "Age of diagnosis": "11 Year(s)",
    "Found in newborn screening": "n",
    "Diagnosis confirmed": "y",
    "Country": "Spain",
    "Ethnic origin": "Mother: Hispanic, Father: Hispanic",
    "History": "Patient Number 11 of publication, sex not described. Patients clinical manifestations are severe.\n\nHuman Mutation #624 (2003) Online12815602",
    "Author": "Published Cases",
    "Hospital": "Published Case",
    "Coauthor(s)": "Urreizti R, Balcells S, Rodes M, Vilarinho L et al",
    "Date of entry": "2004-04-30"
  },
  "Molecular genetics": {
    "Gene name": "",
    "Genotype": "CBS gene",
    "Allele 1": {
      "Trivial name": "L338P",
      "Systematic name": "c.1013T>C",
      "Amino acid change": "",
      "Nucleotide change": "",
      "Exon/Intron Boundary/Promotor": "9"
    },
    "Allele 2": {
      "Trivial name": "L338P",
      "Systematic name": "c.1013T>C",
      "Amino acid change": "",
      "Nucleotide change": "",
      "Exon/Intron Boundary/Promotor": "9"
    }
  },
  "Lab findings": [],
  "Symptoms": [
    {
      "Name": "arachnodactyly",
      "Age": "11 Year(s)",
      "Range": "yes"
    },
    {
      "Name": "eye defect",
      "Age": "11 Year(s)",
      "Range": "in infancy or childhood"
    },
    {
      "Name": "neurologic defect",
      "Age": "11 Year(s)",
      "Range": "in infancy or childhood"
    },
    {
      "Name": "peripheral vascular disease",
      "Age": "11 Year(s)",
      "Range": "yes"
    },
    {
      "Name": "skeletal changes",
      "Age": "11 Year(s)",
      "Range": "yes"
    }
  ],
  "Diet/drugs": [],
  "Therapy/development": []
}