{
  "MainData": {
    "Patient ID": "953",
    "Diagnosis": "ACYL-CoA DEHYDROGENASE, MEDIUM-CHAIN, DEFICIENCY OF (MIM 201450)",
    "Gender": "f",
    "Age of symptoms onset": "0 Day(s)",
    "Age of diagnosis": "5 Day(s)",
    "Found in newborn screening": "y",
    "Diagnosis confirmed": "y",
    "Country": "Germany",
    "Ethnic origin": "Mother: German, Father: German",
    "History": "The patient was found in the expanded newborn screening program with elevated levels of the medium chain acylcarnitines (Prof. Sander, Hannover,Germany).\r\nCarnitine substitution and avoidance of fasting. Normal development.",
    "Author": "Friedrich Trefz",
    "Hospital": "Childrens Hospital Reutlingen",
    "Coauthor(s)": "",
    "Date of entry": "2004-05-17"
  },
  "Molecular genetics": {
    "Gene name": "MCAD gene",
    "Genotype": "p.K329E/ p.K329E",
    "Allele 1": {
      "Trivial name": "p.K329E",
      "Systematic name": "c.985A>G",
      "Amino acid change": "Lys>Glu",
      "Nucleotide change": "AAA>GAA",
      "Exon/Intron Boundary/Promotor": "11"
    },
    "Allele 2": {
      "Trivial name": "p.K329E",
      "Systematic name": "c.985A>G",
      "Amino acid change": "Lys>Glu",
      "Nucleotide change": "AAA>GAA",
      "Exon/Intron Boundary/Promotor": "11"
    }
  },
  "Lab findings": [
    {
      "Name": "Carnitine, free",
      "Age": "7.42 Week(s)",
      "Specimen": "blood",
      "Quantity": "67 micro-mol/l",
      "Quality": "Normal"
    },
    {
      "Name": "Carnitine, free",
      "Age": "5.16 Month(s)",
      "Specimen": "blood",
      "Quantity": "37 micro-mol/l",
      "Quality": "Normal"
    },
    {
      "Name": "Carnitine, free",
      "Age": "9.82 Month(s)",
      "Specimen": "blood",
      "Quantity": "47 micro-mol/l",
      "Quality": "Normal"
    },
    {
      "Name": "Carnitine, free",
      "Age": "15.74 Month(s)",
      "Specimen": "blood",
      "Quantity": "29 micro-mol/l",
      "Quality": "Normal"
    },
    {
      "Name": "Carnitine, free",
      "Age": "15.74 Month(s)",
      "Specimen": "blood",
      "Quantity": "29 micro-mol/l",
      "Quality": "Normal"
    },
    {
      "Name": "Carnitine, free",
      "Age": "21.75 Month(s)",
      "Specimen": "blood",
      "Quantity": "37 micro-mol/l",
      "Quality": "Normal"
    },
    {
      "Name": "Carnitine, free",
      "Age": "2.29 Year(s)",
      "Specimen": "blood",
      "Quantity": "45 micro-mol/l",
      "Quality": "Normal"
    },
    {
      "Name": "Carnitine, free",
      "Age": "2.87 Year(s)",
      "Specimen": "blood",
      "Quantity": "33 micro-mol/l",
      "Quality": "Normal"
    },
    {
      "Name": "Carnitine, free",
      "Age": "3.41 Year(s)",
      "Specimen": "blood",
      "Quantity": "50 micro-mol/l",
      "Quality": "Normal"
    },
    {
      "Name": "Carnitine, free",
      "Age": "4.4 Year(s)",
      "Specimen": "blood",
      "Quantity": "30 micro-mol/l",
      "Quality": "Normal"
    },
    {
      "Name": "Carnitine, free",
      "Age": "4.91 Year(s)",
      "Specimen": "blood",
      "Quantity": "22 micro-mol/l",
      "Quality": "Normal"
    },
    {
      "Name": "Decanoylcarnitine (C10)",
      "Age": "7.42 Week(s)",
      "Specimen": "blood",
      "Quantity": "1 micro-mol/l",
      "Quality": "Increased"
    },
    {
      "Name": "Decanoylcarnitine (C10)",
      "Age": "5.16 Month(s)",
      "Specimen": "blood",
      "Quantity": "0.4 micro-mol/l",
      "Quality": "Normal"
    },
    {
      "Name": "Decanoylcarnitine (C10)",
      "Age": "9.82 Month(s)",
      "Specimen": "blood",
      "Quantity": "0.8 micro-mol/l",
      "Quality": "Increased"
    },
    {
      "Name": "Decanoylcarnitine (C10)",
      "Age": "15.74 Month(s)",
      "Specimen": "blood",
      "Quantity": "0.2 micro-mol/l",
      "Quality": "Normal"
    },
    {
      "Name": "Decanoylcarnitine (C10)",
      "Age": "21.75 Month(s)",
      "Specimen": "blood",
      "Quantity": "0.4 micro-mol/l",
      "Quality": "Normal"
    },
    {
      "Name": "Decanoylcarnitine (C10)",
      "Age": "2.29 Year(s)",
      "Specimen": "blood",
      "Quantity": "0.2 micro-mol/l",
      "Quality": "Normal"
    },
    {
      "Name": "Decanoylcarnitine (C10)",
      "Age": "2.87 Year(s)",
      "Specimen": "blood",
      "Quantity": "0.4 micro-mol/l",
      "Quality": "Normal"
    },
    {
      "Name": "Decanoylcarnitine (C10)",
      "Age": "3.41 Year(s)",
      "Specimen": "blood",
      "Quantity": "0.59 micro-mol/l",
      "Quality": "Increased"
    },
    {
      "Name": "Decanoylcarnitine (C10)",
      "Age": "4.4 Year(s)",
      "Specimen": "blood",
      "Quantity": "0.31 micro-mol/l",
      "Quality": "Normal"
    },
    {
      "Name": "Decanoylcarnitine (C10)",
      "Age": "4.91 Year(s)",
      "Specimen": "blood",
      "Quantity": "0.22 micro-mol/l",
      "Quality": "Normal"
    },
    {
      "Name": "Decenoylcarnitine (C10:1)",
      "Age": "7.42 Week(s)",
      "Specimen": "blood",
      "Quantity": "1.2 micro-mol/l",
      "Quality": "Increased"
    },
    {
      "Name": "Decenoylcarnitine (C10:1)",
      "Age": "5.16 Month(s)",
      "Specimen": "blood",
      "Quantity": "0.5 micro-mol/l",
      "Quality": "Increased"
    },
    {
      "Name": "Decenoylcarnitine (C10:1)",
      "Age": "9.82 Month(s)",
      "Specimen": "blood",
      "Quantity": "2.1 micro-mol/l",
      "Quality": "Increased"
    },
    {
      "Name": "Decenoylcarnitine (C10:1)",
      "Age": "15.74 Month(s)",
      "Specimen": "blood",
      "Quantity": "0.5 micro-mol/l",
      "Quality": "Increased"
    },
    {
      "Name": "Decenoylcarnitine (C10:1)",
      "Age": "15.74 Month(s)",
      "Specimen": "blood",
      "Quantity": "0.5 micro-mol/l",
      "Quality": "Increased"
    },
    {
      "Name": "Decenoylcarnitine (C10:1)",
      "Age": "21.75 Month(s)",
      "Specimen": "blood",
      "Quantity": "0.9 micro-mol/l",
      "Quality": "Increased"
    },
    {
      "Name": "Decenoylcarnitine (C10:1)",
      "Age": "2.29 Year(s)",
      "Specimen": "blood",
      "Quantity": "0.5 micro-mol/l",
      "Quality": "Increased"
    },
    {
      "Name": "Decenoylcarnitine (C10:1)",
      "Age": "2.87 Year(s)",
      "Specimen": "blood",
      "Quantity": "0.32 micro-mol/l",
      "Quality": "Normal"
    },
    {
      "Name": "Decenoylcarnitine (C10:1)",
      "Age": "3.41 Year(s)",
      "Specimen": "blood",
      "Quantity": "1.9 micro-mol/l",
      "Quality": "Increased"
    },
    {
      "Name": "Decenoylcarnitine (C10:1)",
      "Age": "4.4 Year(s)",
      "Specimen": "blood",
      "Quantity": "1.4 micro-mol/l",
      "Quality": "Increased"
    },
    {
      "Name": "Decenoylcarnitine (C10:1)",
      "Age": "4.91 Year(s)",
      "Specimen": "blood",
      "Quantity": "0.65 micro-mol/l",
      "Quality": "Increased"
    },
    {
      "Name": "Hexanoylcarnitine (C6)",
      "Age": "7.42 Week(s)",
      "Specimen": "blood",
      "Quantity": "2.1 micro-mol/l",
      "Quality": "Increased"
    },
    {
      "Name": "Hexanoylcarnitine (C6)",
      "Age": "5.16 Month(s)",
      "Specimen": "blood",
      "Quantity": "1 micro-mol/l",
      "Quality": "Increased"
    },
    {
      "Name": "Hexanoylcarnitine (C6)",
      "Age": "9.82 Month(s)",
      "Specimen": "blood",
      "Quantity": "0.7 micro-mol/l",
      "Quality": "Normal"
    },
    {
      "Name": "Hexanoylcarnitine (C6)",
      "Age": "15.74 Month(s)",
      "Specimen": "blood",
      "Quantity": "0.5 micro-mol/l",
      "Quality": "Normal"
    },
    {
      "Name": "Hexanoylcarnitine (C6)",
      "Age": "21.75 Month(s)",
      "Specimen": "blood",
      "Quantity": "0.4 micro-mol/l",
      "Quality": "Normal"
    },
    {
      "Name": "Hexanoylcarnitine (C6)",
      "Age": "2.29 Year(s)",
      "Specimen": "blood",
      "Quantity": "0.6 micro-mol/l",
      "Quality": "Normal"
    },
    {
      "Name": "Hexanoylcarnitine (C6)",
      "Age": "2.87 Year(s)",
      "Specimen": "blood",
      "Quantity": "0.72 micro-mol/l",
      "Quality": "Normal"
    },
    {
      "Name": "Hexanoylcarnitine (C6)",
      "Age": "3.41 Year(s)",
      "Specimen": "blood",
      "Quantity": "0.73 micro-mol/l",
      "Quality": "Normal"
    },
    {
      "Name": "Hexanoylcarnitine (C6)",
      "Age": "4.4 Year(s)",
      "Specimen": "blood",
      "Quantity": "1.16 micro-mol/l",
      "Quality": "Increased"
    },
    {
      "Name": "Hexanoylcarnitine (C6)",
      "Age": "4.91 Year(s)",
      "Specimen": "blood",
      "Quantity": "0.53 micro-mol/l",
      "Quality": "Normal"
    },
    {
      "Name": "Octanoyl-/Decanoylcarnitine (C8/C10)",
      "Age": "3 Day(s)",
      "Specimen": "blood",
      "Quantity": "11.6 (ratio)",
      "Quality": "Increased"
    },
    {
      "Name": "Octanoyl-/Decanoylcarnitine (C8/C10)",
      "Age": "13.96 Day(s)",
      "Specimen": "blood",
      "Quantity": "12.2 (ratio)",
      "Quality": "Increased"
    },
    {
      "Name": "Octanoyl-/Decanoylcarnitine (C8/C10)",
      "Age": "7.42 Week(s)",
      "Specimen": "blood",
      "Quantity": "9.3 (ratio)",
      "Quality": "Increased"
    },
    {
      "Name": "Octanoyl-/Decanoylcarnitine (C8/C10)",
      "Age": "5.16 Month(s)",
      "Specimen": "blood",
      "Quantity": "7 (ratio)",
      "Quality": "Increased"
    },
    {
      "Name": "Octanoyl-/Decanoylcarnitine (C8/C10)",
      "Age": "21.75 Month(s)",
      "Specimen": "blood",
      "Quantity": "6.9 (ratio)",
      "Quality": "Increased"
    },
    {
      "Name": "Octanoyl-/Decanoylcarnitine (C8/C10)",
      "Age": "2.29 Year(s)",
      "Specimen": "blood",
      "Quantity": "6.2 (ratio)",
      "Quality": "Increased"
    },
    {
      "Name": "Octanoyl-/Decanoylcarnitine (C8/C10)",
      "Age": "2.87 Year(s)",
      "Specimen": "blood",
      "Quantity": "8.2 (ratio)",
      "Quality": "Increased"
    },
    {
      "Name": "Octanoyl-/Decanoylcarnitine (C8/C10)",
      "Age": "3.41 Year(s)",
      "Specimen": "blood",
      "Quantity": "12.2 (ratio)",
      "Quality": "Increased"
    },
    {
      "Name": "Octanoyl-/Decanoylcarnitine (C8/C10)",
      "Age": "4.4 Year(s)",
      "Specimen": "blood",
      "Quantity": "10.5 (ratio)",
      "Quality": "Increased"
    },
    {
      "Name": "Octanoyl-/Decanoylcarnitine (C8/C10)",
      "Age": "4.91 Year(s)",
      "Specimen": "blood",
      "Quantity": "12.1 (ratio)",
      "Quality": "Increased"
    },
    {
      "Name": "Octanoylcarnitine (C8)",
      "Age": "3 Day(s)",
      "Specimen": "blood",
      "Quantity": "3.3 micro-mol/l",
      "Quality": "Increased"
    },
    {
      "Name": "Octanoylcarnitine (C8)",
      "Age": "13.96 Day(s)",
      "Specimen": "blood",
      "Quantity": "1.7 micro-mol/l",
      "Quality": "Increased"
    },
    {
      "Name": "Octanoylcarnitine (C8)",
      "Age": "7.42 Week(s)",
      "Specimen": "blood",
      "Quantity": "8.9 micro-mol/l",
      "Quality": "Increased"
    },
    {
      "Name": "Octanoylcarnitine (C8)",
      "Age": "5.16 Month(s)",
      "Specimen": "blood",
      "Quantity": "2.9 micro-mol/l",
      "Quality": "Increased"
    },
    {
      "Name": "Octanoylcarnitine (C8)",
      "Age": "9.82 Month(s)",
      "Specimen": "blood",
      "Quantity": "3.6 micro-mol/l",
      "Quality": "Increased"
    },
    {
      "Name": "Octanoylcarnitine (C8)",
      "Age": "15.74 Month(s)",
      "Specimen": "blood",
      "Quantity": "1.8 micro-mol/l",
      "Quality": "Increased"
    },
    {
      "Name": "Octanoylcarnitine (C8)",
      "Age": "15.74 Month(s)",
      "Specimen": "blood",
      "Quantity": "1.8 micro-mol/l",
      "Quality": "Increased"
    },
    {
      "Name": "Octanoylcarnitine (C8)",
      "Age": "21.75 Month(s)",
      "Specimen": "blood",
      "Quantity": "2.9 micro-mol/l",
      "Quality": "Increased"
    },
    {
      "Name": "Octanoylcarnitine (C8)",
      "Age": "2.29 Year(s)",
      "Specimen": "blood",
      "Quantity": "1.5 micro-mol/l",
      "Quality": "Increased"
    },
    {
      "Name": "Octanoylcarnitine (C8)",
      "Age": "2.87 Year(s)",
      "Specimen": "blood",
      "Quantity": "3.28 micro-mol/l",
      "Quality": "Increased"
    },
    {
      "Name": "Octanoylcarnitine (C8)",
      "Age": "3.41 Year(s)",
      "Specimen": "blood",
      "Quantity": "7.22 micro-mol/l",
      "Quality": "Increased"
    },
    {
      "Name": "Octanoylcarnitine (C8)",
      "Age": "4.4 Year(s)",
      "Specimen": "blood",
      "Quantity": "3.33 micro-mol/l",
      "Quality": "Increased"
    },
    {
      "Name": "Octanoylcarnitine (C8)",
      "Age": "4.91 Year(s)",
      "Specimen": "blood",
      "Quantity": "2.7 micro-mol/l",
      "Quality": "Increased"
    },
    {
      "Name": "Medium-chain Acyl-CoA dehydrogenase",
      "Age": "4.63 Year(s)",
      "Specimen": "lymphocytes",
      "Quantity": "0.05 nmol/min.mg",
      "Quality": "Decreased"
    }
  ],
  "Symptoms": [
    {
      "Name": "abnormal in neonatal screening",
      "Age": "5 Day(s)",
      "Range": "yes"
    },
    {
      "Name": "no clinical signs or symptoms",
      "Age": "7.42 Week(s)",
      "Range": "yes"
    },
    {
      "Name": "no clinical signs or symptoms",
      "Age": "2.87 Year(s)",
      "Range": "yes"
    },
    {
      "Name": "no clinical signs or symptoms",
      "Age": "4.91 Year(s)",
      "Range": "yes"
    }
  ],
  "Diet/drugs": [
    {
      "Name": "L-carnitine",
      "Age": "18.96 Day(s)",
      "Dosage": "600 mg/day",
      "Route": "oral"
    },
    {
      "Name": "L-carnitine",
      "Age": "3.94 Year(s)",
      "Dosage": "1 g/day",
      "Route": "oral"
    },
    {
      "Name": "L-carnitine",
      "Age": "4.4 Year(s)",
      "Dosage": "1.2 g/day",
      "Route": "oral"
    },
    {
      "Name": "L-carnitine",
      "Age": "4.91 Year(s)",
      "Dosage": "1.7 g/day",
      "Route": "oral"
    },
    {
      "Name": "L-carnitine",
      "Age": "6.03 Year(s)",
      "Dosage": "1.3 g/day",
      "Route": "oral"
    }
  ],
  "Therapy/development": [
    {
      "Name": "avoidance of fasting",
      "Age": "7.42 Week(s)",
      "Quantity": "",
      "Type": ""
    },
    {
      "Name": "length",
      "Age": "7.42 Week(s)",
      "Quantity": "55.3  cm",
      "Type": "development"
    },
    {
      "Name": "length",
      "Age": "2.87 Year(s)",
      "Quantity": "91.6  cm",
      "Type": "development"
    },
    {
      "Name": "length",
      "Age": "3.94 Year(s)",
      "Quantity": "99.8  cm",
      "Type": "development"
    },
    {
      "Name": "length",
      "Age": "4.4 Year(s)",
      "Quantity": "103  cm",
      "Type": "development"
    },
    {
      "Name": "length",
      "Age": "4.91 Year(s)",
      "Quantity": "106  cm",
      "Type": "development"
    },
    {
      "Name": "length",
      "Age": "5.48 Year(s)",
      "Quantity": "110  cm",
      "Type": "development"
    },
    {
      "Name": "length",
      "Age": "6.03 Year(s)",
      "Quantity": "113  cm",
      "Type": "development"
    },
    {
      "Name": "weight",
      "Age": "7.42 Week(s)",
      "Quantity": "5.6  kg",
      "Type": "development"
    },
    {
      "Name": "weight",
      "Age": "5.16 Month(s)",
      "Quantity": "8.3  kg",
      "Type": "development"
    },
    {
      "Name": "weight",
      "Age": "2.87 Year(s)",
      "Quantity": "14.5  kg",
      "Type": "development"
    },
    {
      "Name": "weight",
      "Age": "3.94 Year(s)",
      "Quantity": "16.9  kg",
      "Type": "development"
    },
    {
      "Name": "weight",
      "Age": "4.4 Year(s)",
      "Quantity": "17.4  kg",
      "Type": "development"
    },
    {
      "Name": "weight",
      "Age": "4.91 Year(s)",
      "Quantity": "19  kg",
      "Type": "development"
    },
    {
      "Name": "weight",
      "Age": "5.48 Year(s)",
      "Quantity": "21.3  kg",
      "Type": "development"
    },
    {
      "Name": "weight",
      "Age": "6.03 Year(s)",
      "Quantity": "21.8  kg",
      "Type": "development"
    }
  ]
}