{
  "MainData": {
    "Patient ID": "955",
    "Diagnosis": "PORPHYRIA, ACUTE INTERMITTENT (MIM 176000)",
    "Gender": "f",
    "Age of symptoms onset": "8 Year(s)",
    "Age of diagnosis": "13.33 Year(s)",
    "Found in newborn screening": "n",
    "Diagnosis confirmed": "y",
    "Country": "Germany",
    "Ethnic origin": "Mother: German, Father: German",
    "History": "The patient is the daughter of a father suffering from acute intermittent porphyria (ID 954). An aunt of the girl died of porphyria at 45 years of age.\nThe girl frequently complains abdominal pain, but never has states of crisis.",
    "Author": "Friedrich Trefz",
    "Hospital": "Childrens Hospital Reutlingen",
    "Coauthor(s)": "",
    "Date of entry": "2004-05-17"
  },
  "Molecular genetics": {
    "Gene name": "PBGD gene",
    "Genotype": "",
    "Allele 1": {
      "Trivial name": "p.G111R",
      "Systematic name": "c.333G>C",
      "Amino acid change": "Gly>Arg",
      "Nucleotide change": "",
      "Exon/Intron Boundary/Promotor": "7"
    },
    "Allele 2": {
      "Trivial name": "",
      "Systematic name": "",
      "Amino acid change": "",
      "Nucleotide change": "",
      "Exon/Intron Boundary/Promotor": ""
    }
  },
  "Lab findings": [],
  "Symptoms": [
    {
      "Name": "pain abdominal",
      "Age": "7.98 Year(s)",
      "Range": "yes"
    }
  ],
  "Diet/drugs": [],
  "Therapy/development": [
    {
      "Name": "length",
      "Age": "13.51 Year(s)",
      "Quantity": "153.5  cm",
      "Type": "development"
    },
    {
      "Name": "weight",
      "Age": "13.51 Year(s)",
      "Quantity": "46  kg",
      "Type": "development"
    }
  ]
}