{
  "MainData": {
    "Patient ID": "975",
    "Diagnosis": "PHENYLKETONURIA (MIM 261600)",
    "Gender": "m",
    "Age of symptoms onset": "0 Day(s)",
    "Age of diagnosis": "8 Day(s)",
    "Found in newborn screening": "y",
    "Diagnosis confirmed": "y",
    "Country": "Germany",
    "Ethnic origin": "Mother: German, Father: German",
    "History": "The patient was found in the newborn screening program with increased levels of phenylalanine. Phe-levels fluctuated between 290 and 600 micro-mol/l. Molecular analysis,too, revealed a hyperphenylalaninemia without necessity of treatment.\nNormal development (12/2004).",
    "Author": "Friedrich Trefz",
    "Hospital": "Childrens Hospital Reutlingen",
    "Coauthor(s)": "",
    "Date of entry": "2004-12-21"
  },
  "Molecular genetics": {
    "Gene name": "PAH gene",
    "Genotype": "p.I306V/ p.P281L",
    "Allele 1": {
      "Trivial name": "p.I306V",
      "Systematic name": "c.916A>G",
      "Amino acid change": "Ile>Val",
      "Nucleotide change": "ATT>GTT",
      "Exon/Intron Boundary/Promotor": "9"
    },
    "Allele 2": {
      "Trivial name": "p.P281L",
      "Systematic name": "c.842C>T",
      "Amino acid change": "Pro>Leu",
      "Nucleotide change": "CCG>CTG",
      "Exon/Intron Boundary/Promotor": "7"
    }
  },
  "Lab findings": [
    {
      "Name": "Phenylalanine",
      "Age": "4.14 Week(s)",
      "Specimen": "blood",
      "Quantity": "294 micro-mol/l",
      "Quality": "Increased"
    },
    {
      "Name": "Phenylalanine",
      "Age": "7.69 Month(s)",
      "Specimen": "blood",
      "Quantity": "498 micro-mol/l",
      "Quality": "Increased"
    },
    {
      "Name": "Phenylalanine",
      "Age": "8.54 Month(s)",
      "Specimen": "blood",
      "Quantity": "594 micro-mol/l",
      "Quality": "Increased"
    },
    {
      "Name": "Phenylalanine",
      "Age": "12.91 Month(s)",
      "Specimen": "blood",
      "Quantity": "396 micro-mol/l",
      "Quality": "Increased"
    },
    {
      "Name": "Phenylalanine",
      "Age": "2.43 Year(s)",
      "Specimen": "blood",
      "Quantity": "382 micro-mol/l",
      "Quality": "Increased"
    },
    {
      "Name": "Phenylalanine",
      "Age": "2.48 Year(s)",
      "Specimen": "blood",
      "Quantity": "390 micro-mol/l",
      "Quality": "Increased"
    },
    {
      "Name": "Phenylalanine",
      "Age": "2.7 Year(s)",
      "Specimen": "blood",
      "Quantity": "377 micro-mol/l",
      "Quality": "Increased"
    },
    {
      "Name": "Phenylalanine",
      "Age": "3.49 Year(s)",
      "Specimen": "blood",
      "Quantity": "602 micro-mol/l",
      "Quality": "Increased"
    },
    {
      "Name": "Phenylalanine",
      "Age": "3.99 Year(s)",
      "Specimen": "blood",
      "Quantity": "289 micro-mol/l",
      "Quality": "Increased"
    },
    {
      "Name": "Phenylalanine",
      "Age": "6.3 Year(s)",
      "Specimen": "blood",
      "Quantity": "518 micro-mol/l",
      "Quality": "Increased"
    },
    {
      "Name": "Phenylalanine",
      "Age": "6.71 Year(s)",
      "Specimen": "blood",
      "Quantity": "334 micro-mol/l",
      "Quality": "Increased"
    },
    {
      "Name": "Phenylalanine",
      "Age": "7.13 Year(s)",
      "Specimen": "blood",
      "Quantity": "435 micro-mol/l",
      "Quality": "Increased"
    },
    {
      "Name": "Phenylalanine",
      "Age": "7.91 Year(s)",
      "Specimen": "blood",
      "Quantity": "452 micro-mol/l",
      "Quality": "Increased"
    },
    {
      "Name": "Phenylalanine",
      "Age": "7.98 Year(s)",
      "Specimen": "blood",
      "Quantity": "441 micro-mol/l",
      "Quality": "Increased"
    },
    {
      "Name": "Phenylalanine",
      "Age": "7.99 Year(s)",
      "Specimen": "blood",
      "Quantity": "469 micro-mol/l",
      "Quality": "Increased"
    },
    {
      "Name": "Phenylalanine",
      "Age": "8.99 Year(s)",
      "Specimen": "blood",
      "Quantity": "583 micro-mol/l",
      "Quality": "Increased"
    },
    {
      "Name": "Phenylalanine",
      "Age": "14.38 Year(s)",
      "Specimen": "blood",
      "Quantity": "312 micro-mol/l",
      "Quality": "Increased"
    },
    {
      "Name": "Tyrosine",
      "Age": "4.14 Week(s)",
      "Specimen": "blood",
      "Quantity": "72 micro-mol/l",
      "Quality": "Normal"
    },
    {
      "Name": "Tyrosine",
      "Age": "12.91 Month(s)",
      "Specimen": "blood",
      "Quantity": "55 micro-mol/l",
      "Quality": "Normal"
    },
    {
      "Name": "Tyrosine",
      "Age": "2.43 Year(s)",
      "Specimen": "blood",
      "Quantity": "139 micro-mol/l",
      "Quality": "Normal"
    },
    {
      "Name": "Tyrosine",
      "Age": "2.7 Year(s)",
      "Specimen": "blood",
      "Quantity": "51 micro-mol/l",
      "Quality": "Normal"
    },
    {
      "Name": "Tyrosine",
      "Age": "3.49 Year(s)",
      "Specimen": "blood",
      "Quantity": "104 micro-mol/l",
      "Quality": "Normal"
    },
    {
      "Name": "Tyrosine",
      "Age": "3.99 Year(s)",
      "Specimen": "blood",
      "Quantity": "56 micro-mol/l",
      "Quality": "Normal"
    },
    {
      "Name": "Tyrosine",
      "Age": "6.3 Year(s)",
      "Specimen": "blood",
      "Quantity": "81 micro-mol/l",
      "Quality": "Normal"
    },
    {
      "Name": "Tyrosine",
      "Age": "6.71 Year(s)",
      "Specimen": "blood",
      "Quantity": "61 micro-mol/l",
      "Quality": "Normal"
    },
    {
      "Name": "Tyrosine",
      "Age": "7.13 Year(s)",
      "Specimen": "blood",
      "Quantity": "74 micro-mol/l",
      "Quality": "Normal"
    },
    {
      "Name": "Tyrosine",
      "Age": "7.91 Year(s)",
      "Specimen": "blood",
      "Quantity": "87 micro-mol/l",
      "Quality": "Normal"
    },
    {
      "Name": "Tyrosine",
      "Age": "7.98 Year(s)",
      "Specimen": "blood",
      "Quantity": "105 micro-mol/l",
      "Quality": "Normal"
    },
    {
      "Name": "Tyrosine",
      "Age": "7.99 Year(s)",
      "Specimen": "blood",
      "Quantity": "76 micro-mol/l",
      "Quality": "Normal"
    },
    {
      "Name": "Tyrosine",
      "Age": "8.99 Year(s)",
      "Specimen": "blood",
      "Quantity": "156 micro-mol/l",
      "Quality": "Increased"
    },
    {
      "Name": "Tyrosine",
      "Age": "14.38 Year(s)",
      "Specimen": "blood",
      "Quantity": "60 micro-mol/l",
      "Quality": "Normal"
    }
  ],
  "Symptoms": [
    {
      "Name": "abnormal in neonatal screening",
      "Age": "6 Day(s)",
      "Range": "yes"
    },
    {
      "Name": "no clinical signs or symptoms",
      "Age": "12.91 Month(s)",
      "Range": "yes"
    },
    {
      "Name": "no clinical signs or symptoms",
      "Age": "8.99 Year(s)",
      "Range": "yes"
    }
  ],
  "Diet/drugs": [],
  "Therapy/development": [
    {
      "Name": "length",
      "Age": "4.14 Week(s)",
      "Quantity": "60  cm",
      "Type": "development"
    },
    {
      "Name": "length",
      "Age": "12.91 Month(s)",
      "Quantity": "78  cm",
      "Type": "development"
    },
    {
      "Name": "length",
      "Age": "8.99 Year(s)",
      "Quantity": "134.1  cm",
      "Type": "development"
    },
    {
      "Name": "no specific treatment",
      "Age": "2.42 Year(s)",
      "Quantity": "",
      "Type": ""
    },
    {
      "Name": "phenylalanine-restricted diet",
      "Age": "10.87 Month(s)",
      "Quantity": "",
      "Type": ""
    },
    {
      "Name": "weight",
      "Age": "4.14 Week(s)",
      "Quantity": "5  kg",
      "Type": "development"
    },
    {
      "Name": "weight",
      "Age": "12.91 Month(s)",
      "Quantity": "11.3  kg",
      "Type": "development"
    },
    {
      "Name": "weight",
      "Age": "8.99 Year(s)",
      "Quantity": "31.8  kg",
      "Type": "development"
    }
  ]
}