{
  "MainData": {
    "Patient ID": "978",
    "Diagnosis": "GALACTOSEMIA (MIM 230400)",
    "Gender": "f",
    "Age of symptoms onset": "0 Day(s)",
    "Age of diagnosis": "7 Day(s)",
    "Found in newborn screening": "y",
    "Diagnosis confirmed": "y",
    "Country": "Germany",
    "Ethnic origin": "Mother: German, Father: German",
    "History": "The patient was found in the newborn screening program with increased levels of galactose. Start of galactose-restricted diet  at seven days of age.",
    "Author": "Friedrich Trefz",
    "Hospital": "Childrens Hospital Reutlingen",
    "Coauthor(s)": "",
    "Date of entry": "2005-01-17"
  },
  "Molecular genetics": {
    "Gene name": "GALT gene",
    "Genotype": "p.Q188R/ p.Q188R",
    "Allele 1": {
      "Trivial name": "p.Q188R",
      "Systematic name": "c.563A>G",
      "Amino acid change": "Gln>Arg",
      "Nucleotide change": "",
      "Exon/Intron Boundary/Promotor": "6"
    },
    "Allele 2": {
      "Trivial name": "p.Q188R",
      "Systematic name": "c.563A>G",
      "Amino acid change": "Gln>Arg",
      "Nucleotide change": "",
      "Exon/Intron Boundary/Promotor": "6"
    }
  },
  "Lab findings": [
    {
      "Name": "Erythrocytes",
      "Age": "3.57 Week(s)",
      "Specimen": "blood",
      "Quantity": "2899997 /micro-l",
      "Quality": "Decreased"
    },
    {
      "Name": "Galactitol",
      "Age": "3.57 Week(s)",
      "Specimen": "urine",
      "Quantity": "1264 mmol/mol Crea",
      "Quality": "Increased"
    },
    {
      "Name": "Galactitol",
      "Age": "4.04 Month(s)",
      "Specimen": "urine",
      "Quantity": "390 mmol/mol Crea",
      "Quality": "Increased"
    },
    {
      "Name": "Galactitol",
      "Age": "7.82 Month(s)",
      "Specimen": "urine",
      "Quantity": "642 mmol/mol Crea",
      "Quality": "Increased"
    },
    {
      "Name": "Galactitol",
      "Age": "11.86 Month(s)",
      "Specimen": "urine",
      "Quantity": "206 mmol/mol Crea",
      "Quality": "Increased"
    },
    {
      "Name": "Galactitol",
      "Age": "17.84 Month(s)",
      "Specimen": "urine",
      "Quantity": "406 mmol/mol Crea",
      "Quality": "Increased"
    },
    {
      "Name": "Galactitol",
      "Age": "23.82 Month(s)",
      "Specimen": "urine",
      "Quantity": "236 mmol/mol Crea",
      "Quality": "Increased"
    },
    {
      "Name": "Galactitol",
      "Age": "2.46 Year(s)",
      "Specimen": "urine",
      "Quantity": "402 mmol/mol Crea",
      "Quality": "Increased"
    },
    {
      "Name": "Galactitol",
      "Age": "2.97 Year(s)",
      "Specimen": "urine",
      "Quantity": "445 mmol/mol Crea",
      "Quality": "Increased"
    },
    {
      "Name": "Galactitol",
      "Age": "3.48 Year(s)",
      "Specimen": "urine",
      "Quantity": "245 mmol/mol Crea",
      "Quality": "Increased"
    },
    {
      "Name": "Galactitol",
      "Age": "3.96 Year(s)",
      "Specimen": "urine",
      "Quantity": "285 mmol/mol Crea",
      "Quality": "Increased"
    },
    {
      "Name": "Galactitol",
      "Age": "4.48 Year(s)",
      "Specimen": "urine",
      "Quantity": "203 mmol/mol Crea",
      "Quality": "Increased"
    },
    {
      "Name": "Galactitol",
      "Age": "5.49 Year(s)",
      "Specimen": "urine",
      "Quantity": "197 mmol/mol Crea",
      "Quality": "Increased"
    },
    {
      "Name": "Galactitol",
      "Age": "6.17 Year(s)",
      "Specimen": "urine",
      "Quantity": "75 mmol/mol Crea",
      "Quality": "Increased"
    },
    {
      "Name": "Galactitol",
      "Age": "6.96 Year(s)",
      "Specimen": "urine",
      "Quantity": "173.9 mmol/mol Crea",
      "Quality": "Increased"
    },
    {
      "Name": "Galactose-1-phosphate",
      "Age": "3.57 Week(s)",
      "Specimen": "erythrocytes",
      "Quantity": "19.1 mg/dl",
      "Quality": "Increased"
    },
    {
      "Name": "Galactose-1-phosphate",
      "Age": "4.04 Month(s)",
      "Specimen": "erythrocytes",
      "Quantity": "6.1 mg/dl",
      "Quality": "Increased"
    },
    {
      "Name": "Galactose-1-phosphate",
      "Age": "7.82 Month(s)",
      "Specimen": "erythrocytes",
      "Quantity": "4.3 mg/dl",
      "Quality": "Increased"
    },
    {
      "Name": "Galactose-1-phosphate",
      "Age": "11.86 Month(s)",
      "Specimen": "erythrocytes",
      "Quantity": "5.7 mg/dl",
      "Quality": "Increased"
    },
    {
      "Name": "Galactose-1-phosphate",
      "Age": "23.82 Month(s)",
      "Specimen": "erythrocytes",
      "Quantity": "6.4 mg/dl",
      "Quality": "Increased"
    },
    {
      "Name": "Galactose-1-phosphate",
      "Age": "2.46 Year(s)",
      "Specimen": "erythrocytes",
      "Quantity": "2.7 mg/dl",
      "Quality": "Increased"
    },
    {
      "Name": "Galactose-1-phosphate",
      "Age": "2.97 Year(s)",
      "Specimen": "erythrocytes",
      "Quantity": "5.5 mg/dl",
      "Quality": "Increased"
    },
    {
      "Name": "Galactose-1-phosphate",
      "Age": "3.48 Year(s)",
      "Specimen": "erythrocytes",
      "Quantity": "5.2 mg/dl",
      "Quality": "Increased"
    },
    {
      "Name": "Galactose-1-phosphate",
      "Age": "3.96 Year(s)",
      "Specimen": "erythrocytes",
      "Quantity": "1.65 mg/dl",
      "Quality": "Increased"
    },
    {
      "Name": "Galactose-1-phosphate",
      "Age": "4.48 Year(s)",
      "Specimen": "erythrocytes",
      "Quantity": "3.51 mg/dl",
      "Quality": "Increased"
    },
    {
      "Name": "Galactose-1-phosphate",
      "Age": "5.49 Year(s)",
      "Specimen": "erythrocytes",
      "Quantity": "3.79 mg/dl",
      "Quality": "Increased"
    },
    {
      "Name": "Galactose-1-phosphate",
      "Age": "6.17 Year(s)",
      "Specimen": "erythrocytes",
      "Quantity": "3.79 mg/dl",
      "Quality": "Increased"
    },
    {
      "Name": "Galactose-1-phosphate",
      "Age": "6.96 Year(s)",
      "Specimen": "erythrocytes",
      "Quantity": "3.77 mg/dl",
      "Quality": "Increased"
    },
    {
      "Name": "Hemoglobine",
      "Age": "3.57 Week(s)",
      "Specimen": "blood",
      "Quantity": "9.4 g/dl",
      "Quality": "Decreased"
    },
    {
      "Name": "Thrombocytes, Platelets",
      "Age": "3.57 Week(s)",
      "Specimen": "blood",
      "Quantity": "530000 /micro-l",
      "Quality": "Increased"
    },
    {
      "Name": "Vitamin D2, 25-Hydroxyvitamin D",
      "Age": "2.46 Year(s)",
      "Specimen": "serum/plasma",
      "Quantity": "8.8 nmol/l",
      "Quality": "Decreased"
    }
  ],
  "Symptoms": [
    {
      "Name": "abnormal in neonatal screening",
      "Age": "3 Day(s)",
      "Range": "yes"
    },
    {
      "Name": "no clinical signs or symptoms",
      "Age": "3.57 Week(s)",
      "Range": "yes"
    },
    {
      "Name": "no clinical signs or symptoms",
      "Age": "11.86 Month(s)",
      "Range": "yes"
    },
    {
      "Name": "no clinical signs or symptoms",
      "Age": "4.97 Year(s)",
      "Range": "yes"
    }
  ],
  "Diet/drugs": [],
  "Therapy/development": [
    {
      "Name": "galactose-free diet",
      "Age": "7 Day(s)",
      "Quantity": "",
      "Type": ""
    },
    {
      "Name": "head circumference",
      "Age": "3.57 Week(s)",
      "Quantity": "36.5  cm",
      "Type": "development"
    },
    {
      "Name": "head circumference",
      "Age": "7.82 Month(s)",
      "Quantity": "45  cm",
      "Type": "development"
    },
    {
      "Name": "head circumference",
      "Age": "3.48 Year(s)",
      "Quantity": "50.5  cm",
      "Type": "development"
    },
    {
      "Name": "head circumference",
      "Age": "6.96 Year(s)",
      "Quantity": "51  cm",
      "Type": "development"
    },
    {
      "Name": "length",
      "Age": "3.57 Week(s)",
      "Quantity": "48  cm",
      "Type": "development"
    },
    {
      "Name": "length",
      "Age": "4.04 Month(s)",
      "Quantity": "58  cm",
      "Type": "development"
    },
    {
      "Name": "length",
      "Age": "7.82 Month(s)",
      "Quantity": "65.5  cm",
      "Type": "development"
    },
    {
      "Name": "length",
      "Age": "11.86 Month(s)",
      "Quantity": "71  cm",
      "Type": "development"
    },
    {
      "Name": "length",
      "Age": "17.84 Month(s)",
      "Quantity": "77.5  cm",
      "Type": "development"
    },
    {
      "Name": "length",
      "Age": "23.82 Month(s)",
      "Quantity": "82  cm",
      "Type": "development"
    },
    {
      "Name": "length",
      "Age": "2.46 Year(s)",
      "Quantity": "84.5  cm",
      "Type": "development"
    },
    {
      "Name": "length",
      "Age": "2.96 Year(s)",
      "Quantity": "88  cm",
      "Type": "development"
    },
    {
      "Name": "length",
      "Age": "3.48 Year(s)",
      "Quantity": "92.5  cm",
      "Type": "development"
    },
    {
      "Name": "length",
      "Age": "3.96 Year(s)",
      "Quantity": "96  cm",
      "Type": "development"
    },
    {
      "Name": "length",
      "Age": "4.97 Year(s)",
      "Quantity": "102.5  cm",
      "Type": "development"
    },
    {
      "Name": "length",
      "Age": "5.49 Year(s)",
      "Quantity": "106  cm",
      "Type": "development"
    },
    {
      "Name": "length",
      "Age": "6.12 Year(s)",
      "Quantity": "110  cm",
      "Type": "development"
    },
    {
      "Name": "length",
      "Age": "6.96 Year(s)",
      "Quantity": "115.3  cm",
      "Type": "development"
    },
    {
      "Name": "weight",
      "Age": "3.57 Week(s)",
      "Quantity": "2.9  kg",
      "Type": "development"
    },
    {
      "Name": "weight",
      "Age": "4.04 Month(s)",
      "Quantity": "5.4  kg",
      "Type": "development"
    },
    {
      "Name": "weight",
      "Age": "7.82 Month(s)",
      "Quantity": "6.9  kg",
      "Type": "development"
    },
    {
      "Name": "weight",
      "Age": "11.86 Month(s)",
      "Quantity": "7.8  kg",
      "Type": "development"
    },
    {
      "Name": "weight",
      "Age": "17.84 Month(s)",
      "Quantity": "8.8  kg",
      "Type": "development"
    },
    {
      "Name": "weight",
      "Age": "23.82 Month(s)",
      "Quantity": "9.7  kg",
      "Type": "development"
    },
    {
      "Name": "weight",
      "Age": "2.46 Year(s)",
      "Quantity": "11.2  kg",
      "Type": "development"
    },
    {
      "Name": "weight",
      "Age": "2.96 Year(s)",
      "Quantity": "12.1  kg",
      "Type": "development"
    },
    {
      "Name": "weight",
      "Age": "3.48 Year(s)",
      "Quantity": "12.6  kg",
      "Type": "development"
    },
    {
      "Name": "weight",
      "Age": "3.96 Year(s)",
      "Quantity": "12.9  kg",
      "Type": "development"
    },
    {
      "Name": "weight",
      "Age": "4.97 Year(s)",
      "Quantity": "14  kg",
      "Type": "development"
    },
    {
      "Name": "weight",
      "Age": "5.49 Year(s)",
      "Quantity": "14.8  kg",
      "Type": "development"
    },
    {
      "Name": "weight",
      "Age": "6.12 Year(s)",
      "Quantity": "16.3  kg",
      "Type": "development"
    },
    {
      "Name": "weight",
      "Age": "6.96 Year(s)",
      "Quantity": "18.1  kg",
      "Type": "development"
    }
  ]
}