{
  "MainData": {
    "Patient ID": "98",
    "Diagnosis": "PHENYLKETONURIA (MIM 261600)",
    "Gender": "m",
    "Age of symptoms onset": "7 Month(s)",
    "Age of diagnosis": "12.35 Month(s)",
    "Found in newborn screening": "n",
    "Diagnosis confirmed": "y",
    "Country": "Germany",
    "Ethnic origin": "Mother: Yugoslav, Father: Yugoslav",
    "History": "Late treated patient with classical PKU and an total IQ of 50.\r\nBH4 loading test at 30 years of age did not show any decrease of blood phenylalanine.",
    "Author": "Friedrich Trefz",
    "Hospital": "Childrens Hospital Reutlingen",
    "Coauthor(s)": "St.G.",
    "Date of entry": "2001-03-31"
  },
  "Molecular genetics": {
    "Gene name": "PAH gene",
    "Genotype": "p.L48S/ p.R408W",
    "Allele 1": {
      "Trivial name": "p.L48S",
      "Systematic name": "c.143T->C",
      "Amino acid change": "Leu->Ser",
      "Nucleotide change": "TTG->TCG",
      "Exon/Intron Boundary/Promotor": "2"
    },
    "Allele 2": {
      "Trivial name": "p.R408W",
      "Systematic name": "c.1222C->T",
      "Amino acid change": "Arg->Trp",
      "Nucleotide change": "CGG->TGG",
      "Exon/Intron Boundary/Promotor": "12"
    }
  },
  "Lab findings": [
    {
      "Name": "2-Hydroxyphenylacetic acid",
      "Age": "35.32 Year(s)",
      "Specimen": "urine",
      "Quantity": "231 mmol/mol Crea",
      "Quality": "Increased"
    },
    {
      "Name": "Phenylalanine",
      "Age": "20.18 Year(s)",
      "Specimen": "blood",
      "Quantity": "426 micro-mol/l",
      "Quality": "Increased"
    },
    {
      "Name": "Phenylalanine",
      "Age": "20.73 Year(s)",
      "Specimen": "blood",
      "Quantity": "480 micro-mol/l",
      "Quality": "Increased"
    },
    {
      "Name": "Phenylalanine",
      "Age": "21.34 Year(s)",
      "Specimen": "blood",
      "Quantity": "276 micro-mol/l",
      "Quality": "Increased"
    },
    {
      "Name": "Phenylalanine",
      "Age": "21.79 Year(s)",
      "Specimen": "blood",
      "Quantity": "618 micro-mol/l",
      "Quality": "Increased"
    },
    {
      "Name": "Phenylalanine",
      "Age": "22.44 Year(s)",
      "Specimen": "blood",
      "Quantity": "402 micro-mol/l",
      "Quality": "Increased"
    },
    {
      "Name": "Phenylalanine",
      "Age": "22.7 Year(s)",
      "Specimen": "blood",
      "Quantity": "570 micro-mol/l",
      "Quality": "Increased"
    },
    {
      "Name": "Phenylalanine",
      "Age": "23.19 Year(s)",
      "Specimen": "blood",
      "Quantity": "672 micro-mol/l",
      "Quality": "Increased"
    },
    {
      "Name": "Phenylalanine",
      "Age": "23.5 Year(s)",
      "Specimen": "blood",
      "Quantity": "426 micro-mol/l",
      "Quality": "Increased"
    },
    {
      "Name": "Phenylalanine",
      "Age": "23.99 Year(s)",
      "Specimen": "blood",
      "Quantity": "384 micro-mol/l",
      "Quality": "Increased"
    },
    {
      "Name": "Phenylalanine",
      "Age": "25.15 Year(s)",
      "Specimen": "blood",
      "Quantity": "1632 micro-mol/l",
      "Quality": "Increased"
    },
    {
      "Name": "Phenylalanine",
      "Age": "27.68 Year(s)",
      "Specimen": "blood",
      "Quantity": "981 micro-mol/l",
      "Quality": "Increased"
    },
    {
      "Name": "Phenylalanine",
      "Age": "28.82 Year(s)",
      "Specimen": "blood",
      "Quantity": "954 micro-mol/l",
      "Quality": "Increased"
    },
    {
      "Name": "Phenylalanine",
      "Age": "29.28 Year(s)",
      "Specimen": "blood",
      "Quantity": "915 micro-mol/l",
      "Quality": "Increased"
    },
    {
      "Name": "Phenylalanine",
      "Age": "29.86 Year(s)",
      "Specimen": "blood",
      "Quantity": "358 micro-mol/l",
      "Quality": "Increased"
    },
    {
      "Name": "Phenylalanine",
      "Age": "30.14 Year(s)",
      "Specimen": "blood",
      "Quantity": "645 micro-mol/l",
      "Quality": "Increased"
    },
    {
      "Name": "Phenylalanine",
      "Age": "30.16 Year(s)",
      "Specimen": "blood",
      "Quantity": "516 micro-mol/l",
      "Quality": "Increased"
    },
    {
      "Name": "Phenylalanine",
      "Age": "31.93 Year(s)",
      "Specimen": "blood",
      "Quantity": "780 micro-mol/l",
      "Quality": "Increased"
    },
    {
      "Name": "Phenylalanine",
      "Age": "32.27 Year(s)",
      "Specimen": "blood",
      "Quantity": "758 micro-mol/l",
      "Quality": "Increased"
    },
    {
      "Name": "Phenylalanine",
      "Age": "32.53 Year(s)",
      "Specimen": "blood",
      "Quantity": "484 micro-mol/l",
      "Quality": "Increased"
    },
    {
      "Name": "Phenylalanine",
      "Age": "34.36 Year(s)",
      "Specimen": "blood",
      "Quantity": "1061 micro-mol/l",
      "Quality": "Increased"
    },
    {
      "Name": "Phenylalanine",
      "Age": "34.44 Year(s)",
      "Specimen": "blood",
      "Quantity": "1148 micro-mol/l",
      "Quality": "Increased"
    },
    {
      "Name": "Phenylalanine",
      "Age": "34.49 Year(s)",
      "Specimen": "blood",
      "Quantity": "619 micro-mol/l",
      "Quality": "Increased"
    },
    {
      "Name": "Phenylalanine",
      "Age": "34.9 Year(s)",
      "Specimen": "blood",
      "Quantity": "1047 micro-mol/l",
      "Quality": "Increased"
    },
    {
      "Name": "Phenylalanine",
      "Age": "35.72 Year(s)",
      "Specimen": "blood",
      "Quantity": "1201 micro-mol/l",
      "Quality": "Increased"
    },
    {
      "Name": "Phenylalanine",
      "Age": "36.16 Year(s)",
      "Specimen": "blood",
      "Quantity": "766 micro-mol/l",
      "Quality": "Increased"
    },
    {
      "Name": "Phenylalanine",
      "Age": "36.44 Year(s)",
      "Specimen": "blood",
      "Quantity": "528 micro-mol/l",
      "Quality": "Increased"
    },
    {
      "Name": "Phenylalanine",
      "Age": "36.46 Year(s)",
      "Specimen": "blood",
      "Quantity": "823 micro-mol/l",
      "Quality": "Increased"
    },
    {
      "Name": "Phenylalanine",
      "Age": "36.52 Year(s)",
      "Specimen": "blood",
      "Quantity": "344 micro-mol/l",
      "Quality": "Increased"
    },
    {
      "Name": "Phenylalanine",
      "Age": "36.73 Year(s)",
      "Specimen": "blood",
      "Quantity": "978 micro-mol/l",
      "Quality": "Increased"
    },
    {
      "Name": "Phenylalanine",
      "Age": "36.99 Year(s)",
      "Specimen": "blood",
      "Quantity": "874 micro-mol/l",
      "Quality": "Increased"
    },
    {
      "Name": "Phenylalanine",
      "Age": "37.25 Year(s)",
      "Specimen": "blood",
      "Quantity": "1302 micro-mol/l",
      "Quality": "Increased"
    },
    {
      "Name": "Phenylalanine",
      "Age": "37.66 Year(s)",
      "Specimen": "blood",
      "Quantity": "1045 micro-mol/l",
      "Quality": "Increased"
    },
    {
      "Name": "Phenyllactic acid",
      "Age": "35.32 Year(s)",
      "Specimen": "urine",
      "Quantity": "90 mmol/mol Crea",
      "Quality": "Increased"
    },
    {
      "Name": "Phenylpyruvic acid",
      "Age": "35.32 Year(s)",
      "Specimen": "urine",
      "Quantity": "608 mmol/mol Crea",
      "Quality": "Increased"
    },
    {
      "Name": "Tyrosine",
      "Age": "20.18 Year(s)",
      "Specimen": "blood",
      "Quantity": "99 micro-mol/l",
      "Quality": "Normal"
    },
    {
      "Name": "Tyrosine",
      "Age": "20.73 Year(s)",
      "Specimen": "blood",
      "Quantity": "82.5 micro-mol/l",
      "Quality": "Normal"
    },
    {
      "Name": "Tyrosine",
      "Age": "21.34 Year(s)",
      "Specimen": "blood",
      "Quantity": "88 micro-mol/l",
      "Quality": "Normal"
    },
    {
      "Name": "Tyrosine",
      "Age": "21.79 Year(s)",
      "Specimen": "blood",
      "Quantity": "93.5 micro-mol/l",
      "Quality": "Normal"
    },
    {
      "Name": "Tyrosine",
      "Age": "22.44 Year(s)",
      "Specimen": "blood",
      "Quantity": "82.5 micro-mol/l",
      "Quality": "Normal"
    },
    {
      "Name": "Tyrosine",
      "Age": "22.7 Year(s)",
      "Specimen": "blood",
      "Quantity": "82.5 micro-mol/l",
      "Quality": "Normal"
    },
    {
      "Name": "Tyrosine",
      "Age": "23.19 Year(s)",
      "Specimen": "blood",
      "Quantity": "99 micro-mol/l",
      "Quality": "Normal"
    },
    {
      "Name": "Tyrosine",
      "Age": "23.5 Year(s)",
      "Specimen": "blood",
      "Quantity": "88 micro-mol/l",
      "Quality": "Normal"
    },
    {
      "Name": "Tyrosine",
      "Age": "23.99 Year(s)",
      "Specimen": "blood",
      "Quantity": "132 micro-mol/l",
      "Quality": "Increased"
    },
    {
      "Name": "Tyrosine",
      "Age": "25.15 Year(s)",
      "Specimen": "blood",
      "Quantity": "115.5 micro-mol/l",
      "Quality": "Normal"
    },
    {
      "Name": "Tyrosine",
      "Age": "27.68 Year(s)",
      "Specimen": "blood",
      "Quantity": "55 micro-mol/l",
      "Quality": "Normal"
    },
    {
      "Name": "Tyrosine",
      "Age": "28.82 Year(s)",
      "Specimen": "blood",
      "Quantity": "70 micro-mol/l",
      "Quality": "Normal"
    },
    {
      "Name": "Tyrosine",
      "Age": "29.28 Year(s)",
      "Specimen": "blood",
      "Quantity": "60 micro-mol/l",
      "Quality": "Normal"
    },
    {
      "Name": "Tyrosine",
      "Age": "29.86 Year(s)",
      "Specimen": "blood",
      "Quantity": "140 micro-mol/l",
      "Quality": "Increased"
    },
    {
      "Name": "Tyrosine",
      "Age": "31.93 Year(s)",
      "Specimen": "blood",
      "Quantity": "39 micro-mol/l",
      "Quality": "Normal"
    },
    {
      "Name": "Tyrosine",
      "Age": "32.27 Year(s)",
      "Specimen": "blood",
      "Quantity": "43 micro-mol/l",
      "Quality": "Normal"
    },
    {
      "Name": "Tyrosine",
      "Age": "32.53 Year(s)",
      "Specimen": "blood",
      "Quantity": "101 micro-mol/l",
      "Quality": "Normal"
    },
    {
      "Name": "Tyrosine",
      "Age": "34.36 Year(s)",
      "Specimen": "blood",
      "Quantity": "79 micro-mol/l",
      "Quality": "Normal"
    },
    {
      "Name": "Tyrosine",
      "Age": "34.44 Year(s)",
      "Specimen": "blood",
      "Quantity": "85 micro-mol/l",
      "Quality": "Normal"
    },
    {
      "Name": "Tyrosine",
      "Age": "34.49 Year(s)",
      "Specimen": "blood",
      "Quantity": "38 micro-mol/l",
      "Quality": "Decreased"
    },
    {
      "Name": "Tyrosine",
      "Age": "34.9 Year(s)",
      "Specimen": "blood",
      "Quantity": "118 micro-mol/l",
      "Quality": "Increased"
    },
    {
      "Name": "Tyrosine",
      "Age": "35.72 Year(s)",
      "Specimen": "blood",
      "Quantity": "56 micro-mol/l",
      "Quality": "Normal"
    },
    {
      "Name": "Tyrosine",
      "Age": "36.16 Year(s)",
      "Specimen": "blood",
      "Quantity": "107 micro-mol/l",
      "Quality": "Normal"
    },
    {
      "Name": "Tyrosine",
      "Age": "36.44 Year(s)",
      "Specimen": "blood",
      "Quantity": "49 micro-mol/l",
      "Quality": "Normal"
    },
    {
      "Name": "Tyrosine",
      "Age": "36.46 Year(s)",
      "Specimen": "blood",
      "Quantity": "79 micro-mol/l",
      "Quality": "Normal"
    },
    {
      "Name": "Tyrosine",
      "Age": "36.52 Year(s)",
      "Specimen": "blood",
      "Quantity": "67 micro-mol/l",
      "Quality": "Normal"
    },
    {
      "Name": "Tyrosine",
      "Age": "36.73 Year(s)",
      "Specimen": "blood",
      "Quantity": "77 micro-mol/l",
      "Quality": "Normal"
    },
    {
      "Name": "Tyrosine",
      "Age": "36.99 Year(s)",
      "Specimen": "blood",
      "Quantity": "77 micro-mol/l",
      "Quality": "Normal"
    },
    {
      "Name": "Tyrosine",
      "Age": "37.25 Year(s)",
      "Specimen": "blood",
      "Quantity": "77 micro-mol/l",
      "Quality": "Normal"
    },
    {
      "Name": "Tyrosine",
      "Age": "37.66 Year(s)",
      "Specimen": "blood",
      "Quantity": "133 micro-mol/l",
      "Quality": "Increased"
    }
  ],
  "Symptoms": [
    {
      "Name": "Headache",
      "Age": "32.53 Year(s)",
      "Range": "recurrent or occipital"
    },
    {
      "Name": "eczematoid skin rush",
      "Age": "22.73 Year(s)",
      "Range": "yes"
    },
    {
      "Name": "infections [local, abscesses]",
      "Age": "19.73 Year(s)",
      "Range": "yes"
    },
    {
      "Name": "mental retardation",
      "Age": "12.52 Month(s)",
      "Range": "+++"
    },
    {
      "Name": "pain abdominal",
      "Age": "23.84 Year(s)",
      "Range": "yes"
    },
    {
      "Name": "psychosis",
      "Age": "32.26 Year(s)",
      "Range": "yes"
    },
    {
      "Name": "vertigo, dizziness",
      "Age": "32.53 Year(s)",
      "Range": "yes"
    }
  ],
  "Diet/drugs": [
    {
      "Name": "tetrahydrobiopterin",
      "Age": "30.14 Year(s)",
      "Dosage": "20 mg/kg/day",
      "Route": "oral"
    },
    {
      "Name": "withdrawal of the drug",
      "Age": "30.16 Year(s)",
      "Dosage": "0 mg/kg/day",
      "Route": "oral"
    }
  ],
  "Therapy/development": [
    {
      "Name": "blood pressure, diastolic",
      "Age": "32.53 Year(s)",
      "Quantity": "90 mmHG",
      "Type": ""
    },
    {
      "Name": "blood pressure, systolic",
      "Age": "32.53 Year(s)",
      "Quantity": "148 mmHG",
      "Type": ""
    },
    {
      "Name": "length",
      "Age": "34.9 Year(s)",
      "Quantity": "195  cm",
      "Type": "development"
    },
    {
      "Name": "weight",
      "Age": "32.26 Year(s)",
      "Quantity": "109  kg",
      "Type": "development"
    },
    {
      "Name": "weight",
      "Age": "32.53 Year(s)",
      "Quantity": "110.8  kg",
      "Type": "development"
    },
    {
      "Name": "weight",
      "Age": "34.9 Year(s)",
      "Quantity": "119  kg",
      "Type": "development"
    }
  ]
}