{
  "MainData": {
    "Patient ID": "990",
    "Diagnosis": "PHENYLKETONURIA (MIM 261600)",
    "Gender": "m",
    "Age of symptoms onset": "",
    "Age of diagnosis": "1 Day(s)",
    "Found in newborn screening": "n",
    "Diagnosis confirmed": "y",
    "Country": "Germany",
    "Ethnic origin": "Mother: German, Father: German",
    "History": "The patient is the younger brother of a boy suufering from phenylketonuria ( ID 708). The phenylalanin-level rapidly elevated after birth. Start of phe-restricted diet in the first week of life.",
    "Author": "Friedrich Trefz",
    "Hospital": "Childrens Hospital Reutlingen",
    "Coauthor(s)": "",
    "Date of entry": "2005-03-22"
  },
  "Molecular genetics": {
    "Gene name": "PAH gene",
    "Genotype": "p.R408W/ p.R408W",
    "Allele 1": {
      "Trivial name": "p.R408W",
      "Systematic name": "c.1222C>T",
      "Amino acid change": "Arg>Trp",
      "Nucleotide change": "CGG>TGG",
      "Exon/Intron Boundary/Promotor": "12"
    },
    "Allele 2": {
      "Trivial name": "p.R408W",
      "Systematic name": "c.1222C>T",
      "Amino acid change": "Arg>Trp",
      "Nucleotide change": "CGG>TGG",
      "Exon/Intron Boundary/Promotor": "12"
    }
  },
  "Lab findings": [
    {
      "Name": "Phenylalanine",
      "Age": "1 Day(s)",
      "Specimen": "blood",
      "Quantity": "528 micro-mol/l",
      "Quality": "Increased"
    },
    {
      "Name": "Phenylalanine",
      "Age": "1 Day(s)",
      "Specimen": "blood",
      "Quantity": "293 micro-mol/l",
      "Quality": "Increased"
    },
    {
      "Name": "Phenylalanine",
      "Age": "1 Day(s)",
      "Specimen": "blood",
      "Quantity": "169 micro-mol/l",
      "Quality": "Increased"
    },
    {
      "Name": "Phenylalanine",
      "Age": "7 Day(s)",
      "Specimen": "blood",
      "Quantity": "950 micro-mol/l",
      "Quality": "Increased"
    },
    {
      "Name": "Phenylalanine",
      "Age": "11 Day(s)",
      "Specimen": "blood",
      "Quantity": "711 micro-mol/l",
      "Quality": "Increased"
    },
    {
      "Name": "Phenylalanine",
      "Age": "17 Day(s)",
      "Specimen": "blood",
      "Quantity": "404 micro-mol/l",
      "Quality": "Increased"
    },
    {
      "Name": "Phenylalanine",
      "Age": "3 Week(s)",
      "Specimen": "blood",
      "Quantity": "96 micro-mol/l",
      "Quality": "Normal"
    },
    {
      "Name": "Phenylalanine",
      "Age": "3.29 Week(s)",
      "Specimen": "blood",
      "Quantity": "218 micro-mol/l",
      "Quality": "Increased"
    },
    {
      "Name": "Phenylalanine",
      "Age": "4.43 Week(s)",
      "Specimen": "blood",
      "Quantity": "19 micro-mol/l",
      "Quality": "Decreased"
    },
    {
      "Name": "Phenylalanine",
      "Age": "5 Week(s)",
      "Specimen": "blood",
      "Quantity": "43 micro-mol/l",
      "Quality": "Normal"
    },
    {
      "Name": "Phenylalanine",
      "Age": "6.29 Week(s)",
      "Specimen": "blood",
      "Quantity": "54 micro-mol/l",
      "Quality": "Normal"
    },
    {
      "Name": "Phenylalanine",
      "Age": "8 Week(s)",
      "Specimen": "blood",
      "Quantity": "165 micro-mol/l",
      "Quality": "Increased"
    },
    {
      "Name": "Phenylalanine",
      "Age": "2.07 Month(s)",
      "Specimen": "blood",
      "Quantity": "593 micro-mol/l",
      "Quality": "Increased"
    },
    {
      "Name": "Phenylalanine",
      "Age": "2.4 Month(s)",
      "Specimen": "blood",
      "Quantity": "599 micro-mol/l",
      "Quality": "Increased"
    },
    {
      "Name": "Phenylalanine",
      "Age": "2.59 Month(s)",
      "Specimen": "blood",
      "Quantity": "602 micro-mol/l",
      "Quality": "Increased"
    },
    {
      "Name": "Phenylalanine",
      "Age": "2.76 Month(s)",
      "Specimen": "blood",
      "Quantity": "451 micro-mol/l",
      "Quality": "Increased"
    },
    {
      "Name": "Phenylalanine",
      "Age": "2.99 Month(s)",
      "Specimen": "blood",
      "Quantity": "352 micro-mol/l",
      "Quality": "Increased"
    },
    {
      "Name": "Phenylalanine",
      "Age": "3.09 Month(s)",
      "Specimen": "blood",
      "Quantity": "325 micro-mol/l",
      "Quality": "Increased"
    },
    {
      "Name": "Phenylalanine",
      "Age": "3.22 Month(s)",
      "Specimen": "blood",
      "Quantity": "184 micro-mol/l",
      "Quality": "Increased"
    },
    {
      "Name": "Phenylalanine",
      "Age": "3.71 Month(s)",
      "Specimen": "blood",
      "Quantity": "155 micro-mol/l",
      "Quality": "Increased"
    },
    {
      "Name": "Phenylalanine",
      "Age": "4.17 Month(s)",
      "Specimen": "blood",
      "Quantity": "127 micro-mol/l",
      "Quality": "Increased"
    },
    {
      "Name": "Phenylalanine",
      "Age": "5.39 Month(s)",
      "Specimen": "blood",
      "Quantity": "168 micro-mol/l",
      "Quality": "Increased"
    },
    {
      "Name": "Phenylalanine",
      "Age": "6.04 Month(s)",
      "Specimen": "blood",
      "Quantity": "441 micro-mol/l",
      "Quality": "Increased"
    },
    {
      "Name": "Phenylalanine",
      "Age": "6.44 Month(s)",
      "Specimen": "blood",
      "Quantity": "195 micro-mol/l",
      "Quality": "Increased"
    },
    {
      "Name": "Phenylalanine",
      "Age": "6.9 Month(s)",
      "Specimen": "blood",
      "Quantity": "164 micro-mol/l",
      "Quality": "Increased"
    },
    {
      "Name": "Phenylalanine",
      "Age": "8.11 Month(s)",
      "Specimen": "blood",
      "Quantity": "150 micro-mol/l",
      "Quality": "Increased"
    },
    {
      "Name": "Phenylalanine",
      "Age": "8.38 Month(s)",
      "Specimen": "blood",
      "Quantity": "34 micro-mol/l",
      "Quality": "Normal"
    },
    {
      "Name": "Phenylalanine",
      "Age": "9.07 Month(s)",
      "Specimen": "blood",
      "Quantity": "136 micro-mol/l",
      "Quality": "Increased"
    },
    {
      "Name": "Phenylalanine",
      "Age": "9.72 Month(s)",
      "Specimen": "blood",
      "Quantity": "344 micro-mol/l",
      "Quality": "Increased"
    },
    {
      "Name": "Phenylalanine",
      "Age": "10.15 Month(s)",
      "Specimen": "blood",
      "Quantity": "423 micro-mol/l",
      "Quality": "Increased"
    },
    {
      "Name": "Phenylalanine",
      "Age": "10.64 Month(s)",
      "Specimen": "blood",
      "Quantity": "112 micro-mol/l",
      "Quality": "Normal"
    },
    {
      "Name": "Phenylalanine",
      "Age": "11.33 Month(s)",
      "Specimen": "blood",
      "Quantity": "459 micro-mol/l",
      "Quality": "Increased"
    },
    {
      "Name": "Phenylalanine",
      "Age": "12.25 Month(s)",
      "Specimen": "blood",
      "Quantity": "119 micro-mol/l",
      "Quality": "Normal"
    },
    {
      "Name": "Phenylalanine",
      "Age": "12.68 Month(s)",
      "Specimen": "blood",
      "Quantity": "247 micro-mol/l",
      "Quality": "Increased"
    },
    {
      "Name": "Phenylalanine",
      "Age": "13.11 Month(s)",
      "Specimen": "blood",
      "Quantity": "144 micro-mol/l",
      "Quality": "Increased"
    },
    {
      "Name": "Phenylalanine",
      "Age": "14.26 Month(s)",
      "Specimen": "blood",
      "Quantity": "162 micro-mol/l",
      "Quality": "Increased"
    },
    {
      "Name": "Phenylalanine",
      "Age": "15.41 Month(s)",
      "Specimen": "blood",
      "Quantity": "254 micro-mol/l",
      "Quality": "Increased"
    },
    {
      "Name": "Phenylalanine",
      "Age": "16.13 Month(s)",
      "Specimen": "blood",
      "Quantity": "407 micro-mol/l",
      "Quality": "Increased"
    },
    {
      "Name": "Phenylalanine",
      "Age": "16.85 Month(s)",
      "Specimen": "blood",
      "Quantity": "149 micro-mol/l",
      "Quality": "Increased"
    },
    {
      "Name": "Phenylalanine",
      "Age": "18.2 Month(s)",
      "Specimen": "blood",
      "Quantity": "103 micro-mol/l",
      "Quality": "Normal"
    },
    {
      "Name": "Phenylalanine",
      "Age": "19.09 Month(s)",
      "Specimen": "blood",
      "Quantity": "75 micro-mol/l",
      "Quality": "Normal"
    },
    {
      "Name": "Phenylalanine",
      "Age": "21.16 Month(s)",
      "Specimen": "blood",
      "Quantity": "128 micro-mol/l",
      "Quality": "Increased"
    },
    {
      "Name": "Phenylalanine",
      "Age": "21.91 Month(s)",
      "Specimen": "blood",
      "Quantity": "157 micro-mol/l",
      "Quality": "Increased"
    },
    {
      "Name": "Phenylalanine",
      "Age": "23.1 Month(s)",
      "Specimen": "blood",
      "Quantity": "91 micro-mol/l",
      "Quality": "Normal"
    },
    {
      "Name": "Phenylalanine",
      "Age": "23.92 Month(s)",
      "Specimen": "blood",
      "Quantity": "373 micro-mol/l",
      "Quality": "Increased"
    },
    {
      "Name": "Phenylalanine",
      "Age": "2.13 Year(s)",
      "Specimen": "blood",
      "Quantity": "395 micro-mol/l",
      "Quality": "Increased"
    },
    {
      "Name": "Phenylalanine",
      "Age": "2.17 Year(s)",
      "Specimen": "blood",
      "Quantity": "178 micro-mol/l",
      "Quality": "Increased"
    },
    {
      "Name": "Phenylalanine",
      "Age": "2.29 Year(s)",
      "Specimen": "blood",
      "Quantity": "337 micro-mol/l",
      "Quality": "Increased"
    },
    {
      "Name": "Phenylalanine",
      "Age": "2.52 Year(s)",
      "Specimen": "blood",
      "Quantity": "137 micro-mol/l",
      "Quality": "Increased"
    },
    {
      "Name": "Phenylalanine",
      "Age": "2.58 Year(s)",
      "Specimen": "blood",
      "Quantity": "125 micro-mol/l",
      "Quality": "Increased"
    },
    {
      "Name": "Phenylalanine",
      "Age": "2.63 Year(s)",
      "Specimen": "blood",
      "Quantity": "115 micro-mol/l",
      "Quality": "Normal"
    },
    {
      "Name": "Phenylalanine",
      "Age": "2.75 Year(s)",
      "Specimen": "blood",
      "Quantity": "204 micro-mol/l",
      "Quality": "Increased"
    },
    {
      "Name": "Phenylalanine",
      "Age": "2.84 Year(s)",
      "Specimen": "blood",
      "Quantity": "108 micro-mol/l",
      "Quality": "Normal"
    },
    {
      "Name": "Phenylalanine",
      "Age": "2.93 Year(s)",
      "Specimen": "blood",
      "Quantity": "130 micro-mol/l",
      "Quality": "Increased"
    },
    {
      "Name": "Phenylalanine",
      "Age": "3.15 Year(s)",
      "Specimen": "blood",
      "Quantity": "259 micro-mol/l",
      "Quality": "Increased"
    },
    {
      "Name": "Phenylalanine",
      "Age": "3.18 Year(s)",
      "Specimen": "blood",
      "Quantity": "216 micro-mol/l",
      "Quality": "Increased"
    },
    {
      "Name": "Phenylalanine",
      "Age": "3.35 Year(s)",
      "Specimen": "blood",
      "Quantity": "87 micro-mol/l",
      "Quality": "Normal"
    },
    {
      "Name": "Phenylalanine",
      "Age": "3.63 Year(s)",
      "Specimen": "blood",
      "Quantity": "175 micro-mol/l",
      "Quality": "Increased"
    },
    {
      "Name": "Phenylalanine",
      "Age": "3.78 Year(s)",
      "Specimen": "blood",
      "Quantity": "128 micro-mol/l",
      "Quality": "Increased"
    },
    {
      "Name": "Phenylalanine",
      "Age": "4.09 Year(s)",
      "Specimen": "blood",
      "Quantity": "1278 micro-mol/l",
      "Quality": "Increased"
    },
    {
      "Name": "Phenylalanine",
      "Age": "4.13 Year(s)",
      "Specimen": "blood",
      "Quantity": "63 micro-mol/l",
      "Quality": "Normal"
    },
    {
      "Name": "Phenylalanine",
      "Age": "4.41 Year(s)",
      "Specimen": "blood",
      "Quantity": "710 micro-mol/l",
      "Quality": "Increased"
    },
    {
      "Name": "Phenylalanine",
      "Age": "4.7 Year(s)",
      "Specimen": "blood",
      "Quantity": "288 micro-mol/l",
      "Quality": "Increased"
    },
    {
      "Name": "Phenylalanine",
      "Age": "5 Year(s)",
      "Specimen": "blood",
      "Quantity": "531 micro-mol/l",
      "Quality": "Increased"
    },
    {
      "Name": "Phenylalanine",
      "Age": "5.66 Year(s)",
      "Specimen": "blood",
      "Quantity": "497 micro-mol/l",
      "Quality": "Increased"
    },
    {
      "Name": "Phenylalanine",
      "Age": "6.88 Year(s)",
      "Specimen": "blood",
      "Quantity": "436 micro-mol/l",
      "Quality": "Increased"
    },
    {
      "Name": "Tyrosine",
      "Age": "1 Day(s)",
      "Specimen": "blood",
      "Quantity": "146 micro-mol/l",
      "Quality": "Normal"
    },
    {
      "Name": "Tyrosine",
      "Age": "1 Day(s)",
      "Specimen": "blood",
      "Quantity": "128 micro-mol/l",
      "Quality": "Normal"
    },
    {
      "Name": "Tyrosine",
      "Age": "1 Day(s)",
      "Specimen": "blood",
      "Quantity": "118 micro-mol/l",
      "Quality": "Normal"
    },
    {
      "Name": "Tyrosine",
      "Age": "7 Day(s)",
      "Specimen": "blood",
      "Quantity": "208 micro-mol/l",
      "Quality": "Increased"
    },
    {
      "Name": "Tyrosine",
      "Age": "11 Day(s)",
      "Specimen": "blood",
      "Quantity": "167 micro-mol/l",
      "Quality": "Increased"
    },
    {
      "Name": "Tyrosine",
      "Age": "17 Day(s)",
      "Specimen": "blood",
      "Quantity": "231 micro-mol/l",
      "Quality": "Increased"
    },
    {
      "Name": "Tyrosine",
      "Age": "3 Week(s)",
      "Specimen": "blood",
      "Quantity": "210 micro-mol/l",
      "Quality": "Increased"
    },
    {
      "Name": "Tyrosine",
      "Age": "3.29 Week(s)",
      "Specimen": "blood",
      "Quantity": "56 micro-mol/l",
      "Quality": "Normal"
    },
    {
      "Name": "Tyrosine",
      "Age": "4.43 Week(s)",
      "Specimen": "blood",
      "Quantity": "120 micro-mol/l",
      "Quality": "Normal"
    },
    {
      "Name": "Tyrosine",
      "Age": "5 Week(s)",
      "Specimen": "blood",
      "Quantity": "148 micro-mol/l",
      "Quality": "Normal"
    },
    {
      "Name": "Tyrosine",
      "Age": "6.29 Week(s)",
      "Specimen": "blood",
      "Quantity": "156 micro-mol/l",
      "Quality": "Normal"
    },
    {
      "Name": "Tyrosine",
      "Age": "8 Week(s)",
      "Specimen": "blood",
      "Quantity": "308 micro-mol/l",
      "Quality": "Increased"
    },
    {
      "Name": "Tyrosine",
      "Age": "2.07 Month(s)",
      "Specimen": "blood",
      "Quantity": "311 micro-mol/l",
      "Quality": "Increased"
    },
    {
      "Name": "Tyrosine",
      "Age": "2.4 Month(s)",
      "Specimen": "blood",
      "Quantity": "276 micro-mol/l",
      "Quality": "Increased"
    },
    {
      "Name": "Tyrosine",
      "Age": "2.59 Month(s)",
      "Specimen": "blood",
      "Quantity": "345 micro-mol/l",
      "Quality": "Increased"
    },
    {
      "Name": "Tyrosine",
      "Age": "2.76 Month(s)",
      "Specimen": "blood",
      "Quantity": "109 micro-mol/l",
      "Quality": "Normal"
    },
    {
      "Name": "Tyrosine",
      "Age": "2.99 Month(s)",
      "Specimen": "blood",
      "Quantity": "580 micro-mol/l",
      "Quality": "Increased"
    },
    {
      "Name": "Tyrosine",
      "Age": "3.09 Month(s)",
      "Specimen": "blood",
      "Quantity": "221 micro-mol/l",
      "Quality": "Increased"
    },
    {
      "Name": "Tyrosine",
      "Age": "3.22 Month(s)",
      "Specimen": "blood",
      "Quantity": "177 micro-mol/l",
      "Quality": "Increased"
    },
    {
      "Name": "Tyrosine",
      "Age": "3.71 Month(s)",
      "Specimen": "blood",
      "Quantity": "236 micro-mol/l",
      "Quality": "Increased"
    },
    {
      "Name": "Tyrosine",
      "Age": "4.17 Month(s)",
      "Specimen": "blood",
      "Quantity": "165 micro-mol/l",
      "Quality": "Increased"
    },
    {
      "Name": "Tyrosine",
      "Age": "5.39 Month(s)",
      "Specimen": "blood",
      "Quantity": "66 micro-mol/l",
      "Quality": "Normal"
    },
    {
      "Name": "Tyrosine",
      "Age": "6.04 Month(s)",
      "Specimen": "blood",
      "Quantity": "144 micro-mol/l",
      "Quality": "Normal"
    },
    {
      "Name": "Tyrosine",
      "Age": "6.44 Month(s)",
      "Specimen": "blood",
      "Quantity": "107 micro-mol/l",
      "Quality": "Normal"
    },
    {
      "Name": "Tyrosine",
      "Age": "6.9 Month(s)",
      "Specimen": "blood",
      "Quantity": "139 micro-mol/l",
      "Quality": "Normal"
    },
    {
      "Name": "Tyrosine",
      "Age": "8.11 Month(s)",
      "Specimen": "blood",
      "Quantity": "138 micro-mol/l",
      "Quality": "Increased"
    },
    {
      "Name": "Tyrosine",
      "Age": "8.38 Month(s)",
      "Specimen": "blood",
      "Quantity": "123 micro-mol/l",
      "Quality": "Normal"
    },
    {
      "Name": "Tyrosine",
      "Age": "9.07 Month(s)",
      "Specimen": "blood",
      "Quantity": "113 micro-mol/l",
      "Quality": "Normal"
    },
    {
      "Name": "Tyrosine",
      "Age": "9.72 Month(s)",
      "Specimen": "blood",
      "Quantity": "147 micro-mol/l",
      "Quality": "Increased"
    },
    {
      "Name": "Tyrosine",
      "Age": "10.15 Month(s)",
      "Specimen": "blood",
      "Quantity": "104 micro-mol/l",
      "Quality": "Normal"
    },
    {
      "Name": "Tyrosine",
      "Age": "10.64 Month(s)",
      "Specimen": "blood",
      "Quantity": "111 micro-mol/l",
      "Quality": "Normal"
    },
    {
      "Name": "Tyrosine",
      "Age": "11.33 Month(s)",
      "Specimen": "blood",
      "Quantity": "159 micro-mol/l",
      "Quality": "Increased"
    },
    {
      "Name": "Tyrosine",
      "Age": "12.25 Month(s)",
      "Specimen": "blood",
      "Quantity": "75 micro-mol/l",
      "Quality": "Normal"
    },
    {
      "Name": "Tyrosine",
      "Age": "12.68 Month(s)",
      "Specimen": "blood",
      "Quantity": "77 micro-mol/l",
      "Quality": "Normal"
    },
    {
      "Name": "Tyrosine",
      "Age": "13.11 Month(s)",
      "Specimen": "blood",
      "Quantity": "126 micro-mol/l",
      "Quality": "Normal"
    },
    {
      "Name": "Tyrosine",
      "Age": "14.26 Month(s)",
      "Specimen": "blood",
      "Quantity": "85 micro-mol/l",
      "Quality": "Normal"
    },
    {
      "Name": "Tyrosine",
      "Age": "15.41 Month(s)",
      "Specimen": "blood",
      "Quantity": "117 micro-mol/l",
      "Quality": "Normal"
    },
    {
      "Name": "Tyrosine",
      "Age": "16.13 Month(s)",
      "Specimen": "blood",
      "Quantity": "77 micro-mol/l",
      "Quality": "Normal"
    },
    {
      "Name": "Tyrosine",
      "Age": "16.85 Month(s)",
      "Specimen": "blood",
      "Quantity": "70 micro-mol/l",
      "Quality": "Normal"
    },
    {
      "Name": "Tyrosine",
      "Age": "18.2 Month(s)",
      "Specimen": "blood",
      "Quantity": "98 micro-mol/l",
      "Quality": "Normal"
    },
    {
      "Name": "Tyrosine",
      "Age": "19.09 Month(s)",
      "Specimen": "blood",
      "Quantity": "49 micro-mol/l",
      "Quality": "Normal"
    },
    {
      "Name": "Tyrosine",
      "Age": "21.16 Month(s)",
      "Specimen": "blood",
      "Quantity": "43 micro-mol/l",
      "Quality": "Normal"
    },
    {
      "Name": "Tyrosine",
      "Age": "21.91 Month(s)",
      "Specimen": "blood",
      "Quantity": "82 micro-mol/l",
      "Quality": "Normal"
    },
    {
      "Name": "Tyrosine",
      "Age": "23.1 Month(s)",
      "Specimen": "blood",
      "Quantity": "123 micro-mol/l",
      "Quality": "Normal"
    },
    {
      "Name": "Tyrosine",
      "Age": "23.92 Month(s)",
      "Specimen": "blood",
      "Quantity": "43 micro-mol/l",
      "Quality": "Normal"
    },
    {
      "Name": "Tyrosine",
      "Age": "2.13 Year(s)",
      "Specimen": "blood",
      "Quantity": "82 micro-mol/l",
      "Quality": "Normal"
    },
    {
      "Name": "Tyrosine",
      "Age": "2.17 Year(s)",
      "Specimen": "blood",
      "Quantity": "45 micro-mol/l",
      "Quality": "Normal"
    },
    {
      "Name": "Tyrosine",
      "Age": "2.29 Year(s)",
      "Specimen": "blood",
      "Quantity": "65 micro-mol/l",
      "Quality": "Normal"
    },
    {
      "Name": "Tyrosine",
      "Age": "2.52 Year(s)",
      "Specimen": "blood",
      "Quantity": "43 micro-mol/l",
      "Quality": "Normal"
    },
    {
      "Name": "Tyrosine",
      "Age": "2.58 Year(s)",
      "Specimen": "blood",
      "Quantity": "66 micro-mol/l",
      "Quality": "Normal"
    },
    {
      "Name": "Tyrosine",
      "Age": "2.63 Year(s)",
      "Specimen": "blood",
      "Quantity": "33 micro-mol/l",
      "Quality": "Normal"
    },
    {
      "Name": "Tyrosine",
      "Age": "2.75 Year(s)",
      "Specimen": "blood",
      "Quantity": "76 micro-mol/l",
      "Quality": "Normal"
    },
    {
      "Name": "Tyrosine",
      "Age": "2.84 Year(s)",
      "Specimen": "blood",
      "Quantity": "44 micro-mol/l",
      "Quality": "Normal"
    },
    {
      "Name": "Tyrosine",
      "Age": "2.93 Year(s)",
      "Specimen": "blood",
      "Quantity": "64 micro-mol/l",
      "Quality": "Normal"
    },
    {
      "Name": "Tyrosine",
      "Age": "3.15 Year(s)",
      "Specimen": "blood",
      "Quantity": "52 micro-mol/l",
      "Quality": "Normal"
    },
    {
      "Name": "Tyrosine",
      "Age": "3.18 Year(s)",
      "Specimen": "blood",
      "Quantity": "49 micro-mol/l",
      "Quality": "Normal"
    },
    {
      "Name": "Tyrosine",
      "Age": "3.35 Year(s)",
      "Specimen": "blood",
      "Quantity": "32 micro-mol/l",
      "Quality": "Normal"
    },
    {
      "Name": "Tyrosine",
      "Age": "3.63 Year(s)",
      "Specimen": "blood",
      "Quantity": "39 micro-mol/l",
      "Quality": "Normal"
    },
    {
      "Name": "Tyrosine",
      "Age": "3.78 Year(s)",
      "Specimen": "blood",
      "Quantity": "39 micro-mol/l",
      "Quality": "Normal"
    },
    {
      "Name": "Tyrosine",
      "Age": "4.09 Year(s)",
      "Specimen": "blood",
      "Quantity": "118 micro-mol/l",
      "Quality": "Normal"
    },
    {
      "Name": "Tyrosine",
      "Age": "4.13 Year(s)",
      "Specimen": "blood",
      "Quantity": "40 micro-mol/l",
      "Quality": "Normal"
    },
    {
      "Name": "Tyrosine",
      "Age": "4.41 Year(s)",
      "Specimen": "blood",
      "Quantity": "44 micro-mol/l",
      "Quality": "Normal"
    },
    {
      "Name": "Tyrosine",
      "Age": "4.7 Year(s)",
      "Specimen": "blood",
      "Quantity": "60 micro-mol/l",
      "Quality": "Normal"
    },
    {
      "Name": "Tyrosine",
      "Age": "5 Year(s)",
      "Specimen": "blood",
      "Quantity": "93 micro-mol/l",
      "Quality": "Normal"
    },
    {
      "Name": "Tyrosine",
      "Age": "5.66 Year(s)",
      "Specimen": "blood",
      "Quantity": "39 micro-mol/l",
      "Quality": "Normal"
    },
    {
      "Name": "Tyrosine",
      "Age": "6.88 Year(s)",
      "Specimen": "blood",
      "Quantity": "60 micro-mol/l",
      "Quality": "Normal"
    }
  ],
  "Symptoms": [
    {
      "Name": "no clinical signs or symptoms",
      "Age": "2.76 Month(s)",
      "Range": "yes"
    },
    {
      "Name": "no clinical signs or symptoms",
      "Age": "5.39 Month(s)",
      "Range": "yes"
    }
  ],
  "Diet/drugs": [
    {
      "Name": "phenylalanine",
      "Age": "8.38 Month(s)",
      "Dosage": "200 mg/day",
      "Route": "oral"
    },
    {
      "Name": "phenylalanine",
      "Age": "4.9 Year(s)",
      "Dosage": "220 mg/day",
      "Route": "oral"
    }
  ],
  "Therapy/development": [
    {
      "Name": "head circumference",
      "Age": "5.39 Month(s)",
      "Quantity": "42  cm",
      "Type": "development"
    },
    {
      "Name": "length",
      "Age": "2.76 Month(s)",
      "Quantity": "59  cm",
      "Type": "development"
    },
    {
      "Name": "length",
      "Age": "5.39 Month(s)",
      "Quantity": "74  cm",
      "Type": "development"
    },
    {
      "Name": "length",
      "Age": "8.38 Month(s)",
      "Quantity": "71.5  cm",
      "Type": "development"
    },
    {
      "Name": "length",
      "Age": "13.11 Month(s)",
      "Quantity": "79  cm",
      "Type": "development"
    },
    {
      "Name": "length",
      "Age": "18.2 Month(s)",
      "Quantity": "82.5  cm",
      "Type": "development"
    },
    {
      "Name": "length",
      "Age": "23.1 Month(s)",
      "Quantity": "85  cm",
      "Type": "development"
    },
    {
      "Name": "length",
      "Age": "2.58 Year(s)",
      "Quantity": "86.5  cm",
      "Type": "development"
    },
    {
      "Name": "length",
      "Age": "4.9 Year(s)",
      "Quantity": "108.6  cm",
      "Type": "development"
    },
    {
      "Name": "phenylalanine-restricted diet",
      "Age": "5 Day(s)",
      "Quantity": "",
      "Type": ""
    },
    {
      "Name": "weight",
      "Age": "2.76 Month(s)",
      "Quantity": "5.6  kg",
      "Type": "development"
    },
    {
      "Name": "weight",
      "Age": "5.39 Month(s)",
      "Quantity": "6.4  kg",
      "Type": "development"
    },
    {
      "Name": "weight",
      "Age": "8.38 Month(s)",
      "Quantity": "9.1  kg",
      "Type": "development"
    },
    {
      "Name": "weight",
      "Age": "13.11 Month(s)",
      "Quantity": "10.4  kg",
      "Type": "development"
    },
    {
      "Name": "weight",
      "Age": "18.2 Month(s)",
      "Quantity": "11.1  kg",
      "Type": "development"
    },
    {
      "Name": "weight",
      "Age": "23.1 Month(s)",
      "Quantity": "11.9  kg",
      "Type": "development"
    },
    {
      "Name": "weight",
      "Age": "2.58 Year(s)",
      "Quantity": "13.1  kg",
      "Type": "development"
    },
    {
      "Name": "weight",
      "Age": "4.9 Year(s)",
      "Quantity": "17.3  kg",
      "Type": "development"
    }
  ]
}