{
  "MainData": {
    "Patient ID": "991",
    "Diagnosis": "HOMOCYSTINURIA (MIM 236200)",
    "Gender": "f",
    "Age of symptoms onset": "3 Year(s)",
    "Age of diagnosis": "6.79 Year(s)",
    "Found in newborn screening": "n",
    "Diagnosis confirmed": "y",
    "Country": "Germany",
    "Ethnic origin": "Mother: German, Father: German",
    "History": "The patients mother noticed an abnormal motor development for the first time at the age of 3 1/2 years.\r\nSeveral years later, the ophthalmologist noticed severe myopia and subluxation of the lenses. Further indication to Marfans syndrome was not found. \r\nAnalysis of organic acids in urine showed highly elevated excretion of homocystine. Homocysteine in serum was also increased. After diagnosis of cystathionine beta- synthase deficiency had been made treatment with vitamin B6, folic acid and betaine was initiated, the girl did not accept methionine-restricted diet.\r\n6 months later, the child got severe headache and a nervus abducens paresis, MRI showed cerebral edema. After betaine supplementation had been stopped and methionine-restricted diet had been started the child recovered within a few days.",
    "Author": "Friedrich Trefz",
    "Hospital": "Childrens Hospital Reutlingen",
    "Coauthor(s)": "",
    "Date of entry": "2005-04-08"
  },
  "Molecular genetics": {
    "Gene name": "CBS gene",
    "Genotype": "",
    "Allele 1": {
      "Trivial name": "IVS7-88G>A",
      "Systematic name": "c.828ins86",
      "Amino acid change": "",
      "Nucleotide change": "",
      "Exon/Intron Boundary/Promotor": ""
    },
    "Allele 2": {
      "Trivial name": "",
      "Systematic name": "",
      "Amino acid change": "",
      "Nucleotide change": "",
      "Exon/Intron Boundary/Promotor": ""
    }
  },
  "Lab findings": [
    {
      "Name": "Homocysteine",
      "Age": "6.78 Year(s)",
      "Specimen": "serum/plasma",
      "Quantity": "274 micro-mol/l",
      "Quality": "Increased"
    },
    {
      "Name": "Homocysteine",
      "Age": "6.85 Year(s)",
      "Specimen": "serum/plasma",
      "Quantity": "32.5 micro-mol/l",
      "Quality": "Increased"
    },
    {
      "Name": "Homocysteine",
      "Age": "6.96 Year(s)",
      "Specimen": "serum/plasma",
      "Quantity": "143.1 micro-mol/l",
      "Quality": "Increased"
    },
    {
      "Name": "Homocysteine",
      "Age": "7.1 Year(s)",
      "Specimen": "serum/plasma",
      "Quantity": "121 micro-mol/l",
      "Quality": "Increased"
    },
    {
      "Name": "Homocysteine",
      "Age": "7.12 Year(s)",
      "Specimen": "serum/plasma",
      "Quantity": "116 micro-mol/l",
      "Quality": "Increased"
    },
    {
      "Name": "Homocysteine",
      "Age": "7.26 Year(s)",
      "Specimen": "serum/plasma",
      "Quantity": "65.6 micro-mol/l",
      "Quality": "Increased"
    },
    {
      "Name": "Homocysteine",
      "Age": "7.29 Year(s)",
      "Specimen": "serum/plasma",
      "Quantity": "67.7 micro-mol/l",
      "Quality": "Increased"
    },
    {
      "Name": "Homocysteine",
      "Age": "7.32 Year(s)",
      "Specimen": "serum/plasma",
      "Quantity": "134 micro-mol/l",
      "Quality": "Increased"
    },
    {
      "Name": "Homocysteine",
      "Age": "7.44 Year(s)",
      "Specimen": "serum/plasma",
      "Quantity": "151 micro-mol/l",
      "Quality": "Increased"
    },
    {
      "Name": "Homocysteine",
      "Age": "7.54 Year(s)",
      "Specimen": "serum/plasma",
      "Quantity": "194 micro-mol/l",
      "Quality": "Increased"
    },
    {
      "Name": "Homocysteine",
      "Age": "7.62 Year(s)",
      "Specimen": "serum/plasma",
      "Quantity": "128 micro-mol/l",
      "Quality": "Increased"
    },
    {
      "Name": "Homocysteine",
      "Age": "7.72 Year(s)",
      "Specimen": "serum/plasma",
      "Quantity": "93.8 micro-mol/l",
      "Quality": "Increased"
    },
    {
      "Name": "Homocysteine",
      "Age": "7.91 Year(s)",
      "Specimen": "serum/plasma",
      "Quantity": "135 micro-mol/l",
      "Quality": "Increased"
    },
    {
      "Name": "Homocysteine",
      "Age": "8.16 Year(s)",
      "Specimen": "serum/plasma",
      "Quantity": "99.8 micro-mol/l",
      "Quality": "Increased"
    },
    {
      "Name": "Homocysteine",
      "Age": "8.25 Year(s)",
      "Specimen": "serum/plasma",
      "Quantity": "141.8 micro-mol/l",
      "Quality": "Increased"
    },
    {
      "Name": "Homocysteine",
      "Age": "8.37 Year(s)",
      "Specimen": "serum/plasma",
      "Quantity": "111 micro-mol/l",
      "Quality": "Increased"
    },
    {
      "Name": "Homocysteine",
      "Age": "8.52 Year(s)",
      "Specimen": "serum/plasma",
      "Quantity": "154.7 micro-mol/l",
      "Quality": "Increased"
    },
    {
      "Name": "Homocysteine",
      "Age": "8.73 Year(s)",
      "Specimen": "serum/plasma",
      "Quantity": "102.8 micro-mol/l",
      "Quality": "Increased"
    },
    {
      "Name": "Homocysteine",
      "Age": "8.87 Year(s)",
      "Specimen": "serum/plasma",
      "Quantity": "80.3 micro-mol/l",
      "Quality": "Increased"
    },
    {
      "Name": "Homocysteine",
      "Age": "8.98 Year(s)",
      "Specimen": "serum/plasma",
      "Quantity": "64.8 micro-mol/l",
      "Quality": "Increased"
    },
    {
      "Name": "Homocysteine",
      "Age": "9.14 Year(s)",
      "Specimen": "serum/plasma",
      "Quantity": "146 micro-mol/l",
      "Quality": "Increased"
    },
    {
      "Name": "Homocysteine",
      "Age": "9.23 Year(s)",
      "Specimen": "serum/plasma",
      "Quantity": "120.7 micro-mol/l",
      "Quality": "Increased"
    },
    {
      "Name": "Homocysteine",
      "Age": "9.52 Year(s)",
      "Specimen": "serum/plasma",
      "Quantity": "97.5 micro-mol/l",
      "Quality": "Increased"
    },
    {
      "Name": "Homocysteine",
      "Age": "9.84 Year(s)",
      "Specimen": "serum/plasma",
      "Quantity": "29.4 micro-mol/l",
      "Quality": "Increased"
    },
    {
      "Name": "Homocysteine",
      "Age": "10.02 Year(s)",
      "Specimen": "serum/plasma",
      "Quantity": "91.9 micro-mol/l",
      "Quality": "Increased"
    },
    {
      "Name": "Homocysteine",
      "Age": "10.28 Year(s)",
      "Specimen": "serum/plasma",
      "Quantity": "122 micro-mol/l",
      "Quality": "Increased"
    },
    {
      "Name": "Homocysteine",
      "Age": "10.52 Year(s)",
      "Specimen": "serum/plasma",
      "Quantity": "162 micro-mol/l",
      "Quality": "Increased"
    },
    {
      "Name": "Homocysteine",
      "Age": "10.99 Year(s)",
      "Specimen": "serum/plasma",
      "Quantity": "179 micro-mol/l",
      "Quality": "Increased"
    },
    {
      "Name": "Homocysteine",
      "Age": "11.5 Year(s)",
      "Specimen": "serum/plasma",
      "Quantity": "101 micro-mol/l",
      "Quality": "Increased"
    },
    {
      "Name": "Homocysteine",
      "Age": "11.72 Year(s)",
      "Specimen": "serum/plasma",
      "Quantity": "59.6 micro-mol/l",
      "Quality": "Increased"
    },
    {
      "Name": "Homocysteine",
      "Age": "11.78 Year(s)",
      "Specimen": "serum/plasma",
      "Quantity": "127 micro-mol/l",
      "Quality": "Increased"
    },
    {
      "Name": "Homocysteine",
      "Age": "12.47 Year(s)",
      "Specimen": "serum/plasma",
      "Quantity": "97 micro-mol/l",
      "Quality": "Increased"
    },
    {
      "Name": "Homocysteine",
      "Age": "12.91 Year(s)",
      "Specimen": "serum/plasma",
      "Quantity": "99 micro-mol/l",
      "Quality": "Increased"
    },
    {
      "Name": "Homocysteine",
      "Age": "12.97 Year(s)",
      "Specimen": "serum/plasma",
      "Quantity": "152 micro-mol/l",
      "Quality": "Increased"
    },
    {
      "Name": "Homocysteine",
      "Age": "13.45 Year(s)",
      "Specimen": "serum/plasma",
      "Quantity": "125 micro-mol/l",
      "Quality": "Increased"
    },
    {
      "Name": "Homocysteine",
      "Age": "13.92 Year(s)",
      "Specimen": "serum/plasma",
      "Quantity": "178 micro-mol/l",
      "Quality": "Increased"
    },
    {
      "Name": "Homocystine",
      "Age": "6.78 Year(s)",
      "Specimen": "urine",
      "Quantity": "78 mmol/mol Crea",
      "Quality": "Increased"
    },
    {
      "Name": "Homocystine",
      "Age": "6.86 Year(s)",
      "Specimen": "urine",
      "Quantity": "23 mmol/mol Crea",
      "Quality": "Increased"
    },
    {
      "Name": "Methionine",
      "Age": "6.78 Year(s)",
      "Specimen": "urine",
      "Quantity": "24 mmol/mol Crea",
      "Quality": "Increased"
    },
    {
      "Name": "Methionine",
      "Age": "6.78 Year(s)",
      "Specimen": "serum/plasma",
      "Quantity": "295 micro-mol/l",
      "Quality": "Increased"
    },
    {
      "Name": "Methionine",
      "Age": "6.96 Year(s)",
      "Specimen": "serum/plasma",
      "Quantity": "1022 micro-mol/l",
      "Quality": "Increased"
    },
    {
      "Name": "Methionine",
      "Age": "7.12 Year(s)",
      "Specimen": "serum/plasma",
      "Quantity": "1125 micro-mol/l",
      "Quality": "Increased"
    },
    {
      "Name": "Methionine",
      "Age": "7.26 Year(s)",
      "Specimen": "serum/plasma",
      "Quantity": "1509 micro-mol/l",
      "Quality": "Increased"
    },
    {
      "Name": "Methionine",
      "Age": "7.32 Year(s)",
      "Specimen": "serum/plasma",
      "Quantity": "1030 micro-mol/l",
      "Quality": "Increased"
    },
    {
      "Name": "Methionine",
      "Age": "7.44 Year(s)",
      "Specimen": "serum/plasma",
      "Quantity": "405 micro-mol/l",
      "Quality": "Increased"
    },
    {
      "Name": "Methionine",
      "Age": "7.54 Year(s)",
      "Specimen": "serum/plasma",
      "Quantity": "117 micro-mol/l",
      "Quality": "Increased"
    },
    {
      "Name": "Methionine",
      "Age": "7.62 Year(s)",
      "Specimen": "serum/plasma",
      "Quantity": "96 micro-mol/l",
      "Quality": "Increased"
    },
    {
      "Name": "Methionine",
      "Age": "7.72 Year(s)",
      "Specimen": "serum/plasma",
      "Quantity": "101 micro-mol/l",
      "Quality": "Increased"
    },
    {
      "Name": "Methionine",
      "Age": "8.06 Year(s)",
      "Specimen": "serum/plasma",
      "Quantity": "63 micro-mol/l",
      "Quality": "Increased"
    },
    {
      "Name": "Methionine",
      "Age": "8.16 Year(s)",
      "Specimen": "serum/plasma",
      "Quantity": "84 micro-mol/l",
      "Quality": "Increased"
    },
    {
      "Name": "Methionine",
      "Age": "8.25 Year(s)",
      "Specimen": "serum/plasma",
      "Quantity": "92 micro-mol/l",
      "Quality": "Increased"
    },
    {
      "Name": "Methionine",
      "Age": "8.37 Year(s)",
      "Specimen": "serum/plasma",
      "Quantity": "84 micro-mol/l",
      "Quality": "Increased"
    },
    {
      "Name": "Methionine",
      "Age": "8.52 Year(s)",
      "Specimen": "serum/plasma",
      "Quantity": "93 micro-mol/l",
      "Quality": "Increased"
    },
    {
      "Name": "Methionine",
      "Age": "8.73 Year(s)",
      "Specimen": "serum/plasma",
      "Quantity": "91 micro-mol/l",
      "Quality": "Increased"
    },
    {
      "Name": "Methionine",
      "Age": "8.87 Year(s)",
      "Specimen": "serum/plasma",
      "Quantity": "36 micro-mol/l",
      "Quality": "Normal"
    },
    {
      "Name": "Methionine",
      "Age": "8.98 Year(s)",
      "Specimen": "serum/plasma",
      "Quantity": "120 micro-mol/l",
      "Quality": "Increased"
    },
    {
      "Name": "Methionine",
      "Age": "9.14 Year(s)",
      "Specimen": "serum/plasma",
      "Quantity": "173 micro-mol/l",
      "Quality": "Increased"
    },
    {
      "Name": "Methionine",
      "Age": "9.23 Year(s)",
      "Specimen": "serum/plasma",
      "Quantity": "210 micro-mol/l",
      "Quality": "Increased"
    },
    {
      "Name": "Methionine",
      "Age": "9.52 Year(s)",
      "Specimen": "serum/plasma",
      "Quantity": "78 micro-mol/l",
      "Quality": "Increased"
    },
    {
      "Name": "Methionine",
      "Age": "9.84 Year(s)",
      "Specimen": "serum/plasma",
      "Quantity": "126 micro-mol/l",
      "Quality": "Increased"
    },
    {
      "Name": "Methionine",
      "Age": "10.02 Year(s)",
      "Specimen": "serum/plasma",
      "Quantity": "109 micro-mol/l",
      "Quality": "Increased"
    },
    {
      "Name": "Methionine",
      "Age": "10.28 Year(s)",
      "Specimen": "serum/plasma",
      "Quantity": "187 micro-mol/l",
      "Quality": "Increased"
    },
    {
      "Name": "Methionine",
      "Age": "10.52 Year(s)",
      "Specimen": "serum/plasma",
      "Quantity": "97 micro-mol/l",
      "Quality": "Increased"
    },
    {
      "Name": "Methionine",
      "Age": "10.99 Year(s)",
      "Specimen": "serum/plasma",
      "Quantity": "224 micro-mol/l",
      "Quality": "Increased"
    },
    {
      "Name": "Methionine",
      "Age": "11.5 Year(s)",
      "Specimen": "serum/plasma",
      "Quantity": "223 micro-mol/l",
      "Quality": "Increased"
    },
    {
      "Name": "Methionine",
      "Age": "11.72 Year(s)",
      "Specimen": "serum/plasma",
      "Quantity": "283 micro-mol/l",
      "Quality": "Increased"
    },
    {
      "Name": "Methionine",
      "Age": "11.78 Year(s)",
      "Specimen": "serum/plasma",
      "Quantity": "317 micro-mol/l",
      "Quality": "Increased"
    },
    {
      "Name": "Methionine",
      "Age": "12.47 Year(s)",
      "Specimen": "serum/plasma",
      "Quantity": "255 micro-mol/l",
      "Quality": "Increased"
    },
    {
      "Name": "Methionine",
      "Age": "12.91 Year(s)",
      "Specimen": "serum/plasma",
      "Quantity": "327 micro-mol/l",
      "Quality": "Increased"
    },
    {
      "Name": "Methionine",
      "Age": "13.45 Year(s)",
      "Specimen": "serum/plasma",
      "Quantity": "233 micro-mol/l",
      "Quality": "Increased"
    },
    {
      "Name": "Methionine",
      "Age": "13.92 Year(s)",
      "Specimen": "serum/plasma",
      "Quantity": "141 micro-mol/l",
      "Quality": "Increased"
    }
  ],
  "Symptoms": [
    {
      "Name": "cerebral edema",
      "Age": "7.32 Year(s)",
      "Range": "yes"
    },
    {
      "Name": "clumsiness, coordination defect or unsteadiness",
      "Age": "6.68 Year(s)",
      "Range": "yes"
    },
    {
      "Name": "dislocated lens [ectopia lentis]",
      "Age": "6.64 Year(s)",
      "Range": "yes"
    },
    {
      "Name": "encephalopathy",
      "Age": "7.32 Year(s)",
      "Range": "yes"
    },
    {
      "Name": "joint",
      "Age": "12.47 Year(s)",
      "Range": "hypermobility, dislocation"
    },
    {
      "Name": "motor retardation",
      "Age": "3.28 Year(s)",
      "Range": "yes"
    },
    {
      "Name": "myopia",
      "Age": "6.68 Year(s)",
      "Range": "yes"
    },
    {
      "Name": "speech development, delayed, abnormal",
      "Age": "6.68 Year(s)",
      "Range": "yes"
    },
    {
      "Name": "strabismus",
      "Age": "7.32 Year(s)",
      "Range": "yes"
    }
  ],
  "Diet/drugs": [
    {
      "Name": "betaine",
      "Age": "6.86 Year(s)",
      "Dosage": "2.1 g/day",
      "Route": "oral"
    },
    {
      "Name": "betaine",
      "Age": "9.01 Year(s)",
      "Dosage": "4.5 g/day",
      "Route": "oral"
    },
    {
      "Name": "betaine",
      "Age": "9.52 Year(s)",
      "Dosage": "5.4 g/day",
      "Route": "oral"
    },
    {
      "Name": "betaine",
      "Age": "11.04 Year(s)",
      "Dosage": "6 g/day",
      "Route": "oral"
    },
    {
      "Name": "betaine",
      "Age": "11.45 Year(s)",
      "Dosage": "8 g/day",
      "Route": "oral"
    },
    {
      "Name": "betaine",
      "Age": "12.47 Year(s)",
      "Dosage": "9 g/day",
      "Route": "oral"
    },
    {
      "Name": "cysteine",
      "Age": "9.01 Year(s)",
      "Dosage": "9 mg/day",
      "Route": "oral"
    },
    {
      "Name": "cysteine",
      "Age": "9.52 Year(s)",
      "Dosage": "600 mg/day",
      "Route": "oral"
    },
    {
      "Name": "folic acid",
      "Age": "6.78 Year(s)",
      "Dosage": "10 mg/day",
      "Route": "oral"
    },
    {
      "Name": "vitamin B 6 (pyridoxine)",
      "Age": "6.78 Year(s)",
      "Dosage": "900 mg/day",
      "Route": "oral"
    },
    {
      "Name": "vitamin B 6 (pyridoxine)",
      "Age": "11.04 Year(s)",
      "Dosage": "200 mg/day",
      "Route": "oral"
    },
    {
      "Name": "vitamin B 6 (pyridoxine)",
      "Age": "12.97 Year(s)",
      "Dosage": "100 mg/day",
      "Route": "oral"
    },
    {
      "Name": "withdrawal of the drug",
      "Age": "7.32 Year(s)",
      "Dosage": "0 g/day",
      "Route": "oral"
    }
  ],
  "Therapy/development": [
    {
      "Name": "blood pressure, diastolic",
      "Age": "6.66 Year(s)",
      "Quantity": "49 mmHG",
      "Type": ""
    },
    {
      "Name": "blood pressure, diastolic",
      "Age": "6.78 Year(s)",
      "Quantity": "60 mmHG",
      "Type": ""
    },
    {
      "Name": "blood pressure, diastolic",
      "Age": "12.97 Year(s)",
      "Quantity": "81 mmHG",
      "Type": ""
    },
    {
      "Name": "blood pressure, systolic",
      "Age": "6.66 Year(s)",
      "Quantity": "95 mmHG",
      "Type": ""
    },
    {
      "Name": "blood pressure, systolic",
      "Age": "6.78 Year(s)",
      "Quantity": "103 mmHG",
      "Type": ""
    },
    {
      "Name": "blood pressure, systolic",
      "Age": "12.97 Year(s)",
      "Quantity": "127 mmHG",
      "Type": ""
    },
    {
      "Name": "length",
      "Age": "6.66 Year(s)",
      "Quantity": "122  cm",
      "Type": "development"
    },
    {
      "Name": "length",
      "Age": "6.78 Year(s)",
      "Quantity": "121  cm",
      "Type": "development"
    },
    {
      "Name": "length",
      "Age": "6.96 Year(s)",
      "Quantity": "123  cm",
      "Type": "development"
    },
    {
      "Name": "length",
      "Age": "9.01 Year(s)",
      "Quantity": "138  cm",
      "Type": "development"
    },
    {
      "Name": "length",
      "Age": "9.52 Year(s)",
      "Quantity": "142  cm",
      "Type": "development"
    },
    {
      "Name": "length",
      "Age": "10.02 Year(s)",
      "Quantity": "145  cm",
      "Type": "development"
    },
    {
      "Name": "length",
      "Age": "10.52 Year(s)",
      "Quantity": "148  cm",
      "Type": "development"
    },
    {
      "Name": "length",
      "Age": "11.04 Year(s)",
      "Quantity": "152.5  cm",
      "Type": "development"
    },
    {
      "Name": "length",
      "Age": "11.45 Year(s)",
      "Quantity": "156.3  cm",
      "Type": "development"
    },
    {
      "Name": "length",
      "Age": "11.77 Year(s)",
      "Quantity": "158  cm",
      "Type": "development"
    },
    {
      "Name": "length",
      "Age": "12.47 Year(s)",
      "Quantity": "162.4  cm",
      "Type": "development"
    },
    {
      "Name": "length",
      "Age": "12.97 Year(s)",
      "Quantity": "164  cm",
      "Type": "development"
    },
    {
      "Name": "weight",
      "Age": "6.66 Year(s)",
      "Quantity": "20  kg",
      "Type": "development"
    },
    {
      "Name": "weight",
      "Age": "6.78 Year(s)",
      "Quantity": "21.2  kg",
      "Type": "development"
    },
    {
      "Name": "weight",
      "Age": "6.96 Year(s)",
      "Quantity": "21.9  kg",
      "Type": "development"
    },
    {
      "Name": "weight",
      "Age": "9.01 Year(s)",
      "Quantity": "27.4  kg",
      "Type": "development"
    },
    {
      "Name": "weight",
      "Age": "9.52 Year(s)",
      "Quantity": "28.5  kg",
      "Type": "development"
    },
    {
      "Name": "weight",
      "Age": "10.02 Year(s)",
      "Quantity": "30.3  kg",
      "Type": "development"
    },
    {
      "Name": "weight",
      "Age": "10.52 Year(s)",
      "Quantity": "32  kg",
      "Type": "development"
    },
    {
      "Name": "weight",
      "Age": "11.04 Year(s)",
      "Quantity": "36  kg",
      "Type": "development"
    },
    {
      "Name": "weight",
      "Age": "11.45 Year(s)",
      "Quantity": "37.1  kg",
      "Type": "development"
    },
    {
      "Name": "weight",
      "Age": "11.78 Year(s)",
      "Quantity": "37.7  kg",
      "Type": "development"
    },
    {
      "Name": "weight",
      "Age": "12.47 Year(s)",
      "Quantity": "41.8  kg",
      "Type": "development"
    },
    {
      "Name": "weight",
      "Age": "12.97 Year(s)",
      "Quantity": "43.5  kg",
      "Type": "development"
    }
  ]
}