{
  "MainData": {
    "Patient ID": "994",
    "Diagnosis": "CARNITINE DEFICIENCY, SYSTEMIC PRIMARY (MIM 212140)",
    "Gender": "f",
    "Age of symptoms onset": "",
    "Age of diagnosis": "",
    "Found in newborn screening": "n",
    "Diagnosis confirmed": "n",
    "Country": "unknown",
    "Ethnic origin": "Mother: unknown, Father: unknown",
    "History": "Presented first at 16 monthe of age because of gross motor delay. Patient showed peripheral neuropathy documented by EMG. At 3 years of age became unresponsive after a 3 days illness with vomiting. Affected sister never showed any symptoms (11 years9.",
    "Author": "Published Cases",
    "Hospital": "Published Case",
    "Coauthor(s)": "",
    "Date of entry": "2005-05-24"
  },
  "Molecular genetics": {
    "Gene name": "SLC22A5",
    "Genotype": "",
    "Allele 1": {
      "Trivial name": "R83L",
      "Systematic name": "",
      "Amino acid change": "Arg>Leu",
      "Nucleotide change": "CGC>CTC",
      "Exon/Intron Boundary/Promotor": ""
    },
    "Allele 2": {
      "Trivial name": "R83L",
      "Systematic name": "",
      "Amino acid change": "Arg>Leu",
      "Nucleotide change": "CGC>CTC",
      "Exon/Intron Boundary/Promotor": ""
    }
  },
  "Lab findings": [
    {
      "Name": "Carnitine uptake",
      "Age": "3 Year(s)",
      "Specimen": "fibroblasts",
      "Quantity": "",
      "Quality": "Decreased"
    },
    {
      "Name": "Carnitine, free",
      "Age": "3 Year(s)",
      "Specimen": "serum/plasma",
      "Quantity": "",
      "Quality": "Decreased"
    },
    {
      "Name": "Glucose",
      "Age": "3 Year(s)",
      "Specimen": "serum/plasma",
      "Quantity": "",
      "Quality": "Decreased"
    }
  ],
  "Symptoms": [
    {
      "Name": "hypotonia",
      "Age": "15.97 Month(s)",
      "Range": "yes"
    },
    {
      "Name": "kyphoskoliosis",
      "Age": "15.97 Month(s)",
      "Range": "yes"
    },
    {
      "Name": "lethargy, drowsiness, malaise or sleep disorder",
      "Age": "3 Year(s)",
      "Range": "yes"
    },
    {
      "Name": "motor retardation",
      "Age": "15.97 Month(s)",
      "Range": "yes"
    },
    {
      "Name": "peripheral neuropathy",
      "Age": "15.97 Month(s)",
      "Range": "yes"
    }
  ],
  "Diet/drugs": [
    {
      "Name": "L-carnitine",
      "Age": "3 Year(s)",
      "Dosage": "300 mg/day",
      "Route": "oral"
    }
  ],
  "Therapy/development": []
}