{
  "MainData": {
    "Patient ID": "998",
    "Diagnosis": "ACYL-CoA DEHYDROGENASE, MEDIUM-CHAIN, DEFICIENCY OF (MIM 201450)",
    "Gender": "f",
    "Age of symptoms onset": "",
    "Age of diagnosis": "3 Day(s)",
    "Found in newborn screening": "y",
    "Diagnosis confirmed": "y",
    "Country": "Germany",
    "Ethnic origin": "Mother: German, Father: German",
    "History": "The patient was found in the extended newborn screening program with elevated levels of octanoylcarnitin. Diagnosis of MCAD deficiency was confirmed by moleculargenetic analysis.\r\nCarnitine supplementation, normal development.",
    "Author": "Friedrich Trefz",
    "Hospital": "Childrens Hospital Reutlingen",
    "Coauthor(s)": "",
    "Date of entry": "2005-06-20"
  },
  "Molecular genetics": {
    "Gene name": "MCAD gene",
    "Genotype": "p.K329E/ p.K329E",
    "Allele 1": {
      "Trivial name": "p.K329E",
      "Systematic name": "c.985A>G",
      "Amino acid change": "Lys>Glu",
      "Nucleotide change": "AAA>GAA",
      "Exon/Intron Boundary/Promotor": "11"
    },
    "Allele 2": {
      "Trivial name": "p.K329E",
      "Systematic name": "c.985A>G",
      "Amino acid change": "Lys>Glu",
      "Nucleotide change": "AAA>GAA",
      "Exon/Intron Boundary/Promotor": "11"
    }
  },
  "Lab findings": [
    {
      "Name": "Carnitine, free",
      "Age": "3 Day(s)",
      "Specimen": "blood",
      "Quantity": "31 micro-mol/l",
      "Quality": "Normal"
    },
    {
      "Name": "Carnitine, free",
      "Age": "7.56 Month(s)",
      "Specimen": "blood",
      "Quantity": "32 micro-mol/l",
      "Quality": "Normal"
    },
    {
      "Name": "Carnitine, free",
      "Age": "14.59 Month(s)",
      "Specimen": "blood",
      "Quantity": "11 micro-mol/l",
      "Quality": "Decreased"
    },
    {
      "Name": "Carnitine, free",
      "Age": "2.02 Year(s)",
      "Specimen": "blood",
      "Quantity": "21 micro-mol/l",
      "Quality": "Normal"
    },
    {
      "Name": "Carnitine, free",
      "Age": "2.64 Year(s)",
      "Specimen": "blood",
      "Quantity": "33 micro-mol/l",
      "Quality": "Normal"
    },
    {
      "Name": "Carnitine, free",
      "Age": "3.14 Year(s)",
      "Specimen": "blood",
      "Quantity": "39 micro-mol/l",
      "Quality": "Normal"
    },
    {
      "Name": "Carnitine, free",
      "Age": "3.68 Year(s)",
      "Specimen": "blood",
      "Quantity": "27 micro-mol/l",
      "Quality": "Normal"
    },
    {
      "Name": "Carnitine, free",
      "Age": "4.52 Year(s)",
      "Specimen": "blood",
      "Quantity": "46 micro-mol/l",
      "Quality": "Normal"
    },
    {
      "Name": "Decanoylcarnitine (C10)",
      "Age": "3 Day(s)",
      "Specimen": "blood",
      "Quantity": "1.3 micro-mol/l",
      "Quality": "Increased"
    },
    {
      "Name": "Decanoylcarnitine (C10)",
      "Age": "7.56 Month(s)",
      "Specimen": "blood",
      "Quantity": "0.9 micro-mol/l",
      "Quality": "Increased"
    },
    {
      "Name": "Decanoylcarnitine (C10)",
      "Age": "14.59 Month(s)",
      "Specimen": "blood",
      "Quantity": "0.2 micro-mol/l",
      "Quality": "Normal"
    },
    {
      "Name": "Decanoylcarnitine (C10)",
      "Age": "2.02 Year(s)",
      "Specimen": "blood",
      "Quantity": "0.31 micro-mol/l",
      "Quality": "Normal"
    },
    {
      "Name": "Decanoylcarnitine (C10)",
      "Age": "2.64 Year(s)",
      "Specimen": "blood",
      "Quantity": "0.45 micro-mol/l",
      "Quality": "Increased"
    },
    {
      "Name": "Decanoylcarnitine (C10)",
      "Age": "3.14 Year(s)",
      "Specimen": "blood",
      "Quantity": "0.22 micro-mol/l",
      "Quality": "Normal"
    },
    {
      "Name": "Decanoylcarnitine (C10)",
      "Age": "3.68 Year(s)",
      "Specimen": "blood",
      "Quantity": "0.17 micro-mol/l",
      "Quality": "Normal"
    },
    {
      "Name": "Decanoylcarnitine (C10)",
      "Age": "4.52 Year(s)",
      "Specimen": "blood",
      "Quantity": "0.91 micro-mol/l",
      "Quality": "Increased"
    },
    {
      "Name": "Decenoylcarnitine (C10:1)",
      "Age": "3 Day(s)",
      "Specimen": "blood",
      "Quantity": "1.5 micro-mol/l",
      "Quality": "Increased"
    },
    {
      "Name": "Decenoylcarnitine (C10:1)",
      "Age": "7.56 Month(s)",
      "Specimen": "blood",
      "Quantity": "1.3 micro-mol/l",
      "Quality": "Increased"
    },
    {
      "Name": "Decenoylcarnitine (C10:1)",
      "Age": "14.59 Month(s)",
      "Specimen": "blood",
      "Quantity": "0.2 micro-mol/l",
      "Quality": "Normal"
    },
    {
      "Name": "Decenoylcarnitine (C10:1)",
      "Age": "2.02 Year(s)",
      "Specimen": "blood",
      "Quantity": "0.93 micro-mol/l",
      "Quality": "Increased"
    },
    {
      "Name": "Decenoylcarnitine (C10:1)",
      "Age": "2.64 Year(s)",
      "Specimen": "blood",
      "Quantity": "0.66 micro-mol/l",
      "Quality": "Increased"
    },
    {
      "Name": "Decenoylcarnitine (C10:1)",
      "Age": "3.14 Year(s)",
      "Specimen": "blood",
      "Quantity": "0.55 micro-mol/l",
      "Quality": "Increased"
    },
    {
      "Name": "Decenoylcarnitine (C10:1)",
      "Age": "3.68 Year(s)",
      "Specimen": "blood",
      "Quantity": "0.12 micro-mol/l",
      "Quality": "Normal"
    },
    {
      "Name": "Decenoylcarnitine (C10:1)",
      "Age": "4.52 Year(s)",
      "Specimen": "blood",
      "Quantity": "1.5 micro-mol/l",
      "Quality": "Increased"
    },
    {
      "Name": "Hexanoylcarnitine (C6)",
      "Age": "3 Day(s)",
      "Specimen": "blood",
      "Quantity": "1.4 micro-mol/l",
      "Quality": "Increased"
    },
    {
      "Name": "Hexanoylcarnitine (C6)",
      "Age": "7.56 Month(s)",
      "Specimen": "blood",
      "Quantity": "1.2 micro-mol/l",
      "Quality": "Increased"
    },
    {
      "Name": "Hexanoylcarnitine (C6)",
      "Age": "2.02 Year(s)",
      "Specimen": "blood",
      "Quantity": "0.65 micro-mol/l",
      "Quality": "Normal"
    },
    {
      "Name": "Hexanoylcarnitine (C6)",
      "Age": "2.64 Year(s)",
      "Specimen": "blood",
      "Quantity": "0.45 micro-mol/l",
      "Quality": "Normal"
    },
    {
      "Name": "Hexanoylcarnitine (C6)",
      "Age": "3.14 Year(s)",
      "Specimen": "blood",
      "Quantity": "0.51 micro-mol/l",
      "Quality": "Normal"
    },
    {
      "Name": "Hexanoylcarnitine (C6)",
      "Age": "3.68 Year(s)",
      "Specimen": "blood",
      "Quantity": "0.29 micro-mol/l",
      "Quality": "Normal"
    },
    {
      "Name": "Hexanoylcarnitine (C6)",
      "Age": "4.52 Year(s)",
      "Specimen": "blood",
      "Quantity": "1.8 micro-mol/l",
      "Quality": "Increased"
    },
    {
      "Name": "Octanoyl-/Decanoylcarnitine (C8/C10)",
      "Age": "14.59 Month(s)",
      "Specimen": "blood",
      "Quantity": "6.2 (ratio)",
      "Quality": "Increased"
    },
    {
      "Name": "Octanoyl-/Decanoylcarnitine (C8/C10)",
      "Age": "2.02 Year(s)",
      "Specimen": "blood",
      "Quantity": "14.8 (ratio)",
      "Quality": "Increased"
    },
    {
      "Name": "Octanoyl-/Decanoylcarnitine (C8/C10)",
      "Age": "2.64 Year(s)",
      "Specimen": "blood",
      "Quantity": "9.1 (ratio)",
      "Quality": "Increased"
    },
    {
      "Name": "Octanoyl-/Decanoylcarnitine (C8/C10)",
      "Age": "3.14 Year(s)",
      "Specimen": "blood",
      "Quantity": "7 (ratio)",
      "Quality": "Increased"
    },
    {
      "Name": "Octanoyl-/Decanoylcarnitine (C8/C10)",
      "Age": "3.68 Year(s)",
      "Specimen": "blood",
      "Quantity": "3.3 (ratio)",
      "Quality": "Normal"
    },
    {
      "Name": "Octanoyl-/Decanoylcarnitine (C8/C10)",
      "Age": "4.52 Year(s)",
      "Specimen": "blood",
      "Quantity": "7.4 (ratio)",
      "Quality": "Increased"
    },
    {
      "Name": "Octanoylcarnitine (C8)",
      "Age": "3 Day(s)",
      "Specimen": "blood",
      "Quantity": "2.8 micro-mol/l",
      "Quality": "Increased"
    },
    {
      "Name": "Octanoylcarnitine (C8)",
      "Age": "7.56 Month(s)",
      "Specimen": "blood",
      "Quantity": "10.5 micro-mol/l",
      "Quality": "Increased"
    },
    {
      "Name": "Octanoylcarnitine (C8)",
      "Age": "14.59 Month(s)",
      "Specimen": "blood",
      "Quantity": "1 micro-mol/l",
      "Quality": "Increased"
    },
    {
      "Name": "Octanoylcarnitine (C8)",
      "Age": "2.02 Year(s)",
      "Specimen": "blood",
      "Quantity": "4.52 micro-mol/l",
      "Quality": "Increased"
    },
    {
      "Name": "Octanoylcarnitine (C8)",
      "Age": "2.64 Year(s)",
      "Specimen": "blood",
      "Quantity": "4.12 micro-mol/l",
      "Quality": "Increased"
    },
    {
      "Name": "Octanoylcarnitine (C8)",
      "Age": "3.14 Year(s)",
      "Specimen": "blood",
      "Quantity": "1.54 micro-mol/l",
      "Quality": "Increased"
    },
    {
      "Name": "Octanoylcarnitine (C8)",
      "Age": "3.68 Year(s)",
      "Specimen": "blood",
      "Quantity": "0.59 micro-mol/l",
      "Quality": "Increased"
    },
    {
      "Name": "Octanoylcarnitine (C8)",
      "Age": "4.52 Year(s)",
      "Specimen": "blood",
      "Quantity": "6.8 micro-mol/l",
      "Quality": "Increased"
    }
  ],
  "Symptoms": [
    {
      "Name": "abnormal in neonatal screening",
      "Age": "3 Day(s)",
      "Range": "yes"
    },
    {
      "Name": "no clinical signs or symptoms",
      "Age": "7.56 Month(s)",
      "Range": "yes"
    },
    {
      "Name": "no clinical signs or symptoms",
      "Age": "4.52 Year(s)",
      "Range": "yes"
    }
  ],
  "Diet/drugs": [
    {
      "Name": "L-carnitine",
      "Age": "6 Day(s)",
      "Dosage": "300 mg/day",
      "Route": "oral"
    },
    {
      "Name": "L-carnitine",
      "Age": "2.64 Year(s)",
      "Dosage": "600 mg/day",
      "Route": "oral"
    },
    {
      "Name": "L-carnitine",
      "Age": "3.68 Year(s)",
      "Dosage": "900 mg/day",
      "Route": "oral"
    }
  ],
  "Therapy/development": [
    {
      "Name": "APGAR (10 min)",
      "Age": "1 Day(s)",
      "Quantity": "10",
      "Type": "perinatal"
    },
    {
      "Name": "APGAR (5 min)",
      "Age": "1 Day(s)",
      "Quantity": "10",
      "Type": "perinatal"
    },
    {
      "Name": "avoidance of fasting",
      "Age": "6 Day(s)",
      "Quantity": "",
      "Type": ""
    },
    {
      "Name": "head circumference",
      "Age": "7 Day(s)",
      "Quantity": "35.5  cm",
      "Type": "development"
    },
    {
      "Name": "head circumference",
      "Age": "7.56 Month(s)",
      "Quantity": "45  cm",
      "Type": "development"
    },
    {
      "Name": "head circumference",
      "Age": "3.68 Year(s)",
      "Quantity": "49  cm",
      "Type": "development"
    },
    {
      "Name": "head circumference at birth",
      "Age": "1 Day(s)",
      "Quantity": "35  cm",
      "Type": "perinatal"
    },
    {
      "Name": "length",
      "Age": "7 Day(s)",
      "Quantity": "50  cm",
      "Type": "development"
    },
    {
      "Name": "length",
      "Age": "7.56 Month(s)",
      "Quantity": "75  cm",
      "Type": "development"
    },
    {
      "Name": "length",
      "Age": "14.59 Month(s)",
      "Quantity": "79  cm",
      "Type": "development"
    },
    {
      "Name": "length",
      "Age": "2.64 Year(s)",
      "Quantity": "94.5  cm",
      "Type": "development"
    },
    {
      "Name": "length",
      "Age": "3.14 Year(s)",
      "Quantity": "98.3  cm",
      "Type": "development"
    },
    {
      "Name": "length",
      "Age": "3.68 Year(s)",
      "Quantity": "102  cm",
      "Type": "development"
    },
    {
      "Name": "length",
      "Age": "4.52 Year(s)",
      "Quantity": "107  cm",
      "Type": "development"
    },
    {
      "Name": "length at birth",
      "Age": "1 Day(s)",
      "Quantity": "50  cm",
      "Type": "perinatal"
    },
    {
      "Name": "weight",
      "Age": "7 Day(s)",
      "Quantity": "3.8  kg",
      "Type": "development"
    },
    {
      "Name": "weight",
      "Age": "7.56 Month(s)",
      "Quantity": "10.5  kg",
      "Type": "development"
    },
    {
      "Name": "weight",
      "Age": "14.59 Month(s)",
      "Quantity": "11.9  kg",
      "Type": "development"
    },
    {
      "Name": "weight",
      "Age": "2.64 Year(s)",
      "Quantity": "16.3  kg",
      "Type": "development"
    },
    {
      "Name": "weight",
      "Age": "3.14 Year(s)",
      "Quantity": "17  kg",
      "Type": "development"
    },
    {
      "Name": "weight",
      "Age": "3.68 Year(s)",
      "Quantity": "18.7  kg",
      "Type": "development"
    },
    {
      "Name": "weight",
      "Age": "4.52 Year(s)",
      "Quantity": "20  kg",
      "Type": "development"
    },
    {
      "Name": "weight at birth",
      "Age": "1 Day(s)",
      "Quantity": "3.8  kg",
      "Type": "perinatal"
    }
  ]
}